2024-11-12T10:40:27.933+0200 [DEBUG] [org.gradle.launcher.daemon.bootstrap.DaemonMain] Assuming the daemon was started with following jvm opts: [--add-opens=java.base/java.util=ALL-UNNAMED, --add-opens=java.base/java.lang=ALL-UNNAMED, --add-opens=java.base/java.lang.invoke=ALL-UNNAMED, --add-opens=java.prefs/java.util.prefs=ALL-UNNAMED, --add-opens=java.base/java.nio.charset=ALL-UNNAMED, --add-opens=java.base/java.net=ALL-UNNAMED, --add-opens=java.base/java.util.concurrent.atomic=ALL-UNNAMED, -Xmx2048m, -Dfile.encoding=UTF-8, -Duser.country=RU, -Duser.language=ru, -Duser.variant]
2024-11-12T10:40:28.258+0200 [DEBUG] [org.gradle.internal.nativeintegration.services.NativeServices] Native-platform posix files integration is not available. Continuing with fallback.
2024-11-12T10:40:28.279+0200 [INFO] [org.gradle.launcher.daemon.server.Daemon] start() called on daemon - DefaultDaemonContext[uid=7d0b4625-a598-4817-a8eb-4824d64ff60d,javaHome=C:\Program Files\Android\Android Studio\jbr,daemonRegistryDir=C:\Foods_Shop\daemon,pid=25740,idleTimeout=10800000,priority=NORMAL,applyInstrumentationAgent=true,daemonOpts=--add-opens=java.base/java.util=ALL-UNNAMED,--add-opens=java.base/java.lang=ALL-UNNAMED,--add-opens=java.base/java.lang.invoke=ALL-UNNAMED,--add-opens=java.prefs/java.util.prefs=ALL-UNNAMED,--add-opens=java.base/java.nio.charset=ALL-UNNAMED,--add-opens=java.base/java.net=ALL-UNNAMED,--add-opens=java.base/java.util.concurrent.atomic=ALL-UNNAMED,-Xmx2048m,-Dfile.encoding=UTF-8,-Duser.country=RU,-Duser.language=ru,-Duser.variant]
2024-11-12T10:40:28.513+0200 [DEBUG] [org.gradle.internal.remote.internal.inet.InetAddresses] Adding IP addresses for network interface Software Loopback Interface 1
2024-11-12T10:40:28.515+0200 [DEBUG] [org.gradle.internal.remote.internal.inet.InetAddresses] Is this a loopback interface? true
2024-11-12T10:40:28.516+0200 [DEBUG] [org.gradle.internal.remote.internal.inet.InetAddresses] Adding loopback address /127.0.0.1
2024-11-12T10:40:28.516+0200 [DEBUG] [org.gradle.internal.remote.internal.inet.InetAddresses] Adding loopback address /0:0:0:0:0:0:0:1
2024-11-12T10:40:28.517+0200 [DEBUG] [org.gradle.internal.remote.internal.inet.InetAddresses] Adding IP addresses for network interface Microsoft 6to4 Adapter
2024-11-12T10:40:28.519+0200 [DEBUG] [org.gradle.internal.remote.internal.inet.InetAddresses] Is this a loopback interface? false
2024-11-12T10:40:28.519+0200 [DEBUG] [org.gradle.internal.remote.internal.inet.InetAddresses] Adding IP addresses for network interface Microsoft Wi-Fi Direct Virtual Adapter #2
2024-11-12T10:40:28.522+0200 [DEBUG] [org.gradle.internal.remote.internal.inet.InetAddresses] Is this a loopback interface? false
2024-11-12T10:40:28.522+0200 [DEBUG] [org.gradle.internal.remote.internal.inet.InetAddresses] Adding IP addresses for network interface WAN Miniport (SSTP)
2024-11-12T10:40:28.525+0200 [DEBUG] [org.gradle.internal.remote.internal.inet.InetAddresses] Is this a loopback interface? false
2024-11-12T10:40:28.526+0200 [DEBUG] [org.gradle.internal.remote.internal.inet.InetAddresses] Adding IP addresses for network interface Microsoft Wi-Fi Direct Virtual Adapter #4
2024-11-12T10:40:28.528+0200 [DEBUG] [org.gradle.internal.remote.internal.inet.InetAddresses] Is this a loopback interface? false
2024-11-12T10:40:28.529+0200 [DEBUG] [org.gradle.internal.remote.internal.inet.InetAddresses] Adding remote address /fe80:0:0:0:c39f:fad7:a6f:1426%wlan1
2024-11-12T10:40:28.529+0200 [DEBUG] [org.gradle.internal.remote.internal.inet.InetAddresses] Adding IP addresses for network interface Microsoft IP-HTTPS Platform Adapter
2024-11-12T10:40:28.533+0200 [DEBUG] [org.gradle.internal.remote.internal.inet.InetAddresses] Is this a loopback interface? false
2024-11-12T10:40:28.534+0200 [DEBUG] [org.gradle.internal.remote.internal.inet.InetAddresses] Adding IP addresses for network interface Intel(R) Wireless-AC 9461
2024-11-12T10:40:28.538+0200 [DEBUG] [org.gradle.internal.remote.internal.inet.InetAddresses] Is this a loopback interface? false
2024-11-12T10:40:28.538+0200 [DEBUG] [org.gradle.internal.remote.internal.inet.InetAddresses] Adding remote address /10.26.2.156
2024-11-12T10:40:28.539+0200 [DEBUG] [org.gradle.internal.remote.internal.inet.InetAddresses] Adding remote address /fe80:0:0:0:3947:b6ef:2bdc:4ed8%wlan2
2024-11-12T10:40:28.539+0200 [DEBUG] [org.gradle.internal.remote.internal.inet.InetAddresses] Adding IP addresses for network interface Microsoft Kernel Debug Network Adapter
2024-11-12T10:40:28.541+0200 [DEBUG] [org.gradle.internal.remote.internal.inet.InetAddresses] Is this a loopback interface? false
2024-11-12T10:40:28.542+0200 [DEBUG] [org.gradle.internal.remote.internal.inet.InetAddresses] Adding IP addresses for network interface WAN Miniport (L2TP)
2024-11-12T10:40:28.544+0200 [DEBUG] [org.gradle.internal.remote.internal.inet.InetAddresses] Is this a loopback interface? false
2024-11-12T10:40:28.545+0200 [DEBUG] [org.gradle.internal.remote.internal.inet.InetAddresses] Adding IP addresses for network interface Remote NDIS based Internet Sharing Device
2024-11-12T10:40:28.547+0200 [DEBUG] [org.gradle.internal.remote.internal.inet.InetAddresses] Is this a loopback interface? false
2024-11-12T10:40:28.547+0200 [DEBUG] [org.gradle.internal.remote.internal.inet.InetAddresses] Adding IP addresses for network interface RAS Async Adapter
2024-11-12T10:40:28.550+0200 [DEBUG] [org.gradle.internal.remote.internal.inet.InetAddresses] Is this a loopback interface? false
2024-11-12T10:40:28.551+0200 [DEBUG] [org.gradle.internal.remote.internal.inet.InetAddresses] Adding IP addresses for network interface Microsoft Teredo Tunneling Adapter
2024-11-12T10:40:28.553+0200 [DEBUG] [org.gradle.internal.remote.internal.inet.InetAddresses] Is this a loopback interface? false
2024-11-12T10:40:28.554+0200 [DEBUG] [org.gradle.internal.remote.internal.inet.InetAddresses] Adding IP addresses for network interface Microsoft Wi-Fi Direct Virtual Adapter
2024-11-12T10:40:28.556+0200 [DEBUG] [org.gradle.internal.remote.internal.inet.InetAddresses] Is this a loopback interface? false
2024-11-12T10:40:28.556+0200 [DEBUG] [org.gradle.internal.remote.internal.inet.InetAddresses] Adding IP addresses for network interface WAN Miniport (PPTP)
2024-11-12T10:40:28.558+0200 [DEBUG] [org.gradle.internal.remote.internal.inet.InetAddresses] Is this a loopback interface? false
2024-11-12T10:40:28.558+0200 [DEBUG] [org.gradle.internal.remote.internal.inet.InetAddresses] Adding IP addresses for network interface WAN Miniport (IP)
2024-11-12T10:40:28.560+0200 [DEBUG] [org.gradle.internal.remote.internal.inet.InetAddresses] Is this a loopback interface? false
2024-11-12T10:40:28.560+0200 [DEBUG] [org.gradle.internal.remote.internal.inet.InetAddresses] Adding IP addresses for network interface Microsoft Wi-Fi Direct Virtual Adapter #3
2024-11-12T10:40:28.563+0200 [DEBUG] [org.gradle.internal.remote.internal.inet.InetAddresses] Is this a loopback interface? false
2024-11-12T10:40:28.564+0200 [DEBUG] [org.gradle.internal.remote.internal.inet.InetAddresses] Adding remote address /fe80:0:0:0:af18:2d59:7959:639e%wlan4
2024-11-12T10:40:28.564+0200 [DEBUG] [org.gradle.internal.remote.internal.inet.InetAddresses] Adding IP addresses for network interface WAN Miniport (IKEv2)
2024-11-12T10:40:28.566+0200 [DEBUG] [org.gradle.internal.remote.internal.inet.InetAddresses] Is this a loopback interface? false
2024-11-12T10:40:28.567+0200 [DEBUG] [org.gradle.internal.remote.internal.inet.InetAddresses] Adding IP addresses for network interface WAN Miniport (PPPOE)
2024-11-12T10:40:28.569+0200 [DEBUG] [org.gradle.internal.remote.internal.inet.InetAddresses] Is this a loopback interface? false
2024-11-12T10:40:28.569+0200 [DEBUG] [org.gradle.internal.remote.internal.inet.InetAddresses] Adding IP addresses for network interface WAN Miniport (Network Monitor)
2024-11-12T10:40:28.571+0200 [DEBUG] [org.gradle.internal.remote.internal.inet.InetAddresses] Is this a loopback interface? false
2024-11-12T10:40:28.571+0200 [DEBUG] [org.gradle.internal.remote.internal.inet.InetAddresses] Adding IP addresses for network interface WAN Miniport (IPv6)
2024-11-12T10:40:28.573+0200 [DEBUG] [org.gradle.internal.remote.internal.inet.InetAddresses] Is this a loopback interface? false
2024-11-12T10:40:28.573+0200 [DEBUG] [org.gradle.internal.remote.internal.inet.InetAddresses] Adding IP addresses for network interface Intel(R) Wireless-AC 9461-WFP Native MAC Layer LightWeight Filter-0000
2024-11-12T10:40:28.574+0200 [DEBUG] [org.gradle.internal.remote.internal.inet.InetAddresses] Is this a loopback interface? false
2024-11-12T10:40:28.574+0200 [DEBUG] [org.gradle.internal.remote.internal.inet.InetAddresses] Adding IP addresses for network interface Intel(R) Wireless-AC 9461-Virtual WiFi Filter Driver-0000
2024-11-12T10:40:28.576+0200 [DEBUG] [org.gradle.internal.remote.internal.inet.InetAddresses] Is this a loopback interface? false
2024-11-12T10:40:28.576+0200 [DEBUG] [org.gradle.internal.remote.internal.inet.InetAddresses] Adding IP addresses for network interface Intel(R) Wireless-AC 9461-Native WiFi Filter Driver-0000
2024-11-12T10:40:28.578+0200 [DEBUG] [org.gradle.internal.remote.internal.inet.InetAddresses] Is this a loopback interface? false
2024-11-12T10:40:28.578+0200 [DEBUG] [org.gradle.internal.remote.internal.inet.InetAddresses] Adding IP addresses for network interface Intel(R) Wireless-AC 9461-QoS Packet Scheduler-0000
2024-11-12T10:40:28.579+0200 [DEBUG] [org.gradle.internal.remote.internal.inet.InetAddresses] Is this a loopback interface? false
2024-11-12T10:40:28.579+0200 [DEBUG] [org.gradle.internal.remote.internal.inet.InetAddresses] Adding IP addresses for network interface Intel(R) Wireless-AC 9461-WFP 802.3 MAC Layer LightWeight Filter-0000
2024-11-12T10:40:28.580+0200 [DEBUG] [org.gradle.internal.remote.internal.inet.InetAddresses] Is this a loopback interface? false
2024-11-12T10:40:28.581+0200 [DEBUG] [org.gradle.internal.remote.internal.inet.InetAddresses] Adding IP addresses for network interface Microsoft Wi-Fi Direct Virtual Adapter #3-WFP Native MAC Layer LightWeight Filter-0000
2024-11-12T10:40:28.583+0200 [DEBUG] [org.gradle.internal.remote.internal.inet.InetAddresses] Is this a loopback interface? false
2024-11-12T10:40:28.583+0200 [DEBUG] [org.gradle.internal.remote.internal.inet.InetAddresses] Adding IP addresses for network interface Microsoft Wi-Fi Direct Virtual Adapter #3-Native WiFi Filter Driver-0000
2024-11-12T10:40:28.585+0200 [DEBUG] [org.gradle.internal.remote.internal.inet.InetAddresses] Is this a loopback interface? false
2024-11-12T10:40:28.585+0200 [DEBUG] [org.gradle.internal.remote.internal.inet.InetAddresses] Adding IP addresses for network interface WAN Miniport (IP)-WFP Native MAC Layer LightWeight Filter-0000
2024-11-12T10:40:28.588+0200 [DEBUG] [org.gradle.internal.remote.internal.inet.InetAddresses] Is this a loopback interface? false
2024-11-12T10:40:28.589+0200 [DEBUG] [org.gradle.internal.remote.internal.inet.InetAddresses] Adding IP addresses for network interface WAN Miniport (IP)-QoS Packet Scheduler-0000
2024-11-12T10:40:28.591+0200 [DEBUG] [org.gradle.internal.remote.internal.inet.InetAddresses] Is this a loopback interface? false
2024-11-12T10:40:28.591+0200 [DEBUG] [org.gradle.internal.remote.internal.inet.InetAddresses] Adding IP addresses for network interface WAN Miniport (IPv6)-WFP Native MAC Layer LightWeight Filter-0000
2024-11-12T10:40:28.593+0200 [DEBUG] [org.gradle.internal.remote.internal.inet.InetAddresses] Is this a loopback interface? false
2024-11-12T10:40:28.593+0200 [DEBUG] [org.gradle.internal.remote.internal.inet.InetAddresses] Adding IP addresses for network interface WAN Miniport (IPv6)-QoS Packet Scheduler-0000
2024-11-12T10:40:28.595+0200 [DEBUG] [org.gradle.internal.remote.internal.inet.InetAddresses] Is this a loopback interface? false
2024-11-12T10:40:28.596+0200 [DEBUG] [org.gradle.internal.remote.internal.inet.InetAddresses] Adding IP addresses for network interface WAN Miniport (Network Monitor)-WFP Native MAC Layer LightWeight Filter-0000
2024-11-12T10:40:28.598+0200 [DEBUG] [org.gradle.internal.remote.internal.inet.InetAddresses] Is this a loopback interface? false
2024-11-12T10:40:28.598+0200 [DEBUG] [org.gradle.internal.remote.internal.inet.InetAddresses] Adding IP addresses for network interface WAN Miniport (Network Monitor)-QoS Packet Scheduler-0000
2024-11-12T10:40:28.600+0200 [DEBUG] [org.gradle.internal.remote.internal.inet.InetAddresses] Is this a loopback interface? false
2024-11-12T10:40:28.601+0200 [DEBUG] [org.gradle.internal.remote.internal.inet.InetAddresses] Adding IP addresses for network interface Microsoft Wi-Fi Direct Virtual Adapter #3-QoS Packet Scheduler-0000
2024-11-12T10:40:28.603+0200 [DEBUG] [org.gradle.internal.remote.internal.inet.InetAddresses] Is this a loopback interface? false
2024-11-12T10:40:28.603+0200 [DEBUG] [org.gradle.internal.remote.internal.inet.InetAddresses] Adding IP addresses for network interface Microsoft Wi-Fi Direct Virtual Adapter #3-WFP 802.3 MAC Layer LightWeight Filter-0000
2024-11-12T10:40:28.605+0200 [DEBUG] [org.gradle.internal.remote.internal.inet.InetAddresses] Is this a loopback interface? false
2024-11-12T10:40:28.605+0200 [DEBUG] [org.gradle.internal.remote.internal.inet.InetAddresses] Adding IP addresses for network interface Microsoft Wi-Fi Direct Virtual Adapter #4-WFP Native MAC Layer LightWeight Filter-0000
2024-11-12T10:40:28.608+0200 [DEBUG] [org.gradle.internal.remote.internal.inet.InetAddresses] Is this a loopback interface? false
2024-11-12T10:40:28.608+0200 [DEBUG] [org.gradle.internal.remote.internal.inet.InetAddresses] Adding IP addresses for network interface Microsoft Wi-Fi Direct Virtual Adapter #4-Native WiFi Filter Driver-0000
2024-11-12T10:40:28.610+0200 [DEBUG] [org.gradle.internal.remote.internal.inet.InetAddresses] Is this a loopback interface? false
2024-11-12T10:40:28.610+0200 [DEBUG] [org.gradle.internal.remote.internal.inet.InetAddresses] Adding IP addresses for network interface Microsoft Wi-Fi Direct Virtual Adapter #4-QoS Packet Scheduler-0000
2024-11-12T10:40:28.612+0200 [DEBUG] [org.gradle.internal.remote.internal.inet.InetAddresses] Is this a loopback interface? false
2024-11-12T10:40:28.612+0200 [DEBUG] [org.gradle.internal.remote.internal.inet.InetAddresses] Adding IP addresses for network interface Microsoft Wi-Fi Direct Virtual Adapter #4-WFP 802.3 MAC Layer LightWeight Filter-0000
2024-11-12T10:40:28.614+0200 [DEBUG] [org.gradle.internal.remote.internal.inet.InetAddresses] Is this a loopback interface? false
2024-11-12T10:40:28.614+0200 [DEBUG] [org.gradle.internal.remote.internal.inet.InetAddresses] Adding IP addresses for network interface Bluetooth Device (Personal Area Network)
2024-11-12T10:40:28.616+0200 [DEBUG] [org.gradle.internal.remote.internal.inet.InetAddresses] Is this a loopback interface? false
2024-11-12T10:40:28.616+0200 [DEBUG] [org.gradle.internal.remote.internal.inet.InetAddresses] Adding remote address /fe80:0:0:0:44c0:1bfa:6fa6:4c55%eth11
2024-11-12T10:40:28.624+0200 [DEBUG] [org.gradle.internal.remote.internal.inet.TcpIncomingConnector] Listening on [91d6319a-3eaf-42ba-8c50-198ddb27b8c5 port:54131, addresses:[localhost/127.0.0.1]].
2024-11-12T10:40:28.651+0200 [DEBUG] [org.gradle.launcher.daemon.server.Daemon] Daemon starting at: Tue Nov 12 10:40:28 EET 2024, with address: [91d6319a-3eaf-42ba-8c50-198ddb27b8c5 port:54131, addresses:[localhost/127.0.0.1]]
2024-11-12T10:40:28.652+0200 [INFO] [org.gradle.launcher.daemon.server.DaemonRegistryUpdater] Advertising the daemon address to the clients: [91d6319a-3eaf-42ba-8c50-198ddb27b8c5 port:54131, addresses:[localhost/127.0.0.1]]
2024-11-12T10:40:28.652+0200 [DEBUG] [org.gradle.launcher.daemon.server.DaemonRegistryUpdater] Advertised daemon context: DefaultDaemonContext[uid=7d0b4625-a598-4817-a8eb-4824d64ff60d,javaHome=C:\Program Files\Android\Android Studio\jbr,daemonRegistryDir=C:\Foods_Shop\daemon,pid=25740,idleTimeout=10800000,priority=NORMAL,applyInstrumentationAgent=true,daemonOpts=--add-opens=java.base/java.util=ALL-UNNAMED,--add-opens=java.base/java.lang=ALL-UNNAMED,--add-opens=java.base/java.lang.invoke=ALL-UNNAMED,--add-opens=java.prefs/java.util.prefs=ALL-UNNAMED,--add-opens=java.base/java.nio.charset=ALL-UNNAMED,--add-opens=java.base/java.net=ALL-UNNAMED,--add-opens=java.base/java.util.concurrent.atomic=ALL-UNNAMED,-Xmx2048m,-Dfile.encoding=UTF-8,-Duser.country=RU,-Duser.language=ru,-Duser.variant]
2024-11-12T10:40:28.653+0200 [DEBUG] [org.gradle.launcher.daemon.registry.PersistentDaemonRegistry] Storing daemon address: [91d6319a-3eaf-42ba-8c50-198ddb27b8c5 port:54131, addresses:[localhost/127.0.0.1]], context: DefaultDaemonContext[uid=7d0b4625-a598-4817-a8eb-4824d64ff60d,javaHome=C:\Program Files\Android\Android Studio\jbr,daemonRegistryDir=C:\Foods_Shop\daemon,pid=25740,idleTimeout=10800000,priority=NORMAL,applyInstrumentationAgent=true,daemonOpts=--add-opens=java.base/java.util=ALL-UNNAMED,--add-opens=java.base/java.lang=ALL-UNNAMED,--add-opens=java.base/java.lang.invoke=ALL-UNNAMED,--add-opens=java.prefs/java.util.prefs=ALL-UNNAMED,--add-opens=java.base/java.nio.charset=ALL-UNNAMED,--add-opens=java.base/java.net=ALL-UNNAMED,--add-opens=java.base/java.util.concurrent.atomic=ALL-UNNAMED,-Xmx2048m,-Dfile.encoding=UTF-8,-Duser.country=RU,-Duser.language=ru,-Duser.variant]
2024-11-12T10:40:28.669+0200 [DEBUG] [org.gradle.cache.internal.DefaultFileLockManager] Waiting to acquire exclusive lock on daemon addresses registry.
2024-11-12T10:40:28.673+0200 [DEBUG] [org.gradle.cache.internal.DefaultFileLockManager] Lock acquired on daemon addresses registry.
2024-11-12T10:40:28.678+0200 [DEBUG] [org.gradle.cache.internal.DefaultFileLockManager] Releasing lock on daemon addresses registry.
2024-11-12T10:40:28.679+0200 [LIFECYCLE] [org.gradle.launcher.daemon.server.Daemon] Daemon server started.
2024-11-12T10:40:28.680+0200 [DEBUG] [org.gradle.launcher.daemon.bootstrap.DaemonStartupCommunication] Completed writing the daemon greeting. Closing streams...
2024-11-12T10:40:28.687+0200 [DEBUG] [org.gradle.launcher.daemon.server.Daemon] stopOnExpiration() called on daemon
2024-11-12T10:40:28.689+0200 [DEBUG] [org.gradle.launcher.daemon.server.Daemon] awaitExpiration() called on daemon
2024-11-12T10:40:28.692+0200 [DEBUG] [org.gradle.launcher.daemon.server.DaemonStateCoordinator] daemon is running. Sleeping until state changes.
2024-11-12T10:40:28.697+0200 [DEBUG] [org.gradle.internal.remote.internal.inet.TcpIncomingConnector] Accepted connection from /127.0.0.1:54132 to /127.0.0.1:54131.
2024-11-12T10:40:28.792+0200 [DEBUG] [org.gradle.launcher.daemon.server.SynchronizedDispatchConnection] thread 21: received class org.gradle.launcher.daemon.protocol.Build
2024-11-12T10:40:28.792+0200 [DEBUG] [org.gradle.launcher.daemon.server.DefaultDaemonConnection] thread 21: Received non-IO message from client: Build{id=32be3240-2bae-404b-8206-37be2f251c25, currentDir=C:\Foods_Shop}
2024-11-12T10:40:28.792+0200 [INFO] [org.gradle.launcher.daemon.server.DefaultIncomingConnectionHandler] Received command: Build{id=32be3240-2bae-404b-8206-37be2f251c25, currentDir=C:\Foods_Shop}.
2024-11-12T10:40:28.793+0200 [DEBUG] [org.gradle.launcher.daemon.server.DefaultIncomingConnectionHandler] Starting executing command: Build{id=32be3240-2bae-404b-8206-37be2f251c25, currentDir=C:\Foods_Shop} with connection: socket connection from /127.0.0.1:54131 to /127.0.0.1:54132.
2024-11-12T10:40:28.796+0200 [DEBUG] [org.gradle.launcher.daemon.server.DaemonStateCoordinator] Command execution: started DaemonCommandExecution[command = Build{id=32be3240-2bae-404b-8206-37be2f251c25, currentDir=C:\Foods_Shop}, connection = DefaultDaemonConnection: socket connection from /127.0.0.1:54131 to /127.0.0.1:54132] after 0.0 minutes of idle
2024-11-12T10:40:28.796+0200 [INFO] [org.gradle.launcher.daemon.server.DaemonRegistryUpdater] Marking the daemon as busy, address: [91d6319a-3eaf-42ba-8c50-198ddb27b8c5 port:54131, addresses:[localhost/127.0.0.1]]
2024-11-12T10:40:28.796+0200 [DEBUG] [org.gradle.launcher.daemon.registry.PersistentDaemonRegistry] Marking busy by address: [91d6319a-3eaf-42ba-8c50-198ddb27b8c5 port:54131, addresses:[localhost/127.0.0.1]]
2024-11-12T10:40:28.798+0200 [DEBUG] [org.gradle.cache.internal.DefaultFileLockManager] Waiting to acquire exclusive lock on daemon addresses registry.
2024-11-12T10:40:28.798+0200 [DEBUG] [org.gradle.cache.internal.DefaultFileLockManager] Lock acquired on daemon addresses registry.
2024-11-12T10:40:28.800+0200 [DEBUG] [org.gradle.cache.internal.DefaultFileLockManager] Releasing lock on daemon addresses registry.
2024-11-12T10:40:28.801+0200 [DEBUG] [org.gradle.launcher.daemon.server.DaemonStateCoordinator] resetting idle timer
2024-11-12T10:40:28.801+0200 [DEBUG] [org.gradle.launcher.daemon.server.DaemonStateCoordinator] daemon is running. Sleeping until state changes.
2024-11-12T10:40:28.802+0200 [INFO] [org.gradle.launcher.daemon.server.exec.StartBuildOrRespondWithBusy] Daemon is about to start building Build{id=32be3240-2bae-404b-8206-37be2f251c25, currentDir=C:\Foods_Shop}. Dispatching build started information...
2024-11-12T10:40:28.803+0200 [DEBUG] [org.gradle.launcher.daemon.server.SynchronizedDispatchConnection] thread 23: dispatching org.gradle.launcher.daemon.protocol.BuildStarted@47b68d70
2024-11-12T10:40:28.806+0200 [DEBUG] [org.gradle.launcher.daemon.server.exec.EstablishBuildEnvironment] Configuring env variables: [USERDOMAIN_ROAMINGPROFILE, PROCESSOR_LEVEL, SESSIONNAME, ALLUSERSPROFILE, PROCESSOR_ARCHITECTURE, PSModulePath, SystemDrive, USERNAME, ProgramFiles(x86), FPS_BROWSER_USER_PROFILE_STRING, PYTHONPATH, PATHEXT, DriverData, IntelliJ IDEA Community Edition, PyCharm Community Edition, ProgramData, ProgramW6432, HOMEPATH, PROCESSOR_IDENTIFIER, ProgramFiles, PUBLIC, windir, =::, ZES_ENABLE_SYSMAN, LOCALAPPDATA, USERDOMAIN, LOGONSERVER, FPS_BROWSER_APP_PROFILE_STRING, JAVA_HOME, OneDrive, APPDATA, CommonProgramFiles, Path, PyCharm, OS, COMPUTERNAME, PROCESSOR_REVISION, CommonProgramW6432, ComSpec, TEMP, SystemRoot, HOMEDRIVE, USERPROFILE, TMP, EFC_37256, CommonProgramFiles(x86), NUMBER_OF_PROCESSORS, IDEA_INITIAL_DIRECTORY]
2024-11-12T10:40:28.811+0200 [DEBUG] [org.gradle.launcher.daemon.server.SynchronizedDispatchConnection] thread 21: received class org.gradle.launcher.daemon.protocol.CloseInput
2024-11-12T10:40:28.811+0200 [DEBUG] [org.gradle.launcher.daemon.server.DefaultDaemonConnection] thread 21: Received IO message from client: org.gradle.launcher.daemon.protocol.CloseInput@6df972cc
2024-11-12T10:40:28.820+0200 [DEBUG] [org.gradle.launcher.daemon.server.exec.LogToClient] About to start relaying all logs to the client via the connection.
2024-11-12T10:40:28.821+0200 [INFO] [org.gradle.launcher.daemon.server.exec.LogToClient] The client will now receive all logging from the daemon (pid: 25740). The daemon log file: C:\Foods_Shop\daemon\8.7\daemon-25740.out.log
2024-11-12T10:40:28.826+0200 [INFO] [org.gradle.launcher.daemon.server.exec.LogAndCheckHealth] Starting build in new daemon [memory: 2 GiB]
2024-11-12T10:40:28.840+0200 [DEBUG] [org.gradle.launcher.daemon.server.exec.ExecuteBuild] The daemon has started executing the build.
2024-11-12T10:40:28.840+0200 [DEBUG] [org.gradle.launcher.daemon.server.exec.ExecuteBuild] Executing build with daemon context: DefaultDaemonContext[uid=7d0b4625-a598-4817-a8eb-4824d64ff60d,javaHome=C:\Program Files\Android\Android Studio\jbr,daemonRegistryDir=C:\Foods_Shop\daemon,pid=25740,idleTimeout=10800000,priority=NORMAL,applyInstrumentationAgent=true,daemonOpts=--add-opens=java.base/java.util=ALL-UNNAMED,--add-opens=java.base/java.lang=ALL-UNNAMED,--add-opens=java.base/java.lang.invoke=ALL-UNNAMED,--add-opens=java.prefs/java.util.prefs=ALL-UNNAMED,--add-opens=java.base/java.nio.charset=ALL-UNNAMED,--add-opens=java.base/java.net=ALL-UNNAMED,--add-opens=java.base/java.util.concurrent.atomic=ALL-UNNAMED,-Xmx2048m,-Dfile.encoding=UTF-8,-Duser.country=RU,-Duser.language=ru,-Duser.variant]
2024-11-12T10:40:28.844+0200 [INFO] [org.gradle.launcher.daemon.server.exec.ForwardClientInput] Closing daemon's stdin at end of input.
2024-11-12T10:40:28.847+0200 [INFO] [org.gradle.launcher.daemon.server.exec.ForwardClientInput] The daemon will no longer process any standard input.

BUILD SUCCESSFUL in 48s
34 actionable tasks: 8 executed, 26 up-to-date
2024-11-12T10:41:14.866+0200 [DEBUG] [org.gradle.launcher.daemon.server.exec.ExecuteBuild] The daemon has finished executing the build.
2024-11-12T10:41:14.887+0200 [DEBUG] [org.gradle.launcher.daemon.server.DaemonStateCoordinator] daemon is running. Sleeping until state changes.
2024-11-12T10:41:14.888+0200 [DEBUG] [org.gradle.launcher.daemon.server.DaemonStateCoordinator] Command execution: finished waiting for DaemonCommandExecution[command = Build{id=32be3240-2bae-404b-8206-37be2f251c25, currentDir=C:\Foods_Shop}, connection = DefaultDaemonConnection: socket connection from /127.0.0.1:54131 to /127.0.0.1:54132]. Result org.gradle.launcher.daemon.server.DaemonStateCoordinator@34fdc72c with state Busy
2024-11-12T10:41:14.888+0200 [DEBUG] [org.gradle.launcher.daemon.server.DaemonStateCoordinator] Command execution: completed DaemonCommandExecution[command = Build{id=32be3240-2bae-404b-8206-37be2f251c25, currentDir=C:\Foods_Shop}, connection = DefaultDaemonConnection: socket connection from /127.0.0.1:54131 to /127.0.0.1:54132]
2024-11-12T10:41:14.889+0200 [DEBUG] [org.gradle.launcher.daemon.server.DaemonStateCoordinator] resetting idle timer
2024-11-12T10:41:14.891+0200 [INFO] [org.gradle.launcher.daemon.server.DaemonRegistryUpdater] Marking the daemon as idle, address: [91d6319a-3eaf-42ba-8c50-198ddb27b8c5 port:54131, addresses:[localhost/127.0.0.1]]
2024-11-12T10:41:14.893+0200 [DEBUG] [org.gradle.launcher.daemon.registry.PersistentDaemonRegistry] Marking busy by address: [91d6319a-3eaf-42ba-8c50-198ddb27b8c5 port:54131, addresses:[localhost/127.0.0.1]]
2024-11-12T10:41:14.895+0200 [DEBUG] [org.gradle.cache.internal.DefaultFileLockManager] Waiting to acquire exclusive lock on daemon addresses registry.
2024-11-12T10:41:14.902+0200 [DEBUG] [org.gradle.cache.internal.DefaultFileLockManager] Lock acquired on daemon addresses registry.
2024-11-12T10:41:14.923+0200 [DEBUG] [org.gradle.cache.internal.DefaultFileLockManager] Releasing lock on daemon addresses registry.
2024-11-12T10:41:14.926+0200 [DEBUG] [org.gradle.launcher.daemon.server.DaemonStateCoordinator] daemon is running. Sleeping until state changes.
2024-11-12T10:41:14.927+0200 [DEBUG] [org.gradle.launcher.daemon.server.exec.ReturnResult] Daemon is dispatching the build result: Success[value=org.gradle.launcher.exec.BuildActionResult@194631e7]
2024-11-12T10:41:14.927+0200 [DEBUG] [org.gradle.launcher.daemon.server.SynchronizedDispatchConnection] thread 20: dispatching Success[value=org.gradle.launcher.exec.BuildActionResult@194631e7]
2024-11-12T10:41:14.932+0200 [DEBUG] [org.gradle.launcher.daemon.server.DefaultIncomingConnectionHandler] Finishing executing command: Build{id=32be3240-2bae-404b-8206-37be2f251c25, currentDir=C:\Foods_Shop}
2024-11-12T10:41:14.934+0200 [DEBUG] [org.gradle.launcher.daemon.server.exec.CleanUpVirtualFileSystemAfterBuild] Cleaning virtual file system after build finished
2024-11-12T10:41:14.966+0200 [DEBUG] [org.gradle.launcher.daemon.server.SynchronizedDispatchConnection] thread 21: received class org.gradle.launcher.daemon.protocol.Finished
2024-11-12T10:41:14.966+0200 [DEBUG] [org.gradle.launcher.daemon.server.DefaultDaemonConnection] thread 21: Received non-IO message from client: org.gradle.launcher.daemon.protocol.Finished@3fdeed61
2024-11-12T10:41:14.968+0200 [DEBUG] [org.gradle.launcher.daemon.server.DefaultIncomingConnectionHandler] Received finished message: org.gradle.launcher.daemon.protocol.Finished@3fdeed61
2024-11-12T10:41:14.969+0200 [DEBUG] [org.gradle.launcher.daemon.server.SynchronizedDispatchConnection] thread 20: stopping connection
2024-11-12T10:41:14.976+0200 [DEBUG] [org.gradle.internal.remote.internal.inet.SocketConnection] Discarding EOFException: java.io.EOFException
2024-11-12T10:41:14.977+0200 [DEBUG] [org.gradle.launcher.daemon.server.SynchronizedDispatchConnection] thread 21: received null
2024-11-12T10:41:14.977+0200 [DEBUG] [org.gradle.launcher.daemon.server.DefaultDaemonConnection] thread 21: Received end-of-input from client.
2024-11-12T10:41:14.997+0200 [DEBUG] [org.gradle.launcher.daemon.server.SynchronizedDispatchConnection] thread 20: stopping connection
2024-11-12T10:41:18.186+0200 [DEBUG] [org.gradle.process.internal.health.memory.DefaultMemoryManager] 409155993 physical memory requested, 373100544 free
2024-11-12T10:41:18.189+0200 [DEBUG] [org.gradle.workers.internal.WorkerDaemonExpiration] Will attempt to release 390 of memory
2024-11-12T10:41:18.189+0200 [DEBUG] [org.gradle.process.internal.health.memory.DefaultMemoryManager] 409155993 physical memory requested, 0 released, 373100544 free
2024-11-12T10:41:18.720+0200 [DEBUG] [org.gradle.cache.internal.DefaultFileLockManager] Waiting to acquire shared lock on daemon addresses registry.
2024-11-12T10:41:18.721+0200 [DEBUG] [org.gradle.cache.internal.DefaultFileLockManager] Lock acquired on daemon addresses registry.
2024-11-12T10:41:18.722+0200 [DEBUG] [org.gradle.cache.internal.DefaultFileLockManager] Releasing lock on daemon addresses registry.
2024-11-12T10:41:18.731+0200 [DEBUG] [org.gradle.cache.internal.DefaultFileLockManager] Waiting to acquire shared lock on daemon addresses registry.
2024-11-12T10:41:18.732+0200 [DEBUG] [org.gradle.cache.internal.DefaultFileLockManager] Lock acquired on daemon addresses registry.
2024-11-12T10:41:18.735+0200 [DEBUG] [org.gradle.cache.internal.DefaultFileLockManager] Releasing lock on daemon addresses registry.
2024-11-12T10:41:23.614+0200 [DEBUG] [org.gradle.process.internal.health.memory.DefaultMemoryManager] 409155993 physical memory requested, 314269696 free
2024-11-12T10:41:23.614+0200 [DEBUG] [org.gradle.workers.internal.WorkerDaemonExpiration] Will attempt to release 390 of memory
2024-11-12T10:41:23.614+0200 [DEBUG] [org.gradle.process.internal.health.memory.DefaultMemoryManager] 409155993 physical memory requested, 0 released, 314269696 free
2024-11-12T10:41:27.977+0200 [DEBUG] [org.gradle.process.internal.health.memory.DefaultMemoryManager] 409155993 physical memory requested, 283578368 free
2024-11-12T10:41:27.978+0200 [DEBUG] [org.gradle.workers.internal.WorkerDaemonExpiration] Will attempt to release 390 of memory
2024-11-12T10:41:27.978+0200 [DEBUG] [org.gradle.process.internal.health.memory.DefaultMemoryManager] 409155993 physical memory requested, 0 released, 283578368 free
2024-11-12T10:41:28.931+0200 [DEBUG] [org.gradle.cache.internal.DefaultFileLockManager] Waiting to acquire shared lock on daemon addresses registry.
2024-11-12T10:41:28.933+0200 [DEBUG] [org.gradle.cache.internal.DefaultFileLockManager] Lock acquired on daemon addresses registry.
2024-11-12T10:41:28.933+0200 [DEBUG] [org.gradle.cache.internal.DefaultFileLockManager] Releasing lock on daemon addresses registry.
2024-11-12T10:41:29.001+0200 [DEBUG] [org.gradle.cache.internal.DefaultFileLockManager] Waiting to acquire shared lock on daemon addresses registry.
2024-11-12T10:41:29.001+0200 [DEBUG] [org.gradle.cache.internal.DefaultFileLockManager] Lock acquired on daemon addresses registry.
2024-11-12T10:41:29.002+0200 [DEBUG] [org.gradle.cache.internal.DefaultFileLockManager] Releasing lock on daemon addresses registry.
2024-11-12T10:41:29.006+0200 [DEBUG] [org.gradle.cache.internal.DefaultFileLockManager] Waiting to acquire shared lock on daemon addresses registry.
2024-11-12T10:41:29.007+0200 [DEBUG] [org.gradle.cache.internal.DefaultFileLockManager] Lock acquired on daemon addresses registry.
2024-11-12T10:41:29.007+0200 [DEBUG] [org.gradle.cache.internal.DefaultFileLockManager] Releasing lock on daemon addresses registry.
2024-11-12T10:41:32.982+0200 [DEBUG] [org.gradle.process.internal.health.memory.DefaultMemoryManager] 409155993 physical memory requested, 193212416 free
2024-11-12T10:41:32.982+0200 [DEBUG] [org.gradle.workers.internal.WorkerDaemonExpiration] Will attempt to release 390 of memory
2024-11-12T10:41:32.982+0200 [DEBUG] [org.gradle.process.internal.health.memory.DefaultMemoryManager] 409155993 physical memory requested, 0 released, 193212416 free
2024-11-12T10:41:38.098+0200 [DEBUG] [org.gradle.process.internal.health.memory.DefaultMemoryManager] 409155993 physical memory requested, 274321408 free
2024-11-12T10:41:38.099+0200 [DEBUG] [org.gradle.workers.internal.WorkerDaemonExpiration] Will attempt to release 390 of memory
2024-11-12T10:41:38.116+0200 [DEBUG] [org.gradle.process.internal.health.memory.DefaultMemoryManager] 409155993 physical memory requested, 0 released, 274321408 free
2024-11-12T10:41:38.739+0200 [DEBUG] [org.gradle.cache.internal.DefaultFileLockManager] Waiting to acquire shared lock on daemon addresses registry.
2024-11-12T10:41:38.771+0200 [DEBUG] [org.gradle.cache.internal.DefaultFileLockManager] Lock acquired on daemon addresses registry.
2024-11-12T10:41:38.773+0200 [DEBUG] [org.gradle.cache.internal.DefaultFileLockManager] Releasing lock on daemon addresses registry.
2024-11-12T10:41:38.775+0200 [DEBUG] [org.gradle.cache.internal.DefaultFileLockManager] Waiting to acquire shared lock on daemon addresses registry.
2024-11-12T10:41:38.775+0200 [DEBUG] [org.gradle.cache.internal.DefaultFileLockManager] Lock acquired on daemon addresses registry.
2024-11-12T10:41:38.776+0200 [DEBUG] [org.gradle.cache.internal.DefaultFileLockManager] Releasing lock on daemon addresses registry.
2024-11-12T10:41:38.777+0200 [DEBUG] [org.gradle.cache.internal.DefaultFileLockManager] Waiting to acquire shared lock on daemon addresses registry.
2024-11-12T10:41:38.777+0200 [DEBUG] [org.gradle.cache.internal.DefaultFileLockManager] Lock acquired on daemon addresses registry.
2024-11-12T10:41:38.778+0200 [DEBUG] [org.gradle.cache.internal.DefaultFileLockManager] Releasing lock on daemon addresses registry.
2024-11-12T10:41:48.700+0200 [DEBUG] [org.gradle.cache.internal.DefaultFileLockManager] Waiting to acquire shared lock on daemon addresses registry.
2024-11-12T10:41:48.701+0200 [DEBUG] [org.gradle.cache.internal.DefaultFileLockManager] Lock acquired on daemon addresses registry.
2024-11-12T10:41:48.703+0200 [DEBUG] [org.gradle.cache.internal.DefaultFileLockManager] Releasing lock on daemon addresses registry.
2024-11-12T10:41:48.706+0200 [DEBUG] [org.gradle.cache.internal.DefaultFileLockManager] Waiting to acquire shared lock on daemon addresses registry.
2024-11-12T10:41:48.707+0200 [DEBUG] [org.gradle.cache.internal.DefaultFileLockManager] Lock acquired on daemon addresses registry.
2024-11-12T10:41:48.707+0200 [DEBUG] [org.gradle.cache.internal.DefaultFileLockManager] Releasing lock on daemon addresses registry.
2024-11-12T10:41:48.709+0200 [DEBUG] [org.gradle.cache.internal.DefaultFileLockManager] Waiting to acquire shared lock on daemon addresses registry.
2024-11-12T10:41:48.709+0200 [DEBUG] [org.gradle.cache.internal.DefaultFileLockManager] Lock acquired on daemon addresses registry.
2024-11-12T10:41:48.710+0200 [DEBUG] [org.gradle.cache.internal.DefaultFileLockManager] Releasing lock on daemon addresses registry.
2024-11-12T10:41:58.695+0200 [DEBUG] [org.gradle.cache.internal.DefaultFileLockManager] Waiting to acquire shared lock on daemon addresses registry.
2024-11-12T10:41:58.695+0200 [DEBUG] [org.gradle.cache.internal.DefaultFileLockManager] Lock acquired on daemon addresses registry.
2024-11-12T10:41:58.696+0200 [DEBUG] [org.gradle.cache.internal.DefaultFileLockManager] Releasing lock on daemon addresses registry.
2024-11-12T10:41:58.698+0200 [DEBUG] [org.gradle.cache.internal.DefaultFileLockManager] Waiting to acquire shared lock on daemon addresses registry.
2024-11-12T10:41:58.699+0200 [DEBUG] [org.gradle.cache.internal.DefaultFileLockManager] Lock acquired on daemon addresses registry.
2024-11-12T10:41:58.699+0200 [DEBUG] [org.gradle.cache.internal.DefaultFileLockManager] Releasing lock on daemon addresses registry.
2024-11-12T10:41:58.700+0200 [DEBUG] [org.gradle.cache.internal.DefaultFileLockManager] Waiting to acquire shared lock on daemon addresses registry.
2024-11-12T10:41:58.700+0200 [DEBUG] [org.gradle.cache.internal.DefaultFileLockManager] Lock acquired on daemon addresses registry.
2024-11-12T10:41:58.701+0200 [DEBUG] [org.gradle.cache.internal.DefaultFileLockManager] Releasing lock on daemon addresses registry.
2024-11-12T10:42:08.702+0200 [DEBUG] [org.gradle.cache.internal.DefaultFileLockManager] Waiting to acquire shared lock on daemon addresses registry.
2024-11-12T10:42:08.703+0200 [DEBUG] [org.gradle.cache.internal.DefaultFileLockManager] Lock acquired on daemon addresses registry.
2024-11-12T10:42:08.704+0200 [DEBUG] [org.gradle.cache.internal.DefaultFileLockManager] Releasing lock on daemon addresses registry.
2024-11-12T10:42:08.706+0200 [DEBUG] [org.gradle.cache.internal.DefaultFileLockManager] Waiting to acquire shared lock on daemon addresses registry.
2024-11-12T10:42:08.706+0200 [DEBUG] [org.gradle.cache.internal.DefaultFileLockManager] Lock acquired on daemon addresses registry.
2024-11-12T10:42:08.706+0200 [DEBUG] [org.gradle.cache.internal.DefaultFileLockManager] Releasing lock on daemon addresses registry.
2024-11-12T10:42:08.708+0200 [DEBUG] [org.gradle.cache.internal.DefaultFileLockManager] Waiting to acquire shared lock on daemon addresses registry.
2024-11-12T10:42:08.708+0200 [DEBUG] [org.gradle.cache.internal.DefaultFileLockManager] Lock acquired on daemon addresses registry.
2024-11-12T10:42:08.708+0200 [DEBUG] [org.gradle.cache.internal.DefaultFileLockManager] Releasing lock on daemon addresses registry.
2024-11-12T10:42:17.968+0200 [DEBUG] [org.gradle.process.internal.health.memory.DefaultMemoryManager] 409155993 physical memory requested, 393912320 free
2024-11-12T10:42:17.969+0200 [DEBUG] [org.gradle.workers.internal.WorkerDaemonExpiration] Will attempt to release 390 of memory
2024-11-12T10:42:17.969+0200 [DEBUG] [org.gradle.process.internal.health.memory.DefaultMemoryManager] 409155993 physical memory requested, 0 released, 393912320 free
2024-11-12T10:42:18.699+0200 [DEBUG] [org.gradle.cache.internal.DefaultFileLockManager] Waiting to acquire shared lock on daemon addresses registry.
2024-11-12T10:42:18.699+0200 [DEBUG] [org.gradle.cache.internal.DefaultFileLockManager] Lock acquired on daemon addresses registry.
2024-11-12T10:42:18.700+0200 [DEBUG] [org.gradle.cache.internal.DefaultFileLockManager] Releasing lock on daemon addresses registry.
2024-11-12T10:42:18.702+0200 [DEBUG] [org.gradle.cache.internal.DefaultFileLockManager] Waiting to acquire shared lock on daemon addresses registry.
2024-11-12T10:42:18.702+0200 [DEBUG] [org.gradle.cache.internal.DefaultFileLockManager] Lock acquired on daemon addresses registry.
2024-11-12T10:42:18.703+0200 [DEBUG] [org.gradle.cache.internal.DefaultFileLockManager] Releasing lock on daemon addresses registry.
2024-11-12T10:42:18.704+0200 [DEBUG] [org.gradle.cache.internal.DefaultFileLockManager] Waiting to acquire shared lock on daemon addresses registry.
2024-11-12T10:42:18.704+0200 [DEBUG] [org.gradle.cache.internal.DefaultFileLockManager] Lock acquired on daemon addresses registry.
2024-11-12T10:42:18.705+0200 [DEBUG] [org.gradle.cache.internal.DefaultFileLockManager] Releasing lock on daemon addresses registry.
2024-11-12T10:42:22.974+0200 [DEBUG] [org.gradle.process.internal.health.memory.DefaultMemoryManager] 409155993 physical memory requested, 391274496 free
2024-11-12T10:42:22.975+0200 [DEBUG] [org.gradle.workers.internal.WorkerDaemonExpiration] Will attempt to release 390 of memory
2024-11-12T10:42:22.986+0200 [DEBUG] [org.gradle.process.internal.health.memory.DefaultMemoryManager] 409155993 physical memory requested, 0 released, 391274496 free
2024-11-12T10:42:27.972+0200 [DEBUG] [org.gradle.process.internal.health.memory.DefaultMemoryManager] 409155993 physical memory requested, 383426560 free
2024-11-12T10:42:27.972+0200 [DEBUG] [org.gradle.workers.internal.WorkerDaemonExpiration] Will attempt to release 390 of memory
2024-11-12T10:42:27.973+0200 [DEBUG] [org.gradle.process.internal.health.memory.DefaultMemoryManager] 409155993 physical memory requested, 0 released, 383426560 free
2024-11-12T10:42:28.692+0200 [DEBUG] [org.gradle.cache.internal.DefaultFileLockManager] Waiting to acquire shared lock on daemon addresses registry.
2024-11-12T10:42:28.692+0200 [DEBUG] [org.gradle.cache.internal.DefaultFileLockManager] Lock acquired on daemon addresses registry.
2024-11-12T10:42:28.692+0200 [DEBUG] [org.gradle.cache.internal.DefaultFileLockManager] Releasing lock on daemon addresses registry.
2024-11-12T10:42:28.694+0200 [DEBUG] [org.gradle.cache.internal.DefaultFileLockManager] Waiting to acquire shared lock on daemon addresses registry.
2024-11-12T10:42:28.695+0200 [DEBUG] [org.gradle.cache.internal.DefaultFileLockManager] Lock acquired on daemon addresses registry.
2024-11-12T10:42:28.695+0200 [DEBUG] [org.gradle.cache.internal.DefaultFileLockManager] Releasing lock on daemon addresses registry.
2024-11-12T10:42:28.698+0200 [DEBUG] [org.gradle.cache.internal.DefaultFileLockManager] Waiting to acquire shared lock on daemon addresses registry.
2024-11-12T10:42:28.698+0200 [DEBUG] [org.gradle.cache.internal.DefaultFileLockManager] Lock acquired on daemon addresses registry.
2024-11-12T10:42:28.698+0200 [DEBUG] [org.gradle.cache.internal.DefaultFileLockManager] Releasing lock on daemon addresses registry.
2024-11-12T10:42:32.971+0200 [DEBUG] [org.gradle.process.internal.health.memory.DefaultMemoryManager] 409155993 physical memory requested, 362676224 free
2024-11-12T10:42:32.971+0200 [DEBUG] [org.gradle.workers.internal.WorkerDaemonExpiration] Will attempt to release 390 of memory
2024-11-12T10:42:32.971+0200 [DEBUG] [org.gradle.process.internal.health.memory.DefaultMemoryManager] 409155993 physical memory requested, 0 released, 362676224 free
2024-11-12T10:42:38.702+0200 [DEBUG] [org.gradle.cache.internal.DefaultFileLockManager] Waiting to acquire shared lock on daemon addresses registry.
2024-11-12T10:42:38.703+0200 [DEBUG] [org.gradle.cache.internal.DefaultFileLockManager] Lock acquired on daemon addresses registry.
2024-11-12T10:42:38.744+0200 [DEBUG] [org.gradle.cache.internal.DefaultFileLockManager] Releasing lock on daemon addresses registry.
2024-11-12T10:42:39.001+0200 [DEBUG] [org.gradle.cache.internal.DefaultFileLockManager] Waiting to acquire shared lock on daemon addresses registry.
2024-11-12T10:42:39.001+0200 [DEBUG] [org.gradle.cache.internal.DefaultFileLockManager] Lock acquired on daemon addresses registry.
2024-11-12T10:42:39.002+0200 [DEBUG] [org.gradle.cache.internal.DefaultFileLockManager] Releasing lock on daemon addresses registry.
2024-11-12T10:42:39.004+0200 [DEBUG] [org.gradle.cache.internal.DefaultFileLockManager] Waiting to acquire shared lock on daemon addresses registry.
2024-11-12T10:42:39.006+0200 [DEBUG] [org.gradle.cache.internal.DefaultFileLockManager] Lock acquired on daemon addresses registry.
2024-11-12T10:42:39.007+0200 [DEBUG] [org.gradle.cache.internal.DefaultFileLockManager] Releasing lock on daemon addresses registry.
2024-11-12T10:42:42.969+0200 [DEBUG] [org.gradle.process.internal.health.memory.DefaultMemoryManager] 409155993 physical memory requested, 274489344 free
2024-11-12T10:42:42.970+0200 [DEBUG] [org.gradle.workers.internal.WorkerDaemonExpiration] Will attempt to release 390 of memory
2024-11-12T10:42:42.970+0200 [DEBUG] [org.gradle.process.internal.health.memory.DefaultMemoryManager] 409155993 physical memory requested, 0 released, 274489344 free
2024-11-12T10:42:47.984+0200 [DEBUG] [org.gradle.process.internal.health.memory.DefaultMemoryManager] 409155993 physical memory requested, 273551360 free
2024-11-12T10:42:47.984+0200 [DEBUG] [org.gradle.workers.internal.WorkerDaemonExpiration] Will attempt to release 390 of memory
2024-11-12T10:42:47.984+0200 [DEBUG] [org.gradle.process.internal.health.memory.DefaultMemoryManager] 409155993 physical memory requested, 0 released, 273551360 free
2024-11-12T10:42:48.708+0200 [DEBUG] [org.gradle.cache.internal.DefaultFileLockManager] Waiting to acquire shared lock on daemon addresses registry.
2024-11-12T10:42:48.708+0200 [DEBUG] [org.gradle.cache.internal.DefaultFileLockManager] Lock acquired on daemon addresses registry.
2024-11-12T10:42:48.714+0200 [DEBUG] [org.gradle.cache.internal.DefaultFileLockManager] Releasing lock on daemon addresses registry.
2024-11-12T10:42:48.715+0200 [DEBUG] [org.gradle.cache.internal.DefaultFileLockManager] Waiting to acquire shared lock on daemon addresses registry.
2024-11-12T10:42:48.716+0200 [DEBUG] [org.gradle.cache.internal.DefaultFileLockManager] Lock acquired on daemon addresses registry.
2024-11-12T10:42:48.716+0200 [DEBUG] [org.gradle.cache.internal.DefaultFileLockManager] Releasing lock on daemon addresses registry.
2024-11-12T10:42:48.718+0200 [DEBUG] [org.gradle.cache.internal.DefaultFileLockManager] Waiting to acquire shared lock on daemon addresses registry.
2024-11-12T10:42:48.719+0200 [DEBUG] [org.gradle.cache.internal.DefaultFileLockManager] Lock acquired on daemon addresses registry.
2024-11-12T10:42:48.720+0200 [DEBUG] [org.gradle.cache.internal.DefaultFileLockManager] Releasing lock on daemon addresses registry.
2024-11-12T10:42:53.121+0200 [DEBUG] [org.gradle.process.internal.health.memory.DefaultMemoryManager] 409155993 physical memory requested, 65146880 free
2024-11-12T10:42:53.122+0200 [DEBUG] [org.gradle.workers.internal.WorkerDaemonExpiration] Will attempt to release 390 of memory
2024-11-12T10:42:53.122+0200 [DEBUG] [org.gradle.process.internal.health.memory.DefaultMemoryManager] 409155993 physical memory requested, 0 released, 65146880 free
2024-11-12T10:42:57.979+0200 [DEBUG] [org.gradle.process.internal.health.memory.DefaultMemoryManager] 409155993 physical memory requested, 175263744 free
2024-11-12T10:42:57.980+0200 [DEBUG] [org.gradle.workers.internal.WorkerDaemonExpiration] Will attempt to release 390 of memory
2024-11-12T10:42:57.980+0200 [DEBUG] [org.gradle.process.internal.health.memory.DefaultMemoryManager] 409155993 physical memory requested, 0 released, 175263744 free
2024-11-12T10:42:58.796+0200 [DEBUG] [org.gradle.cache.internal.DefaultFileLockManager] Waiting to acquire shared lock on daemon addresses registry.
2024-11-12T10:42:58.797+0200 [DEBUG] [org.gradle.cache.internal.DefaultFileLockManager] Lock acquired on daemon addresses registry.
2024-11-12T10:42:58.799+0200 [DEBUG] [org.gradle.cache.internal.DefaultFileLockManager] Releasing lock on daemon addresses registry.
2024-11-12T10:42:58.802+0200 [DEBUG] [org.gradle.cache.internal.DefaultFileLockManager] Waiting to acquire shared lock on daemon addresses registry.
2024-11-12T10:42:58.803+0200 [DEBUG] [org.gradle.cache.internal.DefaultFileLockManager] Lock acquired on daemon addresses registry.
2024-11-12T10:42:58.804+0200 [DEBUG] [org.gradle.cache.internal.DefaultFileLockManager] Releasing lock on daemon addresses registry.
2024-11-12T10:42:58.807+0200 [DEBUG] [org.gradle.cache.internal.DefaultFileLockManager] Waiting to acquire shared lock on daemon addresses registry.
2024-11-12T10:42:58.807+0200 [DEBUG] [org.gradle.cache.internal.DefaultFileLockManager] Lock acquired on daemon addresses registry.
2024-11-12T10:42:58.809+0200 [DEBUG] [org.gradle.cache.internal.DefaultFileLockManager] Releasing lock on daemon addresses registry.
2024-11-12T10:43:03.172+0200 [DEBUG] [org.gradle.process.internal.health.memory.DefaultMemoryManager] 409155993 physical memory requested, 126308352 free
2024-11-12T10:43:03.174+0200 [DEBUG] [org.gradle.workers.internal.WorkerDaemonExpiration] Will attempt to release 390 of memory
2024-11-12T10:43:03.175+0200 [DEBUG] [org.gradle.process.internal.health.memory.DefaultMemoryManager] 409155993 physical memory requested, 0 released, 126308352 free
2024-11-12T10:43:08.126+0200 [DEBUG] [org.gradle.process.internal.health.memory.DefaultMemoryManager] 409155993 physical memory requested, 124805120 free
2024-11-12T10:43:08.127+0200 [DEBUG] [org.gradle.workers.internal.WorkerDaemonExpiration] Will attempt to release 390 of memory
2024-11-12T10:43:08.127+0200 [DEBUG] [org.gradle.process.internal.health.memory.DefaultMemoryManager] 409155993 physical memory requested, 0 released, 124805120 free
2024-11-12T10:43:08.764+0200 [DEBUG] [org.gradle.cache.internal.DefaultFileLockManager] Waiting to acquire shared lock on daemon addresses registry.
2024-11-12T10:43:08.764+0200 [DEBUG] [org.gradle.cache.internal.DefaultFileLockManager] Lock acquired on daemon addresses registry.
2024-11-12T10:43:08.771+0200 [DEBUG] [org.gradle.cache.internal.DefaultFileLockManager] Releasing lock on daemon addresses registry.
2024-11-12T10:43:08.805+0200 [DEBUG] [org.gradle.cache.internal.DefaultFileLockManager] Waiting to acquire shared lock on daemon addresses registry.
2024-11-12T10:43:08.807+0200 [DEBUG] [org.gradle.cache.internal.DefaultFileLockManager] Lock acquired on daemon addresses registry.
2024-11-12T10:43:08.808+0200 [DEBUG] [org.gradle.cache.internal.DefaultFileLockManager] Releasing lock on daemon addresses registry.
2024-11-12T10:43:08.810+0200 [DEBUG] [org.gradle.cache.internal.DefaultFileLockManager] Waiting to acquire shared lock on daemon addresses registry.
2024-11-12T10:43:08.810+0200 [DEBUG] [org.gradle.cache.internal.DefaultFileLockManager] Lock acquired on daemon addresses registry.
2024-11-12T10:43:08.811+0200 [DEBUG] [org.gradle.cache.internal.DefaultFileLockManager] Releasing lock on daemon addresses registry.
2024-11-12T10:43:12.991+0200 [DEBUG] [org.gradle.process.internal.health.memory.DefaultMemoryManager] 409155993 physical memory requested, 312520704 free
2024-11-12T10:43:12.991+0200 [DEBUG] [org.gradle.workers.internal.WorkerDaemonExpiration] Will attempt to release 390 of memory
2024-11-12T10:43:12.991+0200 [DEBUG] [org.gradle.process.internal.health.memory.DefaultMemoryManager] 409155993 physical memory requested, 0 released, 312520704 free
2024-11-12T10:43:17.988+0200 [DEBUG] [org.gradle.process.internal.health.memory.DefaultMemoryManager] 409155993 physical memory requested, 101888000 free
2024-11-12T10:43:17.989+0200 [DEBUG] [org.gradle.workers.internal.WorkerDaemonExpiration] Will attempt to release 390 of memory
2024-11-12T10:43:17.989+0200 [DEBUG] [org.gradle.process.internal.health.memory.DefaultMemoryManager] 409155993 physical memory requested, 0 released, 101888000 free
2024-11-12T10:43:18.704+0200 [DEBUG] [org.gradle.cache.internal.DefaultFileLockManager] Waiting to acquire shared lock on daemon addresses registry.
2024-11-12T10:43:18.708+0200 [DEBUG] [org.gradle.cache.internal.DefaultFileLockManager] Lock acquired on daemon addresses registry.
2024-11-12T10:43:18.734+0200 [DEBUG] [org.gradle.cache.internal.DefaultFileLockManager] Releasing lock on daemon addresses registry.
2024-11-12T10:43:18.757+0200 [DEBUG] [org.gradle.cache.internal.DefaultFileLockManager] Waiting to acquire shared lock on daemon addresses registry.
2024-11-12T10:43:18.758+0200 [DEBUG] [org.gradle.cache.internal.DefaultFileLockManager] Lock acquired on daemon addresses registry.
2024-11-12T10:43:18.758+0200 [DEBUG] [org.gradle.cache.internal.DefaultFileLockManager] Releasing lock on daemon addresses registry.
2024-11-12T10:43:18.775+0200 [DEBUG] [org.gradle.cache.internal.DefaultFileLockManager] Waiting to acquire shared lock on daemon addresses registry.
2024-11-12T10:43:18.776+0200 [DEBUG] [org.gradle.cache.internal.DefaultFileLockManager] Lock acquired on daemon addresses registry.
2024-11-12T10:43:18.777+0200 [DEBUG] [org.gradle.cache.internal.DefaultFileLockManager] Releasing lock on daemon addresses registry.
2024-11-12T10:43:23.174+0200 [DEBUG] [org.gradle.process.internal.health.memory.DefaultMemoryManager] 409155993 physical memory requested, 78815232 free
2024-11-12T10:43:23.178+0200 [DEBUG] [org.gradle.workers.internal.WorkerDaemonExpiration] Will attempt to release 390 of memory
2024-11-12T10:43:23.180+0200 [DEBUG] [org.gradle.process.internal.health.memory.DefaultMemoryManager] 409155993 physical memory requested, 0 released, 78815232 free
2024-11-12T10:43:27.988+0200 [DEBUG] [org.gradle.process.internal.health.memory.DefaultMemoryManager] 409155993 physical memory requested, 278147072 free
2024-11-12T10:43:27.989+0200 [DEBUG] [org.gradle.workers.internal.WorkerDaemonExpiration] Will attempt to release 390 of memory
2024-11-12T10:43:27.989+0200 [DEBUG] [org.gradle.process.internal.health.memory.DefaultMemoryManager] 409155993 physical memory requested, 0 released, 278147072 free
2024-11-12T10:43:28.705+0200 [DEBUG] [org.gradle.cache.internal.DefaultFileLockManager] Waiting to acquire shared lock on daemon addresses registry.
2024-11-12T10:43:28.706+0200 [DEBUG] [org.gradle.cache.internal.DefaultFileLockManager] Lock acquired on daemon addresses registry.
2024-11-12T10:43:28.708+0200 [DEBUG] [org.gradle.cache.internal.DefaultFileLockManager] Releasing lock on daemon addresses registry.
2024-11-12T10:43:28.710+0200 [DEBUG] [org.gradle.cache.internal.DefaultFileLockManager] Waiting to acquire shared lock on daemon addresses registry.
2024-11-12T10:43:28.711+0200 [DEBUG] [org.gradle.cache.internal.DefaultFileLockManager] Lock acquired on daemon addresses registry.
2024-11-12T10:43:28.719+0200 [DEBUG] [org.gradle.cache.internal.DefaultFileLockManager] Releasing lock on daemon addresses registry.
2024-11-12T10:43:28.722+0200 [DEBUG] [org.gradle.cache.internal.DefaultFileLockManager] Waiting to acquire shared lock on daemon addresses registry.
2024-11-12T10:43:28.722+0200 [DEBUG] [org.gradle.cache.internal.DefaultFileLockManager] Lock acquired on daemon addresses registry.
2024-11-12T10:43:28.723+0200 [DEBUG] [org.gradle.cache.internal.DefaultFileLockManager] Releasing lock on daemon addresses registry.
2024-11-12T10:43:32.968+0200 [DEBUG] [org.gradle.process.internal.health.memory.DefaultMemoryManager] 409155993 physical memory requested, 320835584 free
2024-11-12T10:43:32.968+0200 [DEBUG] [org.gradle.workers.internal.WorkerDaemonExpiration] Will attempt to release 390 of memory
2024-11-12T10:43:32.968+0200 [DEBUG] [org.gradle.process.internal.health.memory.DefaultMemoryManager] 409155993 physical memory requested, 0 released, 320835584 free
2024-11-12T10:43:37.983+0200 [DEBUG] [org.gradle.process.internal.health.memory.DefaultMemoryManager] 409155993 physical memory requested, 387997696 free
2024-11-12T10:43:37.983+0200 [DEBUG] [org.gradle.workers.internal.WorkerDaemonExpiration] Will attempt to release 390 of memory
2024-11-12T10:43:37.984+0200 [DEBUG] [org.gradle.process.internal.health.memory.DefaultMemoryManager] 409155993 physical memory requested, 0 released, 387997696 free
2024-11-12T10:43:38.695+0200 [DEBUG] [org.gradle.cache.internal.DefaultFileLockManager] Waiting to acquire shared lock on daemon addresses registry.
2024-11-12T10:43:38.696+0200 [DEBUG] [org.gradle.cache.internal.DefaultFileLockManager] Lock acquired on daemon addresses registry.
2024-11-12T10:43:38.698+0200 [DEBUG] [org.gradle.cache.internal.DefaultFileLockManager] Releasing lock on daemon addresses registry.
2024-11-12T10:43:38.701+0200 [DEBUG] [org.gradle.cache.internal.DefaultFileLockManager] Waiting to acquire shared lock on daemon addresses registry.
2024-11-12T10:43:38.702+0200 [DEBUG] [org.gradle.cache.internal.DefaultFileLockManager] Lock acquired on daemon addresses registry.
2024-11-12T10:43:38.707+0200 [DEBUG] [org.gradle.cache.internal.DefaultFileLockManager] Releasing lock on daemon addresses registry.
2024-11-12T10:43:38.708+0200 [DEBUG] [org.gradle.cache.internal.DefaultFileLockManager] Waiting to acquire shared lock on daemon addresses registry.
2024-11-12T10:43:38.710+0200 [DEBUG] [org.gradle.cache.internal.DefaultFileLockManager] Lock acquired on daemon addresses registry.
2024-11-12T10:43:38.711+0200 [DEBUG] [org.gradle.cache.internal.DefaultFileLockManager] Releasing lock on daemon addresses registry.
2024-11-12T10:43:43.057+0200 [DEBUG] [org.gradle.process.internal.health.memory.DefaultMemoryManager] 409155993 physical memory requested, 287760384 free
2024-11-12T10:43:43.059+0200 [DEBUG] [org.gradle.workers.internal.WorkerDaemonExpiration] Will attempt to release 390 of memory
2024-11-12T10:43:43.103+0200 [DEBUG] [org.gradle.process.internal.health.memory.DefaultMemoryManager] 409155993 physical memory requested, 0 released, 287760384 free
2024-11-12T10:43:48.693+0200 [DEBUG] [org.gradle.cache.internal.DefaultFileLockManager] Waiting to acquire shared lock on daemon addresses registry.
2024-11-12T10:43:48.695+0200 [DEBUG] [org.gradle.cache.internal.DefaultFileLockManager] Lock acquired on daemon addresses registry.
2024-11-12T10:43:48.697+0200 [DEBUG] [org.gradle.cache.internal.DefaultFileLockManager] Releasing lock on daemon addresses registry.
2024-11-12T10:43:48.701+0200 [DEBUG] [org.gradle.cache.internal.DefaultFileLockManager] Waiting to acquire shared lock on daemon addresses registry.
2024-11-12T10:43:48.702+0200 [DEBUG] [org.gradle.cache.internal.DefaultFileLockManager] Lock acquired on daemon addresses registry.
2024-11-12T10:43:48.703+0200 [DEBUG] [org.gradle.cache.internal.DefaultFileLockManager] Releasing lock on daemon addresses registry.
2024-11-12T10:43:48.705+0200 [DEBUG] [org.gradle.cache.internal.DefaultFileLockManager] Waiting to acquire shared lock on daemon addresses registry.
2024-11-12T10:43:48.705+0200 [DEBUG] [org.gradle.cache.internal.DefaultFileLockManager] Lock acquired on daemon addresses registry.
2024-11-12T10:43:48.705+0200 [DEBUG] [org.gradle.cache.internal.DefaultFileLockManager] Releasing lock on daemon addresses registry.
2024-11-12T10:43:53.013+0200 [DEBUG] [org.gradle.process.internal.health.memory.DefaultMemoryManager] 409155993 physical memory requested, 387280896 free
2024-11-12T10:43:53.019+0200 [DEBUG] [org.gradle.workers.internal.WorkerDaemonExpiration] Will attempt to release 390 of memory
2024-11-12T10:43:53.024+0200 [DEBUG] [org.gradle.process.internal.health.memory.DefaultMemoryManager] 409155993 physical memory requested, 0 released, 387280896 free
2024-11-12T10:43:58.014+0200 [DEBUG] [org.gradle.process.internal.health.memory.DefaultMemoryManager] 409155993 physical memory requested, 304828416 free
2024-11-12T10:43:58.016+0200 [DEBUG] [org.gradle.workers.internal.WorkerDaemonExpiration] Will attempt to release 390 of memory
2024-11-12T10:43:58.017+0200 [DEBUG] [org.gradle.process.internal.health.memory.DefaultMemoryManager] 409155993 physical memory requested, 0 released, 304828416 free
2024-11-12T10:43:58.690+0200 [DEBUG] [org.gradle.cache.internal.DefaultFileLockManager] Waiting to acquire shared lock on daemon addresses registry.
2024-11-12T10:43:58.691+0200 [DEBUG] [org.gradle.cache.internal.DefaultFileLockManager] Lock acquired on daemon addresses registry.
2024-11-12T10:43:58.692+0200 [DEBUG] [org.gradle.cache.internal.DefaultFileLockManager] Releasing lock on daemon addresses registry.
2024-11-12T10:43:58.693+0200 [DEBUG] [org.gradle.cache.internal.DefaultFileLockManager] Waiting to acquire shared lock on daemon addresses registry.
2024-11-12T10:43:58.693+0200 [DEBUG] [org.gradle.cache.internal.DefaultFileLockManager] Lock acquired on daemon addresses registry.
2024-11-12T10:43:58.694+0200 [DEBUG] [org.gradle.cache.internal.DefaultFileLockManager] Releasing lock on daemon addresses registry.
2024-11-12T10:43:58.694+0200 [DEBUG] [org.gradle.cache.internal.DefaultFileLockManager] Waiting to acquire shared lock on daemon addresses registry.
2024-11-12T10:43:58.695+0200 [DEBUG] [org.gradle.cache.internal.DefaultFileLockManager] Lock acquired on daemon addresses registry.
2024-11-12T10:43:58.695+0200 [DEBUG] [org.gradle.cache.internal.DefaultFileLockManager] Releasing lock on daemon addresses registry.
2024-11-12T10:44:02.970+0200 [DEBUG] [org.gradle.process.internal.health.memory.DefaultMemoryManager] 409155993 physical memory requested, 200179712 free
2024-11-12T10:44:02.970+0200 [DEBUG] [org.gradle.workers.internal.WorkerDaemonExpiration] Will attempt to release 390 of memory
2024-11-12T10:44:02.971+0200 [DEBUG] [org.gradle.process.internal.health.memory.DefaultMemoryManager] 409155993 physical memory requested, 0 released, 200179712 free
2024-11-12T10:44:08.716+0200 [DEBUG] [org.gradle.cache.internal.DefaultFileLockManager] Waiting to acquire shared lock on daemon addresses registry.
2024-11-12T10:44:08.716+0200 [DEBUG] [org.gradle.cache.internal.DefaultFileLockManager] Lock acquired on daemon addresses registry.
2024-11-12T10:44:08.729+0200 [DEBUG] [org.gradle.cache.internal.DefaultFileLockManager] Releasing lock on daemon addresses registry.
2024-11-12T10:44:08.814+0200 [DEBUG] [org.gradle.cache.internal.DefaultFileLockManager] Waiting to acquire shared lock on daemon addresses registry.
2024-11-12T10:44:08.817+0200 [DEBUG] [org.gradle.cache.internal.DefaultFileLockManager] Lock acquired on daemon addresses registry.
2024-11-12T10:44:08.819+0200 [DEBUG] [org.gradle.cache.internal.DefaultFileLockManager] Releasing lock on daemon addresses registry.
2024-11-12T10:44:08.821+0200 [DEBUG] [org.gradle.cache.internal.DefaultFileLockManager] Waiting to acquire shared lock on daemon addresses registry.
2024-11-12T10:44:08.821+0200 [DEBUG] [org.gradle.cache.internal.DefaultFileLockManager] Lock acquired on daemon addresses registry.
2024-11-12T10:44:08.822+0200 [DEBUG] [org.gradle.cache.internal.DefaultFileLockManager] Releasing lock on daemon addresses registry.
2024-11-12T10:44:18.694+0200 [DEBUG] [org.gradle.cache.internal.DefaultFileLockManager] Waiting to acquire shared lock on daemon addresses registry.
2024-11-12T10:44:18.695+0200 [DEBUG] [org.gradle.cache.internal.DefaultFileLockManager] Lock acquired on daemon addresses registry.
2024-11-12T10:44:18.697+0200 [DEBUG] [org.gradle.cache.internal.DefaultFileLockManager] Releasing lock on daemon addresses registry.
2024-11-12T10:44:18.700+0200 [DEBUG] [org.gradle.cache.internal.DefaultFileLockManager] Waiting to acquire shared lock on daemon addresses registry.
2024-11-12T10:44:18.700+0200 [DEBUG] [org.gradle.cache.internal.DefaultFileLockManager] Lock acquired on daemon addresses registry.
2024-11-12T10:44:18.701+0200 [DEBUG] [org.gradle.cache.internal.DefaultFileLockManager] Releasing lock on daemon addresses registry.
2024-11-12T10:44:18.706+0200 [DEBUG] [org.gradle.cache.internal.DefaultFileLockManager] Waiting to acquire shared lock on daemon addresses registry.
2024-11-12T10:44:18.706+0200 [DEBUG] [org.gradle.cache.internal.DefaultFileLockManager] Lock acquired on daemon addresses registry.
2024-11-12T10:44:18.707+0200 [DEBUG] [org.gradle.cache.internal.DefaultFileLockManager] Releasing lock on daemon addresses registry.
2024-11-12T10:44:28.699+0200 [DEBUG] [org.gradle.cache.internal.DefaultFileLockManager] Waiting to acquire shared lock on daemon addresses registry.
2024-11-12T10:44:28.700+0200 [DEBUG] [org.gradle.cache.internal.DefaultFileLockManager] Lock acquired on daemon addresses registry.
2024-11-12T10:44:28.701+0200 [DEBUG] [org.gradle.cache.internal.DefaultFileLockManager] Releasing lock on daemon addresses registry.
2024-11-12T10:44:28.702+0200 [DEBUG] [org.gradle.cache.internal.DefaultFileLockManager] Waiting to acquire shared lock on daemon addresses registry.
2024-11-12T10:44:28.703+0200 [DEBUG] [org.gradle.cache.internal.DefaultFileLockManager] Lock acquired on daemon addresses registry.
2024-11-12T10:44:28.704+0200 [DEBUG] [org.gradle.cache.internal.DefaultFileLockManager] Releasing lock on daemon addresses registry.
2024-11-12T10:44:28.706+0200 [DEBUG] [org.gradle.cache.internal.DefaultFileLockManager] Waiting to acquire shared lock on daemon addresses registry.
2024-11-12T10:44:28.707+0200 [DEBUG] [org.gradle.cache.internal.DefaultFileLockManager] Lock acquired on daemon addresses registry.
2024-11-12T10:44:28.708+0200 [DEBUG] [org.gradle.cache.internal.DefaultFileLockManager] Releasing lock on daemon addresses registry.
2024-11-12T10:44:32.985+0200 [DEBUG] [org.gradle.process.internal.health.memory.DefaultMemoryManager] 409155993 physical memory requested, 369819648 free
2024-11-12T10:44:32.986+0200 [DEBUG] [org.gradle.workers.internal.WorkerDaemonExpiration] Will attempt to release 390 of memory
2024-11-12T10:44:32.986+0200 [DEBUG] [org.gradle.process.internal.health.memory.DefaultMemoryManager] 409155993 physical memory requested, 0 released, 369819648 free
2024-11-12T10:44:37.974+0200 [DEBUG] [org.gradle.process.internal.health.memory.DefaultMemoryManager] 409155993 physical memory requested, 372043776 free
2024-11-12T10:44:37.974+0200 [DEBUG] [org.gradle.workers.internal.WorkerDaemonExpiration] Will attempt to release 390 of memory
2024-11-12T10:44:37.974+0200 [DEBUG] [org.gradle.process.internal.health.memory.DefaultMemoryManager] 409155993 physical memory requested, 0 released, 372043776 free
2024-11-12T10:44:38.691+0200 [DEBUG] [org.gradle.cache.internal.DefaultFileLockManager] Waiting to acquire shared lock on daemon addresses registry.
2024-11-12T10:44:38.692+0200 [DEBUG] [org.gradle.cache.internal.DefaultFileLockManager] Lock acquired on daemon addresses registry.
2024-11-12T10:44:38.693+0200 [DEBUG] [org.gradle.cache.internal.DefaultFileLockManager] Releasing lock on daemon addresses registry.
2024-11-12T10:44:38.695+0200 [DEBUG] [org.gradle.cache.internal.DefaultFileLockManager] Waiting to acquire shared lock on daemon addresses registry.
2024-11-12T10:44:38.695+0200 [DEBUG] [org.gradle.cache.internal.DefaultFileLockManager] Lock acquired on daemon addresses registry.
2024-11-12T10:44:38.696+0200 [DEBUG] [org.gradle.cache.internal.DefaultFileLockManager] Releasing lock on daemon addresses registry.
2024-11-12T10:44:38.698+0200 [DEBUG] [org.gradle.cache.internal.DefaultFileLockManager] Waiting to acquire shared lock on daemon addresses registry.
2024-11-12T10:44:38.698+0200 [DEBUG] [org.gradle.cache.internal.DefaultFileLockManager] Lock acquired on daemon addresses registry.
2024-11-12T10:44:38.699+0200 [DEBUG] [org.gradle.cache.internal.DefaultFileLockManager] Releasing lock on daemon addresses registry.
2024-11-12T10:44:43.213+0200 [DEBUG] [org.gradle.process.internal.health.memory.DefaultMemoryManager] 409155993 physical memory requested, 284286976 free
2024-11-12T10:44:43.214+0200 [DEBUG] [org.gradle.workers.internal.WorkerDaemonExpiration] Will attempt to release 390 of memory
2024-11-12T10:44:43.215+0200 [DEBUG] [org.gradle.process.internal.health.memory.DefaultMemoryManager] 409155993 physical memory requested, 0 released, 284286976 free
2024-11-12T10:44:47.977+0200 [DEBUG] [org.gradle.process.internal.health.memory.DefaultMemoryManager] 409155993 physical memory requested, 51621888 free
2024-11-12T10:44:47.978+0200 [DEBUG] [org.gradle.workers.internal.WorkerDaemonExpiration] Will attempt to release 390 of memory
2024-11-12T10:44:47.979+0200 [DEBUG] [org.gradle.process.internal.health.memory.DefaultMemoryManager] 409155993 physical memory requested, 0 released, 51621888 free
2024-11-12T10:44:48.720+0200 [DEBUG] [org.gradle.cache.internal.DefaultFileLockManager] Waiting to acquire shared lock on daemon addresses registry.
2024-11-12T10:44:48.721+0200 [DEBUG] [org.gradle.cache.internal.DefaultFileLockManager] Lock acquired on daemon addresses registry.
2024-11-12T10:44:48.723+0200 [DEBUG] [org.gradle.cache.internal.DefaultFileLockManager] Releasing lock on daemon addresses registry.
2024-11-12T10:44:48.733+0200 [DEBUG] [org.gradle.cache.internal.DefaultFileLockManager] Waiting to acquire shared lock on daemon addresses registry.
2024-11-12T10:44:48.734+0200 [DEBUG] [org.gradle.cache.internal.DefaultFileLockManager] Lock acquired on daemon addresses registry.
2024-11-12T10:44:48.734+0200 [DEBUG] [org.gradle.cache.internal.DefaultFileLockManager] Releasing lock on daemon addresses registry.
2024-11-12T10:44:48.737+0200 [DEBUG] [org.gradle.cache.internal.DefaultFileLockManager] Waiting to acquire shared lock on daemon addresses registry.
2024-11-12T10:44:48.737+0200 [DEBUG] [org.gradle.cache.internal.DefaultFileLockManager] Lock acquired on daemon addresses registry.
2024-11-12T10:44:48.740+0200 [DEBUG] [org.gradle.cache.internal.DefaultFileLockManager] Releasing lock on daemon addresses registry.
2024-11-12T10:44:58.262+0200 [DEBUG] [org.gradle.process.internal.health.memory.DefaultMemoryManager] 409155993 physical memory requested, 250064896 free
2024-11-12T10:44:58.336+0200 [DEBUG] [org.gradle.workers.internal.WorkerDaemonExpiration] Will attempt to release 390 of memory
2024-11-12T10:44:58.339+0200 [DEBUG] [org.gradle.process.internal.health.memory.DefaultMemoryManager] 409155993 physical memory requested, 0 released, 250064896 free
2024-11-12T10:44:58.692+0200 [DEBUG] [org.gradle.cache.internal.DefaultFileLockManager] Waiting to acquire shared lock on daemon addresses registry.
2024-11-12T10:44:58.693+0200 [DEBUG] [org.gradle.cache.internal.DefaultFileLockManager] Lock acquired on daemon addresses registry.
2024-11-12T10:44:58.695+0200 [DEBUG] [org.gradle.cache.internal.DefaultFileLockManager] Releasing lock on daemon addresses registry.
2024-11-12T10:44:58.697+0200 [DEBUG] [org.gradle.cache.internal.DefaultFileLockManager] Waiting to acquire shared lock on daemon addresses registry.
2024-11-12T10:44:58.698+0200 [DEBUG] [org.gradle.cache.internal.DefaultFileLockManager] Lock acquired on daemon addresses registry.
2024-11-12T10:44:58.699+0200 [DEBUG] [org.gradle.cache.internal.DefaultFileLockManager] Releasing lock on daemon addresses registry.
2024-11-12T10:44:58.702+0200 [DEBUG] [org.gradle.cache.internal.DefaultFileLockManager] Waiting to acquire shared lock on daemon addresses registry.
2024-11-12T10:44:58.722+0200 [DEBUG] [org.gradle.cache.internal.DefaultFileLockManager] Lock acquired on daemon addresses registry.
2024-11-12T10:44:58.723+0200 [DEBUG] [org.gradle.cache.internal.DefaultFileLockManager] Releasing lock on daemon addresses registry.
2024-11-12T10:45:08.709+0200 [DEBUG] [org.gradle.cache.internal.DefaultFileLockManager] Waiting to acquire shared lock on daemon addresses registry.
2024-11-12T10:45:08.710+0200 [DEBUG] [org.gradle.cache.internal.DefaultFileLockManager] Lock acquired on daemon addresses registry.
2024-11-12T10:45:08.711+0200 [DEBUG] [org.gradle.cache.internal.DefaultFileLockManager] Releasing lock on daemon addresses registry.
2024-11-12T10:45:08.713+0200 [DEBUG] [org.gradle.cache.internal.DefaultFileLockManager] Waiting to acquire shared lock on daemon addresses registry.
2024-11-12T10:45:08.714+0200 [DEBUG] [org.gradle.cache.internal.DefaultFileLockManager] Lock acquired on daemon addresses registry.
2024-11-12T10:45:08.714+0200 [DEBUG] [org.gradle.cache.internal.DefaultFileLockManager] Releasing lock on daemon addresses registry.
2024-11-12T10:45:08.716+0200 [DEBUG] [org.gradle.cache.internal.DefaultFileLockManager] Waiting to acquire shared lock on daemon addresses registry.
2024-11-12T10:45:08.717+0200 [DEBUG] [org.gradle.cache.internal.DefaultFileLockManager] Lock acquired on daemon addresses registry.
2024-11-12T10:45:08.718+0200 [DEBUG] [org.gradle.cache.internal.DefaultFileLockManager] Releasing lock on daemon addresses registry.
2024-11-12T10:45:18.693+0200 [DEBUG] [org.gradle.cache.internal.DefaultFileLockManager] Waiting to acquire shared lock on daemon addresses registry.
2024-11-12T10:45:18.694+0200 [DEBUG] [org.gradle.cache.internal.DefaultFileLockManager] Lock acquired on daemon addresses registry.
2024-11-12T10:45:18.694+0200 [DEBUG] [org.gradle.cache.internal.DefaultFileLockManager] Releasing lock on daemon addresses registry.
2024-11-12T10:45:18.698+0200 [DEBUG] [org.gradle.cache.internal.DefaultFileLockManager] Waiting to acquire shared lock on daemon addresses registry.
2024-11-12T10:45:18.698+0200 [DEBUG] [org.gradle.cache.internal.DefaultFileLockManager] Lock acquired on daemon addresses registry.
2024-11-12T10:45:18.699+0200 [DEBUG] [org.gradle.cache.internal.DefaultFileLockManager] Releasing lock on daemon addresses registry.
2024-11-12T10:45:18.700+0200 [DEBUG] [org.gradle.cache.internal.DefaultFileLockManager] Waiting to acquire shared lock on daemon addresses registry.
2024-11-12T10:45:18.700+0200 [DEBUG] [org.gradle.cache.internal.DefaultFileLockManager] Lock acquired on daemon addresses registry.
2024-11-12T10:45:18.700+0200 [DEBUG] [org.gradle.cache.internal.DefaultFileLockManager] Releasing lock on daemon addresses registry.
2024-11-12T10:45:28.707+0200 [DEBUG] [org.gradle.cache.internal.DefaultFileLockManager] Waiting to acquire shared lock on daemon addresses registry.
2024-11-12T10:45:28.707+0200 [DEBUG] [org.gradle.cache.internal.DefaultFileLockManager] Lock acquired on daemon addresses registry.
2024-11-12T10:45:28.708+0200 [DEBUG] [org.gradle.cache.internal.DefaultFileLockManager] Releasing lock on daemon addresses registry.
2024-11-12T10:45:28.710+0200 [DEBUG] [org.gradle.cache.internal.DefaultFileLockManager] Waiting to acquire shared lock on daemon addresses registry.
2024-11-12T10:45:28.710+0200 [DEBUG] [org.gradle.cache.internal.DefaultFileLockManager] Lock acquired on daemon addresses registry.
2024-11-12T10:45:28.713+0200 [DEBUG] [org.gradle.cache.internal.DefaultFileLockManager] Releasing lock on daemon addresses registry.
2024-11-12T10:45:28.717+0200 [DEBUG] [org.gradle.cache.internal.DefaultFileLockManager] Waiting to acquire shared lock on daemon addresses registry.
2024-11-12T10:45:28.717+0200 [DEBUG] [org.gradle.cache.internal.DefaultFileLockManager] Lock acquired on daemon addresses registry.
2024-11-12T10:45:28.718+0200 [DEBUG] [org.gradle.cache.internal.DefaultFileLockManager] Releasing lock on daemon addresses registry.
2024-11-12T10:45:32.975+0200 [DEBUG] [org.gradle.process.internal.health.memory.DefaultMemoryManager] 409155993 physical memory requested, 401530880 free
2024-11-12T10:45:32.975+0200 [DEBUG] [org.gradle.workers.internal.WorkerDaemonExpiration] Will attempt to release 390 of memory
2024-11-12T10:45:32.975+0200 [DEBUG] [org.gradle.process.internal.health.memory.DefaultMemoryManager] 409155993 physical memory requested, 0 released, 401530880 free
2024-11-12T10:45:37.984+0200 [DEBUG] [org.gradle.process.internal.health.memory.DefaultMemoryManager] 409155993 physical memory requested, 376119296 free
2024-11-12T10:45:37.985+0200 [DEBUG] [org.gradle.workers.internal.WorkerDaemonExpiration] Will attempt to release 390 of memory
2024-11-12T10:45:37.985+0200 [DEBUG] [org.gradle.process.internal.health.memory.DefaultMemoryManager] 409155993 physical memory requested, 0 released, 376119296 free
2024-11-12T10:45:38.695+0200 [DEBUG] [org.gradle.cache.internal.DefaultFileLockManager] Waiting to acquire shared lock on daemon addresses registry.
2024-11-12T10:45:38.697+0200 [DEBUG] [org.gradle.cache.internal.DefaultFileLockManager] Lock acquired on daemon addresses registry.
2024-11-12T10:45:38.698+0200 [DEBUG] [org.gradle.cache.internal.DefaultFileLockManager] Releasing lock on daemon addresses registry.
2024-11-12T10:45:38.701+0200 [DEBUG] [org.gradle.cache.internal.DefaultFileLockManager] Waiting to acquire shared lock on daemon addresses registry.
2024-11-12T10:45:38.701+0200 [DEBUG] [org.gradle.cache.internal.DefaultFileLockManager] Lock acquired on daemon addresses registry.
2024-11-12T10:45:38.702+0200 [DEBUG] [org.gradle.cache.internal.DefaultFileLockManager] Releasing lock on daemon addresses registry.
2024-11-12T10:45:38.704+0200 [DEBUG] [org.gradle.cache.internal.DefaultFileLockManager] Waiting to acquire shared lock on daemon addresses registry.
2024-11-12T10:45:38.704+0200 [DEBUG] [org.gradle.cache.internal.DefaultFileLockManager] Lock acquired on daemon addresses registry.
2024-11-12T10:45:38.705+0200 [DEBUG] [org.gradle.cache.internal.DefaultFileLockManager] Releasing lock on daemon addresses registry.
2024-11-12T10:45:42.983+0200 [DEBUG] [org.gradle.process.internal.health.memory.DefaultMemoryManager] 409155993 physical memory requested, 338870272 free
2024-11-12T10:45:42.984+0200 [DEBUG] [org.gradle.workers.internal.WorkerDaemonExpiration] Will attempt to release 390 of memory
2024-11-12T10:45:42.985+0200 [DEBUG] [org.gradle.process.internal.health.memory.DefaultMemoryManager] 409155993 physical memory requested, 0 released, 338870272 free
2024-11-12T10:45:47.993+0200 [DEBUG] [org.gradle.process.internal.health.memory.DefaultMemoryManager] 409155993 physical memory requested, 304271360 free
2024-11-12T10:45:47.997+0200 [DEBUG] [org.gradle.workers.internal.WorkerDaemonExpiration] Will attempt to release 390 of memory
2024-11-12T10:45:47.997+0200 [DEBUG] [org.gradle.process.internal.health.memory.DefaultMemoryManager] 409155993 physical memory requested, 0 released, 304271360 free
2024-11-12T10:45:48.695+0200 [DEBUG] [org.gradle.cache.internal.DefaultFileLockManager] Waiting to acquire shared lock on daemon addresses registry.
2024-11-12T10:45:48.698+0200 [DEBUG] [org.gradle.cache.internal.DefaultFileLockManager] Lock acquired on daemon addresses registry.
2024-11-12T10:45:48.698+0200 [DEBUG] [org.gradle.cache.internal.DefaultFileLockManager] Releasing lock on daemon addresses registry.
2024-11-12T10:45:48.702+0200 [DEBUG] [org.gradle.cache.internal.DefaultFileLockManager] Waiting to acquire shared lock on daemon addresses registry.
2024-11-12T10:45:48.702+0200 [DEBUG] [org.gradle.cache.internal.DefaultFileLockManager] Lock acquired on daemon addresses registry.
2024-11-12T10:45:48.704+0200 [DEBUG] [org.gradle.cache.internal.DefaultFileLockManager] Releasing lock on daemon addresses registry.
2024-11-12T10:45:48.706+0200 [DEBUG] [org.gradle.cache.internal.DefaultFileLockManager] Waiting to acquire shared lock on daemon addresses registry.
2024-11-12T10:45:48.711+0200 [DEBUG] [org.gradle.cache.internal.DefaultFileLockManager] Lock acquired on daemon addresses registry.
2024-11-12T10:45:48.711+0200 [DEBUG] [org.gradle.cache.internal.DefaultFileLockManager] Releasing lock on daemon addresses registry.
2024-11-12T10:45:58.693+0200 [DEBUG] [org.gradle.cache.internal.DefaultFileLockManager] Waiting to acquire shared lock on daemon addresses registry.
2024-11-12T10:45:58.693+0200 [DEBUG] [org.gradle.cache.internal.DefaultFileLockManager] Lock acquired on daemon addresses registry.
2024-11-12T10:45:58.694+0200 [DEBUG] [org.gradle.cache.internal.DefaultFileLockManager] Releasing lock on daemon addresses registry.
2024-11-12T10:45:58.696+0200 [DEBUG] [org.gradle.cache.internal.DefaultFileLockManager] Waiting to acquire shared lock on daemon addresses registry.
2024-11-12T10:45:58.696+0200 [DEBUG] [org.gradle.cache.internal.DefaultFileLockManager] Lock acquired on daemon addresses registry.
2024-11-12T10:45:58.697+0200 [DEBUG] [org.gradle.cache.internal.DefaultFileLockManager] Releasing lock on daemon addresses registry.
2024-11-12T10:45:58.698+0200 [DEBUG] [org.gradle.cache.internal.DefaultFileLockManager] Waiting to acquire shared lock on daemon addresses registry.
2024-11-12T10:45:58.698+0200 [DEBUG] [org.gradle.cache.internal.DefaultFileLockManager] Lock acquired on daemon addresses registry.
2024-11-12T10:45:58.699+0200 [DEBUG] [org.gradle.cache.internal.DefaultFileLockManager] Releasing lock on daemon addresses registry.
2024-11-12T10:46:02.980+0200 [DEBUG] [org.gradle.process.internal.health.memory.DefaultMemoryManager] 409155993 physical memory requested, 384106496 free
2024-11-12T10:46:02.982+0200 [DEBUG] [org.gradle.workers.internal.WorkerDaemonExpiration] Will attempt to release 390 of memory
2024-11-12T10:46:02.982+0200 [DEBUG] [org.gradle.process.internal.health.memory.DefaultMemoryManager] 409155993 physical memory requested, 0 released, 384106496 free
2024-11-12T10:46:08.708+0200 [DEBUG] [org.gradle.cache.internal.DefaultFileLockManager] Waiting to acquire shared lock on daemon addresses registry.
2024-11-12T10:46:08.709+0200 [DEBUG] [org.gradle.cache.internal.DefaultFileLockManager] Lock acquired on daemon addresses registry.
2024-11-12T10:46:08.712+0200 [DEBUG] [org.gradle.cache.internal.DefaultFileLockManager] Releasing lock on daemon addresses registry.
2024-11-12T10:46:08.719+0200 [DEBUG] [org.gradle.cache.internal.DefaultFileLockManager] Waiting to acquire shared lock on daemon addresses registry.
2024-11-12T10:46:08.720+0200 [DEBUG] [org.gradle.cache.internal.DefaultFileLockManager] Lock acquired on daemon addresses registry.
2024-11-12T10:46:08.721+0200 [DEBUG] [org.gradle.cache.internal.DefaultFileLockManager] Releasing lock on daemon addresses registry.
2024-11-12T10:46:08.723+0200 [DEBUG] [org.gradle.cache.internal.DefaultFileLockManager] Waiting to acquire shared lock on daemon addresses registry.
2024-11-12T10:46:08.724+0200 [DEBUG] [org.gradle.cache.internal.DefaultFileLockManager] Lock acquired on daemon addresses registry.
2024-11-12T10:46:08.724+0200 [DEBUG] [org.gradle.cache.internal.DefaultFileLockManager] Releasing lock on daemon addresses registry.
2024-11-12T10:46:09.614+0200 [DEBUG] [org.gradle.internal.watch.vfs.impl.WatchingVirtualFileSystem] Handling VFS change CREATED C:\Foods_Shop\app\src\main\java\kz\zhandos\fast_food\Adapter\CategoryAdapter.java~
2024-11-12T10:46:09.865+0200 [DEBUG] [org.gradle.internal.remote.internal.inet.TcpIncomingConnector] Accepted connection from /127.0.0.1:54218 to /127.0.0.1:54131.
2024-11-12T10:46:10.019+0200 [DEBUG] [org.gradle.internal.watch.vfs.impl.WatchingVirtualFileSystem] Handling VFS change MODIFIED C:\Foods_Shop\app\src\main\java\kz\zhandos\fast_food\Adapter\CategoryAdapter.java
2024-11-12T10:46:10.041+0200 [DEBUG] [org.gradle.launcher.daemon.server.SynchronizedDispatchConnection] thread 104: received class org.gradle.launcher.daemon.protocol.Build
2024-11-12T10:46:10.042+0200 [DEBUG] [org.gradle.launcher.daemon.server.DefaultDaemonConnection] thread 104: Received non-IO message from client: Build{id=3d783293-569d-450d-acf6-5b8968682ecb, currentDir=C:\Foods_Shop}
2024-11-12T10:46:10.044+0200 [INFO] [org.gradle.launcher.daemon.server.DefaultIncomingConnectionHandler] Received command: Build{id=3d783293-569d-450d-acf6-5b8968682ecb, currentDir=C:\Foods_Shop}.
2024-11-12T10:46:10.044+0200 [DEBUG] [org.gradle.launcher.daemon.server.DefaultIncomingConnectionHandler] Starting executing command: Build{id=3d783293-569d-450d-acf6-5b8968682ecb, currentDir=C:\Foods_Shop} with connection: socket connection from /127.0.0.1:54131 to /127.0.0.1:54218.
2024-11-12T10:46:10.066+0200 [DEBUG] [org.gradle.launcher.daemon.server.DaemonStateCoordinator] Command execution: started DaemonCommandExecution[command = Build{id=3d783293-569d-450d-acf6-5b8968682ecb, currentDir=C:\Foods_Shop}, connection = DefaultDaemonConnection: socket connection from /127.0.0.1:54131 to /127.0.0.1:54218] after 4.0 minutes of idle
2024-11-12T10:46:10.068+0200 [INFO] [org.gradle.launcher.daemon.server.DaemonRegistryUpdater] Marking the daemon as busy, address: [91d6319a-3eaf-42ba-8c50-198ddb27b8c5 port:54131, addresses:[localhost/127.0.0.1]]
2024-11-12T10:46:10.068+0200 [DEBUG] [org.gradle.launcher.daemon.registry.PersistentDaemonRegistry] Marking busy by address: [91d6319a-3eaf-42ba-8c50-198ddb27b8c5 port:54131, addresses:[localhost/127.0.0.1]]
2024-11-12T10:46:10.069+0200 [DEBUG] [org.gradle.cache.internal.DefaultFileLockManager] Waiting to acquire exclusive lock on daemon addresses registry.
2024-11-12T10:46:10.079+0200 [DEBUG] [org.gradle.cache.internal.DefaultFileLockManager] Lock acquired on daemon addresses registry.
2024-11-12T10:46:10.097+0200 [DEBUG] [org.gradle.cache.internal.DefaultFileLockManager] Releasing lock on daemon addresses registry.
2024-11-12T10:46:10.099+0200 [DEBUG] [org.gradle.launcher.daemon.server.DaemonStateCoordinator] resetting idle timer
2024-11-12T10:46:10.100+0200 [DEBUG] [org.gradle.launcher.daemon.server.DaemonStateCoordinator] daemon is running. Sleeping until state changes.
2024-11-12T10:46:10.101+0200 [INFO] [org.gradle.launcher.daemon.server.exec.StartBuildOrRespondWithBusy] Daemon is about to start building Build{id=3d783293-569d-450d-acf6-5b8968682ecb, currentDir=C:\Foods_Shop}. Dispatching build started information...
2024-11-12T10:46:10.103+0200 [DEBUG] [org.gradle.launcher.daemon.server.SynchronizedDispatchConnection] thread 106: dispatching org.gradle.launcher.daemon.protocol.BuildStarted@61d52507
2024-11-12T10:46:10.117+0200 [DEBUG] [org.gradle.launcher.daemon.server.SynchronizedDispatchConnection] thread 104: received class org.gradle.launcher.daemon.protocol.CloseInput
2024-11-12T10:46:10.117+0200 [DEBUG] [org.gradle.launcher.daemon.server.DefaultDaemonConnection] thread 104: Received IO message from client: org.gradle.launcher.daemon.protocol.CloseInput@73a963f6
2024-11-12T10:46:10.128+0200 [DEBUG] [org.gradle.launcher.daemon.server.exec.EstablishBuildEnvironment] Configuring env variables: [USERDOMAIN_ROAMINGPROFILE, PROCESSOR_LEVEL, SESSIONNAME, ALLUSERSPROFILE, PROCESSOR_ARCHITECTURE, PSModulePath, SystemDrive, USERNAME, ProgramFiles(x86), FPS_BROWSER_USER_PROFILE_STRING, PYTHONPATH, PATHEXT, DriverData, IntelliJ IDEA Community Edition, PyCharm Community Edition, ProgramData, ProgramW6432, HOMEPATH, PROCESSOR_IDENTIFIER, ProgramFiles, PUBLIC, windir, =::, ZES_ENABLE_SYSMAN, LOCALAPPDATA, USERDOMAIN, LOGONSERVER, FPS_BROWSER_APP_PROFILE_STRING, JAVA_HOME, OneDrive, APPDATA, CommonProgramFiles, Path, PyCharm, OS, COMPUTERNAME, PROCESSOR_REVISION, CommonProgramW6432, ComSpec, TEMP, SystemRoot, HOMEDRIVE, USERPROFILE, TMP, EFC_37256, CommonProgramFiles(x86), NUMBER_OF_PROCESSORS, IDEA_INITIAL_DIRECTORY]
2024-11-12T10:46:10.160+0200 [DEBUG] [org.gradle.launcher.daemon.server.exec.LogToClient] About to start relaying all logs to the client via the connection.
2024-11-12T10:46:10.164+0200 [INFO] [org.gradle.launcher.daemon.server.exec.LogToClient] The client will now receive all logging from the daemon (pid: 25740). The daemon log file: C:\Foods_Shop\daemon\8.7\daemon-25740.out.log
2024-11-12T10:46:10.746+0200 [INFO] [org.gradle.launcher.daemon.server.exec.LogAndCheckHealth] Starting 2nd build in daemon [uptime: 5 mins 42.089 secs, performance: 100%, GC rate: 0.00/s, heap usage: 0% of 2 GiB]
2024-11-12T10:46:10.750+0200 [INFO] [org.gradle.launcher.daemon.server.exec.ForwardClientInput] Closing daemon's stdin at end of input.
2024-11-12T10:46:10.750+0200 [INFO] [org.gradle.launcher.daemon.server.exec.ForwardClientInput] The daemon will no longer process any standard input.
2024-11-12T10:46:10.753+0200 [DEBUG] [org.gradle.launcher.daemon.server.exec.ExecuteBuild] The daemon has started executing the build.
2024-11-12T10:46:10.754+0200 [DEBUG] [org.gradle.launcher.daemon.server.exec.ExecuteBuild] Executing build with daemon context: DefaultDaemonContext[uid=7d0b4625-a598-4817-a8eb-4824d64ff60d,javaHome=C:\Program Files\Android\Android Studio\jbr,daemonRegistryDir=C:\Foods_Shop\daemon,pid=25740,idleTimeout=10800000,priority=NORMAL,applyInstrumentationAgent=true,daemonOpts=--add-opens=java.base/java.util=ALL-UNNAMED,--add-opens=java.base/java.lang=ALL-UNNAMED,--add-opens=java.base/java.lang.invoke=ALL-UNNAMED,--add-opens=java.prefs/java.util.prefs=ALL-UNNAMED,--add-opens=java.base/java.nio.charset=ALL-UNNAMED,--add-opens=java.base/java.net=ALL-UNNAMED,--add-opens=java.base/java.util.concurrent.atomic=ALL-UNNAMED,-Xmx2048m,-Dfile.encoding=UTF-8,-Duser.country=RU,-Duser.language=ru,-Duser.variant]

BUILD SUCCESSFUL in 40s
34 actionable tasks: 4 executed, 30 up-to-date
2024-11-12T10:46:52.294+0200 [DEBUG] [org.gradle.launcher.daemon.server.exec.ExecuteBuild] The daemon has finished executing the build.
2024-11-12T10:46:52.320+0200 [DEBUG] [org.gradle.launcher.daemon.server.DaemonStateCoordinator] Command execution: finished waiting for DaemonCommandExecution[command = Build{id=3d783293-569d-450d-acf6-5b8968682ecb, currentDir=C:\Foods_Shop}, connection = DefaultDaemonConnection: socket connection from /127.0.0.1:54131 to /127.0.0.1:54218]. Result org.gradle.launcher.daemon.server.DaemonStateCoordinator@34fdc72c with state Busy
2024-11-12T10:46:52.322+0200 [DEBUG] [org.gradle.launcher.daemon.server.DaemonStateCoordinator] Command execution: completed DaemonCommandExecution[command = Build{id=3d783293-569d-450d-acf6-5b8968682ecb, currentDir=C:\Foods_Shop}, connection = DefaultDaemonConnection: socket connection from /127.0.0.1:54131 to /127.0.0.1:54218]
2024-11-12T10:46:52.322+0200 [DEBUG] [org.gradle.launcher.daemon.server.DaemonStateCoordinator] resetting idle timer
2024-11-12T10:46:52.324+0200 [INFO] [org.gradle.launcher.daemon.server.DaemonRegistryUpdater] Marking the daemon as idle, address: [91d6319a-3eaf-42ba-8c50-198ddb27b8c5 port:54131, addresses:[localhost/127.0.0.1]]
2024-11-12T10:46:52.324+0200 [DEBUG] [org.gradle.launcher.daemon.registry.PersistentDaemonRegistry] Marking busy by address: [91d6319a-3eaf-42ba-8c50-198ddb27b8c5 port:54131, addresses:[localhost/127.0.0.1]]
2024-11-12T10:46:52.328+0200 [DEBUG] [org.gradle.cache.internal.DefaultFileLockManager] Waiting to acquire exclusive lock on daemon addresses registry.
2024-11-12T10:46:52.374+0200 [DEBUG] [org.gradle.cache.internal.DefaultFileLockManager] Lock acquired on daemon addresses registry.
2024-11-12T10:46:52.396+0200 [DEBUG] [org.gradle.cache.internal.DefaultFileLockManager] Releasing lock on daemon addresses registry.
2024-11-12T10:46:52.399+0200 [DEBUG] [org.gradle.launcher.daemon.server.DaemonStateCoordinator] daemon is running. Sleeping until state changes.
2024-11-12T10:46:52.399+0200 [DEBUG] [org.gradle.launcher.daemon.server.exec.ReturnResult] Daemon is dispatching the build result: Success[value=org.gradle.launcher.exec.BuildActionResult@4bb37d58]
2024-11-12T10:46:52.400+0200 [DEBUG] [org.gradle.launcher.daemon.server.SynchronizedDispatchConnection] thread 103: dispatching Success[value=org.gradle.launcher.exec.BuildActionResult@4bb37d58]
2024-11-12T10:46:52.408+0200 [DEBUG] [org.gradle.launcher.daemon.server.exec.CleanUpVirtualFileSystemAfterBuild] Cleaning virtual file system after build finished
2024-11-12T10:46:52.411+0200 [DEBUG] [org.gradle.launcher.daemon.server.DefaultIncomingConnectionHandler] Finishing executing command: Build{id=3d783293-569d-450d-acf6-5b8968682ecb, currentDir=C:\Foods_Shop}
2024-11-12T10:46:52.420+0200 [DEBUG] [org.gradle.launcher.daemon.server.SynchronizedDispatchConnection] thread 104: received class org.gradle.launcher.daemon.protocol.Finished
2024-11-12T10:46:52.420+0200 [DEBUG] [org.gradle.launcher.daemon.server.DefaultDaemonConnection] thread 104: Received non-IO message from client: org.gradle.launcher.daemon.protocol.Finished@7d6e93f3
2024-11-12T10:46:52.421+0200 [DEBUG] [org.gradle.launcher.daemon.server.DefaultIncomingConnectionHandler] Received finished message: org.gradle.launcher.daemon.protocol.Finished@7d6e93f3
2024-11-12T10:46:52.421+0200 [DEBUG] [org.gradle.launcher.daemon.server.SynchronizedDispatchConnection] thread 103: stopping connection
2024-11-12T10:46:52.423+0200 [DEBUG] [org.gradle.internal.remote.internal.inet.SocketConnection] Discarding EOFException: java.io.EOFException
2024-11-12T10:46:52.423+0200 [DEBUG] [org.gradle.launcher.daemon.server.SynchronizedDispatchConnection] thread 104: received null
2024-11-12T10:46:52.423+0200 [DEBUG] [org.gradle.launcher.daemon.server.DefaultDaemonConnection] thread 104: Received end-of-input from client.
2024-11-12T10:46:52.429+0200 [DEBUG] [org.gradle.launcher.daemon.server.SynchronizedDispatchConnection] thread 103: stopping connection
2024-11-12T10:46:53.012+0200 [DEBUG] [org.gradle.process.internal.health.memory.DefaultMemoryManager] 409155993 physical memory requested, 392024064 free
2024-11-12T10:46:53.026+0200 [DEBUG] [org.gradle.workers.internal.WorkerDaemonExpiration] Will attempt to release 390 of memory
2024-11-12T10:46:53.026+0200 [DEBUG] [org.gradle.process.internal.health.memory.DefaultMemoryManager] 409155993 physical memory requested, 0 released, 392024064 free
2024-11-12T10:46:55.612+0200 [DEBUG] [org.gradle.internal.watch.vfs.impl.WatchingVirtualFileSystem] Handling VFS change CREATED C:\Foods_Shop\app\src\main\java\kz\zhandos\fast_food\Adapter\CategoryAdapter.java~
2024-11-12T10:46:55.613+0200 [DEBUG] [org.gradle.internal.watch.vfs.impl.WatchingVirtualFileSystem] Handling VFS change MODIFIED C:\Foods_Shop\app\src\main\java\kz\zhandos\fast_food\Adapter\CategoryAdapter.java
2024-11-12T10:46:58.528+0200 [DEBUG] [org.gradle.process.internal.health.memory.DefaultMemoryManager] 409155993 physical memory requested, 309968896 free
2024-11-12T10:46:58.529+0200 [DEBUG] [org.gradle.workers.internal.WorkerDaemonExpiration] Will attempt to release 390 of memory
2024-11-12T10:46:58.529+0200 [DEBUG] [org.gradle.process.internal.health.memory.DefaultMemoryManager] 409155993 physical memory requested, 0 released, 309968896 free
2024-11-12T10:46:58.837+0200 [DEBUG] [org.gradle.cache.internal.DefaultFileLockManager] Waiting to acquire shared lock on daemon addresses registry.
2024-11-12T10:46:58.842+0200 [DEBUG] [org.gradle.cache.internal.DefaultFileLockManager] Lock acquired on daemon addresses registry.
2024-11-12T10:46:58.847+0200 [DEBUG] [org.gradle.cache.internal.DefaultFileLockManager] Releasing lock on daemon addresses registry.
2024-11-12T10:46:58.880+0200 [DEBUG] [org.gradle.cache.internal.DefaultFileLockManager] Waiting to acquire shared lock on daemon addresses registry.
2024-11-12T10:46:58.881+0200 [DEBUG] [org.gradle.cache.internal.DefaultFileLockManager] Lock acquired on daemon addresses registry.
2024-11-12T10:46:58.881+0200 [DEBUG] [org.gradle.cache.internal.DefaultFileLockManager] Releasing lock on daemon addresses registry.
2024-11-12T10:47:02.989+0200 [DEBUG] [org.gradle.process.internal.health.memory.DefaultMemoryManager] 409155993 physical memory requested, 331919360 free
2024-11-12T10:47:02.990+0200 [DEBUG] [org.gradle.workers.internal.WorkerDaemonExpiration] Will attempt to release 390 of memory
2024-11-12T10:47:02.990+0200 [DEBUG] [org.gradle.process.internal.health.memory.DefaultMemoryManager] 409155993 physical memory requested, 0 released, 331919360 free
2024-11-12T10:47:07.979+0200 [DEBUG] [org.gradle.process.internal.health.memory.DefaultMemoryManager] 409155993 physical memory requested, 329768960 free
2024-11-12T10:47:07.980+0200 [DEBUG] [org.gradle.workers.internal.WorkerDaemonExpiration] Will attempt to release 390 of memory
2024-11-12T10:47:07.980+0200 [DEBUG] [org.gradle.process.internal.health.memory.DefaultMemoryManager] 409155993 physical memory requested, 0 released, 329768960 free
2024-11-12T10:47:08.690+0200 [DEBUG] [org.gradle.cache.internal.DefaultFileLockManager] Waiting to acquire shared lock on daemon addresses registry.
2024-11-12T10:47:08.691+0200 [DEBUG] [org.gradle.cache.internal.DefaultFileLockManager] Lock acquired on daemon addresses registry.
2024-11-12T10:47:08.692+0200 [DEBUG] [org.gradle.cache.internal.DefaultFileLockManager] Releasing lock on daemon addresses registry.
2024-11-12T10:47:08.694+0200 [DEBUG] [org.gradle.cache.internal.DefaultFileLockManager] Waiting to acquire shared lock on daemon addresses registry.
2024-11-12T10:47:08.695+0200 [DEBUG] [org.gradle.cache.internal.DefaultFileLockManager] Lock acquired on daemon addresses registry.
2024-11-12T10:47:08.696+0200 [DEBUG] [org.gradle.cache.internal.DefaultFileLockManager] Releasing lock on daemon addresses registry.
2024-11-12T10:47:08.698+0200 [DEBUG] [org.gradle.cache.internal.DefaultFileLockManager] Waiting to acquire shared lock on daemon addresses registry.
2024-11-12T10:47:08.698+0200 [DEBUG] [org.gradle.cache.internal.DefaultFileLockManager] Lock acquired on daemon addresses registry.
2024-11-12T10:47:08.699+0200 [DEBUG] [org.gradle.cache.internal.DefaultFileLockManager] Releasing lock on daemon addresses registry.
2024-11-12T10:47:09.136+0200 [DEBUG] [org.gradle.internal.remote.internal.inet.TcpIncomingConnector] Accepted connection from /127.0.0.1:54247 to /127.0.0.1:54131.
2024-11-12T10:47:09.212+0200 [DEBUG] [org.gradle.launcher.daemon.server.SynchronizedDispatchConnection] thread 153: received class org.gradle.launcher.daemon.protocol.Build
2024-11-12T10:47:09.212+0200 [DEBUG] [org.gradle.launcher.daemon.server.DefaultDaemonConnection] thread 153: Received non-IO message from client: Build{id=2456261e-0549-45c0-9df9-d3a1175fe6c9, currentDir=C:\Foods_Shop}
2024-11-12T10:47:09.212+0200 [INFO] [org.gradle.launcher.daemon.server.DefaultIncomingConnectionHandler] Received command: Build{id=2456261e-0549-45c0-9df9-d3a1175fe6c9, currentDir=C:\Foods_Shop}.
2024-11-12T10:47:09.212+0200 [DEBUG] [org.gradle.launcher.daemon.server.DefaultIncomingConnectionHandler] Starting executing command: Build{id=2456261e-0549-45c0-9df9-d3a1175fe6c9, currentDir=C:\Foods_Shop} with connection: socket connection from /127.0.0.1:54131 to /127.0.0.1:54247.
2024-11-12T10:47:09.222+0200 [DEBUG] [org.gradle.launcher.daemon.server.DaemonStateCoordinator] Command execution: started DaemonCommandExecution[command = Build{id=2456261e-0549-45c0-9df9-d3a1175fe6c9, currentDir=C:\Foods_Shop}, connection = DefaultDaemonConnection: socket connection from /127.0.0.1:54131 to /127.0.0.1:54247] after 0.0 minutes of idle
2024-11-12T10:47:09.222+0200 [INFO] [org.gradle.launcher.daemon.server.DaemonRegistryUpdater] Marking the daemon as busy, address: [91d6319a-3eaf-42ba-8c50-198ddb27b8c5 port:54131, addresses:[localhost/127.0.0.1]]
2024-11-12T10:47:09.222+0200 [DEBUG] [org.gradle.launcher.daemon.registry.PersistentDaemonRegistry] Marking busy by address: [91d6319a-3eaf-42ba-8c50-198ddb27b8c5 port:54131, addresses:[localhost/127.0.0.1]]
2024-11-12T10:47:09.224+0200 [DEBUG] [org.gradle.cache.internal.DefaultFileLockManager] Waiting to acquire exclusive lock on daemon addresses registry.
2024-11-12T10:47:09.226+0200 [DEBUG] [org.gradle.cache.internal.DefaultFileLockManager] Lock acquired on daemon addresses registry.
2024-11-12T10:47:09.227+0200 [DEBUG] [org.gradle.cache.internal.DefaultFileLockManager] Releasing lock on daemon addresses registry.
2024-11-12T10:47:09.228+0200 [DEBUG] [org.gradle.launcher.daemon.server.DaemonStateCoordinator] resetting idle timer
2024-11-12T10:47:09.228+0200 [DEBUG] [org.gradle.launcher.daemon.server.DaemonStateCoordinator] daemon is running. Sleeping until state changes.
2024-11-12T10:47:09.230+0200 [INFO] [org.gradle.launcher.daemon.server.exec.StartBuildOrRespondWithBusy] Daemon is about to start building Build{id=2456261e-0549-45c0-9df9-d3a1175fe6c9, currentDir=C:\Foods_Shop}. Dispatching build started information...
2024-11-12T10:47:09.230+0200 [DEBUG] [org.gradle.launcher.daemon.server.SynchronizedDispatchConnection] thread 106: dispatching org.gradle.launcher.daemon.protocol.BuildStarted@b0d2931
2024-11-12T10:47:09.235+0200 [DEBUG] [org.gradle.launcher.daemon.server.SynchronizedDispatchConnection] thread 153: received class org.gradle.launcher.daemon.protocol.CloseInput
2024-11-12T10:47:09.235+0200 [DEBUG] [org.gradle.launcher.daemon.server.DefaultDaemonConnection] thread 153: Received IO message from client: org.gradle.launcher.daemon.protocol.CloseInput@1cce8cca
2024-11-12T10:47:09.240+0200 [DEBUG] [org.gradle.launcher.daemon.server.exec.EstablishBuildEnvironment] Configuring env variables: [USERDOMAIN_ROAMINGPROFILE, PROCESSOR_LEVEL, SESSIONNAME, ALLUSERSPROFILE, PROCESSOR_ARCHITECTURE, PSModulePath, SystemDrive, USERNAME, ProgramFiles(x86), FPS_BROWSER_USER_PROFILE_STRING, PYTHONPATH, PATHEXT, DriverData, IntelliJ IDEA Community Edition, PyCharm Community Edition, ProgramData, ProgramW6432, HOMEPATH, PROCESSOR_IDENTIFIER, ProgramFiles, PUBLIC, windir, =::, ZES_ENABLE_SYSMAN, LOCALAPPDATA, USERDOMAIN, LOGONSERVER, FPS_BROWSER_APP_PROFILE_STRING, JAVA_HOME, OneDrive, APPDATA, CommonProgramFiles, Path, PyCharm, OS, COMPUTERNAME, PROCESSOR_REVISION, CommonProgramW6432, ComSpec, TEMP, SystemRoot, HOMEDRIVE, USERPROFILE, TMP, EFC_37256, CommonProgramFiles(x86), NUMBER_OF_PROCESSORS, IDEA_INITIAL_DIRECTORY]
2024-11-12T10:47:09.248+0200 [DEBUG] [org.gradle.launcher.daemon.server.exec.LogToClient] About to start relaying all logs to the client via the connection.
2024-11-12T10:47:09.249+0200 [INFO] [org.gradle.launcher.daemon.server.exec.LogToClient] The client will now receive all logging from the daemon (pid: 25740). The daemon log file: C:\Foods_Shop\daemon\8.7\daemon-25740.out.log
2024-11-12T10:47:09.274+0200 [INFO] [org.gradle.launcher.daemon.server.exec.LogAndCheckHealth] Starting 3rd build in daemon [uptime: 6 mins 41.15 secs, performance: 99%, GC rate: 0.00/s, heap usage: 0% of 2 GiB]
2024-11-12T10:47:09.275+0200 [INFO] [org.gradle.launcher.daemon.server.exec.ForwardClientInput] Closing daemon's stdin at end of input.
2024-11-12T10:47:09.275+0200 [INFO] [org.gradle.launcher.daemon.server.exec.ForwardClientInput] The daemon will no longer process any standard input.
2024-11-12T10:47:09.278+0200 [DEBUG] [org.gradle.launcher.daemon.server.exec.ExecuteBuild] The daemon has started executing the build.
2024-11-12T10:47:09.278+0200 [DEBUG] [org.gradle.launcher.daemon.server.exec.ExecuteBuild] Executing build with daemon context: DefaultDaemonContext[uid=7d0b4625-a598-4817-a8eb-4824d64ff60d,javaHome=C:\Program Files\Android\Android Studio\jbr,daemonRegistryDir=C:\Foods_Shop\daemon,pid=25740,idleTimeout=10800000,priority=NORMAL,applyInstrumentationAgent=true,daemonOpts=--add-opens=java.base/java.util=ALL-UNNAMED,--add-opens=java.base/java.lang=ALL-UNNAMED,--add-opens=java.base/java.lang.invoke=ALL-UNNAMED,--add-opens=java.prefs/java.util.prefs=ALL-UNNAMED,--add-opens=java.base/java.nio.charset=ALL-UNNAMED,--add-opens=java.base/java.net=ALL-UNNAMED,--add-opens=java.base/java.util.concurrent.atomic=ALL-UNNAMED,-Xmx2048m,-Dfile.encoding=UTF-8,-Duser.country=RU,-Duser.language=ru,-Duser.variant]

BUILD SUCCESSFUL in 11s
34 actionable tasks: 4 executed, 30 up-to-date
2024-11-12T10:47:20.606+0200 [DEBUG] [org.gradle.launcher.daemon.server.exec.ExecuteBuild] The daemon has finished executing the build.
2024-11-12T10:47:20.624+0200 [DEBUG] [org.gradle.launcher.daemon.server.DaemonStateCoordinator] daemon is running. Sleeping until state changes.
2024-11-12T10:47:20.624+0200 [DEBUG] [org.gradle.launcher.daemon.server.DaemonStateCoordinator] Command execution: finished waiting for DaemonCommandExecution[command = Build{id=2456261e-0549-45c0-9df9-d3a1175fe6c9, currentDir=C:\Foods_Shop}, connection = DefaultDaemonConnection: socket connection from /127.0.0.1:54131 to /127.0.0.1:54247]. Result org.gradle.launcher.daemon.server.DaemonStateCoordinator@34fdc72c with state Busy
2024-11-12T10:47:20.625+0200 [DEBUG] [org.gradle.launcher.daemon.server.DaemonStateCoordinator] Command execution: completed DaemonCommandExecution[command = Build{id=2456261e-0549-45c0-9df9-d3a1175fe6c9, currentDir=C:\Foods_Shop}, connection = DefaultDaemonConnection: socket connection from /127.0.0.1:54131 to /127.0.0.1:54247]
2024-11-12T10:47:20.625+0200 [DEBUG] [org.gradle.launcher.daemon.server.DaemonStateCoordinator] resetting idle timer
2024-11-12T10:47:20.625+0200 [INFO] [org.gradle.launcher.daemon.server.DaemonRegistryUpdater] Marking the daemon as idle, address: [91d6319a-3eaf-42ba-8c50-198ddb27b8c5 port:54131, addresses:[localhost/127.0.0.1]]
2024-11-12T10:47:20.625+0200 [DEBUG] [org.gradle.launcher.daemon.registry.PersistentDaemonRegistry] Marking busy by address: [91d6319a-3eaf-42ba-8c50-198ddb27b8c5 port:54131, addresses:[localhost/127.0.0.1]]
2024-11-12T10:47:20.626+0200 [DEBUG] [org.gradle.cache.internal.DefaultFileLockManager] Waiting to acquire exclusive lock on daemon addresses registry.
2024-11-12T10:47:20.627+0200 [DEBUG] [org.gradle.cache.internal.DefaultFileLockManager] Lock acquired on daemon addresses registry.
2024-11-12T10:47:20.628+0200 [DEBUG] [org.gradle.cache.internal.DefaultFileLockManager] Releasing lock on daemon addresses registry.
2024-11-12T10:47:20.629+0200 [DEBUG] [org.gradle.launcher.daemon.server.exec.ReturnResult] Daemon is dispatching the build result: Success[value=org.gradle.launcher.exec.BuildActionResult@14191f34]
2024-11-12T10:47:20.629+0200 [DEBUG] [org.gradle.launcher.daemon.server.SynchronizedDispatchConnection] thread 103: dispatching Success[value=org.gradle.launcher.exec.BuildActionResult@14191f34]
2024-11-12T10:47:20.629+0200 [DEBUG] [org.gradle.launcher.daemon.server.DaemonStateCoordinator] daemon is running. Sleeping until state changes.
2024-11-12T10:47:20.630+0200 [DEBUG] [org.gradle.launcher.daemon.server.exec.CleanUpVirtualFileSystemAfterBuild] Cleaning virtual file system after build finished
2024-11-12T10:47:20.631+0200 [DEBUG] [org.gradle.launcher.daemon.server.SynchronizedDispatchConnection] thread 153: received class org.gradle.launcher.daemon.protocol.Finished
2024-11-12T10:47:20.632+0200 [DEBUG] [org.gradle.launcher.daemon.server.DefaultDaemonConnection] thread 153: Received non-IO message from client: org.gradle.launcher.daemon.protocol.Finished@12096123
2024-11-12T10:47:20.632+0200 [DEBUG] [org.gradle.internal.remote.internal.inet.SocketConnection] Discarding EOFException: java.io.EOFException
2024-11-12T10:47:20.632+0200 [DEBUG] [org.gradle.launcher.daemon.server.SynchronizedDispatchConnection] thread 153: received null
2024-11-12T10:47:20.632+0200 [DEBUG] [org.gradle.launcher.daemon.server.DefaultDaemonConnection] thread 153: Received end-of-input from client.
2024-11-12T10:47:20.635+0200 [DEBUG] [org.gradle.launcher.daemon.server.DefaultIncomingConnectionHandler] Finishing executing command: Build{id=2456261e-0549-45c0-9df9-d3a1175fe6c9, currentDir=C:\Foods_Shop}
2024-11-12T10:47:20.636+0200 [WARN] [org.gradle.launcher.daemon.server.DefaultIncomingConnectionHandler] Timed out waiting for finished message from client socket connection from /127.0.0.1:54131 to /127.0.0.1:54247. Discarding connection.
2024-11-12T10:47:20.636+0200 [DEBUG] [org.gradle.launcher.daemon.server.SynchronizedDispatchConnection] thread 103: stopping connection
2024-11-12T10:47:20.637+0200 [DEBUG] [org.gradle.launcher.daemon.server.SynchronizedDispatchConnection] thread 103: stopping connection
2024-11-12T10:47:23.283+0200 [DEBUG] [org.gradle.process.internal.health.memory.DefaultMemoryManager] 409155993 physical memory requested, 211648512 free
2024-11-12T10:47:23.283+0200 [DEBUG] [org.gradle.workers.internal.WorkerDaemonExpiration] Will attempt to release 390 of memory
2024-11-12T10:47:23.283+0200 [DEBUG] [org.gradle.process.internal.health.memory.DefaultMemoryManager] 409155993 physical memory requested, 0 released, 211648512 free
2024-11-12T10:47:28.696+0200 [DEBUG] [org.gradle.cache.internal.DefaultFileLockManager] Waiting to acquire shared lock on daemon addresses registry.
2024-11-12T10:47:28.698+0200 [DEBUG] [org.gradle.cache.internal.DefaultFileLockManager] Lock acquired on daemon addresses registry.
2024-11-12T10:47:28.698+0200 [DEBUG] [org.gradle.cache.internal.DefaultFileLockManager] Releasing lock on daemon addresses registry.
2024-11-12T10:47:28.700+0200 [DEBUG] [org.gradle.cache.internal.DefaultFileLockManager] Waiting to acquire shared lock on daemon addresses registry.
2024-11-12T10:47:28.700+0200 [DEBUG] [org.gradle.cache.internal.DefaultFileLockManager] Lock acquired on daemon addresses registry.
2024-11-12T10:47:28.701+0200 [DEBUG] [org.gradle.cache.internal.DefaultFileLockManager] Releasing lock on daemon addresses registry.
2024-11-12T10:47:32.980+0200 [DEBUG] [org.gradle.process.internal.health.memory.DefaultMemoryManager] 409155993 physical memory requested, 394039296 free
2024-11-12T10:47:32.980+0200 [DEBUG] [org.gradle.workers.internal.WorkerDaemonExpiration] Will attempt to release 390 of memory
2024-11-12T10:47:32.980+0200 [DEBUG] [org.gradle.process.internal.health.memory.DefaultMemoryManager] 409155993 physical memory requested, 0 released, 394039296 free
2024-11-12T10:47:34.281+0200 [DEBUG] [org.gradle.internal.remote.internal.inet.TcpIncomingConnector] Accepted connection from /127.0.0.1:54268 to /127.0.0.1:54131.
2024-11-12T10:47:34.311+0200 [DEBUG] [org.gradle.launcher.daemon.server.SynchronizedDispatchConnection] thread 196: received class org.gradle.launcher.daemon.protocol.Build
2024-11-12T10:47:34.311+0200 [DEBUG] [org.gradle.launcher.daemon.server.DefaultDaemonConnection] thread 196: Received non-IO message from client: Build{id=85d1fa63-825f-4aec-b3e2-3a945156c161, currentDir=C:\Foods_Shop}
2024-11-12T10:47:34.311+0200 [INFO] [org.gradle.launcher.daemon.server.DefaultIncomingConnectionHandler] Received command: Build{id=85d1fa63-825f-4aec-b3e2-3a945156c161, currentDir=C:\Foods_Shop}.
2024-11-12T10:47:34.311+0200 [DEBUG] [org.gradle.launcher.daemon.server.DefaultIncomingConnectionHandler] Starting executing command: Build{id=85d1fa63-825f-4aec-b3e2-3a945156c161, currentDir=C:\Foods_Shop} with connection: socket connection from /127.0.0.1:54131 to /127.0.0.1:54268.
2024-11-12T10:47:34.312+0200 [DEBUG] [org.gradle.launcher.daemon.server.DaemonStateCoordinator] Command execution: started DaemonCommandExecution[command = Build{id=85d1fa63-825f-4aec-b3e2-3a945156c161, currentDir=C:\Foods_Shop}, connection = DefaultDaemonConnection: socket connection from /127.0.0.1:54131 to /127.0.0.1:54268] after 0.0 minutes of idle
2024-11-12T10:47:34.312+0200 [INFO] [org.gradle.launcher.daemon.server.DaemonRegistryUpdater] Marking the daemon as busy, address: [91d6319a-3eaf-42ba-8c50-198ddb27b8c5 port:54131, addresses:[localhost/127.0.0.1]]
2024-11-12T10:47:34.313+0200 [DEBUG] [org.gradle.launcher.daemon.registry.PersistentDaemonRegistry] Marking busy by address: [91d6319a-3eaf-42ba-8c50-198ddb27b8c5 port:54131, addresses:[localhost/127.0.0.1]]
2024-11-12T10:47:34.313+0200 [DEBUG] [org.gradle.cache.internal.DefaultFileLockManager] Waiting to acquire exclusive lock on daemon addresses registry.
2024-11-12T10:47:34.318+0200 [DEBUG] [org.gradle.cache.internal.DefaultFileLockManager] Lock acquired on daemon addresses registry.
2024-11-12T10:47:34.324+0200 [DEBUG] [org.gradle.cache.internal.DefaultFileLockManager] Releasing lock on daemon addresses registry.
2024-11-12T10:47:34.342+0200 [DEBUG] [org.gradle.launcher.daemon.server.DaemonStateCoordinator] resetting idle timer
2024-11-12T10:47:34.342+0200 [DEBUG] [org.gradle.launcher.daemon.server.DaemonStateCoordinator] daemon is running. Sleeping until state changes.
2024-11-12T10:47:34.343+0200 [INFO] [org.gradle.launcher.daemon.server.exec.StartBuildOrRespondWithBusy] Daemon is about to start building Build{id=85d1fa63-825f-4aec-b3e2-3a945156c161, currentDir=C:\Foods_Shop}. Dispatching build started information...
2024-11-12T10:47:34.343+0200 [DEBUG] [org.gradle.launcher.daemon.server.SynchronizedDispatchConnection] thread 106: dispatching org.gradle.launcher.daemon.protocol.BuildStarted@723d3a6d
2024-11-12T10:47:34.350+0200 [DEBUG] [org.gradle.launcher.daemon.server.exec.EstablishBuildEnvironment] Configuring env variables: [USERDOMAIN_ROAMINGPROFILE, PROCESSOR_LEVEL, SESSIONNAME, ALLUSERSPROFILE, PROCESSOR_ARCHITECTURE, PSModulePath, SystemDrive, USERNAME, ProgramFiles(x86), FPS_BROWSER_USER_PROFILE_STRING, PYTHONPATH, PATHEXT, DriverData, IntelliJ IDEA Community Edition, PyCharm Community Edition, ProgramData, ProgramW6432, HOMEPATH, PROCESSOR_IDENTIFIER, ProgramFiles, PUBLIC, windir, =::, ZES_ENABLE_SYSMAN, LOCALAPPDATA, USERDOMAIN, LOGONSERVER, FPS_BROWSER_APP_PROFILE_STRING, JAVA_HOME, OneDrive, APPDATA, CommonProgramFiles, Path, PyCharm, OS, COMPUTERNAME, PROCESSOR_REVISION, CommonProgramW6432, ComSpec, TEMP, SystemRoot, HOMEDRIVE, USERPROFILE, TMP, EFC_37256, CommonProgramFiles(x86), NUMBER_OF_PROCESSORS, IDEA_INITIAL_DIRECTORY]
2024-11-12T10:47:34.353+0200 [DEBUG] [org.gradle.launcher.daemon.server.SynchronizedDispatchConnection] thread 196: received class org.gradle.launcher.daemon.protocol.CloseInput
2024-11-12T10:47:34.353+0200 [DEBUG] [org.gradle.launcher.daemon.server.DefaultDaemonConnection] thread 196: Received IO message from client: org.gradle.launcher.daemon.protocol.CloseInput@60d9c9d9
2024-11-12T10:47:34.355+0200 [DEBUG] [org.gradle.launcher.daemon.server.exec.LogToClient] About to start relaying all logs to the client via the connection.
2024-11-12T10:47:34.355+0200 [INFO] [org.gradle.launcher.daemon.server.exec.LogToClient] The client will now receive all logging from the daemon (pid: 25740). The daemon log file: C:\Foods_Shop\daemon\8.7\daemon-25740.out.log
2024-11-12T10:47:34.359+0200 [INFO] [org.gradle.launcher.daemon.server.exec.LogAndCheckHealth] Starting 4th build in daemon [uptime: 7 mins 6.255 secs, performance: 99%, GC rate: 0.00/s, heap usage: 0% of 2 GiB]
2024-11-12T10:47:34.361+0200 [DEBUG] [org.gradle.launcher.daemon.server.exec.ExecuteBuild] The daemon has started executing the build.
2024-11-12T10:47:34.362+0200 [DEBUG] [org.gradle.launcher.daemon.server.exec.ExecuteBuild] Executing build with daemon context: DefaultDaemonContext[uid=7d0b4625-a598-4817-a8eb-4824d64ff60d,javaHome=C:\Program Files\Android\Android Studio\jbr,daemonRegistryDir=C:\Foods_Shop\daemon,pid=25740,idleTimeout=10800000,priority=NORMAL,applyInstrumentationAgent=true,daemonOpts=--add-opens=java.base/java.util=ALL-UNNAMED,--add-opens=java.base/java.lang=ALL-UNNAMED,--add-opens=java.base/java.lang.invoke=ALL-UNNAMED,--add-opens=java.prefs/java.util.prefs=ALL-UNNAMED,--add-opens=java.base/java.nio.charset=ALL-UNNAMED,--add-opens=java.base/java.net=ALL-UNNAMED,--add-opens=java.base/java.util.concurrent.atomic=ALL-UNNAMED,-Xmx2048m,-Dfile.encoding=UTF-8,-Duser.country=RU,-Duser.language=ru,-Duser.variant]

BUILD SUCCESSFUL in 4s
34 actionable tasks: 34 up-to-date
2024-11-12T10:47:39.141+0200 [DEBUG] [org.gradle.launcher.daemon.server.exec.ExecuteBuild] The daemon has finished executing the build.
2024-11-12T10:47:39.157+0200 [DEBUG] [org.gradle.launcher.daemon.server.DaemonStateCoordinator] daemon is running. Sleeping until state changes.
2024-11-12T10:47:39.158+0200 [DEBUG] [org.gradle.launcher.daemon.server.DaemonStateCoordinator] Command execution: finished waiting for DaemonCommandExecution[command = Build{id=85d1fa63-825f-4aec-b3e2-3a945156c161, currentDir=C:\Foods_Shop}, connection = DefaultDaemonConnection: socket connection from /127.0.0.1:54131 to /127.0.0.1:54268]. Result org.gradle.launcher.daemon.server.DaemonStateCoordinator@34fdc72c with state Busy
2024-11-12T10:47:39.158+0200 [DEBUG] [org.gradle.launcher.daemon.server.DaemonStateCoordinator] Command execution: completed DaemonCommandExecution[command = Build{id=85d1fa63-825f-4aec-b3e2-3a945156c161, currentDir=C:\Foods_Shop}, connection = DefaultDaemonConnection: socket connection from /127.0.0.1:54131 to /127.0.0.1:54268]
2024-11-12T10:47:39.158+0200 [DEBUG] [org.gradle.launcher.daemon.server.DaemonStateCoordinator] resetting idle timer
2024-11-12T10:47:39.158+0200 [INFO] [org.gradle.launcher.daemon.server.DaemonRegistryUpdater] Marking the daemon as idle, address: [91d6319a-3eaf-42ba-8c50-198ddb27b8c5 port:54131, addresses:[localhost/127.0.0.1]]
2024-11-12T10:47:39.158+0200 [DEBUG] [org.gradle.launcher.daemon.registry.PersistentDaemonRegistry] Marking busy by address: [91d6319a-3eaf-42ba-8c50-198ddb27b8c5 port:54131, addresses:[localhost/127.0.0.1]]
2024-11-12T10:47:39.159+0200 [DEBUG] [org.gradle.cache.internal.DefaultFileLockManager] Waiting to acquire exclusive lock on daemon addresses registry.
2024-11-12T10:47:39.160+0200 [DEBUG] [org.gradle.cache.internal.DefaultFileLockManager] Lock acquired on daemon addresses registry.
2024-11-12T10:47:39.171+0200 [DEBUG] [org.gradle.cache.internal.DefaultFileLockManager] Releasing lock on daemon addresses registry.
2024-11-12T10:47:39.182+0200 [DEBUG] [org.gradle.launcher.daemon.server.DaemonStateCoordinator] daemon is running. Sleeping until state changes.
2024-11-12T10:47:39.183+0200 [DEBUG] [org.gradle.launcher.daemon.server.exec.ReturnResult] Daemon is dispatching the build result: Success[value=org.gradle.launcher.exec.BuildActionResult@4b21ed69]
2024-11-12T10:47:39.183+0200 [DEBUG] [org.gradle.launcher.daemon.server.SynchronizedDispatchConnection] thread 103: dispatching Success[value=org.gradle.launcher.exec.BuildActionResult@4b21ed69]
2024-11-12T10:47:39.184+0200 [DEBUG] [org.gradle.launcher.daemon.server.SynchronizedDispatchConnection] thread 196: received class org.gradle.launcher.daemon.protocol.Finished
2024-11-12T10:47:39.184+0200 [DEBUG] [org.gradle.launcher.daemon.server.DefaultDaemonConnection] thread 196: Received non-IO message from client: org.gradle.launcher.daemon.protocol.Finished@6e1e3bb2
2024-11-12T10:47:39.190+0200 [DEBUG] [org.gradle.internal.remote.internal.inet.SocketConnection] Discarding EOFException: java.io.EOFException
2024-11-12T10:47:39.190+0200 [DEBUG] [org.gradle.launcher.daemon.server.SynchronizedDispatchConnection] thread 196: received null
2024-11-12T10:47:39.194+0200 [DEBUG] [org.gradle.launcher.daemon.server.DefaultDaemonConnection] thread 196: Received end-of-input from client.
2024-11-12T10:47:39.717+0200 [DEBUG] [org.gradle.launcher.daemon.server.exec.CleanUpVirtualFileSystemAfterBuild] Cleaning virtual file system after build finished
2024-11-12T10:47:39.717+0200 [DEBUG] [org.gradle.launcher.daemon.server.DefaultIncomingConnectionHandler] Finishing executing command: Build{id=85d1fa63-825f-4aec-b3e2-3a945156c161, currentDir=C:\Foods_Shop}
2024-11-12T10:47:39.718+0200 [WARN] [org.gradle.launcher.daemon.server.DefaultIncomingConnectionHandler] Timed out waiting for finished message from client socket connection from /127.0.0.1:54131 to /127.0.0.1:54268. Discarding connection.
2024-11-12T10:47:39.718+0200 [DEBUG] [org.gradle.launcher.daemon.server.SynchronizedDispatchConnection] thread 103: stopping connection
2024-11-12T10:47:39.720+0200 [DEBUG] [org.gradle.launcher.daemon.server.SynchronizedDispatchConnection] thread 103: stopping connection
2024-11-12T10:47:43.607+0200 [DEBUG] [org.gradle.process.internal.health.memory.DefaultMemoryManager] 409155993 physical memory requested, 402472960 free
2024-11-12T10:47:43.607+0200 [DEBUG] [org.gradle.workers.internal.WorkerDaemonExpiration] Will attempt to release 390 of memory
2024-11-12T10:47:43.607+0200 [DEBUG] [org.gradle.process.internal.health.memory.DefaultMemoryManager] 409155993 physical memory requested, 0 released, 402472960 free
2024-11-12T10:47:47.970+0200 [DEBUG] [org.gradle.process.internal.health.memory.DefaultMemoryManager] 409155993 physical memory requested, 358993920 free
2024-11-12T10:47:47.970+0200 [DEBUG] [org.gradle.workers.internal.WorkerDaemonExpiration] Will attempt to release 390 of memory
2024-11-12T10:47:47.970+0200 [DEBUG] [org.gradle.process.internal.health.memory.DefaultMemoryManager] 409155993 physical memory requested, 0 released, 358993920 free
2024-11-12T10:47:48.699+0200 [DEBUG] [org.gradle.cache.internal.DefaultFileLockManager] Waiting to acquire shared lock on daemon addresses registry.
2024-11-12T10:47:48.699+0200 [DEBUG] [org.gradle.cache.internal.DefaultFileLockManager] Lock acquired on daemon addresses registry.
2024-11-12T10:47:48.700+0200 [DEBUG] [org.gradle.cache.internal.DefaultFileLockManager] Releasing lock on daemon addresses registry.
2024-11-12T10:47:48.701+0200 [DEBUG] [org.gradle.cache.internal.DefaultFileLockManager] Waiting to acquire shared lock on daemon addresses registry.
2024-11-12T10:47:48.701+0200 [DEBUG] [org.gradle.cache.internal.DefaultFileLockManager] Lock acquired on daemon addresses registry.
2024-11-12T10:47:48.702+0200 [DEBUG] [org.gradle.cache.internal.DefaultFileLockManager] Releasing lock on daemon addresses registry.
2024-11-12T10:47:52.976+0200 [DEBUG] [org.gradle.process.internal.health.memory.DefaultMemoryManager] 409155993 physical memory requested, 353517568 free
2024-11-12T10:47:52.976+0200 [DEBUG] [org.gradle.workers.internal.WorkerDaemonExpiration] Will attempt to release 390 of memory
2024-11-12T10:47:52.976+0200 [DEBUG] [org.gradle.process.internal.health.memory.DefaultMemoryManager] 409155993 physical memory requested, 0 released, 353517568 free
2024-11-12T10:47:57.971+0200 [DEBUG] [org.gradle.process.internal.health.memory.DefaultMemoryManager] 409155993 physical memory requested, 340574208 free
2024-11-12T10:47:57.971+0200 [DEBUG] [org.gradle.workers.internal.WorkerDaemonExpiration] Will attempt to release 390 of memory
2024-11-12T10:47:57.971+0200 [DEBUG] [org.gradle.process.internal.health.memory.DefaultMemoryManager] 409155993 physical memory requested, 0 released, 340574208 free
2024-11-12T10:47:58.696+0200 [DEBUG] [org.gradle.cache.internal.DefaultFileLockManager] Waiting to acquire shared lock on daemon addresses registry.
2024-11-12T10:47:58.696+0200 [DEBUG] [org.gradle.cache.internal.DefaultFileLockManager] Lock acquired on daemon addresses registry.
2024-11-12T10:47:58.696+0200 [DEBUG] [org.gradle.cache.internal.DefaultFileLockManager] Releasing lock on daemon addresses registry.
2024-11-12T10:47:58.698+0200 [DEBUG] [org.gradle.cache.internal.DefaultFileLockManager] Waiting to acquire shared lock on daemon addresses registry.
2024-11-12T10:47:58.698+0200 [DEBUG] [org.gradle.cache.internal.DefaultFileLockManager] Lock acquired on daemon addresses registry.
2024-11-12T10:47:58.698+0200 [DEBUG] [org.gradle.cache.internal.DefaultFileLockManager] Releasing lock on daemon addresses registry.
2024-11-12T10:47:58.699+0200 [DEBUG] [org.gradle.cache.internal.DefaultFileLockManager] Waiting to acquire shared lock on daemon addresses registry.
2024-11-12T10:47:58.700+0200 [DEBUG] [org.gradle.cache.internal.DefaultFileLockManager] Lock acquired on daemon addresses registry.
2024-11-12T10:47:58.700+0200 [DEBUG] [org.gradle.cache.internal.DefaultFileLockManager] Releasing lock on daemon addresses registry.
2024-11-12T10:48:02.976+0200 [DEBUG] [org.gradle.process.internal.health.memory.DefaultMemoryManager] 409155993 physical memory requested, 388239360 free
2024-11-12T10:48:02.977+0200 [DEBUG] [org.gradle.workers.internal.WorkerDaemonExpiration] Will attempt to release 390 of memory
2024-11-12T10:48:02.977+0200 [DEBUG] [org.gradle.process.internal.health.memory.DefaultMemoryManager] 409155993 physical memory requested, 0 released, 388239360 free
2024-11-12T10:48:07.982+0200 [DEBUG] [org.gradle.process.internal.health.memory.DefaultMemoryManager] 409155993 physical memory requested, 147324928 free
2024-11-12T10:48:07.983+0200 [DEBUG] [org.gradle.workers.internal.WorkerDaemonExpiration] Will attempt to release 390 of memory
2024-11-12T10:48:07.983+0200 [DEBUG] [org.gradle.process.internal.health.memory.DefaultMemoryManager] 409155993 physical memory requested, 0 released, 147324928 free
2024-11-12T10:48:08.692+0200 [DEBUG] [org.gradle.cache.internal.DefaultFileLockManager] Waiting to acquire shared lock on daemon addresses registry.
2024-11-12T10:48:08.693+0200 [DEBUG] [org.gradle.cache.internal.DefaultFileLockManager] Lock acquired on daemon addresses registry.
2024-11-12T10:48:08.694+0200 [DEBUG] [org.gradle.cache.internal.DefaultFileLockManager] Releasing lock on daemon addresses registry.
2024-11-12T10:48:08.698+0200 [DEBUG] [org.gradle.cache.internal.DefaultFileLockManager] Waiting to acquire shared lock on daemon addresses registry.
2024-11-12T10:48:08.698+0200 [DEBUG] [org.gradle.cache.internal.DefaultFileLockManager] Lock acquired on daemon addresses registry.
2024-11-12T10:48:08.700+0200 [DEBUG] [org.gradle.cache.internal.DefaultFileLockManager] Releasing lock on daemon addresses registry.
2024-11-12T10:48:08.704+0200 [DEBUG] [org.gradle.cache.internal.DefaultFileLockManager] Waiting to acquire shared lock on daemon addresses registry.
2024-11-12T10:48:08.704+0200 [DEBUG] [org.gradle.cache.internal.DefaultFileLockManager] Lock acquired on daemon addresses registry.
2024-11-12T10:48:08.706+0200 [DEBUG] [org.gradle.cache.internal.DefaultFileLockManager] Releasing lock on daemon addresses registry.
2024-11-12T10:48:12.985+0200 [DEBUG] [org.gradle.process.internal.health.memory.DefaultMemoryManager] 409155993 physical memory requested, 104075264 free
2024-11-12T10:48:12.985+0200 [DEBUG] [org.gradle.workers.internal.WorkerDaemonExpiration] Will attempt to release 390 of memory
2024-11-12T10:48:12.985+0200 [DEBUG] [org.gradle.process.internal.health.memory.DefaultMemoryManager] 409155993 physical memory requested, 0 released, 104075264 free
2024-11-12T10:48:17.980+0200 [DEBUG] [org.gradle.process.internal.health.memory.DefaultMemoryManager] 409155993 physical memory requested, 260628480 free
2024-11-12T10:48:17.980+0200 [DEBUG] [org.gradle.workers.internal.WorkerDaemonExpiration] Will attempt to release 390 of memory
2024-11-12T10:48:17.980+0200 [DEBUG] [org.gradle.process.internal.health.memory.DefaultMemoryManager] 409155993 physical memory requested, 0 released, 260628480 free
2024-11-12T10:48:18.706+0200 [DEBUG] [org.gradle.cache.internal.DefaultFileLockManager] Waiting to acquire shared lock on daemon addresses registry.
2024-11-12T10:48:18.706+0200 [DEBUG] [org.gradle.cache.internal.DefaultFileLockManager] Lock acquired on daemon addresses registry.
2024-11-12T10:48:18.717+0200 [DEBUG] [org.gradle.cache.internal.DefaultFileLockManager] Releasing lock on daemon addresses registry.
2024-11-12T10:48:18.719+0200 [DEBUG] [org.gradle.cache.internal.DefaultFileLockManager] Waiting to acquire shared lock on daemon addresses registry.
2024-11-12T10:48:18.720+0200 [DEBUG] [org.gradle.cache.internal.DefaultFileLockManager] Lock acquired on daemon addresses registry.
2024-11-12T10:48:18.736+0200 [DEBUG] [org.gradle.cache.internal.DefaultFileLockManager] Releasing lock on daemon addresses registry.
2024-11-12T10:48:18.738+0200 [DEBUG] [org.gradle.cache.internal.DefaultFileLockManager] Waiting to acquire shared lock on daemon addresses registry.
2024-11-12T10:48:18.738+0200 [DEBUG] [org.gradle.cache.internal.DefaultFileLockManager] Lock acquired on daemon addresses registry.
2024-11-12T10:48:18.739+0200 [DEBUG] [org.gradle.cache.internal.DefaultFileLockManager] Releasing lock on daemon addresses registry.
2024-11-12T10:48:28.696+0200 [DEBUG] [org.gradle.cache.internal.DefaultFileLockManager] Waiting to acquire shared lock on daemon addresses registry.
2024-11-12T10:48:28.697+0200 [DEBUG] [org.gradle.cache.internal.DefaultFileLockManager] Lock acquired on daemon addresses registry.
2024-11-12T10:48:28.697+0200 [DEBUG] [org.gradle.cache.internal.DefaultFileLockManager] Releasing lock on daemon addresses registry.
2024-11-12T10:48:28.698+0200 [DEBUG] [org.gradle.cache.internal.DefaultFileLockManager] Waiting to acquire shared lock on daemon addresses registry.
2024-11-12T10:48:28.699+0200 [DEBUG] [org.gradle.cache.internal.DefaultFileLockManager] Lock acquired on daemon addresses registry.
2024-11-12T10:48:28.700+0200 [DEBUG] [org.gradle.cache.internal.DefaultFileLockManager] Releasing lock on daemon addresses registry.
2024-11-12T10:48:28.701+0200 [DEBUG] [org.gradle.cache.internal.DefaultFileLockManager] Waiting to acquire shared lock on daemon addresses registry.
2024-11-12T10:48:28.701+0200 [DEBUG] [org.gradle.cache.internal.DefaultFileLockManager] Lock acquired on daemon addresses registry.
2024-11-12T10:48:28.701+0200 [DEBUG] [org.gradle.cache.internal.DefaultFileLockManager] Releasing lock on daemon addresses registry.
2024-11-12T10:48:38.712+0200 [DEBUG] [org.gradle.cache.internal.DefaultFileLockManager] Waiting to acquire shared lock on daemon addresses registry.
2024-11-12T10:48:38.712+0200 [DEBUG] [org.gradle.cache.internal.DefaultFileLockManager] Lock acquired on daemon addresses registry.
2024-11-12T10:48:38.713+0200 [DEBUG] [org.gradle.cache.internal.DefaultFileLockManager] Releasing lock on daemon addresses registry.
2024-11-12T10:48:38.716+0200 [DEBUG] [org.gradle.cache.internal.DefaultFileLockManager] Waiting to acquire shared lock on daemon addresses registry.
2024-11-12T10:48:38.717+0200 [DEBUG] [org.gradle.cache.internal.DefaultFileLockManager] Lock acquired on daemon addresses registry.
2024-11-12T10:48:38.718+0200 [DEBUG] [org.gradle.cache.internal.DefaultFileLockManager] Releasing lock on daemon addresses registry.
2024-11-12T10:48:38.721+0200 [DEBUG] [org.gradle.cache.internal.DefaultFileLockManager] Waiting to acquire shared lock on daemon addresses registry.
2024-11-12T10:48:38.722+0200 [DEBUG] [org.gradle.cache.internal.DefaultFileLockManager] Lock acquired on daemon addresses registry.
2024-11-12T10:48:38.722+0200 [DEBUG] [org.gradle.cache.internal.DefaultFileLockManager] Releasing lock on daemon addresses registry.
2024-11-12T10:48:48.703+0200 [DEBUG] [org.gradle.cache.internal.DefaultFileLockManager] Waiting to acquire shared lock on daemon addresses registry.
2024-11-12T10:48:48.703+0200 [DEBUG] [org.gradle.cache.internal.DefaultFileLockManager] Lock acquired on daemon addresses registry.
2024-11-12T10:48:48.703+0200 [DEBUG] [org.gradle.cache.internal.DefaultFileLockManager] Releasing lock on daemon addresses registry.
2024-11-12T10:48:48.705+0200 [DEBUG] [org.gradle.cache.internal.DefaultFileLockManager] Waiting to acquire shared lock on daemon addresses registry.
2024-11-12T10:48:48.705+0200 [DEBUG] [org.gradle.cache.internal.DefaultFileLockManager] Lock acquired on daemon addresses registry.
2024-11-12T10:48:48.705+0200 [DEBUG] [org.gradle.cache.internal.DefaultFileLockManager] Releasing lock on daemon addresses registry.
2024-11-12T10:48:48.707+0200 [DEBUG] [org.gradle.cache.internal.DefaultFileLockManager] Waiting to acquire shared lock on daemon addresses registry.
2024-11-12T10:48:48.708+0200 [DEBUG] [org.gradle.cache.internal.DefaultFileLockManager] Lock acquired on daemon addresses registry.
2024-11-12T10:48:48.708+0200 [DEBUG] [org.gradle.cache.internal.DefaultFileLockManager] Releasing lock on daemon addresses registry.
2024-11-12T10:48:58.694+0200 [DEBUG] [org.gradle.cache.internal.DefaultFileLockManager] Waiting to acquire shared lock on daemon addresses registry.
2024-11-12T10:48:58.695+0200 [DEBUG] [org.gradle.cache.internal.DefaultFileLockManager] Lock acquired on daemon addresses registry.
2024-11-12T10:48:58.696+0200 [DEBUG] [org.gradle.cache.internal.DefaultFileLockManager] Releasing lock on daemon addresses registry.
2024-11-12T10:48:58.699+0200 [DEBUG] [org.gradle.cache.internal.DefaultFileLockManager] Waiting to acquire shared lock on daemon addresses registry.
2024-11-12T10:48:58.700+0200 [DEBUG] [org.gradle.cache.internal.DefaultFileLockManager] Lock acquired on daemon addresses registry.
2024-11-12T10:48:58.701+0200 [DEBUG] [org.gradle.cache.internal.DefaultFileLockManager] Releasing lock on daemon addresses registry.
2024-11-12T10:48:58.703+0200 [DEBUG] [org.gradle.cache.internal.DefaultFileLockManager] Waiting to acquire shared lock on daemon addresses registry.
2024-11-12T10:48:58.704+0200 [DEBUG] [org.gradle.cache.internal.DefaultFileLockManager] Lock acquired on daemon addresses registry.
2024-11-12T10:48:58.704+0200 [DEBUG] [org.gradle.cache.internal.DefaultFileLockManager] Releasing lock on daemon addresses registry.
2024-11-12T10:49:08.690+0200 [DEBUG] [org.gradle.cache.internal.DefaultFileLockManager] Waiting to acquire shared lock on daemon addresses registry.
2024-11-12T10:49:08.691+0200 [DEBUG] [org.gradle.cache.internal.DefaultFileLockManager] Lock acquired on daemon addresses registry.
2024-11-12T10:49:08.694+0200 [DEBUG] [org.gradle.cache.internal.DefaultFileLockManager] Releasing lock on daemon addresses registry.
2024-11-12T10:49:08.697+0200 [DEBUG] [org.gradle.cache.internal.DefaultFileLockManager] Waiting to acquire shared lock on daemon addresses registry.
2024-11-12T10:49:08.697+0200 [DEBUG] [org.gradle.cache.internal.DefaultFileLockManager] Lock acquired on daemon addresses registry.
2024-11-12T10:49:08.698+0200 [DEBUG] [org.gradle.cache.internal.DefaultFileLockManager] Releasing lock on daemon addresses registry.
2024-11-12T10:49:08.700+0200 [DEBUG] [org.gradle.cache.internal.DefaultFileLockManager] Waiting to acquire shared lock on daemon addresses registry.
2024-11-12T10:49:08.700+0200 [DEBUG] [org.gradle.cache.internal.DefaultFileLockManager] Lock acquired on daemon addresses registry.
2024-11-12T10:49:08.701+0200 [DEBUG] [org.gradle.cache.internal.DefaultFileLockManager] Releasing lock on daemon addresses registry.
2024-11-12T10:49:18.695+0200 [DEBUG] [org.gradle.cache.internal.DefaultFileLockManager] Waiting to acquire shared lock on daemon addresses registry.
2024-11-12T10:49:18.695+0200 [DEBUG] [org.gradle.cache.internal.DefaultFileLockManager] Lock acquired on daemon addresses registry.
2024-11-12T10:49:18.696+0200 [DEBUG] [org.gradle.cache.internal.DefaultFileLockManager] Releasing lock on daemon addresses registry.
2024-11-12T10:49:18.697+0200 [DEBUG] [org.gradle.cache.internal.DefaultFileLockManager] Waiting to acquire shared lock on daemon addresses registry.
2024-11-12T10:49:18.697+0200 [DEBUG] [org.gradle.cache.internal.DefaultFileLockManager] Lock acquired on daemon addresses registry.
2024-11-12T10:49:18.698+0200 [DEBUG] [org.gradle.cache.internal.DefaultFileLockManager] Releasing lock on daemon addresses registry.
2024-11-12T10:49:18.699+0200 [DEBUG] [org.gradle.cache.internal.DefaultFileLockManager] Waiting to acquire shared lock on daemon addresses registry.
2024-11-12T10:49:18.700+0200 [DEBUG] [org.gradle.cache.internal.DefaultFileLockManager] Lock acquired on daemon addresses registry.
2024-11-12T10:49:18.700+0200 [DEBUG] [org.gradle.cache.internal.DefaultFileLockManager] Releasing lock on daemon addresses registry.
2024-11-12T10:49:22.973+0200 [DEBUG] [org.gradle.process.internal.health.memory.DefaultMemoryManager] 409155993 physical memory requested, 335536128 free
2024-11-12T10:49:22.974+0200 [DEBUG] [org.gradle.workers.internal.WorkerDaemonExpiration] Will attempt to release 390 of memory
2024-11-12T10:49:22.974+0200 [DEBUG] [org.gradle.process.internal.health.memory.DefaultMemoryManager] 409155993 physical memory requested, 0 released, 335536128 free
2024-11-12T10:49:27.984+0200 [DEBUG] [org.gradle.process.internal.health.memory.DefaultMemoryManager] 409155993 physical memory requested, 357830656 free
2024-11-12T10:49:27.984+0200 [DEBUG] [org.gradle.workers.internal.WorkerDaemonExpiration] Will attempt to release 390 of memory
2024-11-12T10:49:27.984+0200 [DEBUG] [org.gradle.process.internal.health.memory.DefaultMemoryManager] 409155993 physical memory requested, 0 released, 357830656 free
2024-11-12T10:49:28.703+0200 [DEBUG] [org.gradle.cache.internal.DefaultFileLockManager] Waiting to acquire shared lock on daemon addresses registry.
2024-11-12T10:49:28.704+0200 [DEBUG] [org.gradle.cache.internal.DefaultFileLockManager] Lock acquired on daemon addresses registry.
2024-11-12T10:49:28.705+0200 [DEBUG] [org.gradle.cache.internal.DefaultFileLockManager] Releasing lock on daemon addresses registry.
2024-11-12T10:49:28.706+0200 [DEBUG] [org.gradle.cache.internal.DefaultFileLockManager] Waiting to acquire shared lock on daemon addresses registry.
2024-11-12T10:49:28.707+0200 [DEBUG] [org.gradle.cache.internal.DefaultFileLockManager] Lock acquired on daemon addresses registry.
2024-11-12T10:49:28.707+0200 [DEBUG] [org.gradle.cache.internal.DefaultFileLockManager] Releasing lock on daemon addresses registry.
2024-11-12T10:49:28.708+0200 [DEBUG] [org.gradle.cache.internal.DefaultFileLockManager] Waiting to acquire shared lock on daemon addresses registry.
2024-11-12T10:49:28.708+0200 [DEBUG] [org.gradle.cache.internal.DefaultFileLockManager] Lock acquired on daemon addresses registry.
2024-11-12T10:49:28.708+0200 [DEBUG] [org.gradle.cache.internal.DefaultFileLockManager] Releasing lock on daemon addresses registry.
2024-11-12T10:49:38.835+0200 [DEBUG] [org.gradle.cache.internal.DefaultFileLockManager] Waiting to acquire shared lock on daemon addresses registry.
2024-11-12T10:49:38.850+0200 [DEBUG] [org.gradle.cache.internal.DefaultFileLockManager] Lock acquired on daemon addresses registry.
2024-11-12T10:49:38.852+0200 [DEBUG] [org.gradle.cache.internal.DefaultFileLockManager] Releasing lock on daemon addresses registry.
2024-11-12T10:49:38.865+0200 [DEBUG] [org.gradle.cache.internal.DefaultFileLockManager] Waiting to acquire shared lock on daemon addresses registry.
2024-11-12T10:49:38.865+0200 [DEBUG] [org.gradle.cache.internal.DefaultFileLockManager] Lock acquired on daemon addresses registry.
2024-11-12T10:49:38.866+0200 [DEBUG] [org.gradle.cache.internal.DefaultFileLockManager] Releasing lock on daemon addresses registry.
2024-11-12T10:49:38.919+0200 [DEBUG] [org.gradle.cache.internal.DefaultFileLockManager] Waiting to acquire shared lock on daemon addresses registry.
2024-11-12T10:49:38.919+0200 [DEBUG] [org.gradle.cache.internal.DefaultFileLockManager] Lock acquired on daemon addresses registry.
2024-11-12T10:49:38.920+0200 [DEBUG] [org.gradle.cache.internal.DefaultFileLockManager] Releasing lock on daemon addresses registry.
2024-11-12T10:49:48.697+0200 [DEBUG] [org.gradle.cache.internal.DefaultFileLockManager] Waiting to acquire shared lock on daemon addresses registry.
2024-11-12T10:49:48.697+0200 [DEBUG] [org.gradle.cache.internal.DefaultFileLockManager] Lock acquired on daemon addresses registry.
2024-11-12T10:49:48.703+0200 [DEBUG] [org.gradle.cache.internal.DefaultFileLockManager] Releasing lock on daemon addresses registry.
2024-11-12T10:49:48.704+0200 [DEBUG] [org.gradle.cache.internal.DefaultFileLockManager] Waiting to acquire shared lock on daemon addresses registry.
2024-11-12T10:49:48.704+0200 [DEBUG] [org.gradle.cache.internal.DefaultFileLockManager] Lock acquired on daemon addresses registry.
2024-11-12T10:49:48.705+0200 [DEBUG] [org.gradle.cache.internal.DefaultFileLockManager] Releasing lock on daemon addresses registry.
2024-11-12T10:49:48.706+0200 [DEBUG] [org.gradle.cache.internal.DefaultFileLockManager] Waiting to acquire shared lock on daemon addresses registry.
2024-11-12T10:49:48.706+0200 [DEBUG] [org.gradle.cache.internal.DefaultFileLockManager] Lock acquired on daemon addresses registry.
2024-11-12T10:49:48.706+0200 [DEBUG] [org.gradle.cache.internal.DefaultFileLockManager] Releasing lock on daemon addresses registry.
2024-11-12T10:49:58.700+0200 [DEBUG] [org.gradle.cache.internal.DefaultFileLockManager] Waiting to acquire shared lock on daemon addresses registry.
2024-11-12T10:49:58.701+0200 [DEBUG] [org.gradle.cache.internal.DefaultFileLockManager] Lock acquired on daemon addresses registry.
2024-11-12T10:49:58.701+0200 [DEBUG] [org.gradle.cache.internal.DefaultFileLockManager] Releasing lock on daemon addresses registry.
2024-11-12T10:49:58.702+0200 [DEBUG] [org.gradle.cache.internal.DefaultFileLockManager] Waiting to acquire shared lock on daemon addresses registry.
2024-11-12T10:49:58.703+0200 [DEBUG] [org.gradle.cache.internal.DefaultFileLockManager] Lock acquired on daemon addresses registry.
2024-11-12T10:49:58.703+0200 [DEBUG] [org.gradle.cache.internal.DefaultFileLockManager] Releasing lock on daemon addresses registry.
2024-11-12T10:49:58.704+0200 [DEBUG] [org.gradle.cache.internal.DefaultFileLockManager] Waiting to acquire shared lock on daemon addresses registry.
2024-11-12T10:49:58.704+0200 [DEBUG] [org.gradle.cache.internal.DefaultFileLockManager] Lock acquired on daemon addresses registry.
2024-11-12T10:49:58.704+0200 [DEBUG] [org.gradle.cache.internal.DefaultFileLockManager] Releasing lock on daemon addresses registry.
2024-11-12T10:50:07.972+0200 [DEBUG] [org.gradle.process.internal.health.memory.DefaultMemoryManager] 409155993 physical memory requested, 338251776 free
2024-11-12T10:50:07.972+0200 [DEBUG] [org.gradle.workers.internal.WorkerDaemonExpiration] Will attempt to release 390 of memory
2024-11-12T10:50:07.972+0200 [DEBUG] [org.gradle.process.internal.health.memory.DefaultMemoryManager] 409155993 physical memory requested, 0 released, 338251776 free
2024-11-12T10:50:08.704+0200 [DEBUG] [org.gradle.cache.internal.DefaultFileLockManager] Waiting to acquire shared lock on daemon addresses registry.
2024-11-12T10:50:08.705+0200 [DEBUG] [org.gradle.cache.internal.DefaultFileLockManager] Lock acquired on daemon addresses registry.
2024-11-12T10:50:08.707+0200 [DEBUG] [org.gradle.cache.internal.DefaultFileLockManager] Releasing lock on daemon addresses registry.
2024-11-12T10:50:08.710+0200 [DEBUG] [org.gradle.cache.internal.DefaultFileLockManager] Waiting to acquire shared lock on daemon addresses registry.
2024-11-12T10:50:08.710+0200 [DEBUG] [org.gradle.cache.internal.DefaultFileLockManager] Lock acquired on daemon addresses registry.
2024-11-12T10:50:08.711+0200 [DEBUG] [org.gradle.cache.internal.DefaultFileLockManager] Releasing lock on daemon addresses registry.
2024-11-12T10:50:08.713+0200 [DEBUG] [org.gradle.cache.internal.DefaultFileLockManager] Waiting to acquire shared lock on daemon addresses registry.
2024-11-12T10:50:08.713+0200 [DEBUG] [org.gradle.cache.internal.DefaultFileLockManager] Lock acquired on daemon addresses registry.
2024-11-12T10:50:08.714+0200 [DEBUG] [org.gradle.cache.internal.DefaultFileLockManager] Releasing lock on daemon addresses registry.
2024-11-12T10:50:12.979+0200 [DEBUG] [org.gradle.process.internal.health.memory.DefaultMemoryManager] 409155993 physical memory requested, 391872512 free
2024-11-12T10:50:12.979+0200 [DEBUG] [org.gradle.workers.internal.WorkerDaemonExpiration] Will attempt to release 390 of memory
2024-11-12T10:50:12.979+0200 [DEBUG] [org.gradle.process.internal.health.memory.DefaultMemoryManager] 409155993 physical memory requested, 0 released, 391872512 free
2024-11-12T10:50:17.987+0200 [DEBUG] [org.gradle.process.internal.health.memory.DefaultMemoryManager] 409155993 physical memory requested, 313905152 free
2024-11-12T10:50:17.987+0200 [DEBUG] [org.gradle.workers.internal.WorkerDaemonExpiration] Will attempt to release 390 of memory
2024-11-12T10:50:17.988+0200 [DEBUG] [org.gradle.process.internal.health.memory.DefaultMemoryManager] 409155993 physical memory requested, 0 released, 313905152 free
2024-11-12T10:50:18.697+0200 [DEBUG] [org.gradle.cache.internal.DefaultFileLockManager] Waiting to acquire shared lock on daemon addresses registry.
2024-11-12T10:50:18.697+0200 [DEBUG] [org.gradle.cache.internal.DefaultFileLockManager] Lock acquired on daemon addresses registry.
2024-11-12T10:50:18.698+0200 [DEBUG] [org.gradle.cache.internal.DefaultFileLockManager] Releasing lock on daemon addresses registry.
2024-11-12T10:50:18.698+0200 [DEBUG] [org.gradle.cache.internal.DefaultFileLockManager] Waiting to acquire shared lock on daemon addresses registry.
2024-11-12T10:50:18.698+0200 [DEBUG] [org.gradle.cache.internal.DefaultFileLockManager] Lock acquired on daemon addresses registry.
2024-11-12T10:50:18.699+0200 [DEBUG] [org.gradle.cache.internal.DefaultFileLockManager] Releasing lock on daemon addresses registry.
2024-11-12T10:50:18.699+0200 [DEBUG] [org.gradle.cache.internal.DefaultFileLockManager] Waiting to acquire shared lock on daemon addresses registry.
2024-11-12T10:50:18.699+0200 [DEBUG] [org.gradle.cache.internal.DefaultFileLockManager] Lock acquired on daemon addresses registry.
2024-11-12T10:50:18.700+0200 [DEBUG] [org.gradle.cache.internal.DefaultFileLockManager] Releasing lock on daemon addresses registry.
2024-11-12T10:50:22.977+0200 [DEBUG] [org.gradle.process.internal.health.memory.DefaultMemoryManager] 409155993 physical memory requested, 313737216 free
2024-11-12T10:50:22.977+0200 [DEBUG] [org.gradle.workers.internal.WorkerDaemonExpiration] Will attempt to release 390 of memory
2024-11-12T10:50:22.977+0200 [DEBUG] [org.gradle.process.internal.health.memory.DefaultMemoryManager] 409155993 physical memory requested, 0 released, 313737216 free
2024-11-12T10:50:27.976+0200 [DEBUG] [org.gradle.process.internal.health.memory.DefaultMemoryManager] 409155993 physical memory requested, 296144896 free
2024-11-12T10:50:27.976+0200 [DEBUG] [org.gradle.workers.internal.WorkerDaemonExpiration] Will attempt to release 390 of memory
2024-11-12T10:50:27.977+0200 [DEBUG] [org.gradle.process.internal.health.memory.DefaultMemoryManager] 409155993 physical memory requested, 0 released, 296144896 free
2024-11-12T10:50:28.695+0200 [DEBUG] [org.gradle.cache.internal.DefaultFileLockManager] Waiting to acquire shared lock on daemon addresses registry.
2024-11-12T10:50:28.695+0200 [DEBUG] [org.gradle.cache.internal.DefaultFileLockManager] Lock acquired on daemon addresses registry.
2024-11-12T10:50:28.696+0200 [DEBUG] [org.gradle.cache.internal.DefaultFileLockManager] Releasing lock on daemon addresses registry.
2024-11-12T10:50:28.700+0200 [DEBUG] [org.gradle.cache.internal.DefaultFileLockManager] Waiting to acquire shared lock on daemon addresses registry.
2024-11-12T10:50:28.700+0200 [DEBUG] [org.gradle.cache.internal.DefaultFileLockManager] Lock acquired on daemon addresses registry.
2024-11-12T10:50:28.701+0200 [DEBUG] [org.gradle.cache.internal.DefaultFileLockManager] Releasing lock on daemon addresses registry.
2024-11-12T10:50:28.701+0200 [DEBUG] [org.gradle.cache.internal.DefaultFileLockManager] Waiting to acquire shared lock on daemon addresses registry.
2024-11-12T10:50:28.702+0200 [DEBUG] [org.gradle.cache.internal.DefaultFileLockManager] Lock acquired on daemon addresses registry.
2024-11-12T10:50:28.702+0200 [DEBUG] [org.gradle.cache.internal.DefaultFileLockManager] Releasing lock on daemon addresses registry.
2024-11-12T10:50:32.977+0200 [DEBUG] [org.gradle.process.internal.health.memory.DefaultMemoryManager] 409155993 physical memory requested, 298385408 free
2024-11-12T10:50:32.977+0200 [DEBUG] [org.gradle.workers.internal.WorkerDaemonExpiration] Will attempt to release 390 of memory
2024-11-12T10:50:32.977+0200 [DEBUG] [org.gradle.process.internal.health.memory.DefaultMemoryManager] 409155993 physical memory requested, 0 released, 298385408 free
2024-11-12T10:50:37.979+0200 [DEBUG] [org.gradle.process.internal.health.memory.DefaultMemoryManager] 409155993 physical memory requested, 289026048 free
2024-11-12T10:50:37.979+0200 [DEBUG] [org.gradle.workers.internal.WorkerDaemonExpiration] Will attempt to release 390 of memory
2024-11-12T10:50:37.979+0200 [DEBUG] [org.gradle.process.internal.health.memory.DefaultMemoryManager] 409155993 physical memory requested, 0 released, 289026048 free
2024-11-12T10:50:38.702+0200 [DEBUG] [org.gradle.cache.internal.DefaultFileLockManager] Waiting to acquire shared lock on daemon addresses registry.
2024-11-12T10:50:38.703+0200 [DEBUG] [org.gradle.cache.internal.DefaultFileLockManager] Lock acquired on daemon addresses registry.
2024-11-12T10:50:38.704+0200 [DEBUG] [org.gradle.cache.internal.DefaultFileLockManager] Releasing lock on daemon addresses registry.
2024-11-12T10:50:38.708+0200 [DEBUG] [org.gradle.cache.internal.DefaultFileLockManager] Waiting to acquire shared lock on daemon addresses registry.
2024-11-12T10:50:38.709+0200 [DEBUG] [org.gradle.cache.internal.DefaultFileLockManager] Lock acquired on daemon addresses registry.
2024-11-12T10:50:38.711+0200 [DEBUG] [org.gradle.cache.internal.DefaultFileLockManager] Releasing lock on daemon addresses registry.
2024-11-12T10:50:38.713+0200 [DEBUG] [org.gradle.cache.internal.DefaultFileLockManager] Waiting to acquire shared lock on daemon addresses registry.
2024-11-12T10:50:38.714+0200 [DEBUG] [org.gradle.cache.internal.DefaultFileLockManager] Lock acquired on daemon addresses registry.
2024-11-12T10:50:38.715+0200 [DEBUG] [org.gradle.cache.internal.DefaultFileLockManager] Releasing lock on daemon addresses registry.
2024-11-12T10:50:42.993+0200 [DEBUG] [org.gradle.process.internal.health.memory.DefaultMemoryManager] 409155993 physical memory requested, 239341568 free
2024-11-12T10:50:42.994+0200 [DEBUG] [org.gradle.workers.internal.WorkerDaemonExpiration] Will attempt to release 390 of memory
2024-11-12T10:50:42.994+0200 [DEBUG] [org.gradle.process.internal.health.memory.DefaultMemoryManager] 409155993 physical memory requested, 0 released, 239341568 free
2024-11-12T10:50:48.694+0200 [DEBUG] [org.gradle.cache.internal.DefaultFileLockManager] Waiting to acquire shared lock on daemon addresses registry.
2024-11-12T10:50:48.694+0200 [DEBUG] [org.gradle.cache.internal.DefaultFileLockManager] Lock acquired on daemon addresses registry.
2024-11-12T10:50:48.696+0200 [DEBUG] [org.gradle.cache.internal.DefaultFileLockManager] Releasing lock on daemon addresses registry.
2024-11-12T10:50:48.698+0200 [DEBUG] [org.gradle.cache.internal.DefaultFileLockManager] Waiting to acquire shared lock on daemon addresses registry.
2024-11-12T10:50:48.698+0200 [DEBUG] [org.gradle.cache.internal.DefaultFileLockManager] Lock acquired on daemon addresses registry.
2024-11-12T10:50:48.699+0200 [DEBUG] [org.gradle.cache.internal.DefaultFileLockManager] Releasing lock on daemon addresses registry.
2024-11-12T10:50:48.700+0200 [DEBUG] [org.gradle.cache.internal.DefaultFileLockManager] Waiting to acquire shared lock on daemon addresses registry.
2024-11-12T10:50:48.700+0200 [DEBUG] [org.gradle.cache.internal.DefaultFileLockManager] Lock acquired on daemon addresses registry.
2024-11-12T10:50:48.701+0200 [DEBUG] [org.gradle.cache.internal.DefaultFileLockManager] Releasing lock on daemon addresses registry.
2024-11-12T10:50:58.695+0200 [DEBUG] [org.gradle.cache.internal.DefaultFileLockManager] Waiting to acquire shared lock on daemon addresses registry.
2024-11-12T10:50:58.695+0200 [DEBUG] [org.gradle.cache.internal.DefaultFileLockManager] Lock acquired on daemon addresses registry.
2024-11-12T10:50:58.696+0200 [DEBUG] [org.gradle.cache.internal.DefaultFileLockManager] Releasing lock on daemon addresses registry.
2024-11-12T10:50:58.699+0200 [DEBUG] [org.gradle.cache.internal.DefaultFileLockManager] Waiting to acquire shared lock on daemon addresses registry.
2024-11-12T10:50:58.699+0200 [DEBUG] [org.gradle.cache.internal.DefaultFileLockManager] Lock acquired on daemon addresses registry.
2024-11-12T10:50:58.700+0200 [DEBUG] [org.gradle.cache.internal.DefaultFileLockManager] Releasing lock on daemon addresses registry.
2024-11-12T10:50:58.703+0200 [DEBUG] [org.gradle.cache.internal.DefaultFileLockManager] Waiting to acquire shared lock on daemon addresses registry.
2024-11-12T10:50:58.704+0200 [DEBUG] [org.gradle.cache.internal.DefaultFileLockManager] Lock acquired on daemon addresses registry.
2024-11-12T10:50:58.705+0200 [DEBUG] [org.gradle.cache.internal.DefaultFileLockManager] Releasing lock on daemon addresses registry.
2024-11-12T10:51:08.696+0200 [DEBUG] [org.gradle.cache.internal.DefaultFileLockManager] Waiting to acquire shared lock on daemon addresses registry.
2024-11-12T10:51:08.696+0200 [DEBUG] [org.gradle.cache.internal.DefaultFileLockManager] Lock acquired on daemon addresses registry.
2024-11-12T10:51:08.697+0200 [DEBUG] [org.gradle.cache.internal.DefaultFileLockManager] Releasing lock on daemon addresses registry.
2024-11-12T10:51:08.699+0200 [DEBUG] [org.gradle.cache.internal.DefaultFileLockManager] Waiting to acquire shared lock on daemon addresses registry.
2024-11-12T10:51:08.699+0200 [DEBUG] [org.gradle.cache.internal.DefaultFileLockManager] Lock acquired on daemon addresses registry.
2024-11-12T10:51:08.699+0200 [DEBUG] [org.gradle.cache.internal.DefaultFileLockManager] Releasing lock on daemon addresses registry.
2024-11-12T10:51:08.701+0200 [DEBUG] [org.gradle.cache.internal.DefaultFileLockManager] Waiting to acquire shared lock on daemon addresses registry.
2024-11-12T10:51:08.701+0200 [DEBUG] [org.gradle.cache.internal.DefaultFileLockManager] Lock acquired on daemon addresses registry.
2024-11-12T10:51:08.702+0200 [DEBUG] [org.gradle.cache.internal.DefaultFileLockManager] Releasing lock on daemon addresses registry.
2024-11-12T10:51:18.703+0200 [DEBUG] [org.gradle.cache.internal.DefaultFileLockManager] Waiting to acquire shared lock on daemon addresses registry.
2024-11-12T10:51:18.703+0200 [DEBUG] [org.gradle.cache.internal.DefaultFileLockManager] Lock acquired on daemon addresses registry.
2024-11-12T10:51:18.704+0200 [DEBUG] [org.gradle.cache.internal.DefaultFileLockManager] Releasing lock on daemon addresses registry.
2024-11-12T10:51:18.705+0200 [DEBUG] [org.gradle.cache.internal.DefaultFileLockManager] Waiting to acquire shared lock on daemon addresses registry.
2024-11-12T10:51:18.705+0200 [DEBUG] [org.gradle.cache.internal.DefaultFileLockManager] Lock acquired on daemon addresses registry.
2024-11-12T10:51:18.705+0200 [DEBUG] [org.gradle.cache.internal.DefaultFileLockManager] Releasing lock on daemon addresses registry.
2024-11-12T10:51:18.706+0200 [DEBUG] [org.gradle.cache.internal.DefaultFileLockManager] Waiting to acquire shared lock on daemon addresses registry.
2024-11-12T10:51:18.706+0200 [DEBUG] [org.gradle.cache.internal.DefaultFileLockManager] Lock acquired on daemon addresses registry.
2024-11-12T10:51:18.707+0200 [DEBUG] [org.gradle.cache.internal.DefaultFileLockManager] Releasing lock on daemon addresses registry.
2024-11-12T10:51:28.691+0200 [DEBUG] [org.gradle.cache.internal.DefaultFileLockManager] Waiting to acquire shared lock on daemon addresses registry.
2024-11-12T10:51:28.691+0200 [DEBUG] [org.gradle.cache.internal.DefaultFileLockManager] Lock acquired on daemon addresses registry.
2024-11-12T10:51:28.692+0200 [DEBUG] [org.gradle.cache.internal.DefaultFileLockManager] Releasing lock on daemon addresses registry.
2024-11-12T10:51:28.693+0200 [DEBUG] [org.gradle.cache.internal.DefaultFileLockManager] Waiting to acquire shared lock on daemon addresses registry.
2024-11-12T10:51:28.694+0200 [DEBUG] [org.gradle.cache.internal.DefaultFileLockManager] Lock acquired on daemon addresses registry.
2024-11-12T10:51:28.694+0200 [DEBUG] [org.gradle.cache.internal.DefaultFileLockManager] Releasing lock on daemon addresses registry.
2024-11-12T10:51:28.695+0200 [DEBUG] [org.gradle.cache.internal.DefaultFileLockManager] Waiting to acquire shared lock on daemon addresses registry.
2024-11-12T10:51:28.695+0200 [DEBUG] [org.gradle.cache.internal.DefaultFileLockManager] Lock acquired on daemon addresses registry.
2024-11-12T10:51:28.695+0200 [DEBUG] [org.gradle.cache.internal.DefaultFileLockManager] Releasing lock on daemon addresses registry.
2024-11-12T10:51:38.692+0200 [DEBUG] [org.gradle.cache.internal.DefaultFileLockManager] Waiting to acquire shared lock on daemon addresses registry.
2024-11-12T10:51:38.693+0200 [DEBUG] [org.gradle.cache.internal.DefaultFileLockManager] Lock acquired on daemon addresses registry.
2024-11-12T10:51:38.694+0200 [DEBUG] [org.gradle.cache.internal.DefaultFileLockManager] Releasing lock on daemon addresses registry.
2024-11-12T10:51:38.697+0200 [DEBUG] [org.gradle.cache.internal.DefaultFileLockManager] Waiting to acquire shared lock on daemon addresses registry.
2024-11-12T10:51:38.698+0200 [DEBUG] [org.gradle.cache.internal.DefaultFileLockManager] Lock acquired on daemon addresses registry.
2024-11-12T10:51:38.698+0200 [DEBUG] [org.gradle.cache.internal.DefaultFileLockManager] Releasing lock on daemon addresses registry.
2024-11-12T10:51:38.700+0200 [DEBUG] [org.gradle.cache.internal.DefaultFileLockManager] Waiting to acquire shared lock on daemon addresses registry.
2024-11-12T10:51:38.701+0200 [DEBUG] [org.gradle.cache.internal.DefaultFileLockManager] Lock acquired on daemon addresses registry.
2024-11-12T10:51:38.701+0200 [DEBUG] [org.gradle.cache.internal.DefaultFileLockManager] Releasing lock on daemon addresses registry.
2024-11-12T10:51:48.704+0200 [DEBUG] [org.gradle.cache.internal.DefaultFileLockManager] Waiting to acquire shared lock on daemon addresses registry.
2024-11-12T10:51:48.705+0200 [DEBUG] [org.gradle.cache.internal.DefaultFileLockManager] Lock acquired on daemon addresses registry.
2024-11-12T10:51:48.705+0200 [DEBUG] [org.gradle.cache.internal.DefaultFileLockManager] Releasing lock on daemon addresses registry.
2024-11-12T10:51:48.707+0200 [DEBUG] [org.gradle.cache.internal.DefaultFileLockManager] Waiting to acquire shared lock on daemon addresses registry.
2024-11-12T10:51:48.709+0200 [DEBUG] [org.gradle.cache.internal.DefaultFileLockManager] Lock acquired on daemon addresses registry.
2024-11-12T10:51:48.710+0200 [DEBUG] [org.gradle.cache.internal.DefaultFileLockManager] Releasing lock on daemon addresses registry.
2024-11-12T10:51:48.711+0200 [DEBUG] [org.gradle.cache.internal.DefaultFileLockManager] Waiting to acquire shared lock on daemon addresses registry.
2024-11-12T10:51:48.712+0200 [DEBUG] [org.gradle.cache.internal.DefaultFileLockManager] Lock acquired on daemon addresses registry.
2024-11-12T10:51:48.712+0200 [DEBUG] [org.gradle.cache.internal.DefaultFileLockManager] Releasing lock on daemon addresses registry.
2024-11-12T10:51:58.699+0200 [DEBUG] [org.gradle.cache.internal.DefaultFileLockManager] Waiting to acquire shared lock on daemon addresses registry.
2024-11-12T10:51:58.701+0200 [DEBUG] [org.gradle.cache.internal.DefaultFileLockManager] Lock acquired on daemon addresses registry.
2024-11-12T10:51:58.702+0200 [DEBUG] [org.gradle.cache.internal.DefaultFileLockManager] Releasing lock on daemon addresses registry.
2024-11-12T10:51:58.703+0200 [DEBUG] [org.gradle.cache.internal.DefaultFileLockManager] Waiting to acquire shared lock on daemon addresses registry.
2024-11-12T10:51:58.704+0200 [DEBUG] [org.gradle.cache.internal.DefaultFileLockManager] Lock acquired on daemon addresses registry.
2024-11-12T10:51:58.705+0200 [DEBUG] [org.gradle.cache.internal.DefaultFileLockManager] Releasing lock on daemon addresses registry.
2024-11-12T10:51:58.706+0200 [DEBUG] [org.gradle.cache.internal.DefaultFileLockManager] Waiting to acquire shared lock on daemon addresses registry.
2024-11-12T10:51:58.706+0200 [DEBUG] [org.gradle.cache.internal.DefaultFileLockManager] Lock acquired on daemon addresses registry.
2024-11-12T10:51:58.707+0200 [DEBUG] [org.gradle.cache.internal.DefaultFileLockManager] Releasing lock on daemon addresses registry.
2024-11-12T10:52:07.985+0200 [DEBUG] [org.gradle.process.internal.health.memory.DefaultMemoryManager] 409155993 physical memory requested, 356597760 free
2024-11-12T10:52:07.986+0200 [DEBUG] [org.gradle.workers.internal.WorkerDaemonExpiration] Will attempt to release 390 of memory
2024-11-12T10:52:07.986+0200 [DEBUG] [org.gradle.process.internal.health.memory.DefaultMemoryManager] 409155993 physical memory requested, 0 released, 356597760 free
2024-11-12T10:52:08.694+0200 [DEBUG] [org.gradle.cache.internal.DefaultFileLockManager] Waiting to acquire shared lock on daemon addresses registry.
2024-11-12T10:52:08.694+0200 [DEBUG] [org.gradle.cache.internal.DefaultFileLockManager] Lock acquired on daemon addresses registry.
2024-11-12T10:52:08.696+0200 [DEBUG] [org.gradle.cache.internal.DefaultFileLockManager] Releasing lock on daemon addresses registry.
2024-11-12T10:52:08.701+0200 [DEBUG] [org.gradle.cache.internal.DefaultFileLockManager] Waiting to acquire shared lock on daemon addresses registry.
2024-11-12T10:52:08.701+0200 [DEBUG] [org.gradle.cache.internal.DefaultFileLockManager] Lock acquired on daemon addresses registry.
2024-11-12T10:52:08.702+0200 [DEBUG] [org.gradle.cache.internal.DefaultFileLockManager] Releasing lock on daemon addresses registry.
2024-11-12T10:52:08.703+0200 [DEBUG] [org.gradle.cache.internal.DefaultFileLockManager] Waiting to acquire shared lock on daemon addresses registry.
2024-11-12T10:52:08.704+0200 [DEBUG] [org.gradle.cache.internal.DefaultFileLockManager] Lock acquired on daemon addresses registry.
2024-11-12T10:52:08.704+0200 [DEBUG] [org.gradle.cache.internal.DefaultFileLockManager] Releasing lock on daemon addresses registry.
2024-11-12T10:52:12.979+0200 [DEBUG] [org.gradle.process.internal.health.memory.DefaultMemoryManager] 409155993 physical memory requested, 277737472 free
2024-11-12T10:52:12.980+0200 [DEBUG] [org.gradle.workers.internal.WorkerDaemonExpiration] Will attempt to release 390 of memory
2024-11-12T10:52:12.980+0200 [DEBUG] [org.gradle.process.internal.health.memory.DefaultMemoryManager] 409155993 physical memory requested, 0 released, 277737472 free
2024-11-12T10:52:18.695+0200 [DEBUG] [org.gradle.cache.internal.DefaultFileLockManager] Waiting to acquire shared lock on daemon addresses registry.
2024-11-12T10:52:18.695+0200 [DEBUG] [org.gradle.cache.internal.DefaultFileLockManager] Lock acquired on daemon addresses registry.
2024-11-12T10:52:18.696+0200 [DEBUG] [org.gradle.cache.internal.DefaultFileLockManager] Releasing lock on daemon addresses registry.
2024-11-12T10:52:18.699+0200 [DEBUG] [org.gradle.cache.internal.DefaultFileLockManager] Waiting to acquire shared lock on daemon addresses registry.
2024-11-12T10:52:18.700+0200 [DEBUG] [org.gradle.cache.internal.DefaultFileLockManager] Lock acquired on daemon addresses registry.
2024-11-12T10:52:18.700+0200 [DEBUG] [org.gradle.cache.internal.DefaultFileLockManager] Releasing lock on daemon addresses registry.
2024-11-12T10:52:18.706+0200 [DEBUG] [org.gradle.cache.internal.DefaultFileLockManager] Waiting to acquire shared lock on daemon addresses registry.
2024-11-12T10:52:18.706+0200 [DEBUG] [org.gradle.cache.internal.DefaultFileLockManager] Lock acquired on daemon addresses registry.
2024-11-12T10:52:18.707+0200 [DEBUG] [org.gradle.cache.internal.DefaultFileLockManager] Releasing lock on daemon addresses registry.
2024-11-12T10:52:28.703+0200 [DEBUG] [org.gradle.cache.internal.DefaultFileLockManager] Waiting to acquire shared lock on daemon addresses registry.
2024-11-12T10:52:28.703+0200 [DEBUG] [org.gradle.cache.internal.DefaultFileLockManager] Lock acquired on daemon addresses registry.
2024-11-12T10:52:28.704+0200 [DEBUG] [org.gradle.cache.internal.DefaultFileLockManager] Releasing lock on daemon addresses registry.
2024-11-12T10:52:28.706+0200 [DEBUG] [org.gradle.cache.internal.DefaultFileLockManager] Waiting to acquire shared lock on daemon addresses registry.
2024-11-12T10:52:28.707+0200 [DEBUG] [org.gradle.cache.internal.DefaultFileLockManager] Lock acquired on daemon addresses registry.
2024-11-12T10:52:28.708+0200 [DEBUG] [org.gradle.cache.internal.DefaultFileLockManager] Releasing lock on daemon addresses registry.
2024-11-12T10:52:28.710+0200 [DEBUG] [org.gradle.cache.internal.DefaultFileLockManager] Waiting to acquire shared lock on daemon addresses registry.
2024-11-12T10:52:28.710+0200 [DEBUG] [org.gradle.cache.internal.DefaultFileLockManager] Lock acquired on daemon addresses registry.
2024-11-12T10:52:28.711+0200 [DEBUG] [org.gradle.cache.internal.DefaultFileLockManager] Releasing lock on daemon addresses registry.
2024-11-12T10:52:32.979+0200 [DEBUG] [org.gradle.process.internal.health.memory.DefaultMemoryManager] 409155993 physical memory requested, 403193856 free
2024-11-12T10:52:32.980+0200 [DEBUG] [org.gradle.workers.internal.WorkerDaemonExpiration] Will attempt to release 390 of memory
2024-11-12T10:52:32.980+0200 [DEBUG] [org.gradle.process.internal.health.memory.DefaultMemoryManager] 409155993 physical memory requested, 0 released, 403193856 free
2024-11-12T10:52:37.976+0200 [DEBUG] [org.gradle.process.internal.health.memory.DefaultMemoryManager] 409155993 physical memory requested, 397836288 free
2024-11-12T10:52:37.977+0200 [DEBUG] [org.gradle.workers.internal.WorkerDaemonExpiration] Will attempt to release 390 of memory
2024-11-12T10:52:37.977+0200 [DEBUG] [org.gradle.process.internal.health.memory.DefaultMemoryManager] 409155993 physical memory requested, 0 released, 397836288 free
2024-11-12T10:52:38.693+0200 [DEBUG] [org.gradle.cache.internal.DefaultFileLockManager] Waiting to acquire shared lock on daemon addresses registry.
2024-11-12T10:52:38.693+0200 [DEBUG] [org.gradle.cache.internal.DefaultFileLockManager] Lock acquired on daemon addresses registry.
2024-11-12T10:52:38.694+0200 [DEBUG] [org.gradle.cache.internal.DefaultFileLockManager] Releasing lock on daemon addresses registry.
2024-11-12T10:52:38.696+0200 [DEBUG] [org.gradle.cache.internal.DefaultFileLockManager] Waiting to acquire shared lock on daemon addresses registry.
2024-11-12T10:52:38.696+0200 [DEBUG] [org.gradle.cache.internal.DefaultFileLockManager] Lock acquired on daemon addresses registry.
2024-11-12T10:52:38.696+0200 [DEBUG] [org.gradle.cache.internal.DefaultFileLockManager] Releasing lock on daemon addresses registry.
2024-11-12T10:52:38.697+0200 [DEBUG] [org.gradle.cache.internal.DefaultFileLockManager] Waiting to acquire shared lock on daemon addresses registry.
2024-11-12T10:52:38.698+0200 [DEBUG] [org.gradle.cache.internal.DefaultFileLockManager] Lock acquired on daemon addresses registry.
2024-11-12T10:52:38.698+0200 [DEBUG] [org.gradle.cache.internal.DefaultFileLockManager] Releasing lock on daemon addresses registry.
2024-11-12T10:52:42.981+0200 [DEBUG] [org.gradle.process.internal.health.memory.DefaultMemoryManager] 409155993 physical memory requested, 388337664 free
2024-11-12T10:52:42.982+0200 [DEBUG] [org.gradle.workers.internal.WorkerDaemonExpiration] Will attempt to release 390 of memory
2024-11-12T10:52:42.982+0200 [DEBUG] [org.gradle.process.internal.health.memory.DefaultMemoryManager] 409155993 physical memory requested, 0 released, 388337664 free
2024-11-12T10:52:47.972+0200 [DEBUG] [org.gradle.process.internal.health.memory.DefaultMemoryManager] 409155993 physical memory requested, 346640384 free
2024-11-12T10:52:47.972+0200 [DEBUG] [org.gradle.workers.internal.WorkerDaemonExpiration] Will attempt to release 390 of memory
2024-11-12T10:52:47.972+0200 [DEBUG] [org.gradle.process.internal.health.memory.DefaultMemoryManager] 409155993 physical memory requested, 0 released, 346640384 free
2024-11-12T10:52:48.706+0200 [DEBUG] [org.gradle.cache.internal.DefaultFileLockManager] Waiting to acquire shared lock on daemon addresses registry.
2024-11-12T10:52:48.707+0200 [DEBUG] [org.gradle.cache.internal.DefaultFileLockManager] Lock acquired on daemon addresses registry.
2024-11-12T10:52:48.708+0200 [DEBUG] [org.gradle.cache.internal.DefaultFileLockManager] Releasing lock on daemon addresses registry.
2024-11-12T10:52:48.714+0200 [DEBUG] [org.gradle.cache.internal.DefaultFileLockManager] Waiting to acquire shared lock on daemon addresses registry.
2024-11-12T10:52:48.714+0200 [DEBUG] [org.gradle.cache.internal.DefaultFileLockManager] Lock acquired on daemon addresses registry.
2024-11-12T10:52:48.716+0200 [DEBUG] [org.gradle.cache.internal.DefaultFileLockManager] Releasing lock on daemon addresses registry.
2024-11-12T10:52:48.718+0200 [DEBUG] [org.gradle.cache.internal.DefaultFileLockManager] Waiting to acquire shared lock on daemon addresses registry.
2024-11-12T10:52:48.719+0200 [DEBUG] [org.gradle.cache.internal.DefaultFileLockManager] Lock acquired on daemon addresses registry.
2024-11-12T10:52:48.720+0200 [DEBUG] [org.gradle.cache.internal.DefaultFileLockManager] Releasing lock on daemon addresses registry.
2024-11-12T10:52:52.981+0200 [DEBUG] [org.gradle.process.internal.health.memory.DefaultMemoryManager] 409155993 physical memory requested, 336773120 free
2024-11-12T10:52:52.981+0200 [DEBUG] [org.gradle.workers.internal.WorkerDaemonExpiration] Will attempt to release 390 of memory
2024-11-12T10:52:52.982+0200 [DEBUG] [org.gradle.process.internal.health.memory.DefaultMemoryManager] 409155993 physical memory requested, 0 released, 336773120 free
2024-11-12T10:52:57.982+0200 [DEBUG] [org.gradle.process.internal.health.memory.DefaultMemoryManager] 409155993 physical memory requested, 331591680 free
2024-11-12T10:52:57.983+0200 [DEBUG] [org.gradle.workers.internal.WorkerDaemonExpiration] Will attempt to release 390 of memory
2024-11-12T10:52:57.983+0200 [DEBUG] [org.gradle.process.internal.health.memory.DefaultMemoryManager] 409155993 physical memory requested, 0 released, 331591680 free
2024-11-12T10:52:58.697+0200 [DEBUG] [org.gradle.cache.internal.DefaultFileLockManager] Waiting to acquire shared lock on daemon addresses registry.
2024-11-12T10:52:58.698+0200 [DEBUG] [org.gradle.cache.internal.DefaultFileLockManager] Lock acquired on daemon addresses registry.
2024-11-12T10:52:58.699+0200 [DEBUG] [org.gradle.cache.internal.DefaultFileLockManager] Releasing lock on daemon addresses registry.
2024-11-12T10:52:58.704+0200 [DEBUG] [org.gradle.cache.internal.DefaultFileLockManager] Waiting to acquire shared lock on daemon addresses registry.
2024-11-12T10:52:58.704+0200 [DEBUG] [org.gradle.cache.internal.DefaultFileLockManager] Lock acquired on daemon addresses registry.
2024-11-12T10:52:58.706+0200 [DEBUG] [org.gradle.cache.internal.DefaultFileLockManager] Releasing lock on daemon addresses registry.
2024-11-12T10:52:58.707+0200 [DEBUG] [org.gradle.cache.internal.DefaultFileLockManager] Waiting to acquire shared lock on daemon addresses registry.
2024-11-12T10:52:58.708+0200 [DEBUG] [org.gradle.cache.internal.DefaultFileLockManager] Lock acquired on daemon addresses registry.
2024-11-12T10:52:58.709+0200 [DEBUG] [org.gradle.cache.internal.DefaultFileLockManager] Releasing lock on daemon addresses registry.
2024-11-12T10:53:02.983+0200 [DEBUG] [org.gradle.process.internal.health.memory.DefaultMemoryManager] 409155993 physical memory requested, 311349248 free
2024-11-12T10:53:02.983+0200 [DEBUG] [org.gradle.workers.internal.WorkerDaemonExpiration] Will attempt to release 390 of memory
2024-11-12T10:53:02.983+0200 [DEBUG] [org.gradle.process.internal.health.memory.DefaultMemoryManager] 409155993 physical memory requested, 0 released, 311349248 free
2024-11-12T10:53:07.982+0200 [DEBUG] [org.gradle.process.internal.health.memory.DefaultMemoryManager] 409155993 physical memory requested, 306192384 free
2024-11-12T10:53:07.982+0200 [DEBUG] [org.gradle.workers.internal.WorkerDaemonExpiration] Will attempt to release 390 of memory
2024-11-12T10:53:07.982+0200 [DEBUG] [org.gradle.process.internal.health.memory.DefaultMemoryManager] 409155993 physical memory requested, 0 released, 306192384 free
2024-11-12T10:53:08.701+0200 [DEBUG] [org.gradle.cache.internal.DefaultFileLockManager] Waiting to acquire shared lock on daemon addresses registry.
2024-11-12T10:53:08.702+0200 [DEBUG] [org.gradle.cache.internal.DefaultFileLockManager] Lock acquired on daemon addresses registry.
2024-11-12T10:53:08.702+0200 [DEBUG] [org.gradle.cache.internal.DefaultFileLockManager] Releasing lock on daemon addresses registry.
2024-11-12T10:53:08.703+0200 [DEBUG] [org.gradle.cache.internal.DefaultFileLockManager] Waiting to acquire shared lock on daemon addresses registry.
2024-11-12T10:53:08.703+0200 [DEBUG] [org.gradle.cache.internal.DefaultFileLockManager] Lock acquired on daemon addresses registry.
2024-11-12T10:53:08.704+0200 [DEBUG] [org.gradle.cache.internal.DefaultFileLockManager] Releasing lock on daemon addresses registry.
2024-11-12T10:53:08.705+0200 [DEBUG] [org.gradle.cache.internal.DefaultFileLockManager] Waiting to acquire shared lock on daemon addresses registry.
2024-11-12T10:53:08.705+0200 [DEBUG] [org.gradle.cache.internal.DefaultFileLockManager] Lock acquired on daemon addresses registry.
2024-11-12T10:53:08.706+0200 [DEBUG] [org.gradle.cache.internal.DefaultFileLockManager] Releasing lock on daemon addresses registry.
2024-11-12T10:53:12.975+0200 [DEBUG] [org.gradle.process.internal.health.memory.DefaultMemoryManager] 409155993 physical memory requested, 297881600 free
2024-11-12T10:53:12.975+0200 [DEBUG] [org.gradle.workers.internal.WorkerDaemonExpiration] Will attempt to release 390 of memory
2024-11-12T10:53:12.975+0200 [DEBUG] [org.gradle.process.internal.health.memory.DefaultMemoryManager] 409155993 physical memory requested, 0 released, 297881600 free
2024-11-12T10:53:17.984+0200 [DEBUG] [org.gradle.process.internal.health.memory.DefaultMemoryManager] 409155993 physical memory requested, 291725312 free
2024-11-12T10:53:17.984+0200 [DEBUG] [org.gradle.workers.internal.WorkerDaemonExpiration] Will attempt to release 390 of memory
2024-11-12T10:53:17.985+0200 [DEBUG] [org.gradle.process.internal.health.memory.DefaultMemoryManager] 409155993 physical memory requested, 0 released, 291725312 free
2024-11-12T10:53:18.697+0200 [DEBUG] [org.gradle.cache.internal.DefaultFileLockManager] Waiting to acquire shared lock on daemon addresses registry.
2024-11-12T10:53:18.697+0200 [DEBUG] [org.gradle.cache.internal.DefaultFileLockManager] Lock acquired on daemon addresses registry.
2024-11-12T10:53:18.698+0200 [DEBUG] [org.gradle.cache.internal.DefaultFileLockManager] Releasing lock on daemon addresses registry.
2024-11-12T10:53:18.701+0200 [DEBUG] [org.gradle.cache.internal.DefaultFileLockManager] Waiting to acquire shared lock on daemon addresses registry.
2024-11-12T10:53:18.701+0200 [DEBUG] [org.gradle.cache.internal.DefaultFileLockManager] Lock acquired on daemon addresses registry.
2024-11-12T10:53:18.702+0200 [DEBUG] [org.gradle.cache.internal.DefaultFileLockManager] Releasing lock on daemon addresses registry.
2024-11-12T10:53:18.704+0200 [DEBUG] [org.gradle.cache.internal.DefaultFileLockManager] Waiting to acquire shared lock on daemon addresses registry.
2024-11-12T10:53:18.704+0200 [DEBUG] [org.gradle.cache.internal.DefaultFileLockManager] Lock acquired on daemon addresses registry.
2024-11-12T10:53:18.705+0200 [DEBUG] [org.gradle.cache.internal.DefaultFileLockManager] Releasing lock on daemon addresses registry.
2024-11-12T10:53:22.977+0200 [DEBUG] [org.gradle.process.internal.health.memory.DefaultMemoryManager] 409155993 physical memory requested, 289239040 free
2024-11-12T10:53:22.977+0200 [DEBUG] [org.gradle.workers.internal.WorkerDaemonExpiration] Will attempt to release 390 of memory
2024-11-12T10:53:22.977+0200 [DEBUG] [org.gradle.process.internal.health.memory.DefaultMemoryManager] 409155993 physical memory requested, 0 released, 289239040 free
2024-11-12T10:53:27.977+0200 [DEBUG] [org.gradle.process.internal.health.memory.DefaultMemoryManager] 409155993 physical memory requested, 299220992 free
2024-11-12T10:53:27.977+0200 [DEBUG] [org.gradle.workers.internal.WorkerDaemonExpiration] Will attempt to release 390 of memory
2024-11-12T10:53:27.977+0200 [DEBUG] [org.gradle.process.internal.health.memory.DefaultMemoryManager] 409155993 physical memory requested, 0 released, 299220992 free
2024-11-12T10:53:28.704+0200 [DEBUG] [org.gradle.cache.internal.DefaultFileLockManager] Waiting to acquire shared lock on daemon addresses registry.
2024-11-12T10:53:28.704+0200 [DEBUG] [org.gradle.cache.internal.DefaultFileLockManager] Lock acquired on daemon addresses registry.
2024-11-12T10:53:28.705+0200 [DEBUG] [org.gradle.cache.internal.DefaultFileLockManager] Releasing lock on daemon addresses registry.
2024-11-12T10:53:28.707+0200 [DEBUG] [org.gradle.cache.internal.DefaultFileLockManager] Waiting to acquire shared lock on daemon addresses registry.
2024-11-12T10:53:28.707+0200 [DEBUG] [org.gradle.cache.internal.DefaultFileLockManager] Lock acquired on daemon addresses registry.
2024-11-12T10:53:28.725+0200 [DEBUG] [org.gradle.cache.internal.DefaultFileLockManager] Releasing lock on daemon addresses registry.
2024-11-12T10:53:28.728+0200 [DEBUG] [org.gradle.cache.internal.DefaultFileLockManager] Waiting to acquire shared lock on daemon addresses registry.
2024-11-12T10:53:28.728+0200 [DEBUG] [org.gradle.cache.internal.DefaultFileLockManager] Lock acquired on daemon addresses registry.
2024-11-12T10:53:28.729+0200 [DEBUG] [org.gradle.cache.internal.DefaultFileLockManager] Releasing lock on daemon addresses registry.
2024-11-12T10:53:32.975+0200 [DEBUG] [org.gradle.process.internal.health.memory.DefaultMemoryManager] 409155993 physical memory requested, 285319168 free
2024-11-12T10:53:32.976+0200 [DEBUG] [org.gradle.workers.internal.WorkerDaemonExpiration] Will attempt to release 390 of memory
2024-11-12T10:53:32.976+0200 [DEBUG] [org.gradle.process.internal.health.memory.DefaultMemoryManager] 409155993 physical memory requested, 0 released, 285319168 free
2024-11-12T10:53:37.971+0200 [DEBUG] [org.gradle.process.internal.health.memory.DefaultMemoryManager] 409155993 physical memory requested, 283107328 free
2024-11-12T10:53:37.971+0200 [DEBUG] [org.gradle.workers.internal.WorkerDaemonExpiration] Will attempt to release 390 of memory
2024-11-12T10:53:37.971+0200 [DEBUG] [org.gradle.process.internal.health.memory.DefaultMemoryManager] 409155993 physical memory requested, 0 released, 283107328 free
2024-11-12T10:53:38.692+0200 [DEBUG] [org.gradle.cache.internal.DefaultFileLockManager] Waiting to acquire shared lock on daemon addresses registry.
2024-11-12T10:53:38.692+0200 [DEBUG] [org.gradle.cache.internal.DefaultFileLockManager] Lock acquired on daemon addresses registry.
2024-11-12T10:53:38.693+0200 [DEBUG] [org.gradle.cache.internal.DefaultFileLockManager] Releasing lock on daemon addresses registry.
2024-11-12T10:53:38.695+0200 [DEBUG] [org.gradle.cache.internal.DefaultFileLockManager] Waiting to acquire shared lock on daemon addresses registry.
2024-11-12T10:53:38.695+0200 [DEBUG] [org.gradle.cache.internal.DefaultFileLockManager] Lock acquired on daemon addresses registry.
2024-11-12T10:53:38.696+0200 [DEBUG] [org.gradle.cache.internal.DefaultFileLockManager] Releasing lock on daemon addresses registry.
2024-11-12T10:53:38.698+0200 [DEBUG] [org.gradle.cache.internal.DefaultFileLockManager] Waiting to acquire shared lock on daemon addresses registry.
2024-11-12T10:53:38.699+0200 [DEBUG] [org.gradle.cache.internal.DefaultFileLockManager] Lock acquired on daemon addresses registry.
2024-11-12T10:53:38.699+0200 [DEBUG] [org.gradle.cache.internal.DefaultFileLockManager] Releasing lock on daemon addresses registry.
2024-11-12T10:53:42.971+0200 [DEBUG] [org.gradle.process.internal.health.memory.DefaultMemoryManager] 409155993 physical memory requested, 274837504 free
2024-11-12T10:53:42.972+0200 [DEBUG] [org.gradle.workers.internal.WorkerDaemonExpiration] Will attempt to release 390 of memory
2024-11-12T10:53:42.972+0200 [DEBUG] [org.gradle.process.internal.health.memory.DefaultMemoryManager] 409155993 physical memory requested, 0 released, 274837504 free
2024-11-12T10:53:48.700+0200 [DEBUG] [org.gradle.cache.internal.DefaultFileLockManager] Waiting to acquire shared lock on daemon addresses registry.
2024-11-12T10:53:48.701+0200 [DEBUG] [org.gradle.cache.internal.DefaultFileLockManager] Lock acquired on daemon addresses registry.
2024-11-12T10:53:48.701+0200 [DEBUG] [org.gradle.cache.internal.DefaultFileLockManager] Releasing lock on daemon addresses registry.
2024-11-12T10:53:48.703+0200 [DEBUG] [org.gradle.cache.internal.DefaultFileLockManager] Waiting to acquire shared lock on daemon addresses registry.
2024-11-12T10:53:48.703+0200 [DEBUG] [org.gradle.cache.internal.DefaultFileLockManager] Lock acquired on daemon addresses registry.
2024-11-12T10:53:48.703+0200 [DEBUG] [org.gradle.cache.internal.DefaultFileLockManager] Releasing lock on daemon addresses registry.
2024-11-12T10:53:48.704+0200 [DEBUG] [org.gradle.cache.internal.DefaultFileLockManager] Waiting to acquire shared lock on daemon addresses registry.
2024-11-12T10:53:48.704+0200 [DEBUG] [org.gradle.cache.internal.DefaultFileLockManager] Lock acquired on daemon addresses registry.
2024-11-12T10:53:48.705+0200 [DEBUG] [org.gradle.cache.internal.DefaultFileLockManager] Releasing lock on daemon addresses registry.
2024-11-12T10:53:58.706+0200 [DEBUG] [org.gradle.cache.internal.DefaultFileLockManager] Waiting to acquire shared lock on daemon addresses registry.
2024-11-12T10:53:58.706+0200 [DEBUG] [org.gradle.cache.internal.DefaultFileLockManager] Lock acquired on daemon addresses registry.
2024-11-12T10:53:58.707+0200 [DEBUG] [org.gradle.cache.internal.DefaultFileLockManager] Releasing lock on daemon addresses registry.
2024-11-12T10:53:58.710+0200 [DEBUG] [org.gradle.cache.internal.DefaultFileLockManager] Waiting to acquire shared lock on daemon addresses registry.
2024-11-12T10:53:58.710+0200 [DEBUG] [org.gradle.cache.internal.DefaultFileLockManager] Lock acquired on daemon addresses registry.
2024-11-12T10:53:58.711+0200 [DEBUG] [org.gradle.cache.internal.DefaultFileLockManager] Releasing lock on daemon addresses registry.
2024-11-12T10:53:58.714+0200 [DEBUG] [org.gradle.cache.internal.DefaultFileLockManager] Waiting to acquire shared lock on daemon addresses registry.
2024-11-12T10:53:58.715+0200 [DEBUG] [org.gradle.cache.internal.DefaultFileLockManager] Lock acquired on daemon addresses registry.
2024-11-12T10:53:58.716+0200 [DEBUG] [org.gradle.cache.internal.DefaultFileLockManager] Releasing lock on daemon addresses registry.
2024-11-12T10:54:08.707+0200 [DEBUG] [org.gradle.cache.internal.DefaultFileLockManager] Waiting to acquire shared lock on daemon addresses registry.
2024-11-12T10:54:08.709+0200 [DEBUG] [org.gradle.cache.internal.DefaultFileLockManager] Lock acquired on daemon addresses registry.
2024-11-12T10:54:08.710+0200 [DEBUG] [org.gradle.cache.internal.DefaultFileLockManager] Releasing lock on daemon addresses registry.
2024-11-12T10:54:08.713+0200 [DEBUG] [org.gradle.cache.internal.DefaultFileLockManager] Waiting to acquire shared lock on daemon addresses registry.
2024-11-12T10:54:08.714+0200 [DEBUG] [org.gradle.cache.internal.DefaultFileLockManager] Lock acquired on daemon addresses registry.
2024-11-12T10:54:08.715+0200 [DEBUG] [org.gradle.cache.internal.DefaultFileLockManager] Releasing lock on daemon addresses registry.
2024-11-12T10:54:08.717+0200 [DEBUG] [org.gradle.cache.internal.DefaultFileLockManager] Waiting to acquire shared lock on daemon addresses registry.
2024-11-12T10:54:08.717+0200 [DEBUG] [org.gradle.cache.internal.DefaultFileLockManager] Lock acquired on daemon addresses registry.
2024-11-12T10:54:08.718+0200 [DEBUG] [org.gradle.cache.internal.DefaultFileLockManager] Releasing lock on daemon addresses registry.
2024-11-12T10:54:18.706+0200 [DEBUG] [org.gradle.cache.internal.DefaultFileLockManager] Waiting to acquire shared lock on daemon addresses registry.
2024-11-12T10:54:18.707+0200 [DEBUG] [org.gradle.cache.internal.DefaultFileLockManager] Lock acquired on daemon addresses registry.
2024-11-12T10:54:18.707+0200 [DEBUG] [org.gradle.cache.internal.DefaultFileLockManager] Releasing lock on daemon addresses registry.
2024-11-12T10:54:18.709+0200 [DEBUG] [org.gradle.cache.internal.DefaultFileLockManager] Waiting to acquire shared lock on daemon addresses registry.
2024-11-12T10:54:18.709+0200 [DEBUG] [org.gradle.cache.internal.DefaultFileLockManager] Lock acquired on daemon addresses registry.
2024-11-12T10:54:18.712+0200 [DEBUG] [org.gradle.cache.internal.DefaultFileLockManager] Releasing lock on daemon addresses registry.
2024-11-12T10:54:18.713+0200 [DEBUG] [org.gradle.cache.internal.DefaultFileLockManager] Waiting to acquire shared lock on daemon addresses registry.
2024-11-12T10:54:18.713+0200 [DEBUG] [org.gradle.cache.internal.DefaultFileLockManager] Lock acquired on daemon addresses registry.
2024-11-12T10:54:18.714+0200 [DEBUG] [org.gradle.cache.internal.DefaultFileLockManager] Releasing lock on daemon addresses registry.
2024-11-12T10:54:28.704+0200 [DEBUG] [org.gradle.cache.internal.DefaultFileLockManager] Waiting to acquire shared lock on daemon addresses registry.
2024-11-12T10:54:28.705+0200 [DEBUG] [org.gradle.cache.internal.DefaultFileLockManager] Lock acquired on daemon addresses registry.
2024-11-12T10:54:28.712+0200 [DEBUG] [org.gradle.cache.internal.DefaultFileLockManager] Releasing lock on daemon addresses registry.
2024-11-12T10:54:28.713+0200 [DEBUG] [org.gradle.cache.internal.DefaultFileLockManager] Waiting to acquire shared lock on daemon addresses registry.
2024-11-12T10:54:28.714+0200 [DEBUG] [org.gradle.cache.internal.DefaultFileLockManager] Lock acquired on daemon addresses registry.
2024-11-12T10:54:28.715+0200 [DEBUG] [org.gradle.cache.internal.DefaultFileLockManager] Releasing lock on daemon addresses registry.
2024-11-12T10:54:28.716+0200 [DEBUG] [org.gradle.cache.internal.DefaultFileLockManager] Waiting to acquire shared lock on daemon addresses registry.
2024-11-12T10:54:28.716+0200 [DEBUG] [org.gradle.cache.internal.DefaultFileLockManager] Lock acquired on daemon addresses registry.
2024-11-12T10:54:28.716+0200 [DEBUG] [org.gradle.cache.internal.DefaultFileLockManager] Releasing lock on daemon addresses registry.
2024-11-12T10:54:38.693+0200 [DEBUG] [org.gradle.cache.internal.DefaultFileLockManager] Waiting to acquire shared lock on daemon addresses registry.
2024-11-12T10:54:38.694+0200 [DEBUG] [org.gradle.cache.internal.DefaultFileLockManager] Lock acquired on daemon addresses registry.
2024-11-12T10:54:38.695+0200 [DEBUG] [org.gradle.cache.internal.DefaultFileLockManager] Releasing lock on daemon addresses registry.
2024-11-12T10:54:38.697+0200 [DEBUG] [org.gradle.cache.internal.DefaultFileLockManager] Waiting to acquire shared lock on daemon addresses registry.
2024-11-12T10:54:38.698+0200 [DEBUG] [org.gradle.cache.internal.DefaultFileLockManager] Lock acquired on daemon addresses registry.
2024-11-12T10:54:38.700+0200 [DEBUG] [org.gradle.cache.internal.DefaultFileLockManager] Releasing lock on daemon addresses registry.
2024-11-12T10:54:38.701+0200 [DEBUG] [org.gradle.cache.internal.DefaultFileLockManager] Waiting to acquire shared lock on daemon addresses registry.
2024-11-12T10:54:38.702+0200 [DEBUG] [org.gradle.cache.internal.DefaultFileLockManager] Lock acquired on daemon addresses registry.
2024-11-12T10:54:38.702+0200 [DEBUG] [org.gradle.cache.internal.DefaultFileLockManager] Releasing lock on daemon addresses registry.
2024-11-12T10:54:48.691+0200 [DEBUG] [org.gradle.cache.internal.DefaultFileLockManager] Waiting to acquire shared lock on daemon addresses registry.
2024-11-12T10:54:48.691+0200 [DEBUG] [org.gradle.cache.internal.DefaultFileLockManager] Lock acquired on daemon addresses registry.
2024-11-12T10:54:48.692+0200 [DEBUG] [org.gradle.cache.internal.DefaultFileLockManager] Releasing lock on daemon addresses registry.
2024-11-12T10:54:48.693+0200 [DEBUG] [org.gradle.cache.internal.DefaultFileLockManager] Waiting to acquire shared lock on daemon addresses registry.
2024-11-12T10:54:48.693+0200 [DEBUG] [org.gradle.cache.internal.DefaultFileLockManager] Lock acquired on daemon addresses registry.
2024-11-12T10:54:48.695+0200 [DEBUG] [org.gradle.cache.internal.DefaultFileLockManager] Releasing lock on daemon addresses registry.
2024-11-12T10:54:48.698+0200 [DEBUG] [org.gradle.cache.internal.DefaultFileLockManager] Waiting to acquire shared lock on daemon addresses registry.
2024-11-12T10:54:48.699+0200 [DEBUG] [org.gradle.cache.internal.DefaultFileLockManager] Lock acquired on daemon addresses registry.
2024-11-12T10:54:48.699+0200 [DEBUG] [org.gradle.cache.internal.DefaultFileLockManager] Releasing lock on daemon addresses registry.
2024-11-12T10:54:58.695+0200 [DEBUG] [org.gradle.cache.internal.DefaultFileLockManager] Waiting to acquire shared lock on daemon addresses registry.
2024-11-12T10:54:58.695+0200 [DEBUG] [org.gradle.cache.internal.DefaultFileLockManager] Lock acquired on daemon addresses registry.
2024-11-12T10:54:58.696+0200 [DEBUG] [org.gradle.cache.internal.DefaultFileLockManager] Releasing lock on daemon addresses registry.
2024-11-12T10:54:58.697+0200 [DEBUG] [org.gradle.cache.internal.DefaultFileLockManager] Waiting to acquire shared lock on daemon addresses registry.
2024-11-12T10:54:58.697+0200 [DEBUG] [org.gradle.cache.internal.DefaultFileLockManager] Lock acquired on daemon addresses registry.
2024-11-12T10:54:58.698+0200 [DEBUG] [org.gradle.cache.internal.DefaultFileLockManager] Releasing lock on daemon addresses registry.
2024-11-12T10:54:58.700+0200 [DEBUG] [org.gradle.cache.internal.DefaultFileLockManager] Waiting to acquire shared lock on daemon addresses registry.
2024-11-12T10:54:58.700+0200 [DEBUG] [org.gradle.cache.internal.DefaultFileLockManager] Lock acquired on daemon addresses registry.
2024-11-12T10:54:58.703+0200 [DEBUG] [org.gradle.cache.internal.DefaultFileLockManager] Releasing lock on daemon addresses registry.
2024-11-12T10:55:08.694+0200 [DEBUG] [org.gradle.cache.internal.DefaultFileLockManager] Waiting to acquire shared lock on daemon addresses registry.
2024-11-12T10:55:08.695+0200 [DEBUG] [org.gradle.cache.internal.DefaultFileLockManager] Lock acquired on daemon addresses registry.
2024-11-12T10:55:08.695+0200 [DEBUG] [org.gradle.cache.internal.DefaultFileLockManager] Releasing lock on daemon addresses registry.
2024-11-12T10:55:08.697+0200 [DEBUG] [org.gradle.cache.internal.DefaultFileLockManager] Waiting to acquire shared lock on daemon addresses registry.
2024-11-12T10:55:08.697+0200 [DEBUG] [org.gradle.cache.internal.DefaultFileLockManager] Lock acquired on daemon addresses registry.
2024-11-12T10:55:08.698+0200 [DEBUG] [org.gradle.cache.internal.DefaultFileLockManager] Releasing lock on daemon addresses registry.
2024-11-12T10:55:08.699+0200 [DEBUG] [org.gradle.cache.internal.DefaultFileLockManager] Waiting to acquire shared lock on daemon addresses registry.
2024-11-12T10:55:08.699+0200 [DEBUG] [org.gradle.cache.internal.DefaultFileLockManager] Lock acquired on daemon addresses registry.
2024-11-12T10:55:08.699+0200 [DEBUG] [org.gradle.cache.internal.DefaultFileLockManager] Releasing lock on daemon addresses registry.
2024-11-12T10:55:18.696+0200 [DEBUG] [org.gradle.cache.internal.DefaultFileLockManager] Waiting to acquire shared lock on daemon addresses registry.
2024-11-12T10:55:18.696+0200 [DEBUG] [org.gradle.cache.internal.DefaultFileLockManager] Lock acquired on daemon addresses registry.
2024-11-12T10:55:18.699+0200 [DEBUG] [org.gradle.cache.internal.DefaultFileLockManager] Releasing lock on daemon addresses registry.
2024-11-12T10:55:18.702+0200 [DEBUG] [org.gradle.cache.internal.DefaultFileLockManager] Waiting to acquire shared lock on daemon addresses registry.
2024-11-12T10:55:18.702+0200 [DEBUG] [org.gradle.cache.internal.DefaultFileLockManager] Lock acquired on daemon addresses registry.
2024-11-12T10:55:18.703+0200 [DEBUG] [org.gradle.cache.internal.DefaultFileLockManager] Releasing lock on daemon addresses registry.
2024-11-12T10:55:18.705+0200 [DEBUG] [org.gradle.cache.internal.DefaultFileLockManager] Waiting to acquire shared lock on daemon addresses registry.
2024-11-12T10:55:18.705+0200 [DEBUG] [org.gradle.cache.internal.DefaultFileLockManager] Lock acquired on daemon addresses registry.
2024-11-12T10:55:18.706+0200 [DEBUG] [org.gradle.cache.internal.DefaultFileLockManager] Releasing lock on daemon addresses registry.
2024-11-12T10:55:28.701+0200 [DEBUG] [org.gradle.cache.internal.DefaultFileLockManager] Waiting to acquire shared lock on daemon addresses registry.
2024-11-12T10:55:28.701+0200 [DEBUG] [org.gradle.cache.internal.DefaultFileLockManager] Lock acquired on daemon addresses registry.
2024-11-12T10:55:28.702+0200 [DEBUG] [org.gradle.cache.internal.DefaultFileLockManager] Releasing lock on daemon addresses registry.
2024-11-12T10:55:28.706+0200 [DEBUG] [org.gradle.cache.internal.DefaultFileLockManager] Waiting to acquire shared lock on daemon addresses registry.
2024-11-12T10:55:28.706+0200 [DEBUG] [org.gradle.cache.internal.DefaultFileLockManager] Lock acquired on daemon addresses registry.
2024-11-12T10:55:28.706+0200 [DEBUG] [org.gradle.cache.internal.DefaultFileLockManager] Releasing lock on daemon addresses registry.
2024-11-12T10:55:28.709+0200 [DEBUG] [org.gradle.cache.internal.DefaultFileLockManager] Waiting to acquire shared lock on daemon addresses registry.
2024-11-12T10:55:28.709+0200 [DEBUG] [org.gradle.cache.internal.DefaultFileLockManager] Lock acquired on daemon addresses registry.
2024-11-12T10:55:28.710+0200 [DEBUG] [org.gradle.cache.internal.DefaultFileLockManager] Releasing lock on daemon addresses registry.
2024-11-12T10:55:38.700+0200 [DEBUG] [org.gradle.cache.internal.DefaultFileLockManager] Waiting to acquire shared lock on daemon addresses registry.
2024-11-12T10:55:38.700+0200 [DEBUG] [org.gradle.cache.internal.DefaultFileLockManager] Lock acquired on daemon addresses registry.
2024-11-12T10:55:38.701+0200 [DEBUG] [org.gradle.cache.internal.DefaultFileLockManager] Releasing lock on daemon addresses registry.
2024-11-12T10:55:38.702+0200 [DEBUG] [org.gradle.cache.internal.DefaultFileLockManager] Waiting to acquire shared lock on daemon addresses registry.
2024-11-12T10:55:38.703+0200 [DEBUG] [org.gradle.cache.internal.DefaultFileLockManager] Lock acquired on daemon addresses registry.
2024-11-12T10:55:38.703+0200 [DEBUG] [org.gradle.cache.internal.DefaultFileLockManager] Releasing lock on daemon addresses registry.
2024-11-12T10:55:38.704+0200 [DEBUG] [org.gradle.cache.internal.DefaultFileLockManager] Waiting to acquire shared lock on daemon addresses registry.
2024-11-12T10:55:38.704+0200 [DEBUG] [org.gradle.cache.internal.DefaultFileLockManager] Lock acquired on daemon addresses registry.
2024-11-12T10:55:38.705+0200 [DEBUG] [org.gradle.cache.internal.DefaultFileLockManager] Releasing lock on daemon addresses registry.
2024-11-12T10:55:48.699+0200 [DEBUG] [org.gradle.cache.internal.DefaultFileLockManager] Waiting to acquire shared lock on daemon addresses registry.
2024-11-12T10:55:48.700+0200 [DEBUG] [org.gradle.cache.internal.DefaultFileLockManager] Lock acquired on daemon addresses registry.
2024-11-12T10:55:48.701+0200 [DEBUG] [org.gradle.cache.internal.DefaultFileLockManager] Releasing lock on daemon addresses registry.
2024-11-12T10:55:48.703+0200 [DEBUG] [org.gradle.cache.internal.DefaultFileLockManager] Waiting to acquire shared lock on daemon addresses registry.
2024-11-12T10:55:48.703+0200 [DEBUG] [org.gradle.cache.internal.DefaultFileLockManager] Lock acquired on daemon addresses registry.
2024-11-12T10:55:48.704+0200 [DEBUG] [org.gradle.cache.internal.DefaultFileLockManager] Releasing lock on daemon addresses registry.
2024-11-12T10:55:48.707+0200 [DEBUG] [org.gradle.cache.internal.DefaultFileLockManager] Waiting to acquire shared lock on daemon addresses registry.
2024-11-12T10:55:48.707+0200 [DEBUG] [org.gradle.cache.internal.DefaultFileLockManager] Lock acquired on daemon addresses registry.
2024-11-12T10:55:48.708+0200 [DEBUG] [org.gradle.cache.internal.DefaultFileLockManager] Releasing lock on daemon addresses registry.
2024-11-12T10:55:58.692+0200 [DEBUG] [org.gradle.cache.internal.DefaultFileLockManager] Waiting to acquire shared lock on daemon addresses registry.
2024-11-12T10:55:58.693+0200 [DEBUG] [org.gradle.cache.internal.DefaultFileLockManager] Lock acquired on daemon addresses registry.
2024-11-12T10:55:58.693+0200 [DEBUG] [org.gradle.cache.internal.DefaultFileLockManager] Releasing lock on daemon addresses registry.
2024-11-12T10:55:58.698+0200 [DEBUG] [org.gradle.cache.internal.DefaultFileLockManager] Waiting to acquire shared lock on daemon addresses registry.
2024-11-12T10:55:58.699+0200 [DEBUG] [org.gradle.cache.internal.DefaultFileLockManager] Lock acquired on daemon addresses registry.
2024-11-12T10:55:58.700+0200 [DEBUG] [org.gradle.cache.internal.DefaultFileLockManager] Releasing lock on daemon addresses registry.
2024-11-12T10:55:58.702+0200 [DEBUG] [org.gradle.cache.internal.DefaultFileLockManager] Waiting to acquire shared lock on daemon addresses registry.
2024-11-12T10:55:58.702+0200 [DEBUG] [org.gradle.cache.internal.DefaultFileLockManager] Lock acquired on daemon addresses registry.
2024-11-12T10:55:58.702+0200 [DEBUG] [org.gradle.cache.internal.DefaultFileLockManager] Releasing lock on daemon addresses registry.
2024-11-12T10:56:08.704+0200 [DEBUG] [org.gradle.cache.internal.DefaultFileLockManager] Waiting to acquire shared lock on daemon addresses registry.
2024-11-12T10:56:08.705+0200 [DEBUG] [org.gradle.cache.internal.DefaultFileLockManager] Lock acquired on daemon addresses registry.
2024-11-12T10:56:08.706+0200 [DEBUG] [org.gradle.cache.internal.DefaultFileLockManager] Releasing lock on daemon addresses registry.
2024-11-12T10:56:08.708+0200 [DEBUG] [org.gradle.cache.internal.DefaultFileLockManager] Waiting to acquire shared lock on daemon addresses registry.
2024-11-12T10:56:08.708+0200 [DEBUG] [org.gradle.cache.internal.DefaultFileLockManager] Lock acquired on daemon addresses registry.
2024-11-12T10:56:08.709+0200 [DEBUG] [org.gradle.cache.internal.DefaultFileLockManager] Releasing lock on daemon addresses registry.
2024-11-12T10:56:08.711+0200 [DEBUG] [org.gradle.cache.internal.DefaultFileLockManager] Waiting to acquire shared lock on daemon addresses registry.
2024-11-12T10:56:08.711+0200 [DEBUG] [org.gradle.cache.internal.DefaultFileLockManager] Lock acquired on daemon addresses registry.
2024-11-12T10:56:08.712+0200 [DEBUG] [org.gradle.cache.internal.DefaultFileLockManager] Releasing lock on daemon addresses registry.
2024-11-12T10:56:18.699+0200 [DEBUG] [org.gradle.cache.internal.DefaultFileLockManager] Waiting to acquire shared lock on daemon addresses registry.
2024-11-12T10:56:18.699+0200 [DEBUG] [org.gradle.cache.internal.DefaultFileLockManager] Lock acquired on daemon addresses registry.
2024-11-12T10:56:18.700+0200 [DEBUG] [org.gradle.cache.internal.DefaultFileLockManager] Releasing lock on daemon addresses registry.
2024-11-12T10:56:18.702+0200 [DEBUG] [org.gradle.cache.internal.DefaultFileLockManager] Waiting to acquire shared lock on daemon addresses registry.
2024-11-12T10:56:18.702+0200 [DEBUG] [org.gradle.cache.internal.DefaultFileLockManager] Lock acquired on daemon addresses registry.
2024-11-12T10:56:18.702+0200 [DEBUG] [org.gradle.cache.internal.DefaultFileLockManager] Releasing lock on daemon addresses registry.
2024-11-12T10:56:18.706+0200 [DEBUG] [org.gradle.cache.internal.DefaultFileLockManager] Waiting to acquire shared lock on daemon addresses registry.
2024-11-12T10:56:18.706+0200 [DEBUG] [org.gradle.cache.internal.DefaultFileLockManager] Lock acquired on daemon addresses registry.
2024-11-12T10:56:18.707+0200 [DEBUG] [org.gradle.cache.internal.DefaultFileLockManager] Releasing lock on daemon addresses registry.
2024-11-12T10:56:28.702+0200 [DEBUG] [org.gradle.cache.internal.DefaultFileLockManager] Waiting to acquire shared lock on daemon addresses registry.
2024-11-12T10:56:28.704+0200 [DEBUG] [org.gradle.cache.internal.DefaultFileLockManager] Lock acquired on daemon addresses registry.
2024-11-12T10:56:28.705+0200 [DEBUG] [org.gradle.cache.internal.DefaultFileLockManager] Releasing lock on daemon addresses registry.
2024-11-12T10:56:28.707+0200 [DEBUG] [org.gradle.cache.internal.DefaultFileLockManager] Waiting to acquire shared lock on daemon addresses registry.
2024-11-12T10:56:28.707+0200 [DEBUG] [org.gradle.cache.internal.DefaultFileLockManager] Lock acquired on daemon addresses registry.
2024-11-12T10:56:28.708+0200 [DEBUG] [org.gradle.cache.internal.DefaultFileLockManager] Releasing lock on daemon addresses registry.
2024-11-12T10:56:28.710+0200 [DEBUG] [org.gradle.cache.internal.DefaultFileLockManager] Waiting to acquire shared lock on daemon addresses registry.
2024-11-12T10:56:28.710+0200 [DEBUG] [org.gradle.cache.internal.DefaultFileLockManager] Lock acquired on daemon addresses registry.
2024-11-12T10:56:28.711+0200 [DEBUG] [org.gradle.cache.internal.DefaultFileLockManager] Releasing lock on daemon addresses registry.
2024-11-12T10:56:38.706+0200 [DEBUG] [org.gradle.cache.internal.DefaultFileLockManager] Waiting to acquire shared lock on daemon addresses registry.
2024-11-12T10:56:38.707+0200 [DEBUG] [org.gradle.cache.internal.DefaultFileLockManager] Lock acquired on daemon addresses registry.
2024-11-12T10:56:38.708+0200 [DEBUG] [org.gradle.cache.internal.DefaultFileLockManager] Releasing lock on daemon addresses registry.
2024-11-12T10:56:38.710+0200 [DEBUG] [org.gradle.cache.internal.DefaultFileLockManager] Waiting to acquire shared lock on daemon addresses registry.
2024-11-12T10:56:38.711+0200 [DEBUG] [org.gradle.cache.internal.DefaultFileLockManager] Lock acquired on daemon addresses registry.
2024-11-12T10:56:38.711+0200 [DEBUG] [org.gradle.cache.internal.DefaultFileLockManager] Releasing lock on daemon addresses registry.
2024-11-12T10:56:38.713+0200 [DEBUG] [org.gradle.cache.internal.DefaultFileLockManager] Waiting to acquire shared lock on daemon addresses registry.
2024-11-12T10:56:38.714+0200 [DEBUG] [org.gradle.cache.internal.DefaultFileLockManager] Lock acquired on daemon addresses registry.
2024-11-12T10:56:38.714+0200 [DEBUG] [org.gradle.cache.internal.DefaultFileLockManager] Releasing lock on daemon addresses registry.
2024-11-12T10:56:48.704+0200 [DEBUG] [org.gradle.cache.internal.DefaultFileLockManager] Waiting to acquire shared lock on daemon addresses registry.
2024-11-12T10:56:48.705+0200 [DEBUG] [org.gradle.cache.internal.DefaultFileLockManager] Lock acquired on daemon addresses registry.
2024-11-12T10:56:48.705+0200 [DEBUG] [org.gradle.cache.internal.DefaultFileLockManager] Releasing lock on daemon addresses registry.
2024-11-12T10:56:48.706+0200 [DEBUG] [org.gradle.cache.internal.DefaultFileLockManager] Waiting to acquire shared lock on daemon addresses registry.
2024-11-12T10:56:48.707+0200 [DEBUG] [org.gradle.cache.internal.DefaultFileLockManager] Lock acquired on daemon addresses registry.
2024-11-12T10:56:48.707+0200 [DEBUG] [org.gradle.cache.internal.DefaultFileLockManager] Releasing lock on daemon addresses registry.
2024-11-12T10:56:48.708+0200 [DEBUG] [org.gradle.cache.internal.DefaultFileLockManager] Waiting to acquire shared lock on daemon addresses registry.
2024-11-12T10:56:48.708+0200 [DEBUG] [org.gradle.cache.internal.DefaultFileLockManager] Lock acquired on daemon addresses registry.
2024-11-12T10:56:48.708+0200 [DEBUG] [org.gradle.cache.internal.DefaultFileLockManager] Releasing lock on daemon addresses registry.
2024-11-12T10:56:58.693+0200 [DEBUG] [org.gradle.cache.internal.DefaultFileLockManager] Waiting to acquire shared lock on daemon addresses registry.
2024-11-12T10:56:58.694+0200 [DEBUG] [org.gradle.cache.internal.DefaultFileLockManager] Lock acquired on daemon addresses registry.
2024-11-12T10:56:58.694+0200 [DEBUG] [org.gradle.cache.internal.DefaultFileLockManager] Releasing lock on daemon addresses registry.
2024-11-12T10:56:58.696+0200 [DEBUG] [org.gradle.cache.internal.DefaultFileLockManager] Waiting to acquire shared lock on daemon addresses registry.
2024-11-12T10:56:58.697+0200 [DEBUG] [org.gradle.cache.internal.DefaultFileLockManager] Lock acquired on daemon addresses registry.
2024-11-12T10:56:58.697+0200 [DEBUG] [org.gradle.cache.internal.DefaultFileLockManager] Releasing lock on daemon addresses registry.
2024-11-12T10:56:58.698+0200 [DEBUG] [org.gradle.cache.internal.DefaultFileLockManager] Waiting to acquire shared lock on daemon addresses registry.
2024-11-12T10:56:58.699+0200 [DEBUG] [org.gradle.cache.internal.DefaultFileLockManager] Lock acquired on daemon addresses registry.
2024-11-12T10:56:58.700+0200 [DEBUG] [org.gradle.cache.internal.DefaultFileLockManager] Releasing lock on daemon addresses registry.
2024-11-12T10:57:08.696+0200 [DEBUG] [org.gradle.cache.internal.DefaultFileLockManager] Waiting to acquire shared lock on daemon addresses registry.
2024-11-12T10:57:08.697+0200 [DEBUG] [org.gradle.cache.internal.DefaultFileLockManager] Lock acquired on daemon addresses registry.
2024-11-12T10:57:08.698+0200 [DEBUG] [org.gradle.cache.internal.DefaultFileLockManager] Releasing lock on daemon addresses registry.
2024-11-12T10:57:08.700+0200 [DEBUG] [org.gradle.cache.internal.DefaultFileLockManager] Waiting to acquire shared lock on daemon addresses registry.
2024-11-12T10:57:08.700+0200 [DEBUG] [org.gradle.cache.internal.DefaultFileLockManager] Lock acquired on daemon addresses registry.
2024-11-12T10:57:08.700+0200 [DEBUG] [org.gradle.cache.internal.DefaultFileLockManager] Releasing lock on daemon addresses registry.
2024-11-12T10:57:08.702+0200 [DEBUG] [org.gradle.cache.internal.DefaultFileLockManager] Waiting to acquire shared lock on daemon addresses registry.
2024-11-12T10:57:08.702+0200 [DEBUG] [org.gradle.cache.internal.DefaultFileLockManager] Lock acquired on daemon addresses registry.
2024-11-12T10:57:08.702+0200 [DEBUG] [org.gradle.cache.internal.DefaultFileLockManager] Releasing lock on daemon addresses registry.
2024-11-12T10:57:18.704+0200 [DEBUG] [org.gradle.cache.internal.DefaultFileLockManager] Waiting to acquire shared lock on daemon addresses registry.
2024-11-12T10:57:18.705+0200 [DEBUG] [org.gradle.cache.internal.DefaultFileLockManager] Lock acquired on daemon addresses registry.
2024-11-12T10:57:18.706+0200 [DEBUG] [org.gradle.cache.internal.DefaultFileLockManager] Releasing lock on daemon addresses registry.
2024-11-12T10:57:18.707+0200 [DEBUG] [org.gradle.cache.internal.DefaultFileLockManager] Waiting to acquire shared lock on daemon addresses registry.
2024-11-12T10:57:18.708+0200 [DEBUG] [org.gradle.cache.internal.DefaultFileLockManager] Lock acquired on daemon addresses registry.
2024-11-12T10:57:18.708+0200 [DEBUG] [org.gradle.cache.internal.DefaultFileLockManager] Releasing lock on daemon addresses registry.
2024-11-12T10:57:18.709+0200 [DEBUG] [org.gradle.cache.internal.DefaultFileLockManager] Waiting to acquire shared lock on daemon addresses registry.
2024-11-12T10:57:18.709+0200 [DEBUG] [org.gradle.cache.internal.DefaultFileLockManager] Lock acquired on daemon addresses registry.
2024-11-12T10:57:18.709+0200 [DEBUG] [org.gradle.cache.internal.DefaultFileLockManager] Releasing lock on daemon addresses registry.
2024-11-12T10:57:28.696+0200 [DEBUG] [org.gradle.cache.internal.DefaultFileLockManager] Waiting to acquire shared lock on daemon addresses registry.
2024-11-12T10:57:28.697+0200 [DEBUG] [org.gradle.cache.internal.DefaultFileLockManager] Lock acquired on daemon addresses registry.
2024-11-12T10:57:28.698+0200 [DEBUG] [org.gradle.cache.internal.DefaultFileLockManager] Releasing lock on daemon addresses registry.
2024-11-12T10:57:28.699+0200 [DEBUG] [org.gradle.cache.internal.DefaultFileLockManager] Waiting to acquire shared lock on daemon addresses registry.
2024-11-12T10:57:28.699+0200 [DEBUG] [org.gradle.cache.internal.DefaultFileLockManager] Lock acquired on daemon addresses registry.
2024-11-12T10:57:28.699+0200 [DEBUG] [org.gradle.cache.internal.DefaultFileLockManager] Releasing lock on daemon addresses registry.
2024-11-12T10:57:28.700+0200 [DEBUG] [org.gradle.cache.internal.DefaultFileLockManager] Waiting to acquire shared lock on daemon addresses registry.
2024-11-12T10:57:28.700+0200 [DEBUG] [org.gradle.cache.internal.DefaultFileLockManager] Lock acquired on daemon addresses registry.
2024-11-12T10:57:28.701+0200 [DEBUG] [org.gradle.cache.internal.DefaultFileLockManager] Releasing lock on daemon addresses registry.
2024-11-12T10:57:38.703+0200 [DEBUG] [org.gradle.cache.internal.DefaultFileLockManager] Waiting to acquire shared lock on daemon addresses registry.
2024-11-12T10:57:38.703+0200 [DEBUG] [org.gradle.cache.internal.DefaultFileLockManager] Lock acquired on daemon addresses registry.
2024-11-12T10:57:38.704+0200 [DEBUG] [org.gradle.cache.internal.DefaultFileLockManager] Releasing lock on daemon addresses registry.
2024-11-12T10:57:38.710+0200 [DEBUG] [org.gradle.cache.internal.DefaultFileLockManager] Waiting to acquire shared lock on daemon addresses registry.
2024-11-12T10:57:38.710+0200 [DEBUG] [org.gradle.cache.internal.DefaultFileLockManager] Lock acquired on daemon addresses registry.
2024-11-12T10:57:38.712+0200 [DEBUG] [org.gradle.cache.internal.DefaultFileLockManager] Releasing lock on daemon addresses registry.
2024-11-12T10:57:38.713+0200 [DEBUG] [org.gradle.cache.internal.DefaultFileLockManager] Waiting to acquire shared lock on daemon addresses registry.
2024-11-12T10:57:38.714+0200 [DEBUG] [org.gradle.cache.internal.DefaultFileLockManager] Lock acquired on daemon addresses registry.
2024-11-12T10:57:38.714+0200 [DEBUG] [org.gradle.cache.internal.DefaultFileLockManager] Releasing lock on daemon addresses registry.
2024-11-12T10:57:48.696+0200 [DEBUG] [org.gradle.cache.internal.DefaultFileLockManager] Waiting to acquire shared lock on daemon addresses registry.
2024-11-12T10:57:48.696+0200 [DEBUG] [org.gradle.cache.internal.DefaultFileLockManager] Lock acquired on daemon addresses registry.
2024-11-12T10:57:48.697+0200 [DEBUG] [org.gradle.cache.internal.DefaultFileLockManager] Releasing lock on daemon addresses registry.
2024-11-12T10:57:48.698+0200 [DEBUG] [org.gradle.cache.internal.DefaultFileLockManager] Waiting to acquire shared lock on daemon addresses registry.
2024-11-12T10:57:48.698+0200 [DEBUG] [org.gradle.cache.internal.DefaultFileLockManager] Lock acquired on daemon addresses registry.
2024-11-12T10:57:48.698+0200 [DEBUG] [org.gradle.cache.internal.DefaultFileLockManager] Releasing lock on daemon addresses registry.
2024-11-12T10:57:48.699+0200 [DEBUG] [org.gradle.cache.internal.DefaultFileLockManager] Waiting to acquire shared lock on daemon addresses registry.
2024-11-12T10:57:48.699+0200 [DEBUG] [org.gradle.cache.internal.DefaultFileLockManager] Lock acquired on daemon addresses registry.
2024-11-12T10:57:48.699+0200 [DEBUG] [org.gradle.cache.internal.DefaultFileLockManager] Releasing lock on daemon addresses registry.
2024-11-12T10:57:58.692+0200 [DEBUG] [org.gradle.cache.internal.DefaultFileLockManager] Waiting to acquire shared lock on daemon addresses registry.
2024-11-12T10:57:58.692+0200 [DEBUG] [org.gradle.cache.internal.DefaultFileLockManager] Lock acquired on daemon addresses registry.
2024-11-12T10:57:58.693+0200 [DEBUG] [org.gradle.cache.internal.DefaultFileLockManager] Releasing lock on daemon addresses registry.
2024-11-12T10:57:58.693+0200 [DEBUG] [org.gradle.cache.internal.DefaultFileLockManager] Waiting to acquire shared lock on daemon addresses registry.
2024-11-12T10:57:58.694+0200 [DEBUG] [org.gradle.cache.internal.DefaultFileLockManager] Lock acquired on daemon addresses registry.
2024-11-12T10:57:58.694+0200 [DEBUG] [org.gradle.cache.internal.DefaultFileLockManager] Releasing lock on daemon addresses registry.
2024-11-12T10:57:58.695+0200 [DEBUG] [org.gradle.cache.internal.DefaultFileLockManager] Waiting to acquire shared lock on daemon addresses registry.
2024-11-12T10:57:58.696+0200 [DEBUG] [org.gradle.cache.internal.DefaultFileLockManager] Lock acquired on daemon addresses registry.
2024-11-12T10:57:58.697+0200 [DEBUG] [org.gradle.cache.internal.DefaultFileLockManager] Releasing lock on daemon addresses registry.
2024-11-12T10:58:08.704+0200 [DEBUG] [org.gradle.cache.internal.DefaultFileLockManager] Waiting to acquire shared lock on daemon addresses registry.
2024-11-12T10:58:08.704+0200 [DEBUG] [org.gradle.cache.internal.DefaultFileLockManager] Lock acquired on daemon addresses registry.
2024-11-12T10:58:08.705+0200 [DEBUG] [org.gradle.cache.internal.DefaultFileLockManager] Releasing lock on daemon addresses registry.
2024-11-12T10:58:08.706+0200 [DEBUG] [org.gradle.cache.internal.DefaultFileLockManager] Waiting to acquire shared lock on daemon addresses registry.
2024-11-12T10:58:08.706+0200 [DEBUG] [org.gradle.cache.internal.DefaultFileLockManager] Lock acquired on daemon addresses registry.
2024-11-12T10:58:08.706+0200 [DEBUG] [org.gradle.cache.internal.DefaultFileLockManager] Releasing lock on daemon addresses registry.
2024-11-12T10:58:08.707+0200 [DEBUG] [org.gradle.cache.internal.DefaultFileLockManager] Waiting to acquire shared lock on daemon addresses registry.
2024-11-12T10:58:08.707+0200 [DEBUG] [org.gradle.cache.internal.DefaultFileLockManager] Lock acquired on daemon addresses registry.
2024-11-12T10:58:08.707+0200 [DEBUG] [org.gradle.cache.internal.DefaultFileLockManager] Releasing lock on daemon addresses registry.
2024-11-12T10:58:18.704+0200 [DEBUG] [org.gradle.cache.internal.DefaultFileLockManager] Waiting to acquire shared lock on daemon addresses registry.
2024-11-12T10:58:18.704+0200 [DEBUG] [org.gradle.cache.internal.DefaultFileLockManager] Lock acquired on daemon addresses registry.
2024-11-12T10:58:18.706+0200 [DEBUG] [org.gradle.cache.internal.DefaultFileLockManager] Releasing lock on daemon addresses registry.
2024-11-12T10:58:18.707+0200 [DEBUG] [org.gradle.cache.internal.DefaultFileLockManager] Waiting to acquire shared lock on daemon addresses registry.
2024-11-12T10:58:18.708+0200 [DEBUG] [org.gradle.cache.internal.DefaultFileLockManager] Lock acquired on daemon addresses registry.
2024-11-12T10:58:18.708+0200 [DEBUG] [org.gradle.cache.internal.DefaultFileLockManager] Releasing lock on daemon addresses registry.
2024-11-12T10:58:18.709+0200 [DEBUG] [org.gradle.cache.internal.DefaultFileLockManager] Waiting to acquire shared lock on daemon addresses registry.
2024-11-12T10:58:18.710+0200 [DEBUG] [org.gradle.cache.internal.DefaultFileLockManager] Lock acquired on daemon addresses registry.
2024-11-12T10:58:18.710+0200 [DEBUG] [org.gradle.cache.internal.DefaultFileLockManager] Releasing lock on daemon addresses registry.
2024-11-12T10:58:28.691+0200 [DEBUG] [org.gradle.cache.internal.DefaultFileLockManager] Waiting to acquire shared lock on daemon addresses registry.
2024-11-12T10:58:28.691+0200 [DEBUG] [org.gradle.cache.internal.DefaultFileLockManager] Lock acquired on daemon addresses registry.
2024-11-12T10:58:28.691+0200 [DEBUG] [org.gradle.cache.internal.DefaultFileLockManager] Releasing lock on daemon addresses registry.
2024-11-12T10:58:28.692+0200 [DEBUG] [org.gradle.cache.internal.DefaultFileLockManager] Waiting to acquire shared lock on daemon addresses registry.
2024-11-12T10:58:28.695+0200 [DEBUG] [org.gradle.cache.internal.DefaultFileLockManager] Lock acquired on daemon addresses registry.
2024-11-12T10:58:28.696+0200 [DEBUG] [org.gradle.cache.internal.DefaultFileLockManager] Releasing lock on daemon addresses registry.
2024-11-12T10:58:28.696+0200 [DEBUG] [org.gradle.cache.internal.DefaultFileLockManager] Waiting to acquire shared lock on daemon addresses registry.
2024-11-12T10:58:28.697+0200 [DEBUG] [org.gradle.cache.internal.DefaultFileLockManager] Lock acquired on daemon addresses registry.
2024-11-12T10:58:28.697+0200 [DEBUG] [org.gradle.cache.internal.DefaultFileLockManager] Releasing lock on daemon addresses registry.
2024-11-12T10:58:38.702+0200 [DEBUG] [org.gradle.cache.internal.DefaultFileLockManager] Waiting to acquire shared lock on daemon addresses registry.
2024-11-12T10:58:38.702+0200 [DEBUG] [org.gradle.cache.internal.DefaultFileLockManager] Lock acquired on daemon addresses registry.
2024-11-12T10:58:38.703+0200 [DEBUG] [org.gradle.cache.internal.DefaultFileLockManager] Releasing lock on daemon addresses registry.
2024-11-12T10:58:38.706+0200 [DEBUG] [org.gradle.cache.internal.DefaultFileLockManager] Waiting to acquire shared lock on daemon addresses registry.
2024-11-12T10:58:38.706+0200 [DEBUG] [org.gradle.cache.internal.DefaultFileLockManager] Lock acquired on daemon addresses registry.
2024-11-12T10:58:38.707+0200 [DEBUG] [org.gradle.cache.internal.DefaultFileLockManager] Releasing lock on daemon addresses registry.
2024-11-12T10:58:38.709+0200 [DEBUG] [org.gradle.cache.internal.DefaultFileLockManager] Waiting to acquire shared lock on daemon addresses registry.
2024-11-12T10:58:38.709+0200 [DEBUG] [org.gradle.cache.internal.DefaultFileLockManager] Lock acquired on daemon addresses registry.
2024-11-12T10:58:38.709+0200 [DEBUG] [org.gradle.cache.internal.DefaultFileLockManager] Releasing lock on daemon addresses registry.
2024-11-12T10:58:48.697+0200 [DEBUG] [org.gradle.cache.internal.DefaultFileLockManager] Waiting to acquire shared lock on daemon addresses registry.
2024-11-12T10:58:48.697+0200 [DEBUG] [org.gradle.cache.internal.DefaultFileLockManager] Lock acquired on daemon addresses registry.
2024-11-12T10:58:48.697+0200 [DEBUG] [org.gradle.cache.internal.DefaultFileLockManager] Releasing lock on daemon addresses registry.
2024-11-12T10:58:48.698+0200 [DEBUG] [org.gradle.cache.internal.DefaultFileLockManager] Waiting to acquire shared lock on daemon addresses registry.
2024-11-12T10:58:48.698+0200 [DEBUG] [org.gradle.cache.internal.DefaultFileLockManager] Lock acquired on daemon addresses registry.
2024-11-12T10:58:48.699+0200 [DEBUG] [org.gradle.cache.internal.DefaultFileLockManager] Releasing lock on daemon addresses registry.
2024-11-12T10:58:48.699+0200 [DEBUG] [org.gradle.cache.internal.DefaultFileLockManager] Waiting to acquire shared lock on daemon addresses registry.
2024-11-12T10:58:48.700+0200 [DEBUG] [org.gradle.cache.internal.DefaultFileLockManager] Lock acquired on daemon addresses registry.
2024-11-12T10:58:48.700+0200 [DEBUG] [org.gradle.cache.internal.DefaultFileLockManager] Releasing lock on daemon addresses registry.
2024-11-12T10:58:58.704+0200 [DEBUG] [org.gradle.cache.internal.DefaultFileLockManager] Waiting to acquire shared lock on daemon addresses registry.
2024-11-12T10:58:58.704+0200 [DEBUG] [org.gradle.cache.internal.DefaultFileLockManager] Lock acquired on daemon addresses registry.
2024-11-12T10:58:58.705+0200 [DEBUG] [org.gradle.cache.internal.DefaultFileLockManager] Releasing lock on daemon addresses registry.
2024-11-12T10:58:58.706+0200 [DEBUG] [org.gradle.cache.internal.DefaultFileLockManager] Waiting to acquire shared lock on daemon addresses registry.
2024-11-12T10:58:58.706+0200 [DEBUG] [org.gradle.cache.internal.DefaultFileLockManager] Lock acquired on daemon addresses registry.
2024-11-12T10:58:58.709+0200 [DEBUG] [org.gradle.cache.internal.DefaultFileLockManager] Releasing lock on daemon addresses registry.
2024-11-12T10:58:58.711+0200 [DEBUG] [org.gradle.cache.internal.DefaultFileLockManager] Waiting to acquire shared lock on daemon addresses registry.
2024-11-12T10:58:58.711+0200 [DEBUG] [org.gradle.cache.internal.DefaultFileLockManager] Lock acquired on daemon addresses registry.
2024-11-12T10:58:58.712+0200 [DEBUG] [org.gradle.cache.internal.DefaultFileLockManager] Releasing lock on daemon addresses registry.
2024-11-12T10:59:08.702+0200 [DEBUG] [org.gradle.cache.internal.DefaultFileLockManager] Waiting to acquire shared lock on daemon addresses registry.
2024-11-12T10:59:08.703+0200 [DEBUG] [org.gradle.cache.internal.DefaultFileLockManager] Lock acquired on daemon addresses registry.
2024-11-12T10:59:08.703+0200 [DEBUG] [org.gradle.cache.internal.DefaultFileLockManager] Releasing lock on daemon addresses registry.
2024-11-12T10:59:08.705+0200 [DEBUG] [org.gradle.cache.internal.DefaultFileLockManager] Waiting to acquire shared lock on daemon addresses registry.
2024-11-12T10:59:08.705+0200 [DEBUG] [org.gradle.cache.internal.DefaultFileLockManager] Lock acquired on daemon addresses registry.
2024-11-12T10:59:08.707+0200 [DEBUG] [org.gradle.cache.internal.DefaultFileLockManager] Releasing lock on daemon addresses registry.
2024-11-12T10:59:08.709+0200 [DEBUG] [org.gradle.cache.internal.DefaultFileLockManager] Waiting to acquire shared lock on daemon addresses registry.
2024-11-12T10:59:08.709+0200 [DEBUG] [org.gradle.cache.internal.DefaultFileLockManager] Lock acquired on daemon addresses registry.
2024-11-12T10:59:08.710+0200 [DEBUG] [org.gradle.cache.internal.DefaultFileLockManager] Releasing lock on daemon addresses registry.
2024-11-12T10:59:18.691+0200 [DEBUG] [org.gradle.cache.internal.DefaultFileLockManager] Waiting to acquire shared lock on daemon addresses registry.
2024-11-12T10:59:18.691+0200 [DEBUG] [org.gradle.cache.internal.DefaultFileLockManager] Lock acquired on daemon addresses registry.
2024-11-12T10:59:18.691+0200 [DEBUG] [org.gradle.cache.internal.DefaultFileLockManager] Releasing lock on daemon addresses registry.
2024-11-12T10:59:18.692+0200 [DEBUG] [org.gradle.cache.internal.DefaultFileLockManager] Waiting to acquire shared lock on daemon addresses registry.
2024-11-12T10:59:18.692+0200 [DEBUG] [org.gradle.cache.internal.DefaultFileLockManager] Lock acquired on daemon addresses registry.
2024-11-12T10:59:18.692+0200 [DEBUG] [org.gradle.cache.internal.DefaultFileLockManager] Releasing lock on daemon addresses registry.
2024-11-12T10:59:18.693+0200 [DEBUG] [org.gradle.cache.internal.DefaultFileLockManager] Waiting to acquire shared lock on daemon addresses registry.
2024-11-12T10:59:18.693+0200 [DEBUG] [org.gradle.cache.internal.DefaultFileLockManager] Lock acquired on daemon addresses registry.
2024-11-12T10:59:18.694+0200 [DEBUG] [org.gradle.cache.internal.DefaultFileLockManager] Releasing lock on daemon addresses registry.
2024-11-12T10:59:28.706+0200 [DEBUG] [org.gradle.cache.internal.DefaultFileLockManager] Waiting to acquire shared lock on daemon addresses registry.
2024-11-12T10:59:28.707+0200 [DEBUG] [org.gradle.cache.internal.DefaultFileLockManager] Lock acquired on daemon addresses registry.
2024-11-12T10:59:28.709+0200 [DEBUG] [org.gradle.cache.internal.DefaultFileLockManager] Releasing lock on daemon addresses registry.
2024-11-12T10:59:28.711+0200 [DEBUG] [org.gradle.cache.internal.DefaultFileLockManager] Waiting to acquire shared lock on daemon addresses registry.
2024-11-12T10:59:28.711+0200 [DEBUG] [org.gradle.cache.internal.DefaultFileLockManager] Lock acquired on daemon addresses registry.
2024-11-12T10:59:28.711+0200 [DEBUG] [org.gradle.cache.internal.DefaultFileLockManager] Releasing lock on daemon addresses registry.
2024-11-12T10:59:28.713+0200 [DEBUG] [org.gradle.cache.internal.DefaultFileLockManager] Waiting to acquire shared lock on daemon addresses registry.
2024-11-12T10:59:28.713+0200 [DEBUG] [org.gradle.cache.internal.DefaultFileLockManager] Lock acquired on daemon addresses registry.
2024-11-12T10:59:28.714+0200 [DEBUG] [org.gradle.cache.internal.DefaultFileLockManager] Releasing lock on daemon addresses registry.
2024-11-12T10:59:38.694+0200 [DEBUG] [org.gradle.cache.internal.DefaultFileLockManager] Waiting to acquire shared lock on daemon addresses registry.
2024-11-12T10:59:38.694+0200 [DEBUG] [org.gradle.cache.internal.DefaultFileLockManager] Lock acquired on daemon addresses registry.
2024-11-12T10:59:38.695+0200 [DEBUG] [org.gradle.cache.internal.DefaultFileLockManager] Releasing lock on daemon addresses registry.
2024-11-12T10:59:38.696+0200 [DEBUG] [org.gradle.cache.internal.DefaultFileLockManager] Waiting to acquire shared lock on daemon addresses registry.
2024-11-12T10:59:38.697+0200 [DEBUG] [org.gradle.cache.internal.DefaultFileLockManager] Lock acquired on daemon addresses registry.
2024-11-12T10:59:38.697+0200 [DEBUG] [org.gradle.cache.internal.DefaultFileLockManager] Releasing lock on daemon addresses registry.
2024-11-12T10:59:38.698+0200 [DEBUG] [org.gradle.cache.internal.DefaultFileLockManager] Waiting to acquire shared lock on daemon addresses registry.
2024-11-12T10:59:38.698+0200 [DEBUG] [org.gradle.cache.internal.DefaultFileLockManager] Lock acquired on daemon addresses registry.
2024-11-12T10:59:38.698+0200 [DEBUG] [org.gradle.cache.internal.DefaultFileLockManager] Releasing lock on daemon addresses registry.
2024-11-12T10:59:48.701+0200 [DEBUG] [org.gradle.cache.internal.DefaultFileLockManager] Waiting to acquire shared lock on daemon addresses registry.
2024-11-12T10:59:48.701+0200 [DEBUG] [org.gradle.cache.internal.DefaultFileLockManager] Lock acquired on daemon addresses registry.
2024-11-12T10:59:48.701+0200 [DEBUG] [org.gradle.cache.internal.DefaultFileLockManager] Releasing lock on daemon addresses registry.
2024-11-12T10:59:48.703+0200 [DEBUG] [org.gradle.cache.internal.DefaultFileLockManager] Waiting to acquire shared lock on daemon addresses registry.
2024-11-12T10:59:48.703+0200 [DEBUG] [org.gradle.cache.internal.DefaultFileLockManager] Lock acquired on daemon addresses registry.
2024-11-12T10:59:48.703+0200 [DEBUG] [org.gradle.cache.internal.DefaultFileLockManager] Releasing lock on daemon addresses registry.
2024-11-12T10:59:48.704+0200 [DEBUG] [org.gradle.cache.internal.DefaultFileLockManager] Waiting to acquire shared lock on daemon addresses registry.
2024-11-12T10:59:48.704+0200 [DEBUG] [org.gradle.cache.internal.DefaultFileLockManager] Lock acquired on daemon addresses registry.
2024-11-12T10:59:48.705+0200 [DEBUG] [org.gradle.cache.internal.DefaultFileLockManager] Releasing lock on daemon addresses registry.
2024-11-12T10:59:58.702+0200 [DEBUG] [org.gradle.cache.internal.DefaultFileLockManager] Waiting to acquire shared lock on daemon addresses registry.
2024-11-12T10:59:58.702+0200 [DEBUG] [org.gradle.cache.internal.DefaultFileLockManager] Lock acquired on daemon addresses registry.
2024-11-12T10:59:58.702+0200 [DEBUG] [org.gradle.cache.internal.DefaultFileLockManager] Releasing lock on daemon addresses registry.
2024-11-12T10:59:58.705+0200 [DEBUG] [org.gradle.cache.internal.DefaultFileLockManager] Waiting to acquire shared lock on daemon addresses registry.
2024-11-12T10:59:58.705+0200 [DEBUG] [org.gradle.cache.internal.DefaultFileLockManager] Lock acquired on daemon addresses registry.
2024-11-12T10:59:58.706+0200 [DEBUG] [org.gradle.cache.internal.DefaultFileLockManager] Releasing lock on daemon addresses registry.
2024-11-12T10:59:58.707+0200 [DEBUG] [org.gradle.cache.internal.DefaultFileLockManager] Waiting to acquire shared lock on daemon addresses registry.
2024-11-12T10:59:58.707+0200 [DEBUG] [org.gradle.cache.internal.DefaultFileLockManager] Lock acquired on daemon addresses registry.
2024-11-12T10:59:58.708+0200 [DEBUG] [org.gradle.cache.internal.DefaultFileLockManager] Releasing lock on daemon addresses registry.
2024-11-12T11:00:07.970+0200 [DEBUG] [org.gradle.process.internal.health.memory.DefaultMemoryManager] 409155993 physical memory requested, 381075456 free
2024-11-12T11:00:07.970+0200 [DEBUG] [org.gradle.workers.internal.WorkerDaemonExpiration] Will attempt to release 390 of memory
2024-11-12T11:00:07.972+0200 [DEBUG] [org.gradle.process.internal.health.memory.DefaultMemoryManager] 409155993 physical memory requested, 0 released, 381075456 free
2024-11-12T11:00:08.699+0200 [DEBUG] [org.gradle.cache.internal.DefaultFileLockManager] Waiting to acquire shared lock on daemon addresses registry.
2024-11-12T11:00:08.699+0200 [DEBUG] [org.gradle.cache.internal.DefaultFileLockManager] Lock acquired on daemon addresses registry.
2024-11-12T11:00:08.699+0200 [DEBUG] [org.gradle.cache.internal.DefaultFileLockManager] Releasing lock on daemon addresses registry.
2024-11-12T11:00:08.700+0200 [DEBUG] [org.gradle.cache.internal.DefaultFileLockManager] Waiting to acquire shared lock on daemon addresses registry.
2024-11-12T11:00:08.700+0200 [DEBUG] [org.gradle.cache.internal.DefaultFileLockManager] Lock acquired on daemon addresses registry.
2024-11-12T11:00:08.701+0200 [DEBUG] [org.gradle.cache.internal.DefaultFileLockManager] Releasing lock on daemon addresses registry.
2024-11-12T11:00:08.701+0200 [DEBUG] [org.gradle.cache.internal.DefaultFileLockManager] Waiting to acquire shared lock on daemon addresses registry.
2024-11-12T11:00:08.702+0200 [DEBUG] [org.gradle.cache.internal.DefaultFileLockManager] Lock acquired on daemon addresses registry.
2024-11-12T11:00:08.703+0200 [DEBUG] [org.gradle.cache.internal.DefaultFileLockManager] Releasing lock on daemon addresses registry.
2024-11-12T11:00:12.971+0200 [DEBUG] [org.gradle.process.internal.health.memory.DefaultMemoryManager] 409155993 physical memory requested, 382771200 free
2024-11-12T11:00:12.971+0200 [DEBUG] [org.gradle.workers.internal.WorkerDaemonExpiration] Will attempt to release 390 of memory
2024-11-12T11:00:12.972+0200 [DEBUG] [org.gradle.process.internal.health.memory.DefaultMemoryManager] 409155993 physical memory requested, 0 released, 382771200 free
2024-11-12T11:00:17.977+0200 [DEBUG] [org.gradle.process.internal.health.memory.DefaultMemoryManager] 409155993 physical memory requested, 385273856 free
2024-11-12T11:00:17.977+0200 [DEBUG] [org.gradle.workers.internal.WorkerDaemonExpiration] Will attempt to release 390 of memory
2024-11-12T11:00:17.977+0200 [DEBUG] [org.gradle.process.internal.health.memory.DefaultMemoryManager] 409155993 physical memory requested, 0 released, 385273856 free
2024-11-12T11:00:18.703+0200 [DEBUG] [org.gradle.cache.internal.DefaultFileLockManager] Waiting to acquire shared lock on daemon addresses registry.
2024-11-12T11:00:18.704+0200 [DEBUG] [org.gradle.cache.internal.DefaultFileLockManager] Lock acquired on daemon addresses registry.
2024-11-12T11:00:18.705+0200 [DEBUG] [org.gradle.cache.internal.DefaultFileLockManager] Releasing lock on daemon addresses registry.
2024-11-12T11:00:18.708+0200 [DEBUG] [org.gradle.cache.internal.DefaultFileLockManager] Waiting to acquire shared lock on daemon addresses registry.
2024-11-12T11:00:18.708+0200 [DEBUG] [org.gradle.cache.internal.DefaultFileLockManager] Lock acquired on daemon addresses registry.
2024-11-12T11:00:18.708+0200 [DEBUG] [org.gradle.cache.internal.DefaultFileLockManager] Releasing lock on daemon addresses registry.
2024-11-12T11:00:18.709+0200 [DEBUG] [org.gradle.cache.internal.DefaultFileLockManager] Waiting to acquire shared lock on daemon addresses registry.
2024-11-12T11:00:18.710+0200 [DEBUG] [org.gradle.cache.internal.DefaultFileLockManager] Lock acquired on daemon addresses registry.
2024-11-12T11:00:18.712+0200 [DEBUG] [org.gradle.cache.internal.DefaultFileLockManager] Releasing lock on daemon addresses registry.
2024-11-12T11:00:22.968+0200 [DEBUG] [org.gradle.process.internal.health.memory.DefaultMemoryManager] 409155993 physical memory requested, 384937984 free
2024-11-12T11:00:22.968+0200 [DEBUG] [org.gradle.workers.internal.WorkerDaemonExpiration] Will attempt to release 390 of memory
2024-11-12T11:00:22.969+0200 [DEBUG] [org.gradle.process.internal.health.memory.DefaultMemoryManager] 409155993 physical memory requested, 0 released, 384937984 free
2024-11-12T11:00:27.978+0200 [DEBUG] [org.gradle.process.internal.health.memory.DefaultMemoryManager] 409155993 physical memory requested, 380407808 free
2024-11-12T11:00:27.978+0200 [DEBUG] [org.gradle.workers.internal.WorkerDaemonExpiration] Will attempt to release 390 of memory
2024-11-12T11:00:27.978+0200 [DEBUG] [org.gradle.process.internal.health.memory.DefaultMemoryManager] 409155993 physical memory requested, 0 released, 380407808 free
2024-11-12T11:00:28.699+0200 [DEBUG] [org.gradle.cache.internal.DefaultFileLockManager] Waiting to acquire shared lock on daemon addresses registry.
2024-11-12T11:00:28.699+0200 [DEBUG] [org.gradle.cache.internal.DefaultFileLockManager] Lock acquired on daemon addresses registry.
2024-11-12T11:00:28.699+0200 [DEBUG] [org.gradle.cache.internal.DefaultFileLockManager] Releasing lock on daemon addresses registry.
2024-11-12T11:00:28.700+0200 [DEBUG] [org.gradle.cache.internal.DefaultFileLockManager] Waiting to acquire shared lock on daemon addresses registry.
2024-11-12T11:00:28.700+0200 [DEBUG] [org.gradle.cache.internal.DefaultFileLockManager] Lock acquired on daemon addresses registry.
2024-11-12T11:00:28.700+0200 [DEBUG] [org.gradle.cache.internal.DefaultFileLockManager] Releasing lock on daemon addresses registry.
2024-11-12T11:00:28.701+0200 [DEBUG] [org.gradle.cache.internal.DefaultFileLockManager] Waiting to acquire shared lock on daemon addresses registry.
2024-11-12T11:00:28.701+0200 [DEBUG] [org.gradle.cache.internal.DefaultFileLockManager] Lock acquired on daemon addresses registry.
2024-11-12T11:00:28.702+0200 [DEBUG] [org.gradle.cache.internal.DefaultFileLockManager] Releasing lock on daemon addresses registry.
2024-11-12T11:00:32.977+0200 [DEBUG] [org.gradle.process.internal.health.memory.DefaultMemoryManager] 409155993 physical memory requested, 377204736 free
2024-11-12T11:00:32.979+0200 [DEBUG] [org.gradle.workers.internal.WorkerDaemonExpiration] Will attempt to release 390 of memory
2024-11-12T11:00:32.979+0200 [DEBUG] [org.gradle.process.internal.health.memory.DefaultMemoryManager] 409155993 physical memory requested, 0 released, 377204736 free
2024-11-12T11:00:37.980+0200 [DEBUG] [org.gradle.process.internal.health.memory.DefaultMemoryManager] 409155993 physical memory requested, 377847808 free
2024-11-12T11:00:37.980+0200 [DEBUG] [org.gradle.workers.internal.WorkerDaemonExpiration] Will attempt to release 390 of memory
2024-11-12T11:00:37.980+0200 [DEBUG] [org.gradle.process.internal.health.memory.DefaultMemoryManager] 409155993 physical memory requested, 0 released, 377847808 free
2024-11-12T11:00:38.700+0200 [DEBUG] [org.gradle.cache.internal.DefaultFileLockManager] Waiting to acquire shared lock on daemon addresses registry.
2024-11-12T11:00:38.700+0200 [DEBUG] [org.gradle.cache.internal.DefaultFileLockManager] Lock acquired on daemon addresses registry.
2024-11-12T11:00:38.701+0200 [DEBUG] [org.gradle.cache.internal.DefaultFileLockManager] Releasing lock on daemon addresses registry.
2024-11-12T11:00:38.702+0200 [DEBUG] [org.gradle.cache.internal.DefaultFileLockManager] Waiting to acquire shared lock on daemon addresses registry.
2024-11-12T11:00:38.702+0200 [DEBUG] [org.gradle.cache.internal.DefaultFileLockManager] Lock acquired on daemon addresses registry.
2024-11-12T11:00:38.702+0200 [DEBUG] [org.gradle.cache.internal.DefaultFileLockManager] Releasing lock on daemon addresses registry.
2024-11-12T11:00:38.703+0200 [DEBUG] [org.gradle.cache.internal.DefaultFileLockManager] Waiting to acquire shared lock on daemon addresses registry.
2024-11-12T11:00:38.703+0200 [DEBUG] [org.gradle.cache.internal.DefaultFileLockManager] Lock acquired on daemon addresses registry.
2024-11-12T11:00:38.704+0200 [DEBUG] [org.gradle.cache.internal.DefaultFileLockManager] Releasing lock on daemon addresses registry.
2024-11-12T11:00:42.975+0200 [DEBUG] [org.gradle.process.internal.health.memory.DefaultMemoryManager] 409155993 physical memory requested, 377675776 free
2024-11-12T11:00:42.976+0200 [DEBUG] [org.gradle.workers.internal.WorkerDaemonExpiration] Will attempt to release 390 of memory
2024-11-12T11:00:42.976+0200 [DEBUG] [org.gradle.process.internal.health.memory.DefaultMemoryManager] 409155993 physical memory requested, 0 released, 377675776 free
2024-11-12T11:00:47.979+0200 [DEBUG] [org.gradle.process.internal.health.memory.DefaultMemoryManager] 409155993 physical memory requested, 370720768 free
2024-11-12T11:00:47.979+0200 [DEBUG] [org.gradle.workers.internal.WorkerDaemonExpiration] Will attempt to release 390 of memory
2024-11-12T11:00:47.980+0200 [DEBUG] [org.gradle.process.internal.health.memory.DefaultMemoryManager] 409155993 physical memory requested, 0 released, 370720768 free
2024-11-12T11:00:48.706+0200 [DEBUG] [org.gradle.cache.internal.DefaultFileLockManager] Waiting to acquire shared lock on daemon addresses registry.
2024-11-12T11:00:48.706+0200 [DEBUG] [org.gradle.cache.internal.DefaultFileLockManager] Lock acquired on daemon addresses registry.
2024-11-12T11:00:48.706+0200 [DEBUG] [org.gradle.cache.internal.DefaultFileLockManager] Releasing lock on daemon addresses registry.
2024-11-12T11:00:48.707+0200 [DEBUG] [org.gradle.cache.internal.DefaultFileLockManager] Waiting to acquire shared lock on daemon addresses registry.
2024-11-12T11:00:48.708+0200 [DEBUG] [org.gradle.cache.internal.DefaultFileLockManager] Lock acquired on daemon addresses registry.
2024-11-12T11:00:48.708+0200 [DEBUG] [org.gradle.cache.internal.DefaultFileLockManager] Releasing lock on daemon addresses registry.
2024-11-12T11:00:48.710+0200 [DEBUG] [org.gradle.cache.internal.DefaultFileLockManager] Waiting to acquire shared lock on daemon addresses registry.
2024-11-12T11:00:48.710+0200 [DEBUG] [org.gradle.cache.internal.DefaultFileLockManager] Lock acquired on daemon addresses registry.
2024-11-12T11:00:48.711+0200 [DEBUG] [org.gradle.cache.internal.DefaultFileLockManager] Releasing lock on daemon addresses registry.
2024-11-12T11:00:52.973+0200 [DEBUG] [org.gradle.process.internal.health.memory.DefaultMemoryManager] 409155993 physical memory requested, 371445760 free
2024-11-12T11:00:52.973+0200 [DEBUG] [org.gradle.workers.internal.WorkerDaemonExpiration] Will attempt to release 390 of memory
2024-11-12T11:00:52.973+0200 [DEBUG] [org.gradle.process.internal.health.memory.DefaultMemoryManager] 409155993 physical memory requested, 0 released, 371445760 free
2024-11-12T11:00:57.973+0200 [DEBUG] [org.gradle.process.internal.health.memory.DefaultMemoryManager] 409155993 physical memory requested, 372080640 free
2024-11-12T11:00:57.973+0200 [DEBUG] [org.gradle.workers.internal.WorkerDaemonExpiration] Will attempt to release 390 of memory
2024-11-12T11:00:57.974+0200 [DEBUG] [org.gradle.process.internal.health.memory.DefaultMemoryManager] 409155993 physical memory requested, 0 released, 372080640 free
2024-11-12T11:00:58.703+0200 [DEBUG] [org.gradle.cache.internal.DefaultFileLockManager] Waiting to acquire shared lock on daemon addresses registry.
2024-11-12T11:00:58.703+0200 [DEBUG] [org.gradle.cache.internal.DefaultFileLockManager] Lock acquired on daemon addresses registry.
2024-11-12T11:00:58.704+0200 [DEBUG] [org.gradle.cache.internal.DefaultFileLockManager] Releasing lock on daemon addresses registry.
2024-11-12T11:00:58.706+0200 [DEBUG] [org.gradle.cache.internal.DefaultFileLockManager] Waiting to acquire shared lock on daemon addresses registry.
2024-11-12T11:00:58.706+0200 [DEBUG] [org.gradle.cache.internal.DefaultFileLockManager] Lock acquired on daemon addresses registry.
2024-11-12T11:00:58.707+0200 [DEBUG] [org.gradle.cache.internal.DefaultFileLockManager] Releasing lock on daemon addresses registry.
2024-11-12T11:00:58.709+0200 [DEBUG] [org.gradle.cache.internal.DefaultFileLockManager] Waiting to acquire shared lock on daemon addresses registry.
2024-11-12T11:00:58.710+0200 [DEBUG] [org.gradle.cache.internal.DefaultFileLockManager] Lock acquired on daemon addresses registry.
2024-11-12T11:00:58.711+0200 [DEBUG] [org.gradle.cache.internal.DefaultFileLockManager] Releasing lock on daemon addresses registry.
2024-11-12T11:01:02.975+0200 [DEBUG] [org.gradle.process.internal.health.memory.DefaultMemoryManager] 409155993 physical memory requested, 353742848 free
2024-11-12T11:01:02.975+0200 [DEBUG] [org.gradle.workers.internal.WorkerDaemonExpiration] Will attempt to release 390 of memory
2024-11-12T11:01:02.975+0200 [DEBUG] [org.gradle.process.internal.health.memory.DefaultMemoryManager] 409155993 physical memory requested, 0 released, 353742848 free
2024-11-12T11:01:07.990+0200 [DEBUG] [org.gradle.process.internal.health.memory.DefaultMemoryManager] 409155993 physical memory requested, 358006784 free
2024-11-12T11:01:07.990+0200 [DEBUG] [org.gradle.workers.internal.WorkerDaemonExpiration] Will attempt to release 390 of memory
2024-11-12T11:01:07.990+0200 [DEBUG] [org.gradle.process.internal.health.memory.DefaultMemoryManager] 409155993 physical memory requested, 0 released, 358006784 free
2024-11-12T11:01:08.696+0200 [DEBUG] [org.gradle.cache.internal.DefaultFileLockManager] Waiting to acquire shared lock on daemon addresses registry.
2024-11-12T11:01:08.697+0200 [DEBUG] [org.gradle.cache.internal.DefaultFileLockManager] Lock acquired on daemon addresses registry.
2024-11-12T11:01:08.697+0200 [DEBUG] [org.gradle.cache.internal.DefaultFileLockManager] Releasing lock on daemon addresses registry.
2024-11-12T11:01:08.698+0200 [DEBUG] [org.gradle.cache.internal.DefaultFileLockManager] Waiting to acquire shared lock on daemon addresses registry.
2024-11-12T11:01:08.698+0200 [DEBUG] [org.gradle.cache.internal.DefaultFileLockManager] Lock acquired on daemon addresses registry.
2024-11-12T11:01:08.698+0200 [DEBUG] [org.gradle.cache.internal.DefaultFileLockManager] Releasing lock on daemon addresses registry.
2024-11-12T11:01:08.699+0200 [DEBUG] [org.gradle.cache.internal.DefaultFileLockManager] Waiting to acquire shared lock on daemon addresses registry.
2024-11-12T11:01:08.699+0200 [DEBUG] [org.gradle.cache.internal.DefaultFileLockManager] Lock acquired on daemon addresses registry.
2024-11-12T11:01:08.699+0200 [DEBUG] [org.gradle.cache.internal.DefaultFileLockManager] Releasing lock on daemon addresses registry.
2024-11-12T11:01:12.974+0200 [DEBUG] [org.gradle.process.internal.health.memory.DefaultMemoryManager] 409155993 physical memory requested, 382492672 free
2024-11-12T11:01:12.975+0200 [DEBUG] [org.gradle.workers.internal.WorkerDaemonExpiration] Will attempt to release 390 of memory
2024-11-12T11:01:12.975+0200 [DEBUG] [org.gradle.process.internal.health.memory.DefaultMemoryManager] 409155993 physical memory requested, 0 released, 382492672 free
2024-11-12T11:01:17.978+0200 [DEBUG] [org.gradle.process.internal.health.memory.DefaultMemoryManager] 409155993 physical memory requested, 363761664 free
2024-11-12T11:01:17.980+0200 [DEBUG] [org.gradle.workers.internal.WorkerDaemonExpiration] Will attempt to release 390 of memory
2024-11-12T11:01:17.980+0200 [DEBUG] [org.gradle.process.internal.health.memory.DefaultMemoryManager] 409155993 physical memory requested, 0 released, 363761664 free
2024-11-12T11:01:18.691+0200 [DEBUG] [org.gradle.cache.internal.DefaultFileLockManager] Waiting to acquire shared lock on daemon addresses registry.
2024-11-12T11:01:18.691+0200 [DEBUG] [org.gradle.cache.internal.DefaultFileLockManager] Lock acquired on daemon addresses registry.
2024-11-12T11:01:18.691+0200 [DEBUG] [org.gradle.cache.internal.DefaultFileLockManager] Releasing lock on daemon addresses registry.
2024-11-12T11:01:18.693+0200 [DEBUG] [org.gradle.cache.internal.DefaultFileLockManager] Waiting to acquire shared lock on daemon addresses registry.
2024-11-12T11:01:18.693+0200 [DEBUG] [org.gradle.cache.internal.DefaultFileLockManager] Lock acquired on daemon addresses registry.
2024-11-12T11:01:18.693+0200 [DEBUG] [org.gradle.cache.internal.DefaultFileLockManager] Releasing lock on daemon addresses registry.
2024-11-12T11:01:18.694+0200 [DEBUG] [org.gradle.cache.internal.DefaultFileLockManager] Waiting to acquire shared lock on daemon addresses registry.
2024-11-12T11:01:18.694+0200 [DEBUG] [org.gradle.cache.internal.DefaultFileLockManager] Lock acquired on daemon addresses registry.
2024-11-12T11:01:18.695+0200 [DEBUG] [org.gradle.cache.internal.DefaultFileLockManager] Releasing lock on daemon addresses registry.
2024-11-12T11:01:22.984+0200 [DEBUG] [org.gradle.process.internal.health.memory.DefaultMemoryManager] 409155993 physical memory requested, 359747584 free
2024-11-12T11:01:22.987+0200 [DEBUG] [org.gradle.workers.internal.WorkerDaemonExpiration] Will attempt to release 390 of memory
2024-11-12T11:01:22.987+0200 [DEBUG] [org.gradle.process.internal.health.memory.DefaultMemoryManager] 409155993 physical memory requested, 0 released, 359747584 free
2024-11-12T11:01:27.974+0200 [DEBUG] [org.gradle.process.internal.health.memory.DefaultMemoryManager] 409155993 physical memory requested, 360706048 free
2024-11-12T11:01:27.974+0200 [DEBUG] [org.gradle.workers.internal.WorkerDaemonExpiration] Will attempt to release 390 of memory
2024-11-12T11:01:27.974+0200 [DEBUG] [org.gradle.process.internal.health.memory.DefaultMemoryManager] 409155993 physical memory requested, 0 released, 360706048 free
2024-11-12T11:01:28.699+0200 [DEBUG] [org.gradle.cache.internal.DefaultFileLockManager] Waiting to acquire shared lock on daemon addresses registry.
2024-11-12T11:01:28.699+0200 [DEBUG] [org.gradle.cache.internal.DefaultFileLockManager] Lock acquired on daemon addresses registry.
2024-11-12T11:01:28.700+0200 [DEBUG] [org.gradle.cache.internal.DefaultFileLockManager] Releasing lock on daemon addresses registry.
2024-11-12T11:01:28.701+0200 [DEBUG] [org.gradle.cache.internal.DefaultFileLockManager] Waiting to acquire shared lock on daemon addresses registry.
2024-11-12T11:01:28.701+0200 [DEBUG] [org.gradle.cache.internal.DefaultFileLockManager] Lock acquired on daemon addresses registry.
2024-11-12T11:01:28.701+0200 [DEBUG] [org.gradle.cache.internal.DefaultFileLockManager] Releasing lock on daemon addresses registry.
2024-11-12T11:01:28.701+0200 [DEBUG] [org.gradle.cache.internal.DefaultFileLockManager] Waiting to acquire shared lock on daemon addresses registry.
2024-11-12T11:01:28.702+0200 [DEBUG] [org.gradle.cache.internal.DefaultFileLockManager] Lock acquired on daemon addresses registry.
2024-11-12T11:01:28.702+0200 [DEBUG] [org.gradle.cache.internal.DefaultFileLockManager] Releasing lock on daemon addresses registry.
2024-11-12T11:01:32.986+0200 [DEBUG] [org.gradle.process.internal.health.memory.DefaultMemoryManager] 409155993 physical memory requested, 361246720 free
2024-11-12T11:01:32.986+0200 [DEBUG] [org.gradle.workers.internal.WorkerDaemonExpiration] Will attempt to release 390 of memory
2024-11-12T11:01:32.986+0200 [DEBUG] [org.gradle.process.internal.health.memory.DefaultMemoryManager] 409155993 physical memory requested, 0 released, 361246720 free
2024-11-12T11:01:37.978+0200 [DEBUG] [org.gradle.process.internal.health.memory.DefaultMemoryManager] 409155993 physical memory requested, 354701312 free
2024-11-12T11:01:37.978+0200 [DEBUG] [org.gradle.workers.internal.WorkerDaemonExpiration] Will attempt to release 390 of memory
2024-11-12T11:01:37.978+0200 [DEBUG] [org.gradle.process.internal.health.memory.DefaultMemoryManager] 409155993 physical memory requested, 0 released, 354701312 free
2024-11-12T11:01:38.691+0200 [DEBUG] [org.gradle.cache.internal.DefaultFileLockManager] Waiting to acquire shared lock on daemon addresses registry.
2024-11-12T11:01:38.691+0200 [DEBUG] [org.gradle.cache.internal.DefaultFileLockManager] Lock acquired on daemon addresses registry.
2024-11-12T11:01:38.691+0200 [DEBUG] [org.gradle.cache.internal.DefaultFileLockManager] Releasing lock on daemon addresses registry.
2024-11-12T11:01:38.692+0200 [DEBUG] [org.gradle.cache.internal.DefaultFileLockManager] Waiting to acquire shared lock on daemon addresses registry.
2024-11-12T11:01:38.692+0200 [DEBUG] [org.gradle.cache.internal.DefaultFileLockManager] Lock acquired on daemon addresses registry.
2024-11-12T11:01:38.693+0200 [DEBUG] [org.gradle.cache.internal.DefaultFileLockManager] Releasing lock on daemon addresses registry.
2024-11-12T11:01:38.694+0200 [DEBUG] [org.gradle.cache.internal.DefaultFileLockManager] Waiting to acquire shared lock on daemon addresses registry.
2024-11-12T11:01:38.694+0200 [DEBUG] [org.gradle.cache.internal.DefaultFileLockManager] Lock acquired on daemon addresses registry.
2024-11-12T11:01:38.695+0200 [DEBUG] [org.gradle.cache.internal.DefaultFileLockManager] Releasing lock on daemon addresses registry.
2024-11-12T11:01:42.973+0200 [DEBUG] [org.gradle.process.internal.health.memory.DefaultMemoryManager] 409155993 physical memory requested, 348954624 free
2024-11-12T11:01:42.973+0200 [DEBUG] [org.gradle.workers.internal.WorkerDaemonExpiration] Will attempt to release 390 of memory
2024-11-12T11:01:42.973+0200 [DEBUG] [org.gradle.process.internal.health.memory.DefaultMemoryManager] 409155993 physical memory requested, 0 released, 348954624 free
2024-11-12T11:01:47.969+0200 [DEBUG] [org.gradle.process.internal.health.memory.DefaultMemoryManager] 409155993 physical memory requested, 341893120 free
2024-11-12T11:01:47.969+0200 [DEBUG] [org.gradle.workers.internal.WorkerDaemonExpiration] Will attempt to release 390 of memory
2024-11-12T11:01:47.969+0200 [DEBUG] [org.gradle.process.internal.health.memory.DefaultMemoryManager] 409155993 physical memory requested, 0 released, 341893120 free
2024-11-12T11:01:48.690+0200 [DEBUG] [org.gradle.cache.internal.DefaultFileLockManager] Waiting to acquire shared lock on daemon addresses registry.
2024-11-12T11:01:48.691+0200 [DEBUG] [org.gradle.cache.internal.DefaultFileLockManager] Lock acquired on daemon addresses registry.
2024-11-12T11:01:48.693+0200 [DEBUG] [org.gradle.cache.internal.DefaultFileLockManager] Releasing lock on daemon addresses registry.
2024-11-12T11:01:48.695+0200 [DEBUG] [org.gradle.cache.internal.DefaultFileLockManager] Waiting to acquire shared lock on daemon addresses registry.
2024-11-12T11:01:48.696+0200 [DEBUG] [org.gradle.cache.internal.DefaultFileLockManager] Lock acquired on daemon addresses registry.
2024-11-12T11:01:48.696+0200 [DEBUG] [org.gradle.cache.internal.DefaultFileLockManager] Releasing lock on daemon addresses registry.
2024-11-12T11:01:48.698+0200 [DEBUG] [org.gradle.cache.internal.DefaultFileLockManager] Waiting to acquire shared lock on daemon addresses registry.
2024-11-12T11:01:48.698+0200 [DEBUG] [org.gradle.cache.internal.DefaultFileLockManager] Lock acquired on daemon addresses registry.
2024-11-12T11:01:48.699+0200 [DEBUG] [org.gradle.cache.internal.DefaultFileLockManager] Releasing lock on daemon addresses registry.
2024-11-12T11:01:52.972+0200 [DEBUG] [org.gradle.process.internal.health.memory.DefaultMemoryManager] 409155993 physical memory requested, 340922368 free
2024-11-12T11:01:52.972+0200 [DEBUG] [org.gradle.workers.internal.WorkerDaemonExpiration] Will attempt to release 390 of memory
2024-11-12T11:01:52.972+0200 [DEBUG] [org.gradle.process.internal.health.memory.DefaultMemoryManager] 409155993 physical memory requested, 0 released, 340922368 free
2024-11-12T11:01:57.978+0200 [DEBUG] [org.gradle.process.internal.health.memory.DefaultMemoryManager] 409155993 physical memory requested, 338157568 free
2024-11-12T11:01:57.978+0200 [DEBUG] [org.gradle.workers.internal.WorkerDaemonExpiration] Will attempt to release 390 of memory
2024-11-12T11:01:57.978+0200 [DEBUG] [org.gradle.process.internal.health.memory.DefaultMemoryManager] 409155993 physical memory requested, 0 released, 338157568 free
2024-11-12T11:01:58.704+0200 [DEBUG] [org.gradle.cache.internal.DefaultFileLockManager] Waiting to acquire shared lock on daemon addresses registry.
2024-11-12T11:01:58.704+0200 [DEBUG] [org.gradle.cache.internal.DefaultFileLockManager] Lock acquired on daemon addresses registry.
2024-11-12T11:01:58.705+0200 [DEBUG] [org.gradle.cache.internal.DefaultFileLockManager] Releasing lock on daemon addresses registry.
2024-11-12T11:01:58.707+0200 [DEBUG] [org.gradle.cache.internal.DefaultFileLockManager] Waiting to acquire shared lock on daemon addresses registry.
2024-11-12T11:01:58.708+0200 [DEBUG] [org.gradle.cache.internal.DefaultFileLockManager] Lock acquired on daemon addresses registry.
2024-11-12T11:01:58.708+0200 [DEBUG] [org.gradle.cache.internal.DefaultFileLockManager] Releasing lock on daemon addresses registry.
2024-11-12T11:01:58.710+0200 [DEBUG] [org.gradle.cache.internal.DefaultFileLockManager] Waiting to acquire shared lock on daemon addresses registry.
2024-11-12T11:01:58.710+0200 [DEBUG] [org.gradle.cache.internal.DefaultFileLockManager] Lock acquired on daemon addresses registry.
2024-11-12T11:01:58.711+0200 [DEBUG] [org.gradle.cache.internal.DefaultFileLockManager] Releasing lock on daemon addresses registry.
2024-11-12T11:02:02.969+0200 [DEBUG] [org.gradle.process.internal.health.memory.DefaultMemoryManager] 409155993 physical memory requested, 322031616 free
2024-11-12T11:02:02.969+0200 [DEBUG] [org.gradle.workers.internal.WorkerDaemonExpiration] Will attempt to release 390 of memory
2024-11-12T11:02:02.969+0200 [DEBUG] [org.gradle.process.internal.health.memory.DefaultMemoryManager] 409155993 physical memory requested, 0 released, 322031616 free
2024-11-12T11:02:07.979+0200 [DEBUG] [org.gradle.process.internal.health.memory.DefaultMemoryManager] 409155993 physical memory requested, 369340416 free
2024-11-12T11:02:07.979+0200 [DEBUG] [org.gradle.workers.internal.WorkerDaemonExpiration] Will attempt to release 390 of memory
2024-11-12T11:02:07.979+0200 [DEBUG] [org.gradle.process.internal.health.memory.DefaultMemoryManager] 409155993 physical memory requested, 0 released, 369340416 free
2024-11-12T11:02:08.691+0200 [DEBUG] [org.gradle.cache.internal.DefaultFileLockManager] Waiting to acquire shared lock on daemon addresses registry.
2024-11-12T11:02:08.691+0200 [DEBUG] [org.gradle.cache.internal.DefaultFileLockManager] Lock acquired on daemon addresses registry.
2024-11-12T11:02:08.693+0200 [DEBUG] [org.gradle.cache.internal.DefaultFileLockManager] Releasing lock on daemon addresses registry.
2024-11-12T11:02:08.694+0200 [DEBUG] [org.gradle.cache.internal.DefaultFileLockManager] Waiting to acquire shared lock on daemon addresses registry.
2024-11-12T11:02:08.695+0200 [DEBUG] [org.gradle.cache.internal.DefaultFileLockManager] Lock acquired on daemon addresses registry.
2024-11-12T11:02:08.696+0200 [DEBUG] [org.gradle.cache.internal.DefaultFileLockManager] Releasing lock on daemon addresses registry.
2024-11-12T11:02:08.698+0200 [DEBUG] [org.gradle.cache.internal.DefaultFileLockManager] Waiting to acquire shared lock on daemon addresses registry.
2024-11-12T11:02:08.698+0200 [DEBUG] [org.gradle.cache.internal.DefaultFileLockManager] Lock acquired on daemon addresses registry.
2024-11-12T11:02:08.699+0200 [DEBUG] [org.gradle.cache.internal.DefaultFileLockManager] Releasing lock on daemon addresses registry.
2024-11-12T11:02:12.978+0200 [DEBUG] [org.gradle.process.internal.health.memory.DefaultMemoryManager] 409155993 physical memory requested, 374218752 free
2024-11-12T11:02:12.978+0200 [DEBUG] [org.gradle.workers.internal.WorkerDaemonExpiration] Will attempt to release 390 of memory
2024-11-12T11:02:12.979+0200 [DEBUG] [org.gradle.process.internal.health.memory.DefaultMemoryManager] 409155993 physical memory requested, 0 released, 374218752 free
2024-11-12T11:02:17.982+0200 [DEBUG] [org.gradle.process.internal.health.memory.DefaultMemoryManager] 409155993 physical memory requested, 375500800 free
2024-11-12T11:02:17.983+0200 [DEBUG] [org.gradle.workers.internal.WorkerDaemonExpiration] Will attempt to release 390 of memory
2024-11-12T11:02:17.983+0200 [DEBUG] [org.gradle.process.internal.health.memory.DefaultMemoryManager] 409155993 physical memory requested, 0 released, 375500800 free
2024-11-12T11:02:18.694+0200 [DEBUG] [org.gradle.cache.internal.DefaultFileLockManager] Waiting to acquire shared lock on daemon addresses registry.
2024-11-12T11:02:18.694+0200 [DEBUG] [org.gradle.cache.internal.DefaultFileLockManager] Lock acquired on daemon addresses registry.
2024-11-12T11:02:18.695+0200 [DEBUG] [org.gradle.cache.internal.DefaultFileLockManager] Releasing lock on daemon addresses registry.
2024-11-12T11:02:18.696+0200 [DEBUG] [org.gradle.cache.internal.DefaultFileLockManager] Waiting to acquire shared lock on daemon addresses registry.
2024-11-12T11:02:18.696+0200 [DEBUG] [org.gradle.cache.internal.DefaultFileLockManager] Lock acquired on daemon addresses registry.
2024-11-12T11:02:18.696+0200 [DEBUG] [org.gradle.cache.internal.DefaultFileLockManager] Releasing lock on daemon addresses registry.
2024-11-12T11:02:18.697+0200 [DEBUG] [org.gradle.cache.internal.DefaultFileLockManager] Waiting to acquire shared lock on daemon addresses registry.
2024-11-12T11:02:18.697+0200 [DEBUG] [org.gradle.cache.internal.DefaultFileLockManager] Lock acquired on daemon addresses registry.
2024-11-12T11:02:18.698+0200 [DEBUG] [org.gradle.cache.internal.DefaultFileLockManager] Releasing lock on daemon addresses registry.
2024-11-12T11:02:22.970+0200 [DEBUG] [org.gradle.process.internal.health.memory.DefaultMemoryManager] 409155993 physical memory requested, 373985280 free
2024-11-12T11:02:22.970+0200 [DEBUG] [org.gradle.workers.internal.WorkerDaemonExpiration] Will attempt to release 390 of memory
2024-11-12T11:02:22.971+0200 [DEBUG] [org.gradle.process.internal.health.memory.DefaultMemoryManager] 409155993 physical memory requested, 0 released, 373985280 free
2024-11-12T11:02:27.972+0200 [DEBUG] [org.gradle.process.internal.health.memory.DefaultMemoryManager] 409155993 physical memory requested, 342130688 free
2024-11-12T11:02:27.972+0200 [DEBUG] [org.gradle.workers.internal.WorkerDaemonExpiration] Will attempt to release 390 of memory
2024-11-12T11:02:27.972+0200 [DEBUG] [org.gradle.process.internal.health.memory.DefaultMemoryManager] 409155993 physical memory requested, 0 released, 342130688 free
2024-11-12T11:02:28.698+0200 [DEBUG] [org.gradle.cache.internal.DefaultFileLockManager] Waiting to acquire shared lock on daemon addresses registry.
2024-11-12T11:02:28.699+0200 [DEBUG] [org.gradle.cache.internal.DefaultFileLockManager] Lock acquired on daemon addresses registry.
2024-11-12T11:02:28.699+0200 [DEBUG] [org.gradle.cache.internal.DefaultFileLockManager] Releasing lock on daemon addresses registry.
2024-11-12T11:02:28.701+0200 [DEBUG] [org.gradle.cache.internal.DefaultFileLockManager] Waiting to acquire shared lock on daemon addresses registry.
2024-11-12T11:02:28.701+0200 [DEBUG] [org.gradle.cache.internal.DefaultFileLockManager] Lock acquired on daemon addresses registry.
2024-11-12T11:02:28.702+0200 [DEBUG] [org.gradle.cache.internal.DefaultFileLockManager] Releasing lock on daemon addresses registry.
2024-11-12T11:02:28.703+0200 [DEBUG] [org.gradle.cache.internal.DefaultFileLockManager] Waiting to acquire shared lock on daemon addresses registry.
2024-11-12T11:02:28.704+0200 [DEBUG] [org.gradle.cache.internal.DefaultFileLockManager] Lock acquired on daemon addresses registry.
2024-11-12T11:02:28.704+0200 [DEBUG] [org.gradle.cache.internal.DefaultFileLockManager] Releasing lock on daemon addresses registry.
2024-11-12T11:02:32.983+0200 [DEBUG] [org.gradle.process.internal.health.memory.DefaultMemoryManager] 409155993 physical memory requested, 345763840 free
2024-11-12T11:02:32.983+0200 [DEBUG] [org.gradle.workers.internal.WorkerDaemonExpiration] Will attempt to release 390 of memory
2024-11-12T11:02:32.983+0200 [DEBUG] [org.gradle.process.internal.health.memory.DefaultMemoryManager] 409155993 physical memory requested, 0 released, 345763840 free
2024-11-12T11:02:37.981+0200 [DEBUG] [org.gradle.process.internal.health.memory.DefaultMemoryManager] 409155993 physical memory requested, 344449024 free
2024-11-12T11:02:37.982+0200 [DEBUG] [org.gradle.workers.internal.WorkerDaemonExpiration] Will attempt to release 390 of memory
2024-11-12T11:02:37.982+0200 [DEBUG] [org.gradle.process.internal.health.memory.DefaultMemoryManager] 409155993 physical memory requested, 0 released, 344449024 free
2024-11-12T11:02:38.696+0200 [DEBUG] [org.gradle.cache.internal.DefaultFileLockManager] Waiting to acquire shared lock on daemon addresses registry.
2024-11-12T11:02:38.697+0200 [DEBUG] [org.gradle.cache.internal.DefaultFileLockManager] Lock acquired on daemon addresses registry.
2024-11-12T11:02:38.698+0200 [DEBUG] [org.gradle.cache.internal.DefaultFileLockManager] Releasing lock on daemon addresses registry.
2024-11-12T11:02:38.701+0200 [DEBUG] [org.gradle.cache.internal.DefaultFileLockManager] Waiting to acquire shared lock on daemon addresses registry.
2024-11-12T11:02:38.702+0200 [DEBUG] [org.gradle.cache.internal.DefaultFileLockManager] Lock acquired on daemon addresses registry.
2024-11-12T11:02:38.702+0200 [DEBUG] [org.gradle.cache.internal.DefaultFileLockManager] Releasing lock on daemon addresses registry.
2024-11-12T11:02:38.704+0200 [DEBUG] [org.gradle.cache.internal.DefaultFileLockManager] Waiting to acquire shared lock on daemon addresses registry.
2024-11-12T11:02:38.705+0200 [DEBUG] [org.gradle.cache.internal.DefaultFileLockManager] Lock acquired on daemon addresses registry.
2024-11-12T11:02:38.705+0200 [DEBUG] [org.gradle.cache.internal.DefaultFileLockManager] Releasing lock on daemon addresses registry.
2024-11-12T11:02:42.981+0200 [DEBUG] [org.gradle.process.internal.health.memory.DefaultMemoryManager] 409155993 physical memory requested, 327208960 free
2024-11-12T11:02:42.981+0200 [DEBUG] [org.gradle.workers.internal.WorkerDaemonExpiration] Will attempt to release 390 of memory
2024-11-12T11:02:42.981+0200 [DEBUG] [org.gradle.process.internal.health.memory.DefaultMemoryManager] 409155993 physical memory requested, 0 released, 327208960 free
2024-11-12T11:02:47.970+0200 [DEBUG] [org.gradle.process.internal.health.memory.DefaultMemoryManager] 409155993 physical memory requested, 337072128 free
2024-11-12T11:02:47.970+0200 [DEBUG] [org.gradle.workers.internal.WorkerDaemonExpiration] Will attempt to release 390 of memory
2024-11-12T11:02:47.970+0200 [DEBUG] [org.gradle.process.internal.health.memory.DefaultMemoryManager] 409155993 physical memory requested, 0 released, 337072128 free
2024-11-12T11:02:48.703+0200 [DEBUG] [org.gradle.cache.internal.DefaultFileLockManager] Waiting to acquire shared lock on daemon addresses registry.
2024-11-12T11:02:48.703+0200 [DEBUG] [org.gradle.cache.internal.DefaultFileLockManager] Lock acquired on daemon addresses registry.
2024-11-12T11:02:48.705+0200 [DEBUG] [org.gradle.cache.internal.DefaultFileLockManager] Releasing lock on daemon addresses registry.
2024-11-12T11:02:48.706+0200 [DEBUG] [org.gradle.cache.internal.DefaultFileLockManager] Waiting to acquire shared lock on daemon addresses registry.
2024-11-12T11:02:48.706+0200 [DEBUG] [org.gradle.cache.internal.DefaultFileLockManager] Lock acquired on daemon addresses registry.
2024-11-12T11:02:48.707+0200 [DEBUG] [org.gradle.cache.internal.DefaultFileLockManager] Releasing lock on daemon addresses registry.
2024-11-12T11:02:48.708+0200 [DEBUG] [org.gradle.cache.internal.DefaultFileLockManager] Waiting to acquire shared lock on daemon addresses registry.
2024-11-12T11:02:48.708+0200 [DEBUG] [org.gradle.cache.internal.DefaultFileLockManager] Lock acquired on daemon addresses registry.
2024-11-12T11:02:48.708+0200 [DEBUG] [org.gradle.cache.internal.DefaultFileLockManager] Releasing lock on daemon addresses registry.
2024-11-12T11:02:52.981+0200 [DEBUG] [org.gradle.process.internal.health.memory.DefaultMemoryManager] 409155993 physical memory requested, 332980224 free
2024-11-12T11:02:52.981+0200 [DEBUG] [org.gradle.workers.internal.WorkerDaemonExpiration] Will attempt to release 390 of memory
2024-11-12T11:02:52.981+0200 [DEBUG] [org.gradle.process.internal.health.memory.DefaultMemoryManager] 409155993 physical memory requested, 0 released, 332980224 free
2024-11-12T11:02:57.977+0200 [DEBUG] [org.gradle.process.internal.health.memory.DefaultMemoryManager] 409155993 physical memory requested, 334327808 free
2024-11-12T11:02:57.977+0200 [DEBUG] [org.gradle.workers.internal.WorkerDaemonExpiration] Will attempt to release 390 of memory
2024-11-12T11:02:57.977+0200 [DEBUG] [org.gradle.process.internal.health.memory.DefaultMemoryManager] 409155993 physical memory requested, 0 released, 334327808 free
2024-11-12T11:02:58.690+0200 [DEBUG] [org.gradle.cache.internal.DefaultFileLockManager] Waiting to acquire shared lock on daemon addresses registry.
2024-11-12T11:02:58.691+0200 [DEBUG] [org.gradle.cache.internal.DefaultFileLockManager] Lock acquired on daemon addresses registry.
2024-11-12T11:02:58.692+0200 [DEBUG] [org.gradle.cache.internal.DefaultFileLockManager] Releasing lock on daemon addresses registry.
2024-11-12T11:02:58.694+0200 [DEBUG] [org.gradle.cache.internal.DefaultFileLockManager] Waiting to acquire shared lock on daemon addresses registry.
2024-11-12T11:02:58.695+0200 [DEBUG] [org.gradle.cache.internal.DefaultFileLockManager] Lock acquired on daemon addresses registry.
2024-11-12T11:02:58.696+0200 [DEBUG] [org.gradle.cache.internal.DefaultFileLockManager] Releasing lock on daemon addresses registry.
2024-11-12T11:02:58.698+0200 [DEBUG] [org.gradle.cache.internal.DefaultFileLockManager] Waiting to acquire shared lock on daemon addresses registry.
2024-11-12T11:02:58.698+0200 [DEBUG] [org.gradle.cache.internal.DefaultFileLockManager] Lock acquired on daemon addresses registry.
2024-11-12T11:02:58.699+0200 [DEBUG] [org.gradle.cache.internal.DefaultFileLockManager] Releasing lock on daemon addresses registry.
2024-11-12T11:03:02.982+0200 [DEBUG] [org.gradle.process.internal.health.memory.DefaultMemoryManager] 409155993 physical memory requested, 302510080 free
2024-11-12T11:03:02.982+0200 [DEBUG] [org.gradle.workers.internal.WorkerDaemonExpiration] Will attempt to release 390 of memory
2024-11-12T11:03:02.983+0200 [DEBUG] [org.gradle.process.internal.health.memory.DefaultMemoryManager] 409155993 physical memory requested, 0 released, 302510080 free
2024-11-12T11:03:07.969+0200 [DEBUG] [org.gradle.process.internal.health.memory.DefaultMemoryManager] 409155993 physical memory requested, 295014400 free
2024-11-12T11:03:07.970+0200 [DEBUG] [org.gradle.workers.internal.WorkerDaemonExpiration] Will attempt to release 390 of memory
2024-11-12T11:03:07.970+0200 [DEBUG] [org.gradle.process.internal.health.memory.DefaultMemoryManager] 409155993 physical memory requested, 0 released, 295014400 free
2024-11-12T11:03:08.694+0200 [DEBUG] [org.gradle.cache.internal.DefaultFileLockManager] Waiting to acquire shared lock on daemon addresses registry.
2024-11-12T11:03:08.694+0200 [DEBUG] [org.gradle.cache.internal.DefaultFileLockManager] Lock acquired on daemon addresses registry.
2024-11-12T11:03:08.695+0200 [DEBUG] [org.gradle.cache.internal.DefaultFileLockManager] Releasing lock on daemon addresses registry.
2024-11-12T11:03:08.696+0200 [DEBUG] [org.gradle.cache.internal.DefaultFileLockManager] Waiting to acquire shared lock on daemon addresses registry.
2024-11-12T11:03:08.696+0200 [DEBUG] [org.gradle.cache.internal.DefaultFileLockManager] Lock acquired on daemon addresses registry.
2024-11-12T11:03:08.697+0200 [DEBUG] [org.gradle.cache.internal.DefaultFileLockManager] Releasing lock on daemon addresses registry.
2024-11-12T11:03:08.697+0200 [DEBUG] [org.gradle.cache.internal.DefaultFileLockManager] Waiting to acquire shared lock on daemon addresses registry.
2024-11-12T11:03:08.698+0200 [DEBUG] [org.gradle.cache.internal.DefaultFileLockManager] Lock acquired on daemon addresses registry.
2024-11-12T11:03:08.698+0200 [DEBUG] [org.gradle.cache.internal.DefaultFileLockManager] Releasing lock on daemon addresses registry.
2024-11-12T11:03:12.983+0200 [DEBUG] [org.gradle.process.internal.health.memory.DefaultMemoryManager] 409155993 physical memory requested, 291905536 free
2024-11-12T11:03:12.983+0200 [DEBUG] [org.gradle.workers.internal.WorkerDaemonExpiration] Will attempt to release 390 of memory
2024-11-12T11:03:12.983+0200 [DEBUG] [org.gradle.process.internal.health.memory.DefaultMemoryManager] 409155993 physical memory requested, 0 released, 291905536 free
2024-11-12T11:03:17.970+0200 [DEBUG] [org.gradle.process.internal.health.memory.DefaultMemoryManager] 409155993 physical memory requested, 274755584 free
2024-11-12T11:03:17.970+0200 [DEBUG] [org.gradle.workers.internal.WorkerDaemonExpiration] Will attempt to release 390 of memory
2024-11-12T11:03:17.970+0200 [DEBUG] [org.gradle.process.internal.health.memory.DefaultMemoryManager] 409155993 physical memory requested, 0 released, 274755584 free
2024-11-12T11:03:18.698+0200 [DEBUG] [org.gradle.cache.internal.DefaultFileLockManager] Waiting to acquire shared lock on daemon addresses registry.
2024-11-12T11:03:18.698+0200 [DEBUG] [org.gradle.cache.internal.DefaultFileLockManager] Lock acquired on daemon addresses registry.
2024-11-12T11:03:18.699+0200 [DEBUG] [org.gradle.cache.internal.DefaultFileLockManager] Releasing lock on daemon addresses registry.
2024-11-12T11:03:18.700+0200 [DEBUG] [org.gradle.cache.internal.DefaultFileLockManager] Waiting to acquire shared lock on daemon addresses registry.
2024-11-12T11:03:18.700+0200 [DEBUG] [org.gradle.cache.internal.DefaultFileLockManager] Lock acquired on daemon addresses registry.
2024-11-12T11:03:18.701+0200 [DEBUG] [org.gradle.cache.internal.DefaultFileLockManager] Releasing lock on daemon addresses registry.
2024-11-12T11:03:18.701+0200 [DEBUG] [org.gradle.cache.internal.DefaultFileLockManager] Waiting to acquire shared lock on daemon addresses registry.
2024-11-12T11:03:18.702+0200 [DEBUG] [org.gradle.cache.internal.DefaultFileLockManager] Lock acquired on daemon addresses registry.
2024-11-12T11:03:18.702+0200 [DEBUG] [org.gradle.cache.internal.DefaultFileLockManager] Releasing lock on daemon addresses registry.
2024-11-12T11:03:23.024+0200 [DEBUG] [org.gradle.process.internal.health.memory.DefaultMemoryManager] 409155993 physical memory requested, 355704832 free
2024-11-12T11:03:23.024+0200 [DEBUG] [org.gradle.workers.internal.WorkerDaemonExpiration] Will attempt to release 390 of memory
2024-11-12T11:03:23.024+0200 [DEBUG] [org.gradle.process.internal.health.memory.DefaultMemoryManager] 409155993 physical memory requested, 0 released, 355704832 free
2024-11-12T11:03:28.696+0200 [DEBUG] [org.gradle.cache.internal.DefaultFileLockManager] Waiting to acquire shared lock on daemon addresses registry.
2024-11-12T11:03:28.697+0200 [DEBUG] [org.gradle.cache.internal.DefaultFileLockManager] Lock acquired on daemon addresses registry.
2024-11-12T11:03:28.697+0200 [DEBUG] [org.gradle.cache.internal.DefaultFileLockManager] Releasing lock on daemon addresses registry.
2024-11-12T11:03:28.699+0200 [DEBUG] [org.gradle.cache.internal.DefaultFileLockManager] Waiting to acquire shared lock on daemon addresses registry.
2024-11-12T11:03:28.699+0200 [DEBUG] [org.gradle.cache.internal.DefaultFileLockManager] Lock acquired on daemon addresses registry.
2024-11-12T11:03:28.700+0200 [DEBUG] [org.gradle.cache.internal.DefaultFileLockManager] Releasing lock on daemon addresses registry.
2024-11-12T11:03:28.701+0200 [DEBUG] [org.gradle.cache.internal.DefaultFileLockManager] Waiting to acquire shared lock on daemon addresses registry.
2024-11-12T11:03:28.701+0200 [DEBUG] [org.gradle.cache.internal.DefaultFileLockManager] Lock acquired on daemon addresses registry.
2024-11-12T11:03:28.702+0200 [DEBUG] [org.gradle.cache.internal.DefaultFileLockManager] Releasing lock on daemon addresses registry.
2024-11-12T11:03:32.996+0200 [DEBUG] [org.gradle.process.internal.health.memory.DefaultMemoryManager] 409155993 physical memory requested, 371494912 free
2024-11-12T11:03:32.996+0200 [DEBUG] [org.gradle.workers.internal.WorkerDaemonExpiration] Will attempt to release 390 of memory
2024-11-12T11:03:32.996+0200 [DEBUG] [org.gradle.process.internal.health.memory.DefaultMemoryManager] 409155993 physical memory requested, 0 released, 371494912 free
2024-11-12T11:03:38.703+0200 [DEBUG] [org.gradle.cache.internal.DefaultFileLockManager] Waiting to acquire shared lock on daemon addresses registry.
2024-11-12T11:03:38.703+0200 [DEBUG] [org.gradle.cache.internal.DefaultFileLockManager] Lock acquired on daemon addresses registry.
2024-11-12T11:03:38.704+0200 [DEBUG] [org.gradle.cache.internal.DefaultFileLockManager] Releasing lock on daemon addresses registry.
2024-11-12T11:03:38.705+0200 [DEBUG] [org.gradle.cache.internal.DefaultFileLockManager] Waiting to acquire shared lock on daemon addresses registry.
2024-11-12T11:03:38.705+0200 [DEBUG] [org.gradle.cache.internal.DefaultFileLockManager] Lock acquired on daemon addresses registry.
2024-11-12T11:03:38.706+0200 [DEBUG] [org.gradle.cache.internal.DefaultFileLockManager] Releasing lock on daemon addresses registry.
2024-11-12T11:03:38.706+0200 [DEBUG] [org.gradle.cache.internal.DefaultFileLockManager] Waiting to acquire shared lock on daemon addresses registry.
2024-11-12T11:03:38.707+0200 [DEBUG] [org.gradle.cache.internal.DefaultFileLockManager] Lock acquired on daemon addresses registry.
2024-11-12T11:03:38.707+0200 [DEBUG] [org.gradle.cache.internal.DefaultFileLockManager] Releasing lock on daemon addresses registry.
2024-11-12T11:03:48.693+0200 [DEBUG] [org.gradle.cache.internal.DefaultFileLockManager] Waiting to acquire shared lock on daemon addresses registry.
2024-11-12T11:03:48.695+0200 [DEBUG] [org.gradle.cache.internal.DefaultFileLockManager] Lock acquired on daemon addresses registry.
2024-11-12T11:03:48.696+0200 [DEBUG] [org.gradle.cache.internal.DefaultFileLockManager] Releasing lock on daemon addresses registry.
2024-11-12T11:03:48.697+0200 [DEBUG] [org.gradle.cache.internal.DefaultFileLockManager] Waiting to acquire shared lock on daemon addresses registry.
2024-11-12T11:03:48.697+0200 [DEBUG] [org.gradle.cache.internal.DefaultFileLockManager] Lock acquired on daemon addresses registry.
2024-11-12T11:03:48.698+0200 [DEBUG] [org.gradle.cache.internal.DefaultFileLockManager] Releasing lock on daemon addresses registry.
2024-11-12T11:03:48.699+0200 [DEBUG] [org.gradle.cache.internal.DefaultFileLockManager] Waiting to acquire shared lock on daemon addresses registry.
2024-11-12T11:03:48.699+0200 [DEBUG] [org.gradle.cache.internal.DefaultFileLockManager] Lock acquired on daemon addresses registry.
2024-11-12T11:03:48.700+0200 [DEBUG] [org.gradle.cache.internal.DefaultFileLockManager] Releasing lock on daemon addresses registry.
2024-11-12T11:03:58.692+0200 [DEBUG] [org.gradle.cache.internal.DefaultFileLockManager] Waiting to acquire shared lock on daemon addresses registry.
2024-11-12T11:03:58.692+0200 [DEBUG] [org.gradle.cache.internal.DefaultFileLockManager] Lock acquired on daemon addresses registry.
2024-11-12T11:03:58.692+0200 [DEBUG] [org.gradle.cache.internal.DefaultFileLockManager] Releasing lock on daemon addresses registry.
2024-11-12T11:03:58.693+0200 [DEBUG] [org.gradle.cache.internal.DefaultFileLockManager] Waiting to acquire shared lock on daemon addresses registry.
2024-11-12T11:03:58.693+0200 [DEBUG] [org.gradle.cache.internal.DefaultFileLockManager] Lock acquired on daemon addresses registry.
2024-11-12T11:03:58.693+0200 [DEBUG] [org.gradle.cache.internal.DefaultFileLockManager] Releasing lock on daemon addresses registry.
2024-11-12T11:03:58.694+0200 [DEBUG] [org.gradle.cache.internal.DefaultFileLockManager] Waiting to acquire shared lock on daemon addresses registry.
2024-11-12T11:03:58.694+0200 [DEBUG] [org.gradle.cache.internal.DefaultFileLockManager] Lock acquired on daemon addresses registry.
2024-11-12T11:03:58.694+0200 [DEBUG] [org.gradle.cache.internal.DefaultFileLockManager] Releasing lock on daemon addresses registry.
2024-11-12T11:04:08.706+0200 [DEBUG] [org.gradle.cache.internal.DefaultFileLockManager] Waiting to acquire shared lock on daemon addresses registry.
2024-11-12T11:04:08.706+0200 [DEBUG] [org.gradle.cache.internal.DefaultFileLockManager] Lock acquired on daemon addresses registry.
2024-11-12T11:04:08.707+0200 [DEBUG] [org.gradle.cache.internal.DefaultFileLockManager] Releasing lock on daemon addresses registry.
2024-11-12T11:04:08.709+0200 [DEBUG] [org.gradle.cache.internal.DefaultFileLockManager] Waiting to acquire shared lock on daemon addresses registry.
2024-11-12T11:04:08.709+0200 [DEBUG] [org.gradle.cache.internal.DefaultFileLockManager] Lock acquired on daemon addresses registry.
2024-11-12T11:04:08.710+0200 [DEBUG] [org.gradle.cache.internal.DefaultFileLockManager] Releasing lock on daemon addresses registry.
2024-11-12T11:04:08.711+0200 [DEBUG] [org.gradle.cache.internal.DefaultFileLockManager] Waiting to acquire shared lock on daemon addresses registry.
2024-11-12T11:04:08.712+0200 [DEBUG] [org.gradle.cache.internal.DefaultFileLockManager] Lock acquired on daemon addresses registry.
2024-11-12T11:04:08.713+0200 [DEBUG] [org.gradle.cache.internal.DefaultFileLockManager] Releasing lock on daemon addresses registry.
2024-11-12T11:04:18.694+0200 [DEBUG] [org.gradle.cache.internal.DefaultFileLockManager] Waiting to acquire shared lock on daemon addresses registry.
2024-11-12T11:04:18.695+0200 [DEBUG] [org.gradle.cache.internal.DefaultFileLockManager] Lock acquired on daemon addresses registry.
2024-11-12T11:04:18.695+0200 [DEBUG] [org.gradle.cache.internal.DefaultFileLockManager] Releasing lock on daemon addresses registry.
2024-11-12T11:04:18.698+0200 [DEBUG] [org.gradle.cache.internal.DefaultFileLockManager] Waiting to acquire shared lock on daemon addresses registry.
2024-11-12T11:04:18.698+0200 [DEBUG] [org.gradle.cache.internal.DefaultFileLockManager] Lock acquired on daemon addresses registry.
2024-11-12T11:04:18.699+0200 [DEBUG] [org.gradle.cache.internal.DefaultFileLockManager] Releasing lock on daemon addresses registry.
2024-11-12T11:04:18.702+0200 [DEBUG] [org.gradle.cache.internal.DefaultFileLockManager] Waiting to acquire shared lock on daemon addresses registry.
2024-11-12T11:04:18.702+0200 [DEBUG] [org.gradle.cache.internal.DefaultFileLockManager] Lock acquired on daemon addresses registry.
2024-11-12T11:04:18.703+0200 [DEBUG] [org.gradle.cache.internal.DefaultFileLockManager] Releasing lock on daemon addresses registry.
2024-11-12T11:04:28.698+0200 [DEBUG] [org.gradle.cache.internal.DefaultFileLockManager] Waiting to acquire shared lock on daemon addresses registry.
2024-11-12T11:04:28.698+0200 [DEBUG] [org.gradle.cache.internal.DefaultFileLockManager] Lock acquired on daemon addresses registry.
2024-11-12T11:04:28.698+0200 [DEBUG] [org.gradle.cache.internal.DefaultFileLockManager] Releasing lock on daemon addresses registry.
2024-11-12T11:04:28.699+0200 [DEBUG] [org.gradle.cache.internal.DefaultFileLockManager] Waiting to acquire shared lock on daemon addresses registry.
2024-11-12T11:04:28.699+0200 [DEBUG] [org.gradle.cache.internal.DefaultFileLockManager] Lock acquired on daemon addresses registry.
2024-11-12T11:04:28.699+0200 [DEBUG] [org.gradle.cache.internal.DefaultFileLockManager] Releasing lock on daemon addresses registry.
2024-11-12T11:04:28.699+0200 [DEBUG] [org.gradle.cache.internal.DefaultFileLockManager] Waiting to acquire shared lock on daemon addresses registry.
2024-11-12T11:04:28.700+0200 [DEBUG] [org.gradle.cache.internal.DefaultFileLockManager] Lock acquired on daemon addresses registry.
2024-11-12T11:04:28.700+0200 [DEBUG] [org.gradle.cache.internal.DefaultFileLockManager] Releasing lock on daemon addresses registry.
2024-11-12T11:04:38.696+0200 [DEBUG] [org.gradle.cache.internal.DefaultFileLockManager] Waiting to acquire shared lock on daemon addresses registry.
2024-11-12T11:04:38.697+0200 [DEBUG] [org.gradle.cache.internal.DefaultFileLockManager] Lock acquired on daemon addresses registry.
2024-11-12T11:04:38.699+0200 [DEBUG] [org.gradle.cache.internal.DefaultFileLockManager] Releasing lock on daemon addresses registry.
2024-11-12T11:04:38.701+0200 [DEBUG] [org.gradle.cache.internal.DefaultFileLockManager] Waiting to acquire shared lock on daemon addresses registry.
2024-11-12T11:04:38.701+0200 [DEBUG] [org.gradle.cache.internal.DefaultFileLockManager] Lock acquired on daemon addresses registry.
2024-11-12T11:04:38.702+0200 [DEBUG] [org.gradle.cache.internal.DefaultFileLockManager] Releasing lock on daemon addresses registry.
2024-11-12T11:04:38.703+0200 [DEBUG] [org.gradle.cache.internal.DefaultFileLockManager] Waiting to acquire shared lock on daemon addresses registry.
2024-11-12T11:04:38.703+0200 [DEBUG] [org.gradle.cache.internal.DefaultFileLockManager] Lock acquired on daemon addresses registry.
2024-11-12T11:04:38.704+0200 [DEBUG] [org.gradle.cache.internal.DefaultFileLockManager] Releasing lock on daemon addresses registry.
2024-11-12T11:04:47.985+0200 [DEBUG] [org.gradle.process.internal.health.memory.DefaultMemoryManager] 409155993 physical memory requested, 361967616 free
2024-11-12T11:04:47.986+0200 [DEBUG] [org.gradle.workers.internal.WorkerDaemonExpiration] Will attempt to release 390 of memory
2024-11-12T11:04:47.986+0200 [DEBUG] [org.gradle.process.internal.health.memory.DefaultMemoryManager] 409155993 physical memory requested, 0 released, 361967616 free
2024-11-12T11:04:48.840+0200 [DEBUG] [org.gradle.cache.internal.DefaultFileLockManager] Waiting to acquire shared lock on daemon addresses registry.
2024-11-12T11:04:48.841+0200 [DEBUG] [org.gradle.cache.internal.DefaultFileLockManager] Lock acquired on daemon addresses registry.
2024-11-12T11:04:48.853+0200 [DEBUG] [org.gradle.cache.internal.DefaultFileLockManager] Releasing lock on daemon addresses registry.
2024-11-12T11:04:48.898+0200 [DEBUG] [org.gradle.cache.internal.DefaultFileLockManager] Waiting to acquire shared lock on daemon addresses registry.
2024-11-12T11:04:48.899+0200 [DEBUG] [org.gradle.cache.internal.DefaultFileLockManager] Lock acquired on daemon addresses registry.
2024-11-12T11:04:48.901+0200 [DEBUG] [org.gradle.cache.internal.DefaultFileLockManager] Releasing lock on daemon addresses registry.
2024-11-12T11:04:48.915+0200 [DEBUG] [org.gradle.cache.internal.DefaultFileLockManager] Waiting to acquire shared lock on daemon addresses registry.
2024-11-12T11:04:48.916+0200 [DEBUG] [org.gradle.cache.internal.DefaultFileLockManager] Lock acquired on daemon addresses registry.
2024-11-12T11:04:48.918+0200 [DEBUG] [org.gradle.cache.internal.DefaultFileLockManager] Releasing lock on daemon addresses registry.
2024-11-12T11:04:53.017+0200 [DEBUG] [org.gradle.process.internal.health.memory.DefaultMemoryManager] 409155993 physical memory requested, 358166528 free
2024-11-12T11:04:53.017+0200 [DEBUG] [org.gradle.workers.internal.WorkerDaemonExpiration] Will attempt to release 390 of memory
2024-11-12T11:04:53.017+0200 [DEBUG] [org.gradle.process.internal.health.memory.DefaultMemoryManager] 409155993 physical memory requested, 0 released, 358166528 free
2024-11-12T11:04:58.380+0200 [DEBUG] [org.gradle.process.internal.health.memory.DefaultMemoryManager] 409155993 physical memory requested, 324792320 free
2024-11-12T11:04:58.380+0200 [DEBUG] [org.gradle.workers.internal.WorkerDaemonExpiration] Will attempt to release 390 of memory
2024-11-12T11:04:58.381+0200 [DEBUG] [org.gradle.process.internal.health.memory.DefaultMemoryManager] 409155993 physical memory requested, 0 released, 324792320 free
2024-11-12T11:04:58.782+0200 [DEBUG] [org.gradle.cache.internal.DefaultFileLockManager] Waiting to acquire shared lock on daemon addresses registry.
2024-11-12T11:04:58.815+0200 [DEBUG] [org.gradle.cache.internal.DefaultFileLockManager] Lock acquired on daemon addresses registry.
2024-11-12T11:04:58.819+0200 [DEBUG] [org.gradle.cache.internal.DefaultFileLockManager] Releasing lock on daemon addresses registry.
2024-11-12T11:04:58.889+0200 [DEBUG] [org.gradle.cache.internal.DefaultFileLockManager] Waiting to acquire shared lock on daemon addresses registry.
2024-11-12T11:04:58.890+0200 [DEBUG] [org.gradle.cache.internal.DefaultFileLockManager] Lock acquired on daemon addresses registry.
2024-11-12T11:04:58.890+0200 [DEBUG] [org.gradle.cache.internal.DefaultFileLockManager] Releasing lock on daemon addresses registry.
2024-11-12T11:04:58.913+0200 [DEBUG] [org.gradle.cache.internal.DefaultFileLockManager] Waiting to acquire shared lock on daemon addresses registry.
2024-11-12T11:04:58.914+0200 [DEBUG] [org.gradle.cache.internal.DefaultFileLockManager] Lock acquired on daemon addresses registry.
2024-11-12T11:04:58.915+0200 [DEBUG] [org.gradle.cache.internal.DefaultFileLockManager] Releasing lock on daemon addresses registry.
2024-11-12T11:05:08.690+0200 [DEBUG] [org.gradle.cache.internal.DefaultFileLockManager] Waiting to acquire shared lock on daemon addresses registry.
2024-11-12T11:05:08.690+0200 [DEBUG] [org.gradle.cache.internal.DefaultFileLockManager] Lock acquired on daemon addresses registry.
2024-11-12T11:05:08.691+0200 [DEBUG] [org.gradle.cache.internal.DefaultFileLockManager] Releasing lock on daemon addresses registry.
2024-11-12T11:05:08.692+0200 [DEBUG] [org.gradle.cache.internal.DefaultFileLockManager] Waiting to acquire shared lock on daemon addresses registry.
2024-11-12T11:05:08.693+0200 [DEBUG] [org.gradle.cache.internal.DefaultFileLockManager] Lock acquired on daemon addresses registry.
2024-11-12T11:05:08.693+0200 [DEBUG] [org.gradle.cache.internal.DefaultFileLockManager] Releasing lock on daemon addresses registry.
2024-11-12T11:05:08.694+0200 [DEBUG] [org.gradle.cache.internal.DefaultFileLockManager] Waiting to acquire shared lock on daemon addresses registry.
2024-11-12T11:05:08.694+0200 [DEBUG] [org.gradle.cache.internal.DefaultFileLockManager] Lock acquired on daemon addresses registry.
2024-11-12T11:05:08.694+0200 [DEBUG] [org.gradle.cache.internal.DefaultFileLockManager] Releasing lock on daemon addresses registry.
2024-11-12T11:05:18.694+0200 [DEBUG] [org.gradle.cache.internal.DefaultFileLockManager] Waiting to acquire shared lock on daemon addresses registry.
2024-11-12T11:05:18.695+0200 [DEBUG] [org.gradle.cache.internal.DefaultFileLockManager] Lock acquired on daemon addresses registry.
2024-11-12T11:05:18.696+0200 [DEBUG] [org.gradle.cache.internal.DefaultFileLockManager] Releasing lock on daemon addresses registry.
2024-11-12T11:05:18.698+0200 [DEBUG] [org.gradle.cache.internal.DefaultFileLockManager] Waiting to acquire shared lock on daemon addresses registry.
2024-11-12T11:05:18.698+0200 [DEBUG] [org.gradle.cache.internal.DefaultFileLockManager] Lock acquired on daemon addresses registry.
2024-11-12T11:05:18.699+0200 [DEBUG] [org.gradle.cache.internal.DefaultFileLockManager] Releasing lock on daemon addresses registry.
2024-11-12T11:05:18.702+0200 [DEBUG] [org.gradle.cache.internal.DefaultFileLockManager] Waiting to acquire shared lock on daemon addresses registry.
2024-11-12T11:05:18.702+0200 [DEBUG] [org.gradle.cache.internal.DefaultFileLockManager] Lock acquired on daemon addresses registry.
2024-11-12T11:05:18.703+0200 [DEBUG] [org.gradle.cache.internal.DefaultFileLockManager] Releasing lock on daemon addresses registry.
2024-11-12T11:05:28.700+0200 [DEBUG] [org.gradle.cache.internal.DefaultFileLockManager] Waiting to acquire shared lock on daemon addresses registry.
2024-11-12T11:05:28.700+0200 [DEBUG] [org.gradle.cache.internal.DefaultFileLockManager] Lock acquired on daemon addresses registry.
2024-11-12T11:05:28.701+0200 [DEBUG] [org.gradle.cache.internal.DefaultFileLockManager] Releasing lock on daemon addresses registry.
2024-11-12T11:05:28.703+0200 [DEBUG] [org.gradle.cache.internal.DefaultFileLockManager] Waiting to acquire shared lock on daemon addresses registry.
2024-11-12T11:05:28.704+0200 [DEBUG] [org.gradle.cache.internal.DefaultFileLockManager] Lock acquired on daemon addresses registry.
2024-11-12T11:05:28.705+0200 [DEBUG] [org.gradle.cache.internal.DefaultFileLockManager] Releasing lock on daemon addresses registry.
2024-11-12T11:05:28.706+0200 [DEBUG] [org.gradle.cache.internal.DefaultFileLockManager] Waiting to acquire shared lock on daemon addresses registry.
2024-11-12T11:05:28.707+0200 [DEBUG] [org.gradle.cache.internal.DefaultFileLockManager] Lock acquired on daemon addresses registry.
2024-11-12T11:05:28.709+0200 [DEBUG] [org.gradle.cache.internal.DefaultFileLockManager] Releasing lock on daemon addresses registry.
2024-11-12T11:05:32.971+0200 [DEBUG] [org.gradle.process.internal.health.memory.DefaultMemoryManager] 409155993 physical memory requested, 388984832 free
2024-11-12T11:05:32.973+0200 [DEBUG] [org.gradle.workers.internal.WorkerDaemonExpiration] Will attempt to release 390 of memory
2024-11-12T11:05:32.973+0200 [DEBUG] [org.gradle.process.internal.health.memory.DefaultMemoryManager] 409155993 physical memory requested, 0 released, 388984832 free
2024-11-12T11:05:37.975+0200 [DEBUG] [org.gradle.process.internal.health.memory.DefaultMemoryManager] 409155993 physical memory requested, 383246336 free
2024-11-12T11:05:37.975+0200 [DEBUG] [org.gradle.workers.internal.WorkerDaemonExpiration] Will attempt to release 390 of memory
2024-11-12T11:05:37.975+0200 [DEBUG] [org.gradle.process.internal.health.memory.DefaultMemoryManager] 409155993 physical memory requested, 0 released, 383246336 free
2024-11-12T11:05:38.690+0200 [DEBUG] [org.gradle.cache.internal.DefaultFileLockManager] Waiting to acquire shared lock on daemon addresses registry.
2024-11-12T11:05:38.690+0200 [DEBUG] [org.gradle.cache.internal.DefaultFileLockManager] Lock acquired on daemon addresses registry.
2024-11-12T11:05:38.690+0200 [DEBUG] [org.gradle.cache.internal.DefaultFileLockManager] Releasing lock on daemon addresses registry.
2024-11-12T11:05:38.691+0200 [DEBUG] [org.gradle.cache.internal.DefaultFileLockManager] Waiting to acquire shared lock on daemon addresses registry.
2024-11-12T11:05:38.691+0200 [DEBUG] [org.gradle.cache.internal.DefaultFileLockManager] Lock acquired on daemon addresses registry.
2024-11-12T11:05:38.691+0200 [DEBUG] [org.gradle.cache.internal.DefaultFileLockManager] Releasing lock on daemon addresses registry.
2024-11-12T11:05:38.692+0200 [DEBUG] [org.gradle.cache.internal.DefaultFileLockManager] Waiting to acquire shared lock on daemon addresses registry.
2024-11-12T11:05:38.692+0200 [DEBUG] [org.gradle.cache.internal.DefaultFileLockManager] Lock acquired on daemon addresses registry.
2024-11-12T11:05:38.693+0200 [DEBUG] [org.gradle.cache.internal.DefaultFileLockManager] Releasing lock on daemon addresses registry.
2024-11-12T11:05:42.985+0200 [DEBUG] [org.gradle.process.internal.health.memory.DefaultMemoryManager] 409155993 physical memory requested, 343326720 free
2024-11-12T11:05:42.986+0200 [DEBUG] [org.gradle.workers.internal.WorkerDaemonExpiration] Will attempt to release 390 of memory
2024-11-12T11:05:42.986+0200 [DEBUG] [org.gradle.process.internal.health.memory.DefaultMemoryManager] 409155993 physical memory requested, 0 released, 343326720 free
2024-11-12T11:05:47.983+0200 [DEBUG] [org.gradle.process.internal.health.memory.DefaultMemoryManager] 409155993 physical memory requested, 328171520 free
2024-11-12T11:05:47.984+0200 [DEBUG] [org.gradle.workers.internal.WorkerDaemonExpiration] Will attempt to release 390 of memory
2024-11-12T11:05:47.984+0200 [DEBUG] [org.gradle.process.internal.health.memory.DefaultMemoryManager] 409155993 physical memory requested, 0 released, 328171520 free
2024-11-12T11:05:48.694+0200 [DEBUG] [org.gradle.cache.internal.DefaultFileLockManager] Waiting to acquire shared lock on daemon addresses registry.
2024-11-12T11:05:48.694+0200 [DEBUG] [org.gradle.cache.internal.DefaultFileLockManager] Lock acquired on daemon addresses registry.
2024-11-12T11:05:48.695+0200 [DEBUG] [org.gradle.cache.internal.DefaultFileLockManager] Releasing lock on daemon addresses registry.
2024-11-12T11:05:48.696+0200 [DEBUG] [org.gradle.cache.internal.DefaultFileLockManager] Waiting to acquire shared lock on daemon addresses registry.
2024-11-12T11:05:48.697+0200 [DEBUG] [org.gradle.cache.internal.DefaultFileLockManager] Lock acquired on daemon addresses registry.
2024-11-12T11:05:48.698+0200 [DEBUG] [org.gradle.cache.internal.DefaultFileLockManager] Releasing lock on daemon addresses registry.
2024-11-12T11:05:48.699+0200 [DEBUG] [org.gradle.cache.internal.DefaultFileLockManager] Waiting to acquire shared lock on daemon addresses registry.
2024-11-12T11:05:48.700+0200 [DEBUG] [org.gradle.cache.internal.DefaultFileLockManager] Lock acquired on daemon addresses registry.
2024-11-12T11:05:48.700+0200 [DEBUG] [org.gradle.cache.internal.DefaultFileLockManager] Releasing lock on daemon addresses registry.
2024-11-12T11:05:52.973+0200 [DEBUG] [org.gradle.process.internal.health.memory.DefaultMemoryManager] 409155993 physical memory requested, 335626240 free
2024-11-12T11:05:52.973+0200 [DEBUG] [org.gradle.workers.internal.WorkerDaemonExpiration] Will attempt to release 390 of memory
2024-11-12T11:05:52.973+0200 [DEBUG] [org.gradle.process.internal.health.memory.DefaultMemoryManager] 409155993 physical memory requested, 0 released, 335626240 free
2024-11-12T11:05:57.983+0200 [DEBUG] [org.gradle.process.internal.health.memory.DefaultMemoryManager] 409155993 physical memory requested, 270663680 free
2024-11-12T11:05:57.983+0200 [DEBUG] [org.gradle.workers.internal.WorkerDaemonExpiration] Will attempt to release 390 of memory
2024-11-12T11:05:57.983+0200 [DEBUG] [org.gradle.process.internal.health.memory.DefaultMemoryManager] 409155993 physical memory requested, 0 released, 270663680 free
2024-11-12T11:05:58.707+0200 [DEBUG] [org.gradle.cache.internal.DefaultFileLockManager] Waiting to acquire shared lock on daemon addresses registry.
2024-11-12T11:05:58.707+0200 [DEBUG] [org.gradle.cache.internal.DefaultFileLockManager] Lock acquired on daemon addresses registry.
2024-11-12T11:05:58.708+0200 [DEBUG] [org.gradle.cache.internal.DefaultFileLockManager] Releasing lock on daemon addresses registry.
2024-11-12T11:05:58.710+0200 [DEBUG] [org.gradle.cache.internal.DefaultFileLockManager] Waiting to acquire shared lock on daemon addresses registry.
2024-11-12T11:05:58.710+0200 [DEBUG] [org.gradle.cache.internal.DefaultFileLockManager] Lock acquired on daemon addresses registry.
2024-11-12T11:05:58.712+0200 [DEBUG] [org.gradle.cache.internal.DefaultFileLockManager] Releasing lock on daemon addresses registry.
2024-11-12T11:05:58.714+0200 [DEBUG] [org.gradle.cache.internal.DefaultFileLockManager] Waiting to acquire shared lock on daemon addresses registry.
2024-11-12T11:05:58.715+0200 [DEBUG] [org.gradle.cache.internal.DefaultFileLockManager] Lock acquired on daemon addresses registry.
2024-11-12T11:05:58.715+0200 [DEBUG] [org.gradle.cache.internal.DefaultFileLockManager] Releasing lock on daemon addresses registry.
2024-11-12T11:06:02.976+0200 [DEBUG] [org.gradle.process.internal.health.memory.DefaultMemoryManager] 409155993 physical memory requested, 267390976 free
2024-11-12T11:06:02.976+0200 [DEBUG] [org.gradle.workers.internal.WorkerDaemonExpiration] Will attempt to release 390 of memory
2024-11-12T11:06:02.976+0200 [DEBUG] [org.gradle.process.internal.health.memory.DefaultMemoryManager] 409155993 physical memory requested, 0 released, 267390976 free
2024-11-12T11:06:07.973+0200 [DEBUG] [org.gradle.process.internal.health.memory.DefaultMemoryManager] 409155993 physical memory requested, 259170304 free
2024-11-12T11:06:07.973+0200 [DEBUG] [org.gradle.workers.internal.WorkerDaemonExpiration] Will attempt to release 390 of memory
2024-11-12T11:06:07.973+0200 [DEBUG] [org.gradle.process.internal.health.memory.DefaultMemoryManager] 409155993 physical memory requested, 0 released, 259170304 free
2024-11-12T11:06:08.703+0200 [DEBUG] [org.gradle.cache.internal.DefaultFileLockManager] Waiting to acquire shared lock on daemon addresses registry.
2024-11-12T11:06:08.704+0200 [DEBUG] [org.gradle.cache.internal.DefaultFileLockManager] Lock acquired on daemon addresses registry.
2024-11-12T11:06:08.705+0200 [DEBUG] [org.gradle.cache.internal.DefaultFileLockManager] Releasing lock on daemon addresses registry.
2024-11-12T11:06:08.706+0200 [DEBUG] [org.gradle.cache.internal.DefaultFileLockManager] Waiting to acquire shared lock on daemon addresses registry.
2024-11-12T11:06:08.707+0200 [DEBUG] [org.gradle.cache.internal.DefaultFileLockManager] Lock acquired on daemon addresses registry.
2024-11-12T11:06:08.707+0200 [DEBUG] [org.gradle.cache.internal.DefaultFileLockManager] Releasing lock on daemon addresses registry.
2024-11-12T11:06:08.708+0200 [DEBUG] [org.gradle.cache.internal.DefaultFileLockManager] Waiting to acquire shared lock on daemon addresses registry.
2024-11-12T11:06:08.709+0200 [DEBUG] [org.gradle.cache.internal.DefaultFileLockManager] Lock acquired on daemon addresses registry.
2024-11-12T11:06:08.709+0200 [DEBUG] [org.gradle.cache.internal.DefaultFileLockManager] Releasing lock on daemon addresses registry.
2024-11-12T11:06:12.980+0200 [DEBUG] [org.gradle.process.internal.health.memory.DefaultMemoryManager] 409155993 physical memory requested, 248803328 free
2024-11-12T11:06:12.980+0200 [DEBUG] [org.gradle.workers.internal.WorkerDaemonExpiration] Will attempt to release 390 of memory
2024-11-12T11:06:12.980+0200 [DEBUG] [org.gradle.process.internal.health.memory.DefaultMemoryManager] 409155993 physical memory requested, 0 released, 248803328 free
2024-11-12T11:06:17.977+0200 [DEBUG] [org.gradle.process.internal.health.memory.DefaultMemoryManager] 409155993 physical memory requested, 249843712 free
2024-11-12T11:06:17.977+0200 [DEBUG] [org.gradle.workers.internal.WorkerDaemonExpiration] Will attempt to release 390 of memory
2024-11-12T11:06:17.977+0200 [DEBUG] [org.gradle.process.internal.health.memory.DefaultMemoryManager] 409155993 physical memory requested, 0 released, 249843712 free
2024-11-12T11:06:18.701+0200 [DEBUG] [org.gradle.cache.internal.DefaultFileLockManager] Waiting to acquire shared lock on daemon addresses registry.
2024-11-12T11:06:18.702+0200 [DEBUG] [org.gradle.cache.internal.DefaultFileLockManager] Lock acquired on daemon addresses registry.
2024-11-12T11:06:18.703+0200 [DEBUG] [org.gradle.cache.internal.DefaultFileLockManager] Releasing lock on daemon addresses registry.
2024-11-12T11:06:18.706+0200 [DEBUG] [org.gradle.cache.internal.DefaultFileLockManager] Waiting to acquire shared lock on daemon addresses registry.
2024-11-12T11:06:18.706+0200 [DEBUG] [org.gradle.cache.internal.DefaultFileLockManager] Lock acquired on daemon addresses registry.
2024-11-12T11:06:18.707+0200 [DEBUG] [org.gradle.cache.internal.DefaultFileLockManager] Releasing lock on daemon addresses registry.
2024-11-12T11:06:18.709+0200 [DEBUG] [org.gradle.cache.internal.DefaultFileLockManager] Waiting to acquire shared lock on daemon addresses registry.
2024-11-12T11:06:18.709+0200 [DEBUG] [org.gradle.cache.internal.DefaultFileLockManager] Lock acquired on daemon addresses registry.
2024-11-12T11:06:18.710+0200 [DEBUG] [org.gradle.cache.internal.DefaultFileLockManager] Releasing lock on daemon addresses registry.
2024-11-12T11:06:22.974+0200 [DEBUG] [org.gradle.process.internal.health.memory.DefaultMemoryManager] 409155993 physical memory requested, 251965440 free
2024-11-12T11:06:22.974+0200 [DEBUG] [org.gradle.workers.internal.WorkerDaemonExpiration] Will attempt to release 390 of memory
2024-11-12T11:06:22.975+0200 [DEBUG] [org.gradle.process.internal.health.memory.DefaultMemoryManager] 409155993 physical memory requested, 0 released, 251965440 free
2024-11-12T11:06:27.978+0200 [DEBUG] [org.gradle.process.internal.health.memory.DefaultMemoryManager] 409155993 physical memory requested, 155185152 free
2024-11-12T11:06:27.978+0200 [DEBUG] [org.gradle.workers.internal.WorkerDaemonExpiration] Will attempt to release 390 of memory
2024-11-12T11:06:27.978+0200 [DEBUG] [org.gradle.process.internal.health.memory.DefaultMemoryManager] 409155993 physical memory requested, 0 released, 155185152 free
2024-11-12T11:06:28.693+0200 [DEBUG] [org.gradle.cache.internal.DefaultFileLockManager] Waiting to acquire shared lock on daemon addresses registry.
2024-11-12T11:06:28.694+0200 [DEBUG] [org.gradle.cache.internal.DefaultFileLockManager] Lock acquired on daemon addresses registry.
2024-11-12T11:06:28.695+0200 [DEBUG] [org.gradle.cache.internal.DefaultFileLockManager] Releasing lock on daemon addresses registry.
2024-11-12T11:06:28.697+0200 [DEBUG] [org.gradle.cache.internal.DefaultFileLockManager] Waiting to acquire shared lock on daemon addresses registry.
2024-11-12T11:06:28.697+0200 [DEBUG] [org.gradle.cache.internal.DefaultFileLockManager] Lock acquired on daemon addresses registry.
2024-11-12T11:06:28.698+0200 [DEBUG] [org.gradle.cache.internal.DefaultFileLockManager] Releasing lock on daemon addresses registry.
2024-11-12T11:06:28.699+0200 [DEBUG] [org.gradle.cache.internal.DefaultFileLockManager] Waiting to acquire shared lock on daemon addresses registry.
2024-11-12T11:06:28.699+0200 [DEBUG] [org.gradle.cache.internal.DefaultFileLockManager] Lock acquired on daemon addresses registry.
2024-11-12T11:06:28.699+0200 [DEBUG] [org.gradle.cache.internal.DefaultFileLockManager] Releasing lock on daemon addresses registry.
2024-11-12T11:06:32.972+0200 [DEBUG] [org.gradle.process.internal.health.memory.DefaultMemoryManager] 409155993 physical memory requested, 212647936 free
2024-11-12T11:06:32.972+0200 [DEBUG] [org.gradle.workers.internal.WorkerDaemonExpiration] Will attempt to release 390 of memory
2024-11-12T11:06:32.972+0200 [DEBUG] [org.gradle.process.internal.health.memory.DefaultMemoryManager] 409155993 physical memory requested, 0 released, 212647936 free
2024-11-12T11:06:37.971+0200 [DEBUG] [org.gradle.process.internal.health.memory.DefaultMemoryManager] 409155993 physical memory requested, 211083264 free
2024-11-12T11:06:37.971+0200 [DEBUG] [org.gradle.workers.internal.WorkerDaemonExpiration] Will attempt to release 390 of memory
2024-11-12T11:06:37.971+0200 [DEBUG] [org.gradle.process.internal.health.memory.DefaultMemoryManager] 409155993 physical memory requested, 0 released, 211083264 free
2024-11-12T11:06:38.701+0200 [DEBUG] [org.gradle.cache.internal.DefaultFileLockManager] Waiting to acquire shared lock on daemon addresses registry.
2024-11-12T11:06:38.701+0200 [DEBUG] [org.gradle.cache.internal.DefaultFileLockManager] Lock acquired on daemon addresses registry.
2024-11-12T11:06:38.702+0200 [DEBUG] [org.gradle.cache.internal.DefaultFileLockManager] Releasing lock on daemon addresses registry.
2024-11-12T11:06:38.706+0200 [DEBUG] [org.gradle.cache.internal.DefaultFileLockManager] Waiting to acquire shared lock on daemon addresses registry.
2024-11-12T11:06:38.706+0200 [DEBUG] [org.gradle.cache.internal.DefaultFileLockManager] Lock acquired on daemon addresses registry.
2024-11-12T11:06:38.706+0200 [DEBUG] [org.gradle.cache.internal.DefaultFileLockManager] Releasing lock on daemon addresses registry.
2024-11-12T11:06:38.707+0200 [DEBUG] [org.gradle.cache.internal.DefaultFileLockManager] Waiting to acquire shared lock on daemon addresses registry.
2024-11-12T11:06:38.708+0200 [DEBUG] [org.gradle.cache.internal.DefaultFileLockManager] Lock acquired on daemon addresses registry.
2024-11-12T11:06:38.709+0200 [DEBUG] [org.gradle.cache.internal.DefaultFileLockManager] Releasing lock on daemon addresses registry.
2024-11-12T11:06:42.977+0200 [DEBUG] [org.gradle.process.internal.health.memory.DefaultMemoryManager] 409155993 physical memory requested, 342941696 free
2024-11-12T11:06:42.978+0200 [DEBUG] [org.gradle.workers.internal.WorkerDaemonExpiration] Will attempt to release 390 of memory
2024-11-12T11:06:42.978+0200 [DEBUG] [org.gradle.process.internal.health.memory.DefaultMemoryManager] 409155993 physical memory requested, 0 released, 342941696 free
2024-11-12T11:06:48.517+0200 [DEBUG] [org.gradle.process.internal.health.memory.DefaultMemoryManager] 409155993 physical memory requested, 47890432 free
2024-11-12T11:06:48.519+0200 [DEBUG] [org.gradle.workers.internal.WorkerDaemonExpiration] Will attempt to release 390 of memory
2024-11-12T11:06:48.519+0200 [DEBUG] [org.gradle.process.internal.health.memory.DefaultMemoryManager] 409155993 physical memory requested, 0 released, 47890432 free
2024-11-12T11:06:48.782+0200 [DEBUG] [org.gradle.cache.internal.DefaultFileLockManager] Waiting to acquire shared lock on daemon addresses registry.
2024-11-12T11:06:48.870+0200 [DEBUG] [org.gradle.cache.internal.DefaultFileLockManager] Lock acquired on daemon addresses registry.
2024-11-12T11:06:48.880+0200 [DEBUG] [org.gradle.cache.internal.DefaultFileLockManager] Releasing lock on daemon addresses registry.
2024-11-12T11:06:48.883+0200 [DEBUG] [org.gradle.cache.internal.DefaultFileLockManager] Waiting to acquire shared lock on daemon addresses registry.
2024-11-12T11:06:48.883+0200 [DEBUG] [org.gradle.cache.internal.DefaultFileLockManager] Lock acquired on daemon addresses registry.
2024-11-12T11:06:48.884+0200 [DEBUG] [org.gradle.cache.internal.DefaultFileLockManager] Releasing lock on daemon addresses registry.
2024-11-12T11:06:48.886+0200 [DEBUG] [org.gradle.cache.internal.DefaultFileLockManager] Waiting to acquire shared lock on daemon addresses registry.
2024-11-12T11:06:48.886+0200 [DEBUG] [org.gradle.cache.internal.DefaultFileLockManager] Lock acquired on daemon addresses registry.
2024-11-12T11:06:48.887+0200 [DEBUG] [org.gradle.cache.internal.DefaultFileLockManager] Releasing lock on daemon addresses registry.
2024-11-12T11:06:53.030+0200 [DEBUG] [org.gradle.process.internal.health.memory.DefaultMemoryManager] 409155993 physical memory requested, 104951808 free
2024-11-12T11:06:53.030+0200 [DEBUG] [org.gradle.workers.internal.WorkerDaemonExpiration] Will attempt to release 390 of memory
2024-11-12T11:06:53.030+0200 [DEBUG] [org.gradle.process.internal.health.memory.DefaultMemoryManager] 409155993 physical memory requested, 0 released, 104951808 free
2024-11-12T11:06:58.034+0200 [DEBUG] [org.gradle.process.internal.health.memory.DefaultMemoryManager] 409155993 physical memory requested, 5353472 free
2024-11-12T11:06:58.116+0200 [DEBUG] [org.gradle.workers.internal.WorkerDaemonExpiration] Will attempt to release 390 of memory
2024-11-12T11:06:58.118+0200 [DEBUG] [org.gradle.process.internal.health.memory.DefaultMemoryManager] 409155993 physical memory requested, 0 released, 5353472 free
2024-11-12T11:06:58.720+0200 [DEBUG] [org.gradle.cache.internal.DefaultFileLockManager] Waiting to acquire shared lock on daemon addresses registry.
2024-11-12T11:06:58.721+0200 [DEBUG] [org.gradle.cache.internal.DefaultFileLockManager] Lock acquired on daemon addresses registry.
2024-11-12T11:06:58.722+0200 [DEBUG] [org.gradle.cache.internal.DefaultFileLockManager] Releasing lock on daemon addresses registry.
2024-11-12T11:06:58.725+0200 [DEBUG] [org.gradle.cache.internal.DefaultFileLockManager] Waiting to acquire shared lock on daemon addresses registry.
2024-11-12T11:06:58.725+0200 [DEBUG] [org.gradle.cache.internal.DefaultFileLockManager] Lock acquired on daemon addresses registry.
2024-11-12T11:06:58.726+0200 [DEBUG] [org.gradle.cache.internal.DefaultFileLockManager] Releasing lock on daemon addresses registry.
2024-11-12T11:06:58.727+0200 [DEBUG] [org.gradle.cache.internal.DefaultFileLockManager] Waiting to acquire shared lock on daemon addresses registry.
2024-11-12T11:06:58.728+0200 [DEBUG] [org.gradle.cache.internal.DefaultFileLockManager] Lock acquired on daemon addresses registry.
2024-11-12T11:06:58.729+0200 [DEBUG] [org.gradle.cache.internal.DefaultFileLockManager] Releasing lock on daemon addresses registry.
2024-11-12T11:07:02.993+0200 [DEBUG] [org.gradle.process.internal.health.memory.DefaultMemoryManager] 409155993 physical memory requested, 6017024 free
2024-11-12T11:07:03.006+0200 [DEBUG] [org.gradle.workers.internal.WorkerDaemonExpiration] Will attempt to release 390 of memory
2024-11-12T11:07:03.006+0200 [DEBUG] [org.gradle.process.internal.health.memory.DefaultMemoryManager] 409155993 physical memory requested, 0 released, 6017024 free
2024-11-12T11:07:08.096+0200 [DEBUG] [org.gradle.process.internal.health.memory.DefaultMemoryManager] 409155993 physical memory requested, 3411968 free
2024-11-12T11:07:08.098+0200 [DEBUG] [org.gradle.workers.internal.WorkerDaemonExpiration] Will attempt to release 390 of memory
2024-11-12T11:07:08.098+0200 [DEBUG] [org.gradle.process.internal.health.memory.DefaultMemoryManager] 409155993 physical memory requested, 0 released, 3411968 free
2024-11-12T11:07:08.790+0200 [DEBUG] [org.gradle.cache.internal.DefaultFileLockManager] Waiting to acquire shared lock on daemon addresses registry.
2024-11-12T11:07:08.793+0200 [DEBUG] [org.gradle.cache.internal.DefaultFileLockManager] Lock acquired on daemon addresses registry.
2024-11-12T11:07:08.796+0200 [DEBUG] [org.gradle.cache.internal.DefaultFileLockManager] Releasing lock on daemon addresses registry.
2024-11-12T11:07:08.805+0200 [DEBUG] [org.gradle.cache.internal.DefaultFileLockManager] Waiting to acquire shared lock on daemon addresses registry.
2024-11-12T11:07:08.805+0200 [DEBUG] [org.gradle.cache.internal.DefaultFileLockManager] Lock acquired on daemon addresses registry.
2024-11-12T11:07:08.805+0200 [DEBUG] [org.gradle.cache.internal.DefaultFileLockManager] Releasing lock on daemon addresses registry.
2024-11-12T11:07:08.814+0200 [DEBUG] [org.gradle.cache.internal.DefaultFileLockManager] Waiting to acquire shared lock on daemon addresses registry.
2024-11-12T11:07:08.814+0200 [DEBUG] [org.gradle.cache.internal.DefaultFileLockManager] Lock acquired on daemon addresses registry.
2024-11-12T11:07:08.815+0200 [DEBUG] [org.gradle.cache.internal.DefaultFileLockManager] Releasing lock on daemon addresses registry.
2024-11-12T11:07:13.173+0200 [DEBUG] [org.gradle.process.internal.health.memory.DefaultMemoryManager] 409155993 physical memory requested, 2772992 free
2024-11-12T11:07:13.928+0200 [DEBUG] [org.gradle.workers.internal.WorkerDaemonExpiration] Will attempt to release 390 of memory
2024-11-12T11:07:13.952+0200 [DEBUG] [org.gradle.process.internal.health.memory.DefaultMemoryManager] 409155993 physical memory requested, 0 released, 2772992 free
2024-11-12T11:07:18.024+0200 [DEBUG] [org.gradle.process.internal.health.memory.DefaultMemoryManager] 409155993 physical memory requested, 675840 free
2024-11-12T11:07:18.026+0200 [DEBUG] [org.gradle.workers.internal.WorkerDaemonExpiration] Will attempt to release 390 of memory
2024-11-12T11:07:18.026+0200 [DEBUG] [org.gradle.process.internal.health.memory.DefaultMemoryManager] 409155993 physical memory requested, 0 released, 675840 free
2024-11-12T11:07:18.763+0200 [DEBUG] [org.gradle.cache.internal.DefaultFileLockManager] Waiting to acquire shared lock on daemon addresses registry.
2024-11-12T11:07:18.764+0200 [DEBUG] [org.gradle.cache.internal.DefaultFileLockManager] Lock acquired on daemon addresses registry.
2024-11-12T11:07:18.774+0200 [DEBUG] [org.gradle.cache.internal.DefaultFileLockManager] Releasing lock on daemon addresses registry.
2024-11-12T11:07:18.777+0200 [DEBUG] [org.gradle.cache.internal.DefaultFileLockManager] Waiting to acquire shared lock on daemon addresses registry.
2024-11-12T11:07:18.777+0200 [DEBUG] [org.gradle.cache.internal.DefaultFileLockManager] Lock acquired on daemon addresses registry.
2024-11-12T11:07:18.781+0200 [DEBUG] [org.gradle.cache.internal.DefaultFileLockManager] Releasing lock on daemon addresses registry.
2024-11-12T11:07:18.783+0200 [DEBUG] [org.gradle.cache.internal.DefaultFileLockManager] Waiting to acquire shared lock on daemon addresses registry.
2024-11-12T11:07:18.783+0200 [DEBUG] [org.gradle.cache.internal.DefaultFileLockManager] Lock acquired on daemon addresses registry.
2024-11-12T11:07:18.784+0200 [DEBUG] [org.gradle.cache.internal.DefaultFileLockManager] Releasing lock on daemon addresses registry.
2024-11-12T11:07:22.999+0200 [DEBUG] [org.gradle.process.internal.health.memory.DefaultMemoryManager] 409155993 physical memory requested, 163774464 free
2024-11-12T11:07:23.012+0200 [DEBUG] [org.gradle.workers.internal.WorkerDaemonExpiration] Will attempt to release 390 of memory
2024-11-12T11:07:23.013+0200 [DEBUG] [org.gradle.process.internal.health.memory.DefaultMemoryManager] 409155993 physical memory requested, 0 released, 163774464 free
2024-11-12T11:07:28.015+0200 [DEBUG] [org.gradle.process.internal.health.memory.DefaultMemoryManager] 409155993 physical memory requested, 205889536 free
2024-11-12T11:07:28.015+0200 [DEBUG] [org.gradle.workers.internal.WorkerDaemonExpiration] Will attempt to release 390 of memory
2024-11-12T11:07:28.015+0200 [DEBUG] [org.gradle.process.internal.health.memory.DefaultMemoryManager] 409155993 physical memory requested, 0 released, 205889536 free
2024-11-12T11:07:28.775+0200 [DEBUG] [org.gradle.cache.internal.DefaultFileLockManager] Waiting to acquire shared lock on daemon addresses registry.
2024-11-12T11:07:28.775+0200 [DEBUG] [org.gradle.cache.internal.DefaultFileLockManager] Lock acquired on daemon addresses registry.
2024-11-12T11:07:28.788+0200 [DEBUG] [org.gradle.cache.internal.DefaultFileLockManager] Releasing lock on daemon addresses registry.
2024-11-12T11:07:28.860+0200 [DEBUG] [org.gradle.cache.internal.DefaultFileLockManager] Waiting to acquire shared lock on daemon addresses registry.
2024-11-12T11:07:28.860+0200 [DEBUG] [org.gradle.cache.internal.DefaultFileLockManager] Lock acquired on daemon addresses registry.
2024-11-12T11:07:28.861+0200 [DEBUG] [org.gradle.cache.internal.DefaultFileLockManager] Releasing lock on daemon addresses registry.
2024-11-12T11:07:28.966+0200 [DEBUG] [org.gradle.cache.internal.DefaultFileLockManager] Waiting to acquire shared lock on daemon addresses registry.
2024-11-12T11:07:28.967+0200 [DEBUG] [org.gradle.cache.internal.DefaultFileLockManager] Lock acquired on daemon addresses registry.
2024-11-12T11:07:28.968+0200 [DEBUG] [org.gradle.cache.internal.DefaultFileLockManager] Releasing lock on daemon addresses registry.
2024-11-12T11:07:32.985+0200 [DEBUG] [org.gradle.process.internal.health.memory.DefaultMemoryManager] 409155993 physical memory requested, 120164352 free
2024-11-12T11:07:32.987+0200 [DEBUG] [org.gradle.workers.internal.WorkerDaemonExpiration] Will attempt to release 390 of memory
2024-11-12T11:07:32.987+0200 [DEBUG] [org.gradle.process.internal.health.memory.DefaultMemoryManager] 409155993 physical memory requested, 0 released, 120164352 free
2024-11-12T11:07:37.977+0200 [DEBUG] [org.gradle.process.internal.health.memory.DefaultMemoryManager] 409155993 physical memory requested, 200069120 free
2024-11-12T11:07:37.978+0200 [DEBUG] [org.gradle.workers.internal.WorkerDaemonExpiration] Will attempt to release 390 of memory
2024-11-12T11:07:37.978+0200 [DEBUG] [org.gradle.process.internal.health.memory.DefaultMemoryManager] 409155993 physical memory requested, 0 released, 200069120 free
2024-11-12T11:07:38.789+0200 [DEBUG] [org.gradle.cache.internal.DefaultFileLockManager] Waiting to acquire shared lock on daemon addresses registry.
2024-11-12T11:07:39.030+0200 [DEBUG] [org.gradle.cache.internal.DefaultFileLockManager] Lock acquired on daemon addresses registry.
2024-11-12T11:07:39.047+0200 [DEBUG] [org.gradle.cache.internal.DefaultFileLockManager] Releasing lock on daemon addresses registry.
2024-11-12T11:07:39.097+0200 [DEBUG] [org.gradle.cache.internal.DefaultFileLockManager] Waiting to acquire shared lock on daemon addresses registry.
2024-11-12T11:07:39.142+0200 [DEBUG] [org.gradle.cache.internal.DefaultFileLockManager] Lock acquired on daemon addresses registry.
2024-11-12T11:07:39.143+0200 [DEBUG] [org.gradle.cache.internal.DefaultFileLockManager] Releasing lock on daemon addresses registry.
2024-11-12T11:07:39.144+0200 [DEBUG] [org.gradle.cache.internal.DefaultFileLockManager] Waiting to acquire shared lock on daemon addresses registry.
2024-11-12T11:07:39.194+0200 [DEBUG] [org.gradle.cache.internal.DefaultFileLockManager] Lock acquired on daemon addresses registry.
2024-11-12T11:07:39.194+0200 [DEBUG] [org.gradle.cache.internal.DefaultFileLockManager] Releasing lock on daemon addresses registry.
2024-11-12T11:07:48.691+0200 [DEBUG] [org.gradle.cache.internal.DefaultFileLockManager] Waiting to acquire shared lock on daemon addresses registry.
2024-11-12T11:07:48.691+0200 [DEBUG] [org.gradle.cache.internal.DefaultFileLockManager] Lock acquired on daemon addresses registry.
2024-11-12T11:07:48.691+0200 [DEBUG] [org.gradle.cache.internal.DefaultFileLockManager] Releasing lock on daemon addresses registry.
2024-11-12T11:07:48.693+0200 [DEBUG] [org.gradle.cache.internal.DefaultFileLockManager] Waiting to acquire shared lock on daemon addresses registry.
2024-11-12T11:07:48.693+0200 [DEBUG] [org.gradle.cache.internal.DefaultFileLockManager] Lock acquired on daemon addresses registry.
2024-11-12T11:07:48.699+0200 [DEBUG] [org.gradle.cache.internal.DefaultFileLockManager] Releasing lock on daemon addresses registry.
2024-11-12T11:07:48.701+0200 [DEBUG] [org.gradle.cache.internal.DefaultFileLockManager] Waiting to acquire shared lock on daemon addresses registry.
2024-11-12T11:07:48.701+0200 [DEBUG] [org.gradle.cache.internal.DefaultFileLockManager] Lock acquired on daemon addresses registry.
2024-11-12T11:07:48.702+0200 [DEBUG] [org.gradle.cache.internal.DefaultFileLockManager] Releasing lock on daemon addresses registry.
2024-11-12T11:07:52.972+0200 [DEBUG] [org.gradle.process.internal.health.memory.DefaultMemoryManager] 409155993 physical memory requested, 350191616 free
2024-11-12T11:07:52.973+0200 [DEBUG] [org.gradle.workers.internal.WorkerDaemonExpiration] Will attempt to release 390 of memory
2024-11-12T11:07:52.974+0200 [DEBUG] [org.gradle.process.internal.health.memory.DefaultMemoryManager] 409155993 physical memory requested, 0 released, 350191616 free
2024-11-12T11:07:57.979+0200 [DEBUG] [org.gradle.process.internal.health.memory.DefaultMemoryManager] 409155993 physical memory requested, 234303488 free
2024-11-12T11:07:57.980+0200 [DEBUG] [org.gradle.workers.internal.WorkerDaemonExpiration] Will attempt to release 390 of memory
2024-11-12T11:07:57.980+0200 [DEBUG] [org.gradle.process.internal.health.memory.DefaultMemoryManager] 409155993 physical memory requested, 0 released, 234303488 free
2024-11-12T11:07:58.692+0200 [DEBUG] [org.gradle.cache.internal.DefaultFileLockManager] Waiting to acquire shared lock on daemon addresses registry.
2024-11-12T11:07:58.692+0200 [DEBUG] [org.gradle.cache.internal.DefaultFileLockManager] Lock acquired on daemon addresses registry.
2024-11-12T11:07:58.692+0200 [DEBUG] [org.gradle.cache.internal.DefaultFileLockManager] Releasing lock on daemon addresses registry.
2024-11-12T11:07:58.694+0200 [DEBUG] [org.gradle.cache.internal.DefaultFileLockManager] Waiting to acquire shared lock on daemon addresses registry.
2024-11-12T11:07:58.694+0200 [DEBUG] [org.gradle.cache.internal.DefaultFileLockManager] Lock acquired on daemon addresses registry.
2024-11-12T11:07:58.695+0200 [DEBUG] [org.gradle.cache.internal.DefaultFileLockManager] Releasing lock on daemon addresses registry.
2024-11-12T11:07:58.696+0200 [DEBUG] [org.gradle.cache.internal.DefaultFileLockManager] Waiting to acquire shared lock on daemon addresses registry.
2024-11-12T11:07:58.696+0200 [DEBUG] [org.gradle.cache.internal.DefaultFileLockManager] Lock acquired on daemon addresses registry.
2024-11-12T11:07:58.697+0200 [DEBUG] [org.gradle.cache.internal.DefaultFileLockManager] Releasing lock on daemon addresses registry.
2024-11-12T11:08:02.975+0200 [DEBUG] [org.gradle.process.internal.health.memory.DefaultMemoryManager] 409155993 physical memory requested, 236974080 free
2024-11-12T11:08:02.975+0200 [DEBUG] [org.gradle.workers.internal.WorkerDaemonExpiration] Will attempt to release 390 of memory
2024-11-12T11:08:02.975+0200 [DEBUG] [org.gradle.process.internal.health.memory.DefaultMemoryManager] 409155993 physical memory requested, 0 released, 236974080 free
2024-11-12T11:08:08.004+0200 [DEBUG] [org.gradle.process.internal.health.memory.DefaultMemoryManager] 409155993 physical memory requested, 255954944 free
2024-11-12T11:08:08.005+0200 [DEBUG] [org.gradle.workers.internal.WorkerDaemonExpiration] Will attempt to release 390 of memory
2024-11-12T11:08:08.021+0200 [DEBUG] [org.gradle.process.internal.health.memory.DefaultMemoryManager] 409155993 physical memory requested, 0 released, 255954944 free
2024-11-12T11:08:08.767+0200 [DEBUG] [org.gradle.cache.internal.DefaultFileLockManager] Waiting to acquire shared lock on daemon addresses registry.
2024-11-12T11:08:08.769+0200 [DEBUG] [org.gradle.cache.internal.DefaultFileLockManager] Lock acquired on daemon addresses registry.
2024-11-12T11:08:08.774+0200 [DEBUG] [org.gradle.cache.internal.DefaultFileLockManager] Releasing lock on daemon addresses registry.
2024-11-12T11:08:08.789+0200 [DEBUG] [org.gradle.cache.internal.DefaultFileLockManager] Waiting to acquire shared lock on daemon addresses registry.
2024-11-12T11:08:08.789+0200 [DEBUG] [org.gradle.cache.internal.DefaultFileLockManager] Lock acquired on daemon addresses registry.
2024-11-12T11:08:08.789+0200 [DEBUG] [org.gradle.cache.internal.DefaultFileLockManager] Releasing lock on daemon addresses registry.
2024-11-12T11:08:08.790+0200 [DEBUG] [org.gradle.cache.internal.DefaultFileLockManager] Waiting to acquire shared lock on daemon addresses registry.
2024-11-12T11:08:08.790+0200 [DEBUG] [org.gradle.cache.internal.DefaultFileLockManager] Lock acquired on daemon addresses registry.
2024-11-12T11:08:08.791+0200 [DEBUG] [org.gradle.cache.internal.DefaultFileLockManager] Releasing lock on daemon addresses registry.
2024-11-12T11:08:12.983+0200 [DEBUG] [org.gradle.process.internal.health.memory.DefaultMemoryManager] 409155993 physical memory requested, 250675200 free
2024-11-12T11:08:12.983+0200 [DEBUG] [org.gradle.workers.internal.WorkerDaemonExpiration] Will attempt to release 390 of memory
2024-11-12T11:08:12.983+0200 [DEBUG] [org.gradle.process.internal.health.memory.DefaultMemoryManager] 409155993 physical memory requested, 0 released, 250675200 free
2024-11-12T11:08:17.985+0200 [DEBUG] [org.gradle.process.internal.health.memory.DefaultMemoryManager] 409155993 physical memory requested, 265838592 free
2024-11-12T11:08:17.985+0200 [DEBUG] [org.gradle.workers.internal.WorkerDaemonExpiration] Will attempt to release 390 of memory
2024-11-12T11:08:17.986+0200 [DEBUG] [org.gradle.process.internal.health.memory.DefaultMemoryManager] 409155993 physical memory requested, 0 released, 265838592 free
2024-11-12T11:08:18.698+0200 [DEBUG] [org.gradle.cache.internal.DefaultFileLockManager] Waiting to acquire shared lock on daemon addresses registry.
2024-11-12T11:08:18.698+0200 [DEBUG] [org.gradle.cache.internal.DefaultFileLockManager] Lock acquired on daemon addresses registry.
2024-11-12T11:08:18.698+0200 [DEBUG] [org.gradle.cache.internal.DefaultFileLockManager] Releasing lock on daemon addresses registry.
2024-11-12T11:08:18.700+0200 [DEBUG] [org.gradle.cache.internal.DefaultFileLockManager] Waiting to acquire shared lock on daemon addresses registry.
2024-11-12T11:08:18.700+0200 [DEBUG] [org.gradle.cache.internal.DefaultFileLockManager] Lock acquired on daemon addresses registry.
2024-11-12T11:08:18.701+0200 [DEBUG] [org.gradle.cache.internal.DefaultFileLockManager] Releasing lock on daemon addresses registry.
2024-11-12T11:08:18.702+0200 [DEBUG] [org.gradle.cache.internal.DefaultFileLockManager] Waiting to acquire shared lock on daemon addresses registry.
2024-11-12T11:08:18.702+0200 [DEBUG] [org.gradle.cache.internal.DefaultFileLockManager] Lock acquired on daemon addresses registry.
2024-11-12T11:08:18.702+0200 [DEBUG] [org.gradle.cache.internal.DefaultFileLockManager] Releasing lock on daemon addresses registry.
2024-11-12T11:08:23.298+0200 [DEBUG] [org.gradle.process.internal.health.memory.DefaultMemoryManager] 409155993 physical memory requested, 97247232 free
2024-11-12T11:08:23.298+0200 [DEBUG] [org.gradle.workers.internal.WorkerDaemonExpiration] Will attempt to release 390 of memory
2024-11-12T11:08:23.298+0200 [DEBUG] [org.gradle.process.internal.health.memory.DefaultMemoryManager] 409155993 physical memory requested, 0 released, 97247232 free
2024-11-12T11:08:27.977+0200 [DEBUG] [org.gradle.process.internal.health.memory.DefaultMemoryManager] 409155993 physical memory requested, 17510400 free
2024-11-12T11:08:27.977+0200 [DEBUG] [org.gradle.workers.internal.WorkerDaemonExpiration] Will attempt to release 390 of memory
2024-11-12T11:08:27.978+0200 [DEBUG] [org.gradle.process.internal.health.memory.DefaultMemoryManager] 409155993 physical memory requested, 0 released, 17510400 free
2024-11-12T11:08:28.783+0200 [DEBUG] [org.gradle.cache.internal.DefaultFileLockManager] Waiting to acquire shared lock on daemon addresses registry.
2024-11-12T11:08:28.783+0200 [DEBUG] [org.gradle.cache.internal.DefaultFileLockManager] Lock acquired on daemon addresses registry.
2024-11-12T11:08:28.785+0200 [DEBUG] [org.gradle.cache.internal.DefaultFileLockManager] Releasing lock on daemon addresses registry.
2024-11-12T11:08:28.828+0200 [DEBUG] [org.gradle.cache.internal.DefaultFileLockManager] Waiting to acquire shared lock on daemon addresses registry.
2024-11-12T11:08:28.829+0200 [DEBUG] [org.gradle.cache.internal.DefaultFileLockManager] Lock acquired on daemon addresses registry.
2024-11-12T11:08:28.830+0200 [DEBUG] [org.gradle.cache.internal.DefaultFileLockManager] Releasing lock on daemon addresses registry.
2024-11-12T11:08:28.831+0200 [DEBUG] [org.gradle.cache.internal.DefaultFileLockManager] Waiting to acquire shared lock on daemon addresses registry.
2024-11-12T11:08:28.832+0200 [DEBUG] [org.gradle.cache.internal.DefaultFileLockManager] Lock acquired on daemon addresses registry.
2024-11-12T11:08:28.834+0200 [DEBUG] [org.gradle.cache.internal.DefaultFileLockManager] Releasing lock on daemon addresses registry.
2024-11-12T11:08:33.087+0200 [DEBUG] [org.gradle.process.internal.health.memory.DefaultMemoryManager] 409155993 physical memory requested, 148520960 free
2024-11-12T11:08:33.088+0200 [DEBUG] [org.gradle.workers.internal.WorkerDaemonExpiration] Will attempt to release 390 of memory
2024-11-12T11:08:33.088+0200 [DEBUG] [org.gradle.process.internal.health.memory.DefaultMemoryManager] 409155993 physical memory requested, 0 released, 148520960 free
2024-11-12T11:08:38.076+0200 [DEBUG] [org.gradle.process.internal.health.memory.DefaultMemoryManager] 409155993 physical memory requested, 2080768 free
2024-11-12T11:08:38.331+0200 [DEBUG] [org.gradle.workers.internal.WorkerDaemonExpiration] Will attempt to release 390 of memory
2024-11-12T11:08:38.345+0200 [DEBUG] [org.gradle.process.internal.health.memory.DefaultMemoryManager] 409155993 physical memory requested, 0 released, 2080768 free
2024-11-12T11:08:38.745+0200 [DEBUG] [org.gradle.cache.internal.DefaultFileLockManager] Waiting to acquire shared lock on daemon addresses registry.
2024-11-12T11:08:38.746+0200 [DEBUG] [org.gradle.cache.internal.DefaultFileLockManager] Lock acquired on daemon addresses registry.
2024-11-12T11:08:38.828+0200 [DEBUG] [org.gradle.cache.internal.DefaultFileLockManager] Releasing lock on daemon addresses registry.
2024-11-12T11:08:38.972+0200 [DEBUG] [org.gradle.cache.internal.DefaultFileLockManager] Waiting to acquire shared lock on daemon addresses registry.
2024-11-12T11:08:38.973+0200 [DEBUG] [org.gradle.cache.internal.DefaultFileLockManager] Lock acquired on daemon addresses registry.
2024-11-12T11:08:38.973+0200 [DEBUG] [org.gradle.cache.internal.DefaultFileLockManager] Releasing lock on daemon addresses registry.
2024-11-12T11:08:38.975+0200 [DEBUG] [org.gradle.cache.internal.DefaultFileLockManager] Waiting to acquire shared lock on daemon addresses registry.
2024-11-12T11:08:38.975+0200 [DEBUG] [org.gradle.cache.internal.DefaultFileLockManager] Lock acquired on daemon addresses registry.
2024-11-12T11:08:38.976+0200 [DEBUG] [org.gradle.cache.internal.DefaultFileLockManager] Releasing lock on daemon addresses registry.
2024-11-12T11:08:42.996+0200 [DEBUG] [org.gradle.process.internal.health.memory.DefaultMemoryManager] 409155993 physical memory requested, 45588480 free
2024-11-12T11:08:43.058+0200 [DEBUG] [org.gradle.workers.internal.WorkerDaemonExpiration] Will attempt to release 390 of memory
2024-11-12T11:08:43.058+0200 [DEBUG] [org.gradle.process.internal.health.memory.DefaultMemoryManager] 409155993 physical memory requested, 0 released, 45588480 free
2024-11-12T11:08:48.337+0200 [DEBUG] [org.gradle.process.internal.health.memory.DefaultMemoryManager] 409155993 physical memory requested, 98447360 free
2024-11-12T11:08:48.370+0200 [DEBUG] [org.gradle.workers.internal.WorkerDaemonExpiration] Will attempt to release 390 of memory
2024-11-12T11:08:48.433+0200 [DEBUG] [org.gradle.process.internal.health.memory.DefaultMemoryManager] 409155993 physical memory requested, 0 released, 98447360 free
2024-11-12T11:08:48.770+0200 [DEBUG] [org.gradle.cache.internal.DefaultFileLockManager] Waiting to acquire shared lock on daemon addresses registry.
2024-11-12T11:08:48.773+0200 [DEBUG] [org.gradle.cache.internal.DefaultFileLockManager] Lock acquired on daemon addresses registry.
2024-11-12T11:08:48.779+0200 [DEBUG] [org.gradle.cache.internal.DefaultFileLockManager] Releasing lock on daemon addresses registry.
2024-11-12T11:08:48.806+0200 [DEBUG] [org.gradle.cache.internal.DefaultFileLockManager] Waiting to acquire shared lock on daemon addresses registry.
2024-11-12T11:08:48.806+0200 [DEBUG] [org.gradle.cache.internal.DefaultFileLockManager] Lock acquired on daemon addresses registry.
2024-11-12T11:08:48.807+0200 [DEBUG] [org.gradle.cache.internal.DefaultFileLockManager] Releasing lock on daemon addresses registry.
2024-11-12T11:08:48.810+0200 [DEBUG] [org.gradle.cache.internal.DefaultFileLockManager] Waiting to acquire shared lock on daemon addresses registry.
2024-11-12T11:08:48.811+0200 [DEBUG] [org.gradle.cache.internal.DefaultFileLockManager] Lock acquired on daemon addresses registry.
2024-11-12T11:08:48.813+0200 [DEBUG] [org.gradle.cache.internal.DefaultFileLockManager] Releasing lock on daemon addresses registry.
2024-11-12T11:08:53.014+0200 [DEBUG] [org.gradle.process.internal.health.memory.DefaultMemoryManager] 409155993 physical memory requested, 183889920 free
2024-11-12T11:08:53.028+0200 [DEBUG] [org.gradle.workers.internal.WorkerDaemonExpiration] Will attempt to release 390 of memory
2024-11-12T11:08:53.028+0200 [DEBUG] [org.gradle.process.internal.health.memory.DefaultMemoryManager] 409155993 physical memory requested, 0 released, 183889920 free
2024-11-12T11:08:58.056+0200 [DEBUG] [org.gradle.process.internal.health.memory.DefaultMemoryManager] 409155993 physical memory requested, 191467520 free
2024-11-12T11:08:58.057+0200 [DEBUG] [org.gradle.workers.internal.WorkerDaemonExpiration] Will attempt to release 390 of memory
2024-11-12T11:08:58.057+0200 [DEBUG] [org.gradle.process.internal.health.memory.DefaultMemoryManager] 409155993 physical memory requested, 0 released, 191467520 free
2024-11-12T11:08:58.729+0200 [DEBUG] [org.gradle.cache.internal.DefaultFileLockManager] Waiting to acquire shared lock on daemon addresses registry.
2024-11-12T11:08:58.729+0200 [DEBUG] [org.gradle.cache.internal.DefaultFileLockManager] Lock acquired on daemon addresses registry.
2024-11-12T11:08:58.733+0200 [DEBUG] [org.gradle.cache.internal.DefaultFileLockManager] Releasing lock on daemon addresses registry.
2024-11-12T11:08:58.765+0200 [DEBUG] [org.gradle.cache.internal.DefaultFileLockManager] Waiting to acquire shared lock on daemon addresses registry.
2024-11-12T11:08:58.810+0200 [DEBUG] [org.gradle.cache.internal.DefaultFileLockManager] Lock acquired on daemon addresses registry.
2024-11-12T11:08:58.816+0200 [DEBUG] [org.gradle.cache.internal.DefaultFileLockManager] Releasing lock on daemon addresses registry.
2024-11-12T11:08:58.825+0200 [DEBUG] [org.gradle.cache.internal.DefaultFileLockManager] Waiting to acquire shared lock on daemon addresses registry.
2024-11-12T11:08:58.831+0200 [DEBUG] [org.gradle.cache.internal.DefaultFileLockManager] Lock acquired on daemon addresses registry.
2024-11-12T11:08:58.875+0200 [DEBUG] [org.gradle.cache.internal.DefaultFileLockManager] Releasing lock on daemon addresses registry.
2024-11-12T11:09:02.983+0200 [DEBUG] [org.gradle.process.internal.health.memory.DefaultMemoryManager] 409155993 physical memory requested, 97312768 free
2024-11-12T11:09:02.983+0200 [DEBUG] [org.gradle.workers.internal.WorkerDaemonExpiration] Will attempt to release 390 of memory
2024-11-12T11:09:02.983+0200 [DEBUG] [org.gradle.process.internal.health.memory.DefaultMemoryManager] 409155993 physical memory requested, 0 released, 97312768 free
2024-11-12T11:09:08.322+0200 [DEBUG] [org.gradle.process.internal.health.memory.DefaultMemoryManager] 409155993 physical memory requested, 86286336 free
2024-11-12T11:09:08.335+0200 [DEBUG] [org.gradle.workers.internal.WorkerDaemonExpiration] Will attempt to release 390 of memory
2024-11-12T11:09:08.335+0200 [DEBUG] [org.gradle.process.internal.health.memory.DefaultMemoryManager] 409155993 physical memory requested, 0 released, 86286336 free
2024-11-12T11:09:08.999+0200 [DEBUG] [org.gradle.cache.internal.DefaultFileLockManager] Waiting to acquire shared lock on daemon addresses registry.
2024-11-12T11:09:08.999+0200 [DEBUG] [org.gradle.cache.internal.DefaultFileLockManager] Lock acquired on daemon addresses registry.
2024-11-12T11:09:09.017+0200 [DEBUG] [org.gradle.cache.internal.DefaultFileLockManager] Releasing lock on daemon addresses registry.
2024-11-12T11:09:09.187+0200 [DEBUG] [org.gradle.cache.internal.DefaultFileLockManager] Waiting to acquire shared lock on daemon addresses registry.
2024-11-12T11:09:09.187+0200 [DEBUG] [org.gradle.cache.internal.DefaultFileLockManager] Lock acquired on daemon addresses registry.
2024-11-12T11:09:09.235+0200 [DEBUG] [org.gradle.cache.internal.DefaultFileLockManager] Releasing lock on daemon addresses registry.
2024-11-12T11:09:09.236+0200 [DEBUG] [org.gradle.cache.internal.DefaultFileLockManager] Waiting to acquire shared lock on daemon addresses registry.
2024-11-12T11:09:09.236+0200 [DEBUG] [org.gradle.cache.internal.DefaultFileLockManager] Lock acquired on daemon addresses registry.
2024-11-12T11:09:09.237+0200 [DEBUG] [org.gradle.cache.internal.DefaultFileLockManager] Releasing lock on daemon addresses registry.
2024-11-12T11:09:13.916+0200 [DEBUG] [org.gradle.process.internal.health.memory.DefaultMemoryManager] 409155993 physical memory requested, 13889536 free
2024-11-12T11:09:13.964+0200 [DEBUG] [org.gradle.workers.internal.WorkerDaemonExpiration] Will attempt to release 390 of memory
2024-11-12T11:09:13.966+0200 [DEBUG] [org.gradle.process.internal.health.memory.DefaultMemoryManager] 409155993 physical memory requested, 0 released, 13889536 free
2024-11-12T11:09:17.981+0200 [DEBUG] [org.gradle.process.internal.health.memory.DefaultMemoryManager] 409155993 physical memory requested, 352120832 free
2024-11-12T11:09:17.981+0200 [DEBUG] [org.gradle.workers.internal.WorkerDaemonExpiration] Will attempt to release 390 of memory
2024-11-12T11:09:17.981+0200 [DEBUG] [org.gradle.process.internal.health.memory.DefaultMemoryManager] 409155993 physical memory requested, 0 released, 352120832 free
2024-11-12T11:09:18.851+0200 [DEBUG] [org.gradle.cache.internal.DefaultFileLockManager] Waiting to acquire shared lock on daemon addresses registry.
2024-11-12T11:09:18.864+0200 [DEBUG] [org.gradle.cache.internal.DefaultFileLockManager] Lock acquired on daemon addresses registry.
2024-11-12T11:09:18.887+0200 [DEBUG] [org.gradle.cache.internal.DefaultFileLockManager] Releasing lock on daemon addresses registry.
2024-11-12T11:09:18.939+0200 [DEBUG] [org.gradle.cache.internal.DefaultFileLockManager] Waiting to acquire shared lock on daemon addresses registry.
2024-11-12T11:09:18.939+0200 [DEBUG] [org.gradle.cache.internal.DefaultFileLockManager] Lock acquired on daemon addresses registry.
2024-11-12T11:09:19.038+0200 [DEBUG] [org.gradle.cache.internal.DefaultFileLockManager] Releasing lock on daemon addresses registry.
2024-11-12T11:09:19.039+0200 [DEBUG] [org.gradle.cache.internal.DefaultFileLockManager] Waiting to acquire shared lock on daemon addresses registry.
2024-11-12T11:09:19.138+0200 [DEBUG] [org.gradle.cache.internal.DefaultFileLockManager] Lock acquired on daemon addresses registry.
2024-11-12T11:09:19.138+0200 [DEBUG] [org.gradle.cache.internal.DefaultFileLockManager] Releasing lock on daemon addresses registry.
2024-11-12T11:09:23.021+0200 [DEBUG] [org.gradle.process.internal.health.memory.DefaultMemoryManager] 409155993 physical memory requested, 327831552 free
2024-11-12T11:09:23.021+0200 [DEBUG] [org.gradle.workers.internal.WorkerDaemonExpiration] Will attempt to release 390 of memory
2024-11-12T11:09:23.021+0200 [DEBUG] [org.gradle.process.internal.health.memory.DefaultMemoryManager] 409155993 physical memory requested, 0 released, 327831552 free
2024-11-12T11:09:28.174+0200 [DEBUG] [org.gradle.process.internal.health.memory.DefaultMemoryManager] 409155993 physical memory requested, 99364864 free
2024-11-12T11:09:28.175+0200 [DEBUG] [org.gradle.workers.internal.WorkerDaemonExpiration] Will attempt to release 390 of memory
2024-11-12T11:09:28.175+0200 [DEBUG] [org.gradle.process.internal.health.memory.DefaultMemoryManager] 409155993 physical memory requested, 0 released, 99364864 free
2024-11-12T11:09:28.803+0200 [DEBUG] [org.gradle.cache.internal.DefaultFileLockManager] Waiting to acquire shared lock on daemon addresses registry.
2024-11-12T11:09:28.805+0200 [DEBUG] [org.gradle.cache.internal.DefaultFileLockManager] Lock acquired on daemon addresses registry.
2024-11-12T11:09:28.814+0200 [DEBUG] [org.gradle.cache.internal.DefaultFileLockManager] Releasing lock on daemon addresses registry.
2024-11-12T11:09:28.899+0200 [DEBUG] [org.gradle.cache.internal.DefaultFileLockManager] Waiting to acquire shared lock on daemon addresses registry.
2024-11-12T11:09:28.900+0200 [DEBUG] [org.gradle.cache.internal.DefaultFileLockManager] Lock acquired on daemon addresses registry.
2024-11-12T11:09:29.034+0200 [DEBUG] [org.gradle.cache.internal.DefaultFileLockManager] Releasing lock on daemon addresses registry.
2024-11-12T11:09:29.185+0200 [DEBUG] [org.gradle.cache.internal.DefaultFileLockManager] Waiting to acquire shared lock on daemon addresses registry.
2024-11-12T11:09:29.185+0200 [DEBUG] [org.gradle.cache.internal.DefaultFileLockManager] Lock acquired on daemon addresses registry.
2024-11-12T11:09:29.186+0200 [DEBUG] [org.gradle.cache.internal.DefaultFileLockManager] Releasing lock on daemon addresses registry.
2024-11-12T11:09:33.150+0200 [DEBUG] [org.gradle.process.internal.health.memory.DefaultMemoryManager] 409155993 physical memory requested, 70385664 free
2024-11-12T11:09:33.150+0200 [DEBUG] [org.gradle.workers.internal.WorkerDaemonExpiration] Will attempt to release 390 of memory
2024-11-12T11:09:33.150+0200 [DEBUG] [org.gradle.process.internal.health.memory.DefaultMemoryManager] 409155993 physical memory requested, 0 released, 70385664 free
2024-11-12T11:09:38.400+0200 [DEBUG] [org.gradle.process.internal.health.memory.DefaultMemoryManager] 409155993 physical memory requested, 173494272 free
2024-11-12T11:09:38.400+0200 [DEBUG] [org.gradle.workers.internal.WorkerDaemonExpiration] Will attempt to release 390 of memory
2024-11-12T11:09:38.423+0200 [DEBUG] [org.gradle.process.internal.health.memory.DefaultMemoryManager] 409155993 physical memory requested, 0 released, 173494272 free
2024-11-12T11:09:38.925+0200 [DEBUG] [org.gradle.cache.internal.DefaultFileLockManager] Waiting to acquire shared lock on daemon addresses registry.
2024-11-12T11:09:38.925+0200 [DEBUG] [org.gradle.cache.internal.DefaultFileLockManager] Lock acquired on daemon addresses registry.
2024-11-12T11:09:38.926+0200 [DEBUG] [org.gradle.cache.internal.DefaultFileLockManager] Releasing lock on daemon addresses registry.
2024-11-12T11:09:38.928+0200 [DEBUG] [org.gradle.cache.internal.DefaultFileLockManager] Waiting to acquire shared lock on daemon addresses registry.
2024-11-12T11:09:38.928+0200 [DEBUG] [org.gradle.cache.internal.DefaultFileLockManager] Lock acquired on daemon addresses registry.
2024-11-12T11:09:38.928+0200 [DEBUG] [org.gradle.cache.internal.DefaultFileLockManager] Releasing lock on daemon addresses registry.
2024-11-12T11:09:38.941+0200 [DEBUG] [org.gradle.cache.internal.DefaultFileLockManager] Waiting to acquire shared lock on daemon addresses registry.
2024-11-12T11:09:38.941+0200 [DEBUG] [org.gradle.cache.internal.DefaultFileLockManager] Lock acquired on daemon addresses registry.
2024-11-12T11:09:38.941+0200 [DEBUG] [org.gradle.cache.internal.DefaultFileLockManager] Releasing lock on daemon addresses registry.
2024-11-12T11:09:43.072+0200 [DEBUG] [org.gradle.process.internal.health.memory.DefaultMemoryManager] 409155993 physical memory requested, 109350912 free
2024-11-12T11:09:43.072+0200 [DEBUG] [org.gradle.workers.internal.WorkerDaemonExpiration] Will attempt to release 390 of memory
2024-11-12T11:09:43.072+0200 [DEBUG] [org.gradle.process.internal.health.memory.DefaultMemoryManager] 409155993 physical memory requested, 0 released, 109350912 free
2024-11-12T11:09:48.223+0200 [DEBUG] [org.gradle.process.internal.health.memory.DefaultMemoryManager] 409155993 physical memory requested, 213409792 free
2024-11-12T11:09:48.224+0200 [DEBUG] [org.gradle.workers.internal.WorkerDaemonExpiration] Will attempt to release 390 of memory
2024-11-12T11:09:48.233+0200 [DEBUG] [org.gradle.process.internal.health.memory.DefaultMemoryManager] 409155993 physical memory requested, 0 released, 213409792 free
2024-11-12T11:09:48.815+0200 [DEBUG] [org.gradle.cache.internal.DefaultFileLockManager] Waiting to acquire shared lock on daemon addresses registry.
2024-11-12T11:09:48.815+0200 [DEBUG] [org.gradle.cache.internal.DefaultFileLockManager] Lock acquired on daemon addresses registry.
2024-11-12T11:09:48.833+0200 [DEBUG] [org.gradle.cache.internal.DefaultFileLockManager] Releasing lock on daemon addresses registry.
2024-11-12T11:09:48.864+0200 [DEBUG] [org.gradle.cache.internal.DefaultFileLockManager] Waiting to acquire shared lock on daemon addresses registry.
2024-11-12T11:09:48.865+0200 [DEBUG] [org.gradle.cache.internal.DefaultFileLockManager] Lock acquired on daemon addresses registry.
2024-11-12T11:09:48.866+0200 [DEBUG] [org.gradle.cache.internal.DefaultFileLockManager] Releasing lock on daemon addresses registry.
2024-11-12T11:09:48.869+0200 [DEBUG] [org.gradle.cache.internal.DefaultFileLockManager] Waiting to acquire shared lock on daemon addresses registry.
2024-11-12T11:09:48.898+0200 [DEBUG] [org.gradle.cache.internal.DefaultFileLockManager] Lock acquired on daemon addresses registry.
2024-11-12T11:09:48.979+0200 [DEBUG] [org.gradle.cache.internal.DefaultFileLockManager] Releasing lock on daemon addresses registry.
2024-11-12T11:09:53.009+0200 [DEBUG] [org.gradle.process.internal.health.memory.DefaultMemoryManager] 409155993 physical memory requested, 343769088 free
2024-11-12T11:09:53.009+0200 [DEBUG] [org.gradle.workers.internal.WorkerDaemonExpiration] Will attempt to release 390 of memory
2024-11-12T11:09:53.010+0200 [DEBUG] [org.gradle.process.internal.health.memory.DefaultMemoryManager] 409155993 physical memory requested, 0 released, 343769088 free
2024-11-12T11:09:58.031+0200 [DEBUG] [org.gradle.process.internal.health.memory.DefaultMemoryManager] 409155993 physical memory requested, 371617792 free
2024-11-12T11:09:58.032+0200 [DEBUG] [org.gradle.workers.internal.WorkerDaemonExpiration] Will attempt to release 390 of memory
2024-11-12T11:09:58.032+0200 [DEBUG] [org.gradle.process.internal.health.memory.DefaultMemoryManager] 409155993 physical memory requested, 0 released, 371617792 free
2024-11-12T11:09:58.720+0200 [DEBUG] [org.gradle.cache.internal.DefaultFileLockManager] Waiting to acquire shared lock on daemon addresses registry.
2024-11-12T11:09:58.720+0200 [DEBUG] [org.gradle.cache.internal.DefaultFileLockManager] Lock acquired on daemon addresses registry.
2024-11-12T11:09:58.721+0200 [DEBUG] [org.gradle.cache.internal.DefaultFileLockManager] Releasing lock on daemon addresses registry.
2024-11-12T11:09:58.722+0200 [DEBUG] [org.gradle.cache.internal.DefaultFileLockManager] Waiting to acquire shared lock on daemon addresses registry.
2024-11-12T11:09:58.725+0200 [DEBUG] [org.gradle.cache.internal.DefaultFileLockManager] Lock acquired on daemon addresses registry.
2024-11-12T11:09:58.727+0200 [DEBUG] [org.gradle.cache.internal.DefaultFileLockManager] Releasing lock on daemon addresses registry.
2024-11-12T11:09:58.731+0200 [DEBUG] [org.gradle.cache.internal.DefaultFileLockManager] Waiting to acquire shared lock on daemon addresses registry.
2024-11-12T11:09:58.733+0200 [DEBUG] [org.gradle.cache.internal.DefaultFileLockManager] Lock acquired on daemon addresses registry.
2024-11-12T11:09:58.735+0200 [DEBUG] [org.gradle.cache.internal.DefaultFileLockManager] Releasing lock on daemon addresses registry.
2024-11-12T11:10:03.009+0200 [DEBUG] [org.gradle.process.internal.health.memory.DefaultMemoryManager] 409155993 physical memory requested, 192077824 free
2024-11-12T11:10:03.011+0200 [DEBUG] [org.gradle.workers.internal.WorkerDaemonExpiration] Will attempt to release 390 of memory
2024-11-12T11:10:03.011+0200 [DEBUG] [org.gradle.process.internal.health.memory.DefaultMemoryManager] 409155993 physical memory requested, 0 released, 192077824 free
2024-11-12T11:10:08.016+0200 [DEBUG] [org.gradle.process.internal.health.memory.DefaultMemoryManager] 409155993 physical memory requested, 62529536 free
2024-11-12T11:10:08.017+0200 [DEBUG] [org.gradle.workers.internal.WorkerDaemonExpiration] Will attempt to release 390 of memory
2024-11-12T11:10:08.017+0200 [DEBUG] [org.gradle.process.internal.health.memory.DefaultMemoryManager] 409155993 physical memory requested, 0 released, 62529536 free
2024-11-12T11:10:08.727+0200 [DEBUG] [org.gradle.cache.internal.DefaultFileLockManager] Waiting to acquire shared lock on daemon addresses registry.
2024-11-12T11:10:08.728+0200 [DEBUG] [org.gradle.cache.internal.DefaultFileLockManager] Lock acquired on daemon addresses registry.
2024-11-12T11:10:08.729+0200 [DEBUG] [org.gradle.cache.internal.DefaultFileLockManager] Releasing lock on daemon addresses registry.
2024-11-12T11:10:08.740+0200 [DEBUG] [org.gradle.cache.internal.DefaultFileLockManager] Waiting to acquire shared lock on daemon addresses registry.
2024-11-12T11:10:08.740+0200 [DEBUG] [org.gradle.cache.internal.DefaultFileLockManager] Lock acquired on daemon addresses registry.
2024-11-12T11:10:08.741+0200 [DEBUG] [org.gradle.cache.internal.DefaultFileLockManager] Releasing lock on daemon addresses registry.
2024-11-12T11:10:08.742+0200 [DEBUG] [org.gradle.cache.internal.DefaultFileLockManager] Waiting to acquire shared lock on daemon addresses registry.
2024-11-12T11:10:08.743+0200 [DEBUG] [org.gradle.cache.internal.DefaultFileLockManager] Lock acquired on daemon addresses registry.
2024-11-12T11:10:08.743+0200 [DEBUG] [org.gradle.cache.internal.DefaultFileLockManager] Releasing lock on daemon addresses registry.
2024-11-12T11:10:12.994+0200 [DEBUG] [org.gradle.process.internal.health.memory.DefaultMemoryManager] 409155993 physical memory requested, 88080384 free
2024-11-12T11:10:12.995+0200 [DEBUG] [org.gradle.workers.internal.WorkerDaemonExpiration] Will attempt to release 390 of memory
2024-11-12T11:10:12.996+0200 [DEBUG] [org.gradle.process.internal.health.memory.DefaultMemoryManager] 409155993 physical memory requested, 0 released, 88080384 free
2024-11-12T11:10:18.032+0200 [DEBUG] [org.gradle.process.internal.health.memory.DefaultMemoryManager] 409155993 physical memory requested, 16248832 free
2024-11-12T11:10:18.032+0200 [DEBUG] [org.gradle.workers.internal.WorkerDaemonExpiration] Will attempt to release 390 of memory
2024-11-12T11:10:18.033+0200 [DEBUG] [org.gradle.process.internal.health.memory.DefaultMemoryManager] 409155993 physical memory requested, 0 released, 16248832 free
2024-11-12T11:10:18.722+0200 [DEBUG] [org.gradle.cache.internal.DefaultFileLockManager] Waiting to acquire shared lock on daemon addresses registry.
2024-11-12T11:10:18.726+0200 [DEBUG] [org.gradle.cache.internal.DefaultFileLockManager] Lock acquired on daemon addresses registry.
2024-11-12T11:10:18.753+0200 [DEBUG] [org.gradle.cache.internal.DefaultFileLockManager] Releasing lock on daemon addresses registry.
2024-11-12T11:10:18.763+0200 [DEBUG] [org.gradle.cache.internal.DefaultFileLockManager] Waiting to acquire shared lock on daemon addresses registry.
2024-11-12T11:10:18.764+0200 [DEBUG] [org.gradle.cache.internal.DefaultFileLockManager] Lock acquired on daemon addresses registry.
2024-11-12T11:10:18.765+0200 [DEBUG] [org.gradle.cache.internal.DefaultFileLockManager] Releasing lock on daemon addresses registry.
2024-11-12T11:10:18.770+0200 [DEBUG] [org.gradle.cache.internal.DefaultFileLockManager] Waiting to acquire shared lock on daemon addresses registry.
2024-11-12T11:10:18.771+0200 [DEBUG] [org.gradle.cache.internal.DefaultFileLockManager] Lock acquired on daemon addresses registry.
2024-11-12T11:10:18.774+0200 [DEBUG] [org.gradle.cache.internal.DefaultFileLockManager] Releasing lock on daemon addresses registry.
2024-11-12T11:10:22.990+0200 [DEBUG] [org.gradle.process.internal.health.memory.DefaultMemoryManager] 409155993 physical memory requested, 42668032 free
2024-11-12T11:10:22.992+0200 [DEBUG] [org.gradle.workers.internal.WorkerDaemonExpiration] Will attempt to release 390 of memory
2024-11-12T11:10:22.993+0200 [DEBUG] [org.gradle.process.internal.health.memory.DefaultMemoryManager] 409155993 physical memory requested, 0 released, 42668032 free
2024-11-12T11:10:27.979+0200 [DEBUG] [org.gradle.process.internal.health.memory.DefaultMemoryManager] 409155993 physical memory requested, 266321920 free
2024-11-12T11:10:28.035+0200 [DEBUG] [org.gradle.workers.internal.WorkerDaemonExpiration] Will attempt to release 390 of memory
2024-11-12T11:10:28.035+0200 [DEBUG] [org.gradle.process.internal.health.memory.DefaultMemoryManager] 409155993 physical memory requested, 0 released, 266321920 free
2024-11-12T11:10:28.741+0200 [DEBUG] [org.gradle.cache.internal.DefaultFileLockManager] Waiting to acquire shared lock on daemon addresses registry.
2024-11-12T11:10:28.778+0200 [DEBUG] [org.gradle.cache.internal.DefaultFileLockManager] Lock acquired on daemon addresses registry.
2024-11-12T11:10:28.794+0200 [DEBUG] [org.gradle.cache.internal.DefaultFileLockManager] Releasing lock on daemon addresses registry.
2024-11-12T11:10:28.837+0200 [DEBUG] [org.gradle.cache.internal.DefaultFileLockManager] Waiting to acquire shared lock on daemon addresses registry.
2024-11-12T11:10:28.837+0200 [DEBUG] [org.gradle.cache.internal.DefaultFileLockManager] Lock acquired on daemon addresses registry.
2024-11-12T11:10:28.854+0200 [DEBUG] [org.gradle.cache.internal.DefaultFileLockManager] Releasing lock on daemon addresses registry.
2024-11-12T11:10:28.865+0200 [DEBUG] [org.gradle.cache.internal.DefaultFileLockManager] Waiting to acquire shared lock on daemon addresses registry.
2024-11-12T11:10:28.865+0200 [DEBUG] [org.gradle.cache.internal.DefaultFileLockManager] Lock acquired on daemon addresses registry.
2024-11-12T11:10:28.866+0200 [DEBUG] [org.gradle.cache.internal.DefaultFileLockManager] Releasing lock on daemon addresses registry.
2024-11-12T11:10:38.697+0200 [DEBUG] [org.gradle.cache.internal.DefaultFileLockManager] Waiting to acquire shared lock on daemon addresses registry.
2024-11-12T11:10:38.697+0200 [DEBUG] [org.gradle.cache.internal.DefaultFileLockManager] Lock acquired on daemon addresses registry.
2024-11-12T11:10:38.762+0200 [DEBUG] [org.gradle.cache.internal.DefaultFileLockManager] Releasing lock on daemon addresses registry.
2024-11-12T11:10:38.763+0200 [DEBUG] [org.gradle.cache.internal.DefaultFileLockManager] Waiting to acquire shared lock on daemon addresses registry.
2024-11-12T11:10:38.763+0200 [DEBUG] [org.gradle.cache.internal.DefaultFileLockManager] Lock acquired on daemon addresses registry.
2024-11-12T11:10:38.764+0200 [DEBUG] [org.gradle.cache.internal.DefaultFileLockManager] Releasing lock on daemon addresses registry.
2024-11-12T11:10:38.776+0200 [DEBUG] [org.gradle.cache.internal.DefaultFileLockManager] Waiting to acquire shared lock on daemon addresses registry.
2024-11-12T11:10:38.863+0200 [DEBUG] [org.gradle.cache.internal.DefaultFileLockManager] Lock acquired on daemon addresses registry.
2024-11-12T11:10:38.936+0200 [DEBUG] [org.gradle.cache.internal.DefaultFileLockManager] Releasing lock on daemon addresses registry.
2024-11-12T11:10:47.976+0200 [DEBUG] [org.gradle.process.internal.health.memory.DefaultMemoryManager] 409155993 physical memory requested, 291311616 free
2024-11-12T11:10:47.976+0200 [DEBUG] [org.gradle.workers.internal.WorkerDaemonExpiration] Will attempt to release 390 of memory
2024-11-12T11:10:47.977+0200 [DEBUG] [org.gradle.process.internal.health.memory.DefaultMemoryManager] 409155993 physical memory requested, 0 released, 291311616 free
2024-11-12T11:10:48.699+0200 [DEBUG] [org.gradle.cache.internal.DefaultFileLockManager] Waiting to acquire shared lock on daemon addresses registry.
2024-11-12T11:10:48.699+0200 [DEBUG] [org.gradle.cache.internal.DefaultFileLockManager] Lock acquired on daemon addresses registry.
2024-11-12T11:10:48.701+0200 [DEBUG] [org.gradle.cache.internal.DefaultFileLockManager] Releasing lock on daemon addresses registry.
2024-11-12T11:10:48.705+0200 [DEBUG] [org.gradle.cache.internal.DefaultFileLockManager] Waiting to acquire shared lock on daemon addresses registry.
2024-11-12T11:10:48.707+0200 [DEBUG] [org.gradle.cache.internal.DefaultFileLockManager] Lock acquired on daemon addresses registry.
2024-11-12T11:10:48.708+0200 [DEBUG] [org.gradle.cache.internal.DefaultFileLockManager] Releasing lock on daemon addresses registry.
2024-11-12T11:10:48.710+0200 [DEBUG] [org.gradle.cache.internal.DefaultFileLockManager] Waiting to acquire shared lock on daemon addresses registry.
2024-11-12T11:10:48.711+0200 [DEBUG] [org.gradle.cache.internal.DefaultFileLockManager] Lock acquired on daemon addresses registry.
2024-11-12T11:10:48.712+0200 [DEBUG] [org.gradle.cache.internal.DefaultFileLockManager] Releasing lock on daemon addresses registry.
2024-11-12T11:10:52.984+0200 [DEBUG] [org.gradle.process.internal.health.memory.DefaultMemoryManager] 409155993 physical memory requested, 211365888 free
2024-11-12T11:10:52.984+0200 [DEBUG] [org.gradle.workers.internal.WorkerDaemonExpiration] Will attempt to release 390 of memory
2024-11-12T11:10:52.984+0200 [DEBUG] [org.gradle.process.internal.health.memory.DefaultMemoryManager] 409155993 physical memory requested, 0 released, 211365888 free
2024-11-12T11:10:58.693+0200 [DEBUG] [org.gradle.cache.internal.DefaultFileLockManager] Waiting to acquire shared lock on daemon addresses registry.
2024-11-12T11:10:58.693+0200 [DEBUG] [org.gradle.cache.internal.DefaultFileLockManager] Lock acquired on daemon addresses registry.
2024-11-12T11:10:58.694+0200 [DEBUG] [org.gradle.cache.internal.DefaultFileLockManager] Releasing lock on daemon addresses registry.
2024-11-12T11:10:58.696+0200 [DEBUG] [org.gradle.cache.internal.DefaultFileLockManager] Waiting to acquire shared lock on daemon addresses registry.
2024-11-12T11:10:58.696+0200 [DEBUG] [org.gradle.cache.internal.DefaultFileLockManager] Lock acquired on daemon addresses registry.
2024-11-12T11:10:58.697+0200 [DEBUG] [org.gradle.cache.internal.DefaultFileLockManager] Releasing lock on daemon addresses registry.
2024-11-12T11:10:58.699+0200 [DEBUG] [org.gradle.cache.internal.DefaultFileLockManager] Waiting to acquire shared lock on daemon addresses registry.
2024-11-12T11:10:58.700+0200 [DEBUG] [org.gradle.cache.internal.DefaultFileLockManager] Lock acquired on daemon addresses registry.
2024-11-12T11:10:58.701+0200 [DEBUG] [org.gradle.cache.internal.DefaultFileLockManager] Releasing lock on daemon addresses registry.
2024-11-12T11:11:07.974+0200 [DEBUG] [org.gradle.process.internal.health.memory.DefaultMemoryManager] 409155993 physical memory requested, 372555776 free
2024-11-12T11:11:07.975+0200 [DEBUG] [org.gradle.workers.internal.WorkerDaemonExpiration] Will attempt to release 390 of memory
2024-11-12T11:11:07.975+0200 [DEBUG] [org.gradle.process.internal.health.memory.DefaultMemoryManager] 409155993 physical memory requested, 0 released, 372555776 free
2024-11-12T11:11:08.706+0200 [DEBUG] [org.gradle.cache.internal.DefaultFileLockManager] Waiting to acquire shared lock on daemon addresses registry.
2024-11-12T11:11:08.706+0200 [DEBUG] [org.gradle.cache.internal.DefaultFileLockManager] Lock acquired on daemon addresses registry.
2024-11-12T11:11:08.707+0200 [DEBUG] [org.gradle.cache.internal.DefaultFileLockManager] Releasing lock on daemon addresses registry.
2024-11-12T11:11:08.709+0200 [DEBUG] [org.gradle.cache.internal.DefaultFileLockManager] Waiting to acquire shared lock on daemon addresses registry.
2024-11-12T11:11:08.709+0200 [DEBUG] [org.gradle.cache.internal.DefaultFileLockManager] Lock acquired on daemon addresses registry.
2024-11-12T11:11:08.710+0200 [DEBUG] [org.gradle.cache.internal.DefaultFileLockManager] Releasing lock on daemon addresses registry.
2024-11-12T11:11:08.714+0200 [DEBUG] [org.gradle.cache.internal.DefaultFileLockManager] Waiting to acquire shared lock on daemon addresses registry.
2024-11-12T11:11:08.714+0200 [DEBUG] [org.gradle.cache.internal.DefaultFileLockManager] Lock acquired on daemon addresses registry.
2024-11-12T11:11:08.716+0200 [DEBUG] [org.gradle.cache.internal.DefaultFileLockManager] Releasing lock on daemon addresses registry.
2024-11-12T11:11:12.979+0200 [DEBUG] [org.gradle.process.internal.health.memory.DefaultMemoryManager] 409155993 physical memory requested, 344195072 free
2024-11-12T11:11:12.979+0200 [DEBUG] [org.gradle.workers.internal.WorkerDaemonExpiration] Will attempt to release 390 of memory
2024-11-12T11:11:12.979+0200 [DEBUG] [org.gradle.process.internal.health.memory.DefaultMemoryManager] 409155993 physical memory requested, 0 released, 344195072 free
2024-11-12T11:11:17.978+0200 [DEBUG] [org.gradle.process.internal.health.memory.DefaultMemoryManager] 409155993 physical memory requested, 285888512 free
2024-11-12T11:11:17.978+0200 [DEBUG] [org.gradle.workers.internal.WorkerDaemonExpiration] Will attempt to release 390 of memory
2024-11-12T11:11:17.978+0200 [DEBUG] [org.gradle.process.internal.health.memory.DefaultMemoryManager] 409155993 physical memory requested, 0 released, 285888512 free
2024-11-12T11:11:18.699+0200 [DEBUG] [org.gradle.cache.internal.DefaultFileLockManager] Waiting to acquire shared lock on daemon addresses registry.
2024-11-12T11:11:18.699+0200 [DEBUG] [org.gradle.cache.internal.DefaultFileLockManager] Lock acquired on daemon addresses registry.
2024-11-12T11:11:18.699+0200 [DEBUG] [org.gradle.cache.internal.DefaultFileLockManager] Releasing lock on daemon addresses registry.
2024-11-12T11:11:18.700+0200 [DEBUG] [org.gradle.cache.internal.DefaultFileLockManager] Waiting to acquire shared lock on daemon addresses registry.
2024-11-12T11:11:18.700+0200 [DEBUG] [org.gradle.cache.internal.DefaultFileLockManager] Lock acquired on daemon addresses registry.
2024-11-12T11:11:18.701+0200 [DEBUG] [org.gradle.cache.internal.DefaultFileLockManager] Releasing lock on daemon addresses registry.
2024-11-12T11:11:18.701+0200 [DEBUG] [org.gradle.cache.internal.DefaultFileLockManager] Waiting to acquire shared lock on daemon addresses registry.
2024-11-12T11:11:18.702+0200 [DEBUG] [org.gradle.cache.internal.DefaultFileLockManager] Lock acquired on daemon addresses registry.
2024-11-12T11:11:18.702+0200 [DEBUG] [org.gradle.cache.internal.DefaultFileLockManager] Releasing lock on daemon addresses registry.
2024-11-12T11:11:22.988+0200 [DEBUG] [org.gradle.process.internal.health.memory.DefaultMemoryManager] 409155993 physical memory requested, 299622400 free
2024-11-12T11:11:22.988+0200 [DEBUG] [org.gradle.workers.internal.WorkerDaemonExpiration] Will attempt to release 390 of memory
2024-11-12T11:11:22.988+0200 [DEBUG] [org.gradle.process.internal.health.memory.DefaultMemoryManager] 409155993 physical memory requested, 0 released, 299622400 free
2024-11-12T11:11:27.984+0200 [DEBUG] [org.gradle.process.internal.health.memory.DefaultMemoryManager] 409155993 physical memory requested, 245989376 free
2024-11-12T11:11:27.984+0200 [DEBUG] [org.gradle.workers.internal.WorkerDaemonExpiration] Will attempt to release 390 of memory
2024-11-12T11:11:27.984+0200 [DEBUG] [org.gradle.process.internal.health.memory.DefaultMemoryManager] 409155993 physical memory requested, 0 released, 245989376 free
2024-11-12T11:11:28.703+0200 [DEBUG] [org.gradle.cache.internal.DefaultFileLockManager] Waiting to acquire shared lock on daemon addresses registry.
2024-11-12T11:11:28.704+0200 [DEBUG] [org.gradle.cache.internal.DefaultFileLockManager] Lock acquired on daemon addresses registry.
2024-11-12T11:11:28.716+0200 [DEBUG] [org.gradle.cache.internal.DefaultFileLockManager] Releasing lock on daemon addresses registry.
2024-11-12T11:11:28.718+0200 [DEBUG] [org.gradle.cache.internal.DefaultFileLockManager] Waiting to acquire shared lock on daemon addresses registry.
2024-11-12T11:11:28.718+0200 [DEBUG] [org.gradle.cache.internal.DefaultFileLockManager] Lock acquired on daemon addresses registry.
2024-11-12T11:11:28.719+0200 [DEBUG] [org.gradle.cache.internal.DefaultFileLockManager] Releasing lock on daemon addresses registry.
2024-11-12T11:11:28.731+0200 [DEBUG] [org.gradle.cache.internal.DefaultFileLockManager] Waiting to acquire shared lock on daemon addresses registry.
2024-11-12T11:11:28.768+0200 [DEBUG] [org.gradle.cache.internal.DefaultFileLockManager] Lock acquired on daemon addresses registry.
2024-11-12T11:11:28.792+0200 [DEBUG] [org.gradle.cache.internal.DefaultFileLockManager] Releasing lock on daemon addresses registry.
2024-11-12T11:11:32.973+0200 [DEBUG] [org.gradle.process.internal.health.memory.DefaultMemoryManager] 409155993 physical memory requested, 231485440 free
2024-11-12T11:11:32.974+0200 [DEBUG] [org.gradle.workers.internal.WorkerDaemonExpiration] Will attempt to release 390 of memory
2024-11-12T11:11:32.974+0200 [DEBUG] [org.gradle.process.internal.health.memory.DefaultMemoryManager] 409155993 physical memory requested, 0 released, 231485440 free
2024-11-12T11:11:37.972+0200 [DEBUG] [org.gradle.process.internal.health.memory.DefaultMemoryManager] 409155993 physical memory requested, 284663808 free
2024-11-12T11:11:37.973+0200 [DEBUG] [org.gradle.workers.internal.WorkerDaemonExpiration] Will attempt to release 390 of memory
2024-11-12T11:11:37.974+0200 [DEBUG] [org.gradle.process.internal.health.memory.DefaultMemoryManager] 409155993 physical memory requested, 0 released, 284663808 free
2024-11-12T11:11:38.701+0200 [DEBUG] [org.gradle.cache.internal.DefaultFileLockManager] Waiting to acquire shared lock on daemon addresses registry.
2024-11-12T11:11:38.702+0200 [DEBUG] [org.gradle.cache.internal.DefaultFileLockManager] Lock acquired on daemon addresses registry.
2024-11-12T11:11:38.717+0200 [DEBUG] [org.gradle.cache.internal.DefaultFileLockManager] Releasing lock on daemon addresses registry.
2024-11-12T11:11:38.720+0200 [DEBUG] [org.gradle.cache.internal.DefaultFileLockManager] Waiting to acquire shared lock on daemon addresses registry.
2024-11-12T11:11:38.721+0200 [DEBUG] [org.gradle.cache.internal.DefaultFileLockManager] Lock acquired on daemon addresses registry.
2024-11-12T11:11:38.725+0200 [DEBUG] [org.gradle.cache.internal.DefaultFileLockManager] Releasing lock on daemon addresses registry.
2024-11-12T11:11:38.728+0200 [DEBUG] [org.gradle.cache.internal.DefaultFileLockManager] Waiting to acquire shared lock on daemon addresses registry.
2024-11-12T11:11:38.728+0200 [DEBUG] [org.gradle.cache.internal.DefaultFileLockManager] Lock acquired on daemon addresses registry.
2024-11-12T11:11:38.728+0200 [DEBUG] [org.gradle.cache.internal.DefaultFileLockManager] Releasing lock on daemon addresses registry.
2024-11-12T11:11:47.974+0200 [DEBUG] [org.gradle.process.internal.health.memory.DefaultMemoryManager] 409155993 physical memory requested, 385900544 free
2024-11-12T11:11:47.975+0200 [DEBUG] [org.gradle.workers.internal.WorkerDaemonExpiration] Will attempt to release 390 of memory
2024-11-12T11:11:47.975+0200 [DEBUG] [org.gradle.process.internal.health.memory.DefaultMemoryManager] 409155993 physical memory requested, 0 released, 385900544 free
2024-11-12T11:11:48.719+0200 [DEBUG] [org.gradle.cache.internal.DefaultFileLockManager] Waiting to acquire shared lock on daemon addresses registry.
2024-11-12T11:11:48.738+0200 [DEBUG] [org.gradle.cache.internal.DefaultFileLockManager] Lock acquired on daemon addresses registry.
2024-11-12T11:11:48.752+0200 [DEBUG] [org.gradle.cache.internal.DefaultFileLockManager] Releasing lock on daemon addresses registry.
2024-11-12T11:11:48.753+0200 [DEBUG] [org.gradle.cache.internal.DefaultFileLockManager] Waiting to acquire shared lock on daemon addresses registry.
2024-11-12T11:11:48.753+0200 [DEBUG] [org.gradle.cache.internal.DefaultFileLockManager] Lock acquired on daemon addresses registry.
2024-11-12T11:11:48.770+0200 [DEBUG] [org.gradle.cache.internal.DefaultFileLockManager] Releasing lock on daemon addresses registry.
2024-11-12T11:11:48.771+0200 [DEBUG] [org.gradle.cache.internal.DefaultFileLockManager] Waiting to acquire shared lock on daemon addresses registry.
2024-11-12T11:11:48.771+0200 [DEBUG] [org.gradle.cache.internal.DefaultFileLockManager] Lock acquired on daemon addresses registry.
2024-11-12T11:11:48.772+0200 [DEBUG] [org.gradle.cache.internal.DefaultFileLockManager] Releasing lock on daemon addresses registry.
2024-11-12T11:11:52.973+0200 [DEBUG] [org.gradle.process.internal.health.memory.DefaultMemoryManager] 409155993 physical memory requested, 359010304 free
2024-11-12T11:11:52.973+0200 [DEBUG] [org.gradle.workers.internal.WorkerDaemonExpiration] Will attempt to release 390 of memory
2024-11-12T11:11:52.973+0200 [DEBUG] [org.gradle.process.internal.health.memory.DefaultMemoryManager] 409155993 physical memory requested, 0 released, 359010304 free
2024-11-12T11:11:58.070+0200 [DEBUG] [org.gradle.process.internal.health.memory.DefaultMemoryManager] 409155993 physical memory requested, 106831872 free
2024-11-12T11:11:58.071+0200 [DEBUG] [org.gradle.workers.internal.WorkerDaemonExpiration] Will attempt to release 390 of memory
2024-11-12T11:11:58.071+0200 [DEBUG] [org.gradle.process.internal.health.memory.DefaultMemoryManager] 409155993 physical memory requested, 0 released, 106831872 free
2024-11-12T11:11:58.776+0200 [DEBUG] [org.gradle.cache.internal.DefaultFileLockManager] Waiting to acquire shared lock on daemon addresses registry.
2024-11-12T11:11:58.779+0200 [DEBUG] [org.gradle.cache.internal.DefaultFileLockManager] Lock acquired on daemon addresses registry.
2024-11-12T11:11:58.780+0200 [DEBUG] [org.gradle.cache.internal.DefaultFileLockManager] Releasing lock on daemon addresses registry.
2024-11-12T11:11:58.785+0200 [DEBUG] [org.gradle.cache.internal.DefaultFileLockManager] Waiting to acquire shared lock on daemon addresses registry.
2024-11-12T11:11:58.789+0200 [DEBUG] [org.gradle.cache.internal.DefaultFileLockManager] Lock acquired on daemon addresses registry.
2024-11-12T11:11:58.790+0200 [DEBUG] [org.gradle.cache.internal.DefaultFileLockManager] Releasing lock on daemon addresses registry.
2024-11-12T11:11:58.791+0200 [DEBUG] [org.gradle.cache.internal.DefaultFileLockManager] Waiting to acquire shared lock on daemon addresses registry.
2024-11-12T11:11:58.792+0200 [DEBUG] [org.gradle.cache.internal.DefaultFileLockManager] Lock acquired on daemon addresses registry.
2024-11-12T11:11:58.792+0200 [DEBUG] [org.gradle.cache.internal.DefaultFileLockManager] Releasing lock on daemon addresses registry.
2024-11-12T11:12:03.006+0200 [DEBUG] [org.gradle.process.internal.health.memory.DefaultMemoryManager] 409155993 physical memory requested, 46575616 free
2024-11-12T11:12:03.010+0200 [DEBUG] [org.gradle.workers.internal.WorkerDaemonExpiration] Will attempt to release 390 of memory
2024-11-12T11:12:03.010+0200 [DEBUG] [org.gradle.process.internal.health.memory.DefaultMemoryManager] 409155993 physical memory requested, 0 released, 46575616 free
2024-11-12T11:12:08.063+0200 [DEBUG] [org.gradle.process.internal.health.memory.DefaultMemoryManager] 409155993 physical memory requested, 32681984 free
2024-11-12T11:12:08.076+0200 [DEBUG] [org.gradle.workers.internal.WorkerDaemonExpiration] Will attempt to release 390 of memory
2024-11-12T11:12:08.076+0200 [DEBUG] [org.gradle.process.internal.health.memory.DefaultMemoryManager] 409155993 physical memory requested, 0 released, 32681984 free
2024-11-12T11:12:08.726+0200 [DEBUG] [org.gradle.cache.internal.DefaultFileLockManager] Waiting to acquire shared lock on daemon addresses registry.
2024-11-12T11:12:08.731+0200 [DEBUG] [org.gradle.cache.internal.DefaultFileLockManager] Lock acquired on daemon addresses registry.
2024-11-12T11:12:08.743+0200 [DEBUG] [org.gradle.cache.internal.DefaultFileLockManager] Releasing lock on daemon addresses registry.
2024-11-12T11:12:08.766+0200 [DEBUG] [org.gradle.cache.internal.DefaultFileLockManager] Waiting to acquire shared lock on daemon addresses registry.
2024-11-12T11:12:08.766+0200 [DEBUG] [org.gradle.cache.internal.DefaultFileLockManager] Lock acquired on daemon addresses registry.
2024-11-12T11:12:08.767+0200 [DEBUG] [org.gradle.cache.internal.DefaultFileLockManager] Releasing lock on daemon addresses registry.
2024-11-12T11:12:08.769+0200 [DEBUG] [org.gradle.cache.internal.DefaultFileLockManager] Waiting to acquire shared lock on daemon addresses registry.
2024-11-12T11:12:08.770+0200 [DEBUG] [org.gradle.cache.internal.DefaultFileLockManager] Lock acquired on daemon addresses registry.
2024-11-12T11:12:08.771+0200 [DEBUG] [org.gradle.cache.internal.DefaultFileLockManager] Releasing lock on daemon addresses registry.
2024-11-12T11:12:12.976+0200 [DEBUG] [org.gradle.process.internal.health.memory.DefaultMemoryManager] 409155993 physical memory requested, 346091520 free
2024-11-12T11:12:12.976+0200 [DEBUG] [org.gradle.workers.internal.WorkerDaemonExpiration] Will attempt to release 390 of memory
2024-11-12T11:12:12.976+0200 [DEBUG] [org.gradle.process.internal.health.memory.DefaultMemoryManager] 409155993 physical memory requested, 0 released, 346091520 free
2024-11-12T11:12:18.748+0200 [DEBUG] [org.gradle.cache.internal.DefaultFileLockManager] Waiting to acquire shared lock on daemon addresses registry.
2024-11-12T11:12:18.772+0200 [DEBUG] [org.gradle.cache.internal.DefaultFileLockManager] Lock acquired on daemon addresses registry.
2024-11-12T11:12:18.801+0200 [DEBUG] [org.gradle.cache.internal.DefaultFileLockManager] Releasing lock on daemon addresses registry.
2024-11-12T11:12:18.871+0200 [DEBUG] [org.gradle.cache.internal.DefaultFileLockManager] Waiting to acquire shared lock on daemon addresses registry.
2024-11-12T11:12:18.872+0200 [DEBUG] [org.gradle.cache.internal.DefaultFileLockManager] Lock acquired on daemon addresses registry.
2024-11-12T11:12:18.872+0200 [DEBUG] [org.gradle.cache.internal.DefaultFileLockManager] Releasing lock on daemon addresses registry.
2024-11-12T11:12:18.888+0200 [DEBUG] [org.gradle.cache.internal.DefaultFileLockManager] Waiting to acquire shared lock on daemon addresses registry.
2024-11-12T11:12:18.888+0200 [DEBUG] [org.gradle.cache.internal.DefaultFileLockManager] Lock acquired on daemon addresses registry.
2024-11-12T11:12:18.889+0200 [DEBUG] [org.gradle.cache.internal.DefaultFileLockManager] Releasing lock on daemon addresses registry.
2024-11-12T11:12:28.734+0200 [DEBUG] [org.gradle.cache.internal.DefaultFileLockManager] Waiting to acquire shared lock on daemon addresses registry.
2024-11-12T11:12:28.736+0200 [DEBUG] [org.gradle.cache.internal.DefaultFileLockManager] Lock acquired on daemon addresses registry.
2024-11-12T11:12:28.742+0200 [DEBUG] [org.gradle.cache.internal.DefaultFileLockManager] Releasing lock on daemon addresses registry.
2024-11-12T11:12:28.747+0200 [DEBUG] [org.gradle.cache.internal.DefaultFileLockManager] Waiting to acquire shared lock on daemon addresses registry.
2024-11-12T11:12:28.748+0200 [DEBUG] [org.gradle.cache.internal.DefaultFileLockManager] Lock acquired on daemon addresses registry.
2024-11-12T11:12:28.750+0200 [DEBUG] [org.gradle.cache.internal.DefaultFileLockManager] Releasing lock on daemon addresses registry.
2024-11-12T11:12:28.752+0200 [DEBUG] [org.gradle.cache.internal.DefaultFileLockManager] Waiting to acquire shared lock on daemon addresses registry.
2024-11-12T11:12:28.780+0200 [DEBUG] [org.gradle.cache.internal.DefaultFileLockManager] Lock acquired on daemon addresses registry.
2024-11-12T11:12:28.780+0200 [DEBUG] [org.gradle.cache.internal.DefaultFileLockManager] Releasing lock on daemon addresses registry.
2024-11-12T11:12:33.122+0200 [DEBUG] [org.gradle.process.internal.health.memory.DefaultMemoryManager] 409155993 physical memory requested, 216424448 free
2024-11-12T11:12:33.123+0200 [DEBUG] [org.gradle.workers.internal.WorkerDaemonExpiration] Will attempt to release 390 of memory
2024-11-12T11:12:33.123+0200 [DEBUG] [org.gradle.process.internal.health.memory.DefaultMemoryManager] 409155993 physical memory requested, 0 released, 216424448 free
2024-11-12T11:12:37.987+0200 [DEBUG] [org.gradle.process.internal.health.memory.DefaultMemoryManager] 409155993 physical memory requested, 145371136 free
2024-11-12T11:12:37.987+0200 [DEBUG] [org.gradle.workers.internal.WorkerDaemonExpiration] Will attempt to release 390 of memory
2024-11-12T11:12:37.988+0200 [DEBUG] [org.gradle.process.internal.health.memory.DefaultMemoryManager] 409155993 physical memory requested, 0 released, 145371136 free
2024-11-12T11:12:38.699+0200 [DEBUG] [org.gradle.cache.internal.DefaultFileLockManager] Waiting to acquire shared lock on daemon addresses registry.
2024-11-12T11:12:38.700+0200 [DEBUG] [org.gradle.cache.internal.DefaultFileLockManager] Lock acquired on daemon addresses registry.
2024-11-12T11:12:38.702+0200 [DEBUG] [org.gradle.cache.internal.DefaultFileLockManager] Releasing lock on daemon addresses registry.
2024-11-12T11:12:38.704+0200 [DEBUG] [org.gradle.cache.internal.DefaultFileLockManager] Waiting to acquire shared lock on daemon addresses registry.
2024-11-12T11:12:38.704+0200 [DEBUG] [org.gradle.cache.internal.DefaultFileLockManager] Lock acquired on daemon addresses registry.
2024-11-12T11:12:38.705+0200 [DEBUG] [org.gradle.cache.internal.DefaultFileLockManager] Releasing lock on daemon addresses registry.
2024-11-12T11:12:38.707+0200 [DEBUG] [org.gradle.cache.internal.DefaultFileLockManager] Waiting to acquire shared lock on daemon addresses registry.
2024-11-12T11:12:38.707+0200 [DEBUG] [org.gradle.cache.internal.DefaultFileLockManager] Lock acquired on daemon addresses registry.
2024-11-12T11:12:38.707+0200 [DEBUG] [org.gradle.cache.internal.DefaultFileLockManager] Releasing lock on daemon addresses registry.
2024-11-12T11:12:42.985+0200 [DEBUG] [org.gradle.process.internal.health.memory.DefaultMemoryManager] 409155993 physical memory requested, 51634176 free
2024-11-12T11:12:42.986+0200 [DEBUG] [org.gradle.workers.internal.WorkerDaemonExpiration] Will attempt to release 390 of memory
2024-11-12T11:12:42.998+0200 [DEBUG] [org.gradle.process.internal.health.memory.DefaultMemoryManager] 409155993 physical memory requested, 0 released, 51634176 free
2024-11-12T11:12:47.993+0200 [DEBUG] [org.gradle.process.internal.health.memory.DefaultMemoryManager] 409155993 physical memory requested, 270311424 free
2024-11-12T11:12:48.012+0200 [DEBUG] [org.gradle.workers.internal.WorkerDaemonExpiration] Will attempt to release 390 of memory
2024-11-12T11:12:48.012+0200 [DEBUG] [org.gradle.process.internal.health.memory.DefaultMemoryManager] 409155993 physical memory requested, 0 released, 270311424 free
2024-11-12T11:12:48.716+0200 [DEBUG] [org.gradle.cache.internal.DefaultFileLockManager] Waiting to acquire shared lock on daemon addresses registry.
2024-11-12T11:12:48.717+0200 [DEBUG] [org.gradle.cache.internal.DefaultFileLockManager] Lock acquired on daemon addresses registry.
2024-11-12T11:12:48.744+0200 [DEBUG] [org.gradle.cache.internal.DefaultFileLockManager] Releasing lock on daemon addresses registry.
2024-11-12T11:12:48.816+0200 [DEBUG] [org.gradle.cache.internal.DefaultFileLockManager] Waiting to acquire shared lock on daemon addresses registry.
2024-11-12T11:12:48.817+0200 [DEBUG] [org.gradle.cache.internal.DefaultFileLockManager] Lock acquired on daemon addresses registry.
2024-11-12T11:12:48.817+0200 [DEBUG] [org.gradle.cache.internal.DefaultFileLockManager] Releasing lock on daemon addresses registry.
2024-11-12T11:12:48.878+0200 [DEBUG] [org.gradle.cache.internal.DefaultFileLockManager] Waiting to acquire shared lock on daemon addresses registry.
2024-11-12T11:12:48.878+0200 [DEBUG] [org.gradle.cache.internal.DefaultFileLockManager] Lock acquired on daemon addresses registry.
2024-11-12T11:12:48.891+0200 [DEBUG] [org.gradle.cache.internal.DefaultFileLockManager] Releasing lock on daemon addresses registry.
2024-11-12T11:12:57.999+0200 [DEBUG] [org.gradle.process.internal.health.memory.DefaultMemoryManager] 409155993 physical memory requested, 347144192 free
2024-11-12T11:12:58.005+0200 [DEBUG] [org.gradle.workers.internal.WorkerDaemonExpiration] Will attempt to release 390 of memory
2024-11-12T11:12:58.006+0200 [DEBUG] [org.gradle.process.internal.health.memory.DefaultMemoryManager] 409155993 physical memory requested, 0 released, 347144192 free
2024-11-12T11:12:58.706+0200 [DEBUG] [org.gradle.cache.internal.DefaultFileLockManager] Waiting to acquire shared lock on daemon addresses registry.
2024-11-12T11:12:58.706+0200 [DEBUG] [org.gradle.cache.internal.DefaultFileLockManager] Lock acquired on daemon addresses registry.
2024-11-12T11:12:58.707+0200 [DEBUG] [org.gradle.cache.internal.DefaultFileLockManager] Releasing lock on daemon addresses registry.
2024-11-12T11:12:58.708+0200 [DEBUG] [org.gradle.cache.internal.DefaultFileLockManager] Waiting to acquire shared lock on daemon addresses registry.
2024-11-12T11:12:58.708+0200 [DEBUG] [org.gradle.cache.internal.DefaultFileLockManager] Lock acquired on daemon addresses registry.
2024-11-12T11:12:58.710+0200 [DEBUG] [org.gradle.cache.internal.DefaultFileLockManager] Releasing lock on daemon addresses registry.
2024-11-12T11:12:58.714+0200 [DEBUG] [org.gradle.cache.internal.DefaultFileLockManager] Waiting to acquire shared lock on daemon addresses registry.
2024-11-12T11:12:58.714+0200 [DEBUG] [org.gradle.cache.internal.DefaultFileLockManager] Lock acquired on daemon addresses registry.
2024-11-12T11:12:58.714+0200 [DEBUG] [org.gradle.cache.internal.DefaultFileLockManager] Releasing lock on daemon addresses registry.
2024-11-12T11:13:02.987+0200 [DEBUG] [org.gradle.process.internal.health.memory.DefaultMemoryManager] 409155993 physical memory requested, 219926528 free
2024-11-12T11:13:02.988+0200 [DEBUG] [org.gradle.workers.internal.WorkerDaemonExpiration] Will attempt to release 390 of memory
2024-11-12T11:13:02.988+0200 [DEBUG] [org.gradle.process.internal.health.memory.DefaultMemoryManager] 409155993 physical memory requested, 0 released, 219926528 free
2024-11-12T11:13:07.976+0200 [DEBUG] [org.gradle.process.internal.health.memory.DefaultMemoryManager] 409155993 physical memory requested, 154120192 free
2024-11-12T11:13:07.976+0200 [DEBUG] [org.gradle.workers.internal.WorkerDaemonExpiration] Will attempt to release 390 of memory
2024-11-12T11:13:07.976+0200 [DEBUG] [org.gradle.process.internal.health.memory.DefaultMemoryManager] 409155993 physical memory requested, 0 released, 154120192 free
2024-11-12T11:13:08.724+0200 [DEBUG] [org.gradle.cache.internal.DefaultFileLockManager] Waiting to acquire shared lock on daemon addresses registry.
2024-11-12T11:13:08.726+0200 [DEBUG] [org.gradle.cache.internal.DefaultFileLockManager] Lock acquired on daemon addresses registry.
2024-11-12T11:13:08.728+0200 [DEBUG] [org.gradle.cache.internal.DefaultFileLockManager] Releasing lock on daemon addresses registry.
2024-11-12T11:13:08.731+0200 [DEBUG] [org.gradle.cache.internal.DefaultFileLockManager] Waiting to acquire shared lock on daemon addresses registry.
2024-11-12T11:13:08.732+0200 [DEBUG] [org.gradle.cache.internal.DefaultFileLockManager] Lock acquired on daemon addresses registry.
2024-11-12T11:13:08.733+0200 [DEBUG] [org.gradle.cache.internal.DefaultFileLockManager] Releasing lock on daemon addresses registry.
2024-11-12T11:13:08.734+0200 [DEBUG] [org.gradle.cache.internal.DefaultFileLockManager] Waiting to acquire shared lock on daemon addresses registry.
2024-11-12T11:13:08.735+0200 [DEBUG] [org.gradle.cache.internal.DefaultFileLockManager] Lock acquired on daemon addresses registry.
2024-11-12T11:13:08.736+0200 [DEBUG] [org.gradle.cache.internal.DefaultFileLockManager] Releasing lock on daemon addresses registry.
2024-11-12T11:13:12.981+0200 [DEBUG] [org.gradle.process.internal.health.memory.DefaultMemoryManager] 409155993 physical memory requested, 92909568 free
2024-11-12T11:13:12.982+0200 [DEBUG] [org.gradle.workers.internal.WorkerDaemonExpiration] Will attempt to release 390 of memory
2024-11-12T11:13:12.982+0200 [DEBUG] [org.gradle.process.internal.health.memory.DefaultMemoryManager] 409155993 physical memory requested, 0 released, 92909568 free
2024-11-12T11:13:17.974+0200 [DEBUG] [org.gradle.process.internal.health.memory.DefaultMemoryManager] 409155993 physical memory requested, 255119360 free
2024-11-12T11:13:17.974+0200 [DEBUG] [org.gradle.workers.internal.WorkerDaemonExpiration] Will attempt to release 390 of memory
2024-11-12T11:13:17.988+0200 [DEBUG] [org.gradle.process.internal.health.memory.DefaultMemoryManager] 409155993 physical memory requested, 0 released, 255119360 free
2024-11-12T11:13:18.740+0200 [DEBUG] [org.gradle.cache.internal.DefaultFileLockManager] Waiting to acquire shared lock on daemon addresses registry.
2024-11-12T11:13:18.750+0200 [DEBUG] [org.gradle.cache.internal.DefaultFileLockManager] Lock acquired on daemon addresses registry.
2024-11-12T11:13:18.811+0200 [DEBUG] [org.gradle.cache.internal.DefaultFileLockManager] Releasing lock on daemon addresses registry.
2024-11-12T11:13:18.911+0200 [DEBUG] [org.gradle.cache.internal.DefaultFileLockManager] Waiting to acquire shared lock on daemon addresses registry.
2024-11-12T11:13:18.912+0200 [DEBUG] [org.gradle.cache.internal.DefaultFileLockManager] Lock acquired on daemon addresses registry.
2024-11-12T11:13:19.207+0200 [DEBUG] [org.gradle.cache.internal.DefaultFileLockManager] Releasing lock on daemon addresses registry.
2024-11-12T11:13:19.220+0200 [DEBUG] [org.gradle.cache.internal.DefaultFileLockManager] Waiting to acquire shared lock on daemon addresses registry.
2024-11-12T11:13:19.220+0200 [DEBUG] [org.gradle.cache.internal.DefaultFileLockManager] Lock acquired on daemon addresses registry.
2024-11-12T11:13:19.221+0200 [DEBUG] [org.gradle.cache.internal.DefaultFileLockManager] Releasing lock on daemon addresses registry.
2024-11-12T11:13:28.702+0200 [DEBUG] [org.gradle.cache.internal.DefaultFileLockManager] Waiting to acquire shared lock on daemon addresses registry.
2024-11-12T11:13:28.703+0200 [DEBUG] [org.gradle.cache.internal.DefaultFileLockManager] Lock acquired on daemon addresses registry.
2024-11-12T11:13:28.704+0200 [DEBUG] [org.gradle.cache.internal.DefaultFileLockManager] Releasing lock on daemon addresses registry.
2024-11-12T11:13:28.707+0200 [DEBUG] [org.gradle.cache.internal.DefaultFileLockManager] Waiting to acquire shared lock on daemon addresses registry.
2024-11-12T11:13:28.707+0200 [DEBUG] [org.gradle.cache.internal.DefaultFileLockManager] Lock acquired on daemon addresses registry.
2024-11-12T11:13:28.708+0200 [DEBUG] [org.gradle.cache.internal.DefaultFileLockManager] Releasing lock on daemon addresses registry.
2024-11-12T11:13:28.710+0200 [DEBUG] [org.gradle.cache.internal.DefaultFileLockManager] Waiting to acquire shared lock on daemon addresses registry.
2024-11-12T11:13:28.711+0200 [DEBUG] [org.gradle.cache.internal.DefaultFileLockManager] Lock acquired on daemon addresses registry.
2024-11-12T11:13:28.712+0200 [DEBUG] [org.gradle.cache.internal.DefaultFileLockManager] Releasing lock on daemon addresses registry.
2024-11-12T11:13:32.990+0200 [DEBUG] [org.gradle.process.internal.health.memory.DefaultMemoryManager] 409155993 physical memory requested, 356720640 free
2024-11-12T11:13:32.990+0200 [DEBUG] [org.gradle.workers.internal.WorkerDaemonExpiration] Will attempt to release 390 of memory
2024-11-12T11:13:32.991+0200 [DEBUG] [org.gradle.process.internal.health.memory.DefaultMemoryManager] 409155993 physical memory requested, 0 released, 356720640 free
2024-11-12T11:13:37.973+0200 [DEBUG] [org.gradle.process.internal.health.memory.DefaultMemoryManager] 409155993 physical memory requested, 355885056 free
2024-11-12T11:13:37.974+0200 [DEBUG] [org.gradle.workers.internal.WorkerDaemonExpiration] Will attempt to release 390 of memory
2024-11-12T11:13:37.974+0200 [DEBUG] [org.gradle.process.internal.health.memory.DefaultMemoryManager] 409155993 physical memory requested, 0 released, 355885056 free
2024-11-12T11:13:38.712+0200 [DEBUG] [org.gradle.cache.internal.DefaultFileLockManager] Waiting to acquire shared lock on daemon addresses registry.
2024-11-12T11:13:38.712+0200 [DEBUG] [org.gradle.cache.internal.DefaultFileLockManager] Lock acquired on daemon addresses registry.
2024-11-12T11:13:38.712+0200 [DEBUG] [org.gradle.cache.internal.DefaultFileLockManager] Releasing lock on daemon addresses registry.
2024-11-12T11:13:38.715+0200 [DEBUG] [org.gradle.cache.internal.DefaultFileLockManager] Waiting to acquire shared lock on daemon addresses registry.
2024-11-12T11:13:38.716+0200 [DEBUG] [org.gradle.cache.internal.DefaultFileLockManager] Lock acquired on daemon addresses registry.
2024-11-12T11:13:38.716+0200 [DEBUG] [org.gradle.cache.internal.DefaultFileLockManager] Releasing lock on daemon addresses registry.
2024-11-12T11:13:38.718+0200 [DEBUG] [org.gradle.cache.internal.DefaultFileLockManager] Waiting to acquire shared lock on daemon addresses registry.
2024-11-12T11:13:38.718+0200 [DEBUG] [org.gradle.cache.internal.DefaultFileLockManager] Lock acquired on daemon addresses registry.
2024-11-12T11:13:38.719+0200 [DEBUG] [org.gradle.cache.internal.DefaultFileLockManager] Releasing lock on daemon addresses registry.
2024-11-12T11:13:42.999+0200 [DEBUG] [org.gradle.process.internal.health.memory.DefaultMemoryManager] 409155993 physical memory requested, 155967488 free
2024-11-12T11:13:43.000+0200 [DEBUG] [org.gradle.workers.internal.WorkerDaemonExpiration] Will attempt to release 390 of memory
2024-11-12T11:13:43.000+0200 [DEBUG] [org.gradle.process.internal.health.memory.DefaultMemoryManager] 409155993 physical memory requested, 0 released, 155967488 free
2024-11-12T11:13:47.984+0200 [DEBUG] [org.gradle.process.internal.health.memory.DefaultMemoryManager] 409155993 physical memory requested, 166866944 free
2024-11-12T11:13:47.985+0200 [DEBUG] [org.gradle.workers.internal.WorkerDaemonExpiration] Will attempt to release 390 of memory
2024-11-12T11:13:47.986+0200 [DEBUG] [org.gradle.process.internal.health.memory.DefaultMemoryManager] 409155993 physical memory requested, 0 released, 166866944 free
2024-11-12T11:13:48.705+0200 [DEBUG] [org.gradle.cache.internal.DefaultFileLockManager] Waiting to acquire shared lock on daemon addresses registry.
2024-11-12T11:13:48.706+0200 [DEBUG] [org.gradle.cache.internal.DefaultFileLockManager] Lock acquired on daemon addresses registry.
2024-11-12T11:13:48.706+0200 [DEBUG] [org.gradle.cache.internal.DefaultFileLockManager] Releasing lock on daemon addresses registry.
2024-11-12T11:13:48.709+0200 [DEBUG] [org.gradle.cache.internal.DefaultFileLockManager] Waiting to acquire shared lock on daemon addresses registry.
2024-11-12T11:13:48.709+0200 [DEBUG] [org.gradle.cache.internal.DefaultFileLockManager] Lock acquired on daemon addresses registry.
2024-11-12T11:13:48.710+0200 [DEBUG] [org.gradle.cache.internal.DefaultFileLockManager] Releasing lock on daemon addresses registry.
2024-11-12T11:13:48.711+0200 [DEBUG] [org.gradle.cache.internal.DefaultFileLockManager] Waiting to acquire shared lock on daemon addresses registry.
2024-11-12T11:13:48.711+0200 [DEBUG] [org.gradle.cache.internal.DefaultFileLockManager] Lock acquired on daemon addresses registry.
2024-11-12T11:13:48.712+0200 [DEBUG] [org.gradle.cache.internal.DefaultFileLockManager] Releasing lock on daemon addresses registry.
2024-11-12T11:13:52.997+0200 [DEBUG] [org.gradle.process.internal.health.memory.DefaultMemoryManager] 409155993 physical memory requested, 170831872 free
2024-11-12T11:13:52.997+0200 [DEBUG] [org.gradle.workers.internal.WorkerDaemonExpiration] Will attempt to release 390 of memory
2024-11-12T11:13:52.997+0200 [DEBUG] [org.gradle.process.internal.health.memory.DefaultMemoryManager] 409155993 physical memory requested, 0 released, 170831872 free
2024-11-12T11:13:58.041+0200 [DEBUG] [org.gradle.process.internal.health.memory.DefaultMemoryManager] 409155993 physical memory requested, 30834688 free
2024-11-12T11:13:58.042+0200 [DEBUG] [org.gradle.workers.internal.WorkerDaemonExpiration] Will attempt to release 390 of memory
2024-11-12T11:13:58.042+0200 [DEBUG] [org.gradle.process.internal.health.memory.DefaultMemoryManager] 409155993 physical memory requested, 0 released, 30834688 free
2024-11-12T11:13:58.749+0200 [DEBUG] [org.gradle.cache.internal.DefaultFileLockManager] Waiting to acquire shared lock on daemon addresses registry.
2024-11-12T11:13:58.750+0200 [DEBUG] [org.gradle.cache.internal.DefaultFileLockManager] Lock acquired on daemon addresses registry.
2024-11-12T11:13:58.753+0200 [DEBUG] [org.gradle.cache.internal.DefaultFileLockManager] Releasing lock on daemon addresses registry.
2024-11-12T11:13:58.767+0200 [DEBUG] [org.gradle.cache.internal.DefaultFileLockManager] Waiting to acquire shared lock on daemon addresses registry.
2024-11-12T11:13:58.767+0200 [DEBUG] [org.gradle.cache.internal.DefaultFileLockManager] Lock acquired on daemon addresses registry.
2024-11-12T11:13:58.774+0200 [DEBUG] [org.gradle.cache.internal.DefaultFileLockManager] Releasing lock on daemon addresses registry.
2024-11-12T11:13:58.786+0200 [DEBUG] [org.gradle.cache.internal.DefaultFileLockManager] Waiting to acquire shared lock on daemon addresses registry.
2024-11-12T11:13:58.786+0200 [DEBUG] [org.gradle.cache.internal.DefaultFileLockManager] Lock acquired on daemon addresses registry.
2024-11-12T11:13:58.831+0200 [DEBUG] [org.gradle.cache.internal.DefaultFileLockManager] Releasing lock on daemon addresses registry.
2024-11-12T11:14:02.970+0200 [DEBUG] [org.gradle.process.internal.health.memory.DefaultMemoryManager] 409155993 physical memory requested, 211640320 free
2024-11-12T11:14:02.980+0200 [DEBUG] [org.gradle.workers.internal.WorkerDaemonExpiration] Will attempt to release 390 of memory
2024-11-12T11:14:02.980+0200 [DEBUG] [org.gradle.process.internal.health.memory.DefaultMemoryManager] 409155993 physical memory requested, 0 released, 211640320 free
2024-11-12T11:14:08.716+0200 [DEBUG] [org.gradle.cache.internal.DefaultFileLockManager] Waiting to acquire shared lock on daemon addresses registry.
2024-11-12T11:14:08.733+0200 [DEBUG] [org.gradle.cache.internal.DefaultFileLockManager] Lock acquired on daemon addresses registry.
2024-11-12T11:14:08.746+0200 [DEBUG] [org.gradle.cache.internal.DefaultFileLockManager] Releasing lock on daemon addresses registry.
2024-11-12T11:14:08.807+0200 [DEBUG] [org.gradle.cache.internal.DefaultFileLockManager] Waiting to acquire shared lock on daemon addresses registry.
2024-11-12T11:14:08.807+0200 [DEBUG] [org.gradle.cache.internal.DefaultFileLockManager] Lock acquired on daemon addresses registry.
2024-11-12T11:14:08.844+0200 [DEBUG] [org.gradle.cache.internal.DefaultFileLockManager] Releasing lock on daemon addresses registry.
2024-11-12T11:14:08.860+0200 [DEBUG] [org.gradle.cache.internal.DefaultFileLockManager] Waiting to acquire shared lock on daemon addresses registry.
2024-11-12T11:14:08.860+0200 [DEBUG] [org.gradle.cache.internal.DefaultFileLockManager] Lock acquired on daemon addresses registry.
2024-11-12T11:14:08.870+0200 [DEBUG] [org.gradle.cache.internal.DefaultFileLockManager] Releasing lock on daemon addresses registry.
2024-11-12T11:14:17.985+0200 [DEBUG] [org.gradle.process.internal.health.memory.DefaultMemoryManager] 409155993 physical memory requested, 396943360 free
2024-11-12T11:14:17.985+0200 [DEBUG] [org.gradle.workers.internal.WorkerDaemonExpiration] Will attempt to release 390 of memory
2024-11-12T11:14:17.986+0200 [DEBUG] [org.gradle.process.internal.health.memory.DefaultMemoryManager] 409155993 physical memory requested, 0 released, 396943360 free
2024-11-12T11:14:18.698+0200 [DEBUG] [org.gradle.cache.internal.DefaultFileLockManager] Waiting to acquire shared lock on daemon addresses registry.
2024-11-12T11:14:18.698+0200 [DEBUG] [org.gradle.cache.internal.DefaultFileLockManager] Lock acquired on daemon addresses registry.
2024-11-12T11:14:18.699+0200 [DEBUG] [org.gradle.cache.internal.DefaultFileLockManager] Releasing lock on daemon addresses registry.
2024-11-12T11:14:18.702+0200 [DEBUG] [org.gradle.cache.internal.DefaultFileLockManager] Waiting to acquire shared lock on daemon addresses registry.
2024-11-12T11:14:18.703+0200 [DEBUG] [org.gradle.cache.internal.DefaultFileLockManager] Lock acquired on daemon addresses registry.
2024-11-12T11:14:18.705+0200 [DEBUG] [org.gradle.cache.internal.DefaultFileLockManager] Releasing lock on daemon addresses registry.
2024-11-12T11:14:18.706+0200 [DEBUG] [org.gradle.cache.internal.DefaultFileLockManager] Waiting to acquire shared lock on daemon addresses registry.
2024-11-12T11:14:18.706+0200 [DEBUG] [org.gradle.cache.internal.DefaultFileLockManager] Lock acquired on daemon addresses registry.
2024-11-12T11:14:18.706+0200 [DEBUG] [org.gradle.cache.internal.DefaultFileLockManager] Releasing lock on daemon addresses registry.
2024-11-12T11:14:22.973+0200 [DEBUG] [org.gradle.process.internal.health.memory.DefaultMemoryManager] 409155993 physical memory requested, 352022528 free
2024-11-12T11:14:22.973+0200 [DEBUG] [org.gradle.workers.internal.WorkerDaemonExpiration] Will attempt to release 390 of memory
2024-11-12T11:14:22.973+0200 [DEBUG] [org.gradle.process.internal.health.memory.DefaultMemoryManager] 409155993 physical memory requested, 0 released, 352022528 free
2024-11-12T11:14:27.982+0200 [DEBUG] [org.gradle.process.internal.health.memory.DefaultMemoryManager] 409155993 physical memory requested, 279179264 free
2024-11-12T11:14:27.982+0200 [DEBUG] [org.gradle.workers.internal.WorkerDaemonExpiration] Will attempt to release 390 of memory
2024-11-12T11:14:27.982+0200 [DEBUG] [org.gradle.process.internal.health.memory.DefaultMemoryManager] 409155993 physical memory requested, 0 released, 279179264 free
2024-11-12T11:14:28.703+0200 [DEBUG] [org.gradle.cache.internal.DefaultFileLockManager] Waiting to acquire shared lock on daemon addresses registry.
2024-11-12T11:14:28.703+0200 [DEBUG] [org.gradle.cache.internal.DefaultFileLockManager] Lock acquired on daemon addresses registry.
2024-11-12T11:14:28.704+0200 [DEBUG] [org.gradle.cache.internal.DefaultFileLockManager] Releasing lock on daemon addresses registry.
2024-11-12T11:14:28.706+0200 [DEBUG] [org.gradle.cache.internal.DefaultFileLockManager] Waiting to acquire shared lock on daemon addresses registry.
2024-11-12T11:14:28.716+0200 [DEBUG] [org.gradle.cache.internal.DefaultFileLockManager] Lock acquired on daemon addresses registry.
2024-11-12T11:14:28.729+0200 [DEBUG] [org.gradle.cache.internal.DefaultFileLockManager] Releasing lock on daemon addresses registry.
2024-11-12T11:14:28.742+0200 [DEBUG] [org.gradle.cache.internal.DefaultFileLockManager] Waiting to acquire shared lock on daemon addresses registry.
2024-11-12T11:14:28.742+0200 [DEBUG] [org.gradle.cache.internal.DefaultFileLockManager] Lock acquired on daemon addresses registry.
2024-11-12T11:14:28.743+0200 [DEBUG] [org.gradle.cache.internal.DefaultFileLockManager] Releasing lock on daemon addresses registry.
2024-11-12T11:14:32.992+0200 [DEBUG] [org.gradle.process.internal.health.memory.DefaultMemoryManager] 409155993 physical memory requested, 238354432 free
2024-11-12T11:14:32.992+0200 [DEBUG] [org.gradle.workers.internal.WorkerDaemonExpiration] Will attempt to release 390 of memory
2024-11-12T11:14:32.993+0200 [DEBUG] [org.gradle.process.internal.health.memory.DefaultMemoryManager] 409155993 physical memory requested, 0 released, 238354432 free
2024-11-12T11:14:37.986+0200 [DEBUG] [org.gradle.process.internal.health.memory.DefaultMemoryManager] 409155993 physical memory requested, 287219712 free
2024-11-12T11:14:37.986+0200 [DEBUG] [org.gradle.workers.internal.WorkerDaemonExpiration] Will attempt to release 390 of memory
2024-11-12T11:14:37.986+0200 [DEBUG] [org.gradle.process.internal.health.memory.DefaultMemoryManager] 409155993 physical memory requested, 0 released, 287219712 free
2024-11-12T11:14:38.694+0200 [DEBUG] [org.gradle.cache.internal.DefaultFileLockManager] Waiting to acquire shared lock on daemon addresses registry.
2024-11-12T11:14:38.694+0200 [DEBUG] [org.gradle.cache.internal.DefaultFileLockManager] Lock acquired on daemon addresses registry.
2024-11-12T11:14:38.694+0200 [DEBUG] [org.gradle.cache.internal.DefaultFileLockManager] Releasing lock on daemon addresses registry.
2024-11-12T11:14:38.696+0200 [DEBUG] [org.gradle.cache.internal.DefaultFileLockManager] Waiting to acquire shared lock on daemon addresses registry.
2024-11-12T11:14:38.696+0200 [DEBUG] [org.gradle.cache.internal.DefaultFileLockManager] Lock acquired on daemon addresses registry.
2024-11-12T11:14:38.696+0200 [DEBUG] [org.gradle.cache.internal.DefaultFileLockManager] Releasing lock on daemon addresses registry.
2024-11-12T11:14:38.697+0200 [DEBUG] [org.gradle.cache.internal.DefaultFileLockManager] Waiting to acquire shared lock on daemon addresses registry.
2024-11-12T11:14:38.697+0200 [DEBUG] [org.gradle.cache.internal.DefaultFileLockManager] Lock acquired on daemon addresses registry.
2024-11-12T11:14:38.698+0200 [DEBUG] [org.gradle.cache.internal.DefaultFileLockManager] Releasing lock on daemon addresses registry.
2024-11-12T11:14:42.981+0200 [DEBUG] [org.gradle.process.internal.health.memory.DefaultMemoryManager] 409155993 physical memory requested, 313995264 free
2024-11-12T11:14:42.982+0200 [DEBUG] [org.gradle.workers.internal.WorkerDaemonExpiration] Will attempt to release 390 of memory
2024-11-12T11:14:42.982+0200 [DEBUG] [org.gradle.process.internal.health.memory.DefaultMemoryManager] 409155993 physical memory requested, 0 released, 313995264 free
2024-11-12T11:14:47.980+0200 [DEBUG] [org.gradle.process.internal.health.memory.DefaultMemoryManager] 409155993 physical memory requested, 289939456 free
2024-11-12T11:14:47.980+0200 [DEBUG] [org.gradle.workers.internal.WorkerDaemonExpiration] Will attempt to release 390 of memory
2024-11-12T11:14:47.981+0200 [DEBUG] [org.gradle.process.internal.health.memory.DefaultMemoryManager] 409155993 physical memory requested, 0 released, 289939456 free
2024-11-12T11:14:48.704+0200 [DEBUG] [org.gradle.cache.internal.DefaultFileLockManager] Waiting to acquire shared lock on daemon addresses registry.
2024-11-12T11:14:48.739+0200 [DEBUG] [org.gradle.cache.internal.DefaultFileLockManager] Lock acquired on daemon addresses registry.
2024-11-12T11:14:48.740+0200 [DEBUG] [org.gradle.cache.internal.DefaultFileLockManager] Releasing lock on daemon addresses registry.
2024-11-12T11:14:48.742+0200 [DEBUG] [org.gradle.cache.internal.DefaultFileLockManager] Waiting to acquire shared lock on daemon addresses registry.
2024-11-12T11:14:48.742+0200 [DEBUG] [org.gradle.cache.internal.DefaultFileLockManager] Lock acquired on daemon addresses registry.
2024-11-12T11:14:48.743+0200 [DEBUG] [org.gradle.cache.internal.DefaultFileLockManager] Releasing lock on daemon addresses registry.
2024-11-12T11:14:48.745+0200 [DEBUG] [org.gradle.cache.internal.DefaultFileLockManager] Waiting to acquire shared lock on daemon addresses registry.
2024-11-12T11:14:48.745+0200 [DEBUG] [org.gradle.cache.internal.DefaultFileLockManager] Lock acquired on daemon addresses registry.
2024-11-12T11:14:48.745+0200 [DEBUG] [org.gradle.cache.internal.DefaultFileLockManager] Releasing lock on daemon addresses registry.
2024-11-12T11:14:57.980+0200 [DEBUG] [org.gradle.process.internal.health.memory.DefaultMemoryManager] 409155993 physical memory requested, 363900928 free
2024-11-12T11:14:57.981+0200 [DEBUG] [org.gradle.workers.internal.WorkerDaemonExpiration] Will attempt to release 390 of memory
2024-11-12T11:14:57.981+0200 [DEBUG] [org.gradle.process.internal.health.memory.DefaultMemoryManager] 409155993 physical memory requested, 0 released, 363900928 free
2024-11-12T11:14:58.706+0200 [DEBUG] [org.gradle.cache.internal.DefaultFileLockManager] Waiting to acquire shared lock on daemon addresses registry.
2024-11-12T11:14:58.706+0200 [DEBUG] [org.gradle.cache.internal.DefaultFileLockManager] Lock acquired on daemon addresses registry.
2024-11-12T11:14:58.719+0200 [DEBUG] [org.gradle.cache.internal.DefaultFileLockManager] Releasing lock on daemon addresses registry.
2024-11-12T11:14:58.720+0200 [DEBUG] [org.gradle.cache.internal.DefaultFileLockManager] Waiting to acquire shared lock on daemon addresses registry.
2024-11-12T11:14:58.721+0200 [DEBUG] [org.gradle.cache.internal.DefaultFileLockManager] Lock acquired on daemon addresses registry.
2024-11-12T11:14:58.721+0200 [DEBUG] [org.gradle.cache.internal.DefaultFileLockManager] Releasing lock on daemon addresses registry.
2024-11-12T11:14:58.722+0200 [DEBUG] [org.gradle.cache.internal.DefaultFileLockManager] Waiting to acquire shared lock on daemon addresses registry.
2024-11-12T11:14:58.722+0200 [DEBUG] [org.gradle.cache.internal.DefaultFileLockManager] Lock acquired on daemon addresses registry.
2024-11-12T11:14:58.722+0200 [DEBUG] [org.gradle.cache.internal.DefaultFileLockManager] Releasing lock on daemon addresses registry.
2024-11-12T11:15:08.696+0200 [DEBUG] [org.gradle.cache.internal.DefaultFileLockManager] Waiting to acquire shared lock on daemon addresses registry.
2024-11-12T11:15:08.697+0200 [DEBUG] [org.gradle.cache.internal.DefaultFileLockManager] Lock acquired on daemon addresses registry.
2024-11-12T11:15:08.698+0200 [DEBUG] [org.gradle.cache.internal.DefaultFileLockManager] Releasing lock on daemon addresses registry.
2024-11-12T11:15:08.701+0200 [DEBUG] [org.gradle.cache.internal.DefaultFileLockManager] Waiting to acquire shared lock on daemon addresses registry.
2024-11-12T11:15:08.702+0200 [DEBUG] [org.gradle.cache.internal.DefaultFileLockManager] Lock acquired on daemon addresses registry.
2024-11-12T11:15:08.703+0200 [DEBUG] [org.gradle.cache.internal.DefaultFileLockManager] Releasing lock on daemon addresses registry.
2024-11-12T11:15:08.705+0200 [DEBUG] [org.gradle.cache.internal.DefaultFileLockManager] Waiting to acquire shared lock on daemon addresses registry.
2024-11-12T11:15:08.706+0200 [DEBUG] [org.gradle.cache.internal.DefaultFileLockManager] Lock acquired on daemon addresses registry.
2024-11-12T11:15:08.707+0200 [DEBUG] [org.gradle.cache.internal.DefaultFileLockManager] Releasing lock on daemon addresses registry.
2024-11-12T11:15:18.704+0200 [DEBUG] [org.gradle.cache.internal.DefaultFileLockManager] Waiting to acquire shared lock on daemon addresses registry.
2024-11-12T11:15:18.705+0200 [DEBUG] [org.gradle.cache.internal.DefaultFileLockManager] Lock acquired on daemon addresses registry.
2024-11-12T11:15:18.720+0200 [DEBUG] [org.gradle.cache.internal.DefaultFileLockManager] Releasing lock on daemon addresses registry.
2024-11-12T11:15:18.760+0200 [DEBUG] [org.gradle.cache.internal.DefaultFileLockManager] Waiting to acquire shared lock on daemon addresses registry.
2024-11-12T11:15:18.760+0200 [DEBUG] [org.gradle.cache.internal.DefaultFileLockManager] Lock acquired on daemon addresses registry.
2024-11-12T11:15:18.761+0200 [DEBUG] [org.gradle.cache.internal.DefaultFileLockManager] Releasing lock on daemon addresses registry.
2024-11-12T11:15:18.778+0200 [DEBUG] [org.gradle.cache.internal.DefaultFileLockManager] Waiting to acquire shared lock on daemon addresses registry.
2024-11-12T11:15:18.778+0200 [DEBUG] [org.gradle.cache.internal.DefaultFileLockManager] Lock acquired on daemon addresses registry.
2024-11-12T11:15:18.779+0200 [DEBUG] [org.gradle.cache.internal.DefaultFileLockManager] Releasing lock on daemon addresses registry.
2024-11-12T11:15:28.694+0200 [DEBUG] [org.gradle.cache.internal.DefaultFileLockManager] Waiting to acquire shared lock on daemon addresses registry.
2024-11-12T11:15:28.694+0200 [DEBUG] [org.gradle.cache.internal.DefaultFileLockManager] Lock acquired on daemon addresses registry.
2024-11-12T11:15:28.694+0200 [DEBUG] [org.gradle.cache.internal.DefaultFileLockManager] Releasing lock on daemon addresses registry.
2024-11-12T11:15:28.695+0200 [DEBUG] [org.gradle.cache.internal.DefaultFileLockManager] Waiting to acquire shared lock on daemon addresses registry.
2024-11-12T11:15:28.696+0200 [DEBUG] [org.gradle.cache.internal.DefaultFileLockManager] Lock acquired on daemon addresses registry.
2024-11-12T11:15:28.697+0200 [DEBUG] [org.gradle.cache.internal.DefaultFileLockManager] Releasing lock on daemon addresses registry.
2024-11-12T11:15:28.698+0200 [DEBUG] [org.gradle.cache.internal.DefaultFileLockManager] Waiting to acquire shared lock on daemon addresses registry.
2024-11-12T11:15:28.698+0200 [DEBUG] [org.gradle.cache.internal.DefaultFileLockManager] Lock acquired on daemon addresses registry.
2024-11-12T11:15:28.699+0200 [DEBUG] [org.gradle.cache.internal.DefaultFileLockManager] Releasing lock on daemon addresses registry.
2024-11-12T11:15:38.693+0200 [DEBUG] [org.gradle.cache.internal.DefaultFileLockManager] Waiting to acquire shared lock on daemon addresses registry.
2024-11-12T11:15:38.693+0200 [DEBUG] [org.gradle.cache.internal.DefaultFileLockManager] Lock acquired on daemon addresses registry.
2024-11-12T11:15:38.694+0200 [DEBUG] [org.gradle.cache.internal.DefaultFileLockManager] Releasing lock on daemon addresses registry.
2024-11-12T11:15:38.695+0200 [DEBUG] [org.gradle.cache.internal.DefaultFileLockManager] Waiting to acquire shared lock on daemon addresses registry.
2024-11-12T11:15:38.695+0200 [DEBUG] [org.gradle.cache.internal.DefaultFileLockManager] Lock acquired on daemon addresses registry.
2024-11-12T11:15:38.696+0200 [DEBUG] [org.gradle.cache.internal.DefaultFileLockManager] Releasing lock on daemon addresses registry.
2024-11-12T11:15:38.696+0200 [DEBUG] [org.gradle.cache.internal.DefaultFileLockManager] Waiting to acquire shared lock on daemon addresses registry.
2024-11-12T11:15:38.697+0200 [DEBUG] [org.gradle.cache.internal.DefaultFileLockManager] Lock acquired on daemon addresses registry.
2024-11-12T11:15:38.698+0200 [DEBUG] [org.gradle.cache.internal.DefaultFileLockManager] Releasing lock on daemon addresses registry.
2024-11-12T11:15:48.701+0200 [DEBUG] [org.gradle.cache.internal.DefaultFileLockManager] Waiting to acquire shared lock on daemon addresses registry.
2024-11-12T11:15:48.701+0200 [DEBUG] [org.gradle.cache.internal.DefaultFileLockManager] Lock acquired on daemon addresses registry.
2024-11-12T11:15:48.702+0200 [DEBUG] [org.gradle.cache.internal.DefaultFileLockManager] Releasing lock on daemon addresses registry.
2024-11-12T11:15:48.703+0200 [DEBUG] [org.gradle.cache.internal.DefaultFileLockManager] Waiting to acquire shared lock on daemon addresses registry.
2024-11-12T11:15:48.704+0200 [DEBUG] [org.gradle.cache.internal.DefaultFileLockManager] Lock acquired on daemon addresses registry.
2024-11-12T11:15:48.706+0200 [DEBUG] [org.gradle.cache.internal.DefaultFileLockManager] Releasing lock on daemon addresses registry.
2024-11-12T11:15:48.707+0200 [DEBUG] [org.gradle.cache.internal.DefaultFileLockManager] Waiting to acquire shared lock on daemon addresses registry.
2024-11-12T11:15:48.708+0200 [DEBUG] [org.gradle.cache.internal.DefaultFileLockManager] Lock acquired on daemon addresses registry.
2024-11-12T11:15:48.708+0200 [DEBUG] [org.gradle.cache.internal.DefaultFileLockManager] Releasing lock on daemon addresses registry.
2024-11-12T11:15:52.968+0200 [DEBUG] [org.gradle.process.internal.health.memory.DefaultMemoryManager] 409155993 physical memory requested, 406384640 free
2024-11-12T11:15:52.968+0200 [DEBUG] [org.gradle.workers.internal.WorkerDaemonExpiration] Will attempt to release 390 of memory
2024-11-12T11:15:52.968+0200 [DEBUG] [org.gradle.process.internal.health.memory.DefaultMemoryManager] 409155993 physical memory requested, 0 released, 406384640 free
2024-11-12T11:15:57.975+0200 [DEBUG] [org.gradle.process.internal.health.memory.DefaultMemoryManager] 409155993 physical memory requested, 394489856 free
2024-11-12T11:15:57.976+0200 [DEBUG] [org.gradle.workers.internal.WorkerDaemonExpiration] Will attempt to release 390 of memory
2024-11-12T11:15:57.976+0200 [DEBUG] [org.gradle.process.internal.health.memory.DefaultMemoryManager] 409155993 physical memory requested, 0 released, 394489856 free
2024-11-12T11:15:58.690+0200 [DEBUG] [org.gradle.cache.internal.DefaultFileLockManager] Waiting to acquire shared lock on daemon addresses registry.
2024-11-12T11:15:58.691+0200 [DEBUG] [org.gradle.cache.internal.DefaultFileLockManager] Lock acquired on daemon addresses registry.
2024-11-12T11:15:58.692+0200 [DEBUG] [org.gradle.cache.internal.DefaultFileLockManager] Releasing lock on daemon addresses registry.
2024-11-12T11:15:58.694+0200 [DEBUG] [org.gradle.cache.internal.DefaultFileLockManager] Waiting to acquire shared lock on daemon addresses registry.
2024-11-12T11:15:58.694+0200 [DEBUG] [org.gradle.cache.internal.DefaultFileLockManager] Lock acquired on daemon addresses registry.
2024-11-12T11:15:58.697+0200 [DEBUG] [org.gradle.cache.internal.DefaultFileLockManager] Releasing lock on daemon addresses registry.
2024-11-12T11:15:58.701+0200 [DEBUG] [org.gradle.cache.internal.DefaultFileLockManager] Waiting to acquire shared lock on daemon addresses registry.
2024-11-12T11:15:58.701+0200 [DEBUG] [org.gradle.cache.internal.DefaultFileLockManager] Lock acquired on daemon addresses registry.
2024-11-12T11:15:58.702+0200 [DEBUG] [org.gradle.cache.internal.DefaultFileLockManager] Releasing lock on daemon addresses registry.
2024-11-12T11:16:02.976+0200 [DEBUG] [org.gradle.process.internal.health.memory.DefaultMemoryManager] 409155993 physical memory requested, 391221248 free
2024-11-12T11:16:02.976+0200 [DEBUG] [org.gradle.workers.internal.WorkerDaemonExpiration] Will attempt to release 390 of memory
2024-11-12T11:16:02.977+0200 [DEBUG] [org.gradle.process.internal.health.memory.DefaultMemoryManager] 409155993 physical memory requested, 0 released, 391221248 free
2024-11-12T11:16:07.972+0200 [DEBUG] [org.gradle.process.internal.health.memory.DefaultMemoryManager] 409155993 physical memory requested, 386600960 free
2024-11-12T11:16:07.972+0200 [DEBUG] [org.gradle.workers.internal.WorkerDaemonExpiration] Will attempt to release 390 of memory
2024-11-12T11:16:07.972+0200 [DEBUG] [org.gradle.process.internal.health.memory.DefaultMemoryManager] 409155993 physical memory requested, 0 released, 386600960 free
2024-11-12T11:16:08.701+0200 [DEBUG] [org.gradle.cache.internal.DefaultFileLockManager] Waiting to acquire shared lock on daemon addresses registry.
2024-11-12T11:16:08.701+0200 [DEBUG] [org.gradle.cache.internal.DefaultFileLockManager] Lock acquired on daemon addresses registry.
2024-11-12T11:16:08.701+0200 [DEBUG] [org.gradle.cache.internal.DefaultFileLockManager] Releasing lock on daemon addresses registry.
2024-11-12T11:16:08.702+0200 [DEBUG] [org.gradle.cache.internal.DefaultFileLockManager] Waiting to acquire shared lock on daemon addresses registry.
2024-11-12T11:16:08.703+0200 [DEBUG] [org.gradle.cache.internal.DefaultFileLockManager] Lock acquired on daemon addresses registry.
2024-11-12T11:16:08.703+0200 [DEBUG] [org.gradle.cache.internal.DefaultFileLockManager] Releasing lock on daemon addresses registry.
2024-11-12T11:16:08.704+0200 [DEBUG] [org.gradle.cache.internal.DefaultFileLockManager] Waiting to acquire shared lock on daemon addresses registry.
2024-11-12T11:16:08.704+0200 [DEBUG] [org.gradle.cache.internal.DefaultFileLockManager] Lock acquired on daemon addresses registry.
2024-11-12T11:16:08.704+0200 [DEBUG] [org.gradle.cache.internal.DefaultFileLockManager] Releasing lock on daemon addresses registry.
2024-11-12T11:16:12.979+0200 [DEBUG] [org.gradle.process.internal.health.memory.DefaultMemoryManager] 409155993 physical memory requested, 377884672 free
2024-11-12T11:16:12.979+0200 [DEBUG] [org.gradle.workers.internal.WorkerDaemonExpiration] Will attempt to release 390 of memory
2024-11-12T11:16:12.979+0200 [DEBUG] [org.gradle.process.internal.health.memory.DefaultMemoryManager] 409155993 physical memory requested, 0 released, 377884672 free
2024-11-12T11:16:17.976+0200 [DEBUG] [org.gradle.process.internal.health.memory.DefaultMemoryManager] 409155993 physical memory requested, 370716672 free
2024-11-12T11:16:17.977+0200 [DEBUG] [org.gradle.workers.internal.WorkerDaemonExpiration] Will attempt to release 390 of memory
2024-11-12T11:16:17.977+0200 [DEBUG] [org.gradle.process.internal.health.memory.DefaultMemoryManager] 409155993 physical memory requested, 0 released, 370716672 free
2024-11-12T11:16:18.691+0200 [DEBUG] [org.gradle.cache.internal.DefaultFileLockManager] Waiting to acquire shared lock on daemon addresses registry.
2024-11-12T11:16:18.691+0200 [DEBUG] [org.gradle.cache.internal.DefaultFileLockManager] Lock acquired on daemon addresses registry.
2024-11-12T11:16:18.692+0200 [DEBUG] [org.gradle.cache.internal.DefaultFileLockManager] Releasing lock on daemon addresses registry.
2024-11-12T11:16:18.694+0200 [DEBUG] [org.gradle.cache.internal.DefaultFileLockManager] Waiting to acquire shared lock on daemon addresses registry.
2024-11-12T11:16:18.694+0200 [DEBUG] [org.gradle.cache.internal.DefaultFileLockManager] Lock acquired on daemon addresses registry.
2024-11-12T11:16:18.696+0200 [DEBUG] [org.gradle.cache.internal.DefaultFileLockManager] Releasing lock on daemon addresses registry.
2024-11-12T11:16:18.697+0200 [DEBUG] [org.gradle.cache.internal.DefaultFileLockManager] Waiting to acquire shared lock on daemon addresses registry.
2024-11-12T11:16:18.698+0200 [DEBUG] [org.gradle.cache.internal.DefaultFileLockManager] Lock acquired on daemon addresses registry.
2024-11-12T11:16:18.698+0200 [DEBUG] [org.gradle.cache.internal.DefaultFileLockManager] Releasing lock on daemon addresses registry.
2024-11-12T11:16:22.978+0200 [DEBUG] [org.gradle.process.internal.health.memory.DefaultMemoryManager] 409155993 physical memory requested, 366338048 free
2024-11-12T11:16:22.978+0200 [DEBUG] [org.gradle.workers.internal.WorkerDaemonExpiration] Will attempt to release 390 of memory
2024-11-12T11:16:22.978+0200 [DEBUG] [org.gradle.process.internal.health.memory.DefaultMemoryManager] 409155993 physical memory requested, 0 released, 366338048 free
2024-11-12T11:16:27.975+0200 [DEBUG] [org.gradle.process.internal.health.memory.DefaultMemoryManager] 409155993 physical memory requested, 352100352 free
2024-11-12T11:16:27.975+0200 [DEBUG] [org.gradle.workers.internal.WorkerDaemonExpiration] Will attempt to release 390 of memory
2024-11-12T11:16:27.975+0200 [DEBUG] [org.gradle.process.internal.health.memory.DefaultMemoryManager] 409155993 physical memory requested, 0 released, 352100352 free
2024-11-12T11:16:28.704+0200 [DEBUG] [org.gradle.cache.internal.DefaultFileLockManager] Waiting to acquire shared lock on daemon addresses registry.
2024-11-12T11:16:28.704+0200 [DEBUG] [org.gradle.cache.internal.DefaultFileLockManager] Lock acquired on daemon addresses registry.
2024-11-12T11:16:28.705+0200 [DEBUG] [org.gradle.cache.internal.DefaultFileLockManager] Releasing lock on daemon addresses registry.
2024-11-12T11:16:28.707+0200 [DEBUG] [org.gradle.cache.internal.DefaultFileLockManager] Waiting to acquire shared lock on daemon addresses registry.
2024-11-12T11:16:28.707+0200 [DEBUG] [org.gradle.cache.internal.DefaultFileLockManager] Lock acquired on daemon addresses registry.
2024-11-12T11:16:28.707+0200 [DEBUG] [org.gradle.cache.internal.DefaultFileLockManager] Releasing lock on daemon addresses registry.
2024-11-12T11:16:28.708+0200 [DEBUG] [org.gradle.cache.internal.DefaultFileLockManager] Waiting to acquire shared lock on daemon addresses registry.
2024-11-12T11:16:28.708+0200 [DEBUG] [org.gradle.cache.internal.DefaultFileLockManager] Lock acquired on daemon addresses registry.
2024-11-12T11:16:28.708+0200 [DEBUG] [org.gradle.cache.internal.DefaultFileLockManager] Releasing lock on daemon addresses registry.
2024-11-12T11:16:32.981+0200 [DEBUG] [org.gradle.process.internal.health.memory.DefaultMemoryManager] 409155993 physical memory requested, 353284096 free
2024-11-12T11:16:32.981+0200 [DEBUG] [org.gradle.workers.internal.WorkerDaemonExpiration] Will attempt to release 390 of memory
2024-11-12T11:16:32.981+0200 [DEBUG] [org.gradle.process.internal.health.memory.DefaultMemoryManager] 409155993 physical memory requested, 0 released, 353284096 free
2024-11-12T11:16:37.974+0200 [DEBUG] [org.gradle.process.internal.health.memory.DefaultMemoryManager] 409155993 physical memory requested, 347811840 free
2024-11-12T11:16:37.974+0200 [DEBUG] [org.gradle.workers.internal.WorkerDaemonExpiration] Will attempt to release 390 of memory
2024-11-12T11:16:37.974+0200 [DEBUG] [org.gradle.process.internal.health.memory.DefaultMemoryManager] 409155993 physical memory requested, 0 released, 347811840 free
2024-11-12T11:16:38.704+0200 [DEBUG] [org.gradle.cache.internal.DefaultFileLockManager] Waiting to acquire shared lock on daemon addresses registry.
2024-11-12T11:16:38.705+0200 [DEBUG] [org.gradle.cache.internal.DefaultFileLockManager] Lock acquired on daemon addresses registry.
2024-11-12T11:16:38.706+0200 [DEBUG] [org.gradle.cache.internal.DefaultFileLockManager] Releasing lock on daemon addresses registry.
2024-11-12T11:16:38.708+0200 [DEBUG] [org.gradle.cache.internal.DefaultFileLockManager] Waiting to acquire shared lock on daemon addresses registry.
2024-11-12T11:16:38.708+0200 [DEBUG] [org.gradle.cache.internal.DefaultFileLockManager] Lock acquired on daemon addresses registry.
2024-11-12T11:16:38.710+0200 [DEBUG] [org.gradle.cache.internal.DefaultFileLockManager] Releasing lock on daemon addresses registry.
2024-11-12T11:16:38.711+0200 [DEBUG] [org.gradle.cache.internal.DefaultFileLockManager] Waiting to acquire shared lock on daemon addresses registry.
2024-11-12T11:16:38.712+0200 [DEBUG] [org.gradle.cache.internal.DefaultFileLockManager] Lock acquired on daemon addresses registry.
2024-11-12T11:16:38.712+0200 [DEBUG] [org.gradle.cache.internal.DefaultFileLockManager] Releasing lock on daemon addresses registry.
2024-11-12T11:16:42.985+0200 [DEBUG] [org.gradle.process.internal.health.memory.DefaultMemoryManager] 409155993 physical memory requested, 339476480 free
2024-11-12T11:16:42.986+0200 [DEBUG] [org.gradle.workers.internal.WorkerDaemonExpiration] Will attempt to release 390 of memory
2024-11-12T11:16:42.986+0200 [DEBUG] [org.gradle.process.internal.health.memory.DefaultMemoryManager] 409155993 physical memory requested, 0 released, 339476480 free
2024-11-12T11:16:47.979+0200 [DEBUG] [org.gradle.process.internal.health.memory.DefaultMemoryManager] 409155993 physical memory requested, 364785664 free
2024-11-12T11:16:47.988+0200 [DEBUG] [org.gradle.workers.internal.WorkerDaemonExpiration] Will attempt to release 390 of memory
2024-11-12T11:16:47.989+0200 [DEBUG] [org.gradle.process.internal.health.memory.DefaultMemoryManager] 409155993 physical memory requested, 0 released, 364785664 free
2024-11-12T11:16:48.708+0200 [DEBUG] [org.gradle.cache.internal.DefaultFileLockManager] Waiting to acquire shared lock on daemon addresses registry.
2024-11-12T11:16:48.708+0200 [DEBUG] [org.gradle.cache.internal.DefaultFileLockManager] Lock acquired on daemon addresses registry.
2024-11-12T11:16:48.709+0200 [DEBUG] [org.gradle.cache.internal.DefaultFileLockManager] Releasing lock on daemon addresses registry.
2024-11-12T11:16:48.710+0200 [DEBUG] [org.gradle.cache.internal.DefaultFileLockManager] Waiting to acquire shared lock on daemon addresses registry.
2024-11-12T11:16:48.711+0200 [DEBUG] [org.gradle.cache.internal.DefaultFileLockManager] Lock acquired on daemon addresses registry.
2024-11-12T11:16:48.711+0200 [DEBUG] [org.gradle.cache.internal.DefaultFileLockManager] Releasing lock on daemon addresses registry.
2024-11-12T11:16:48.712+0200 [DEBUG] [org.gradle.cache.internal.DefaultFileLockManager] Waiting to acquire shared lock on daemon addresses registry.
2024-11-12T11:16:48.712+0200 [DEBUG] [org.gradle.cache.internal.DefaultFileLockManager] Lock acquired on daemon addresses registry.
2024-11-12T11:16:48.712+0200 [DEBUG] [org.gradle.cache.internal.DefaultFileLockManager] Releasing lock on daemon addresses registry.
2024-11-12T11:16:58.699+0200 [DEBUG] [org.gradle.cache.internal.DefaultFileLockManager] Waiting to acquire shared lock on daemon addresses registry.
2024-11-12T11:16:58.699+0200 [DEBUG] [org.gradle.cache.internal.DefaultFileLockManager] Lock acquired on daemon addresses registry.
2024-11-12T11:16:58.701+0200 [DEBUG] [org.gradle.cache.internal.DefaultFileLockManager] Releasing lock on daemon addresses registry.
2024-11-12T11:16:58.703+0200 [DEBUG] [org.gradle.cache.internal.DefaultFileLockManager] Waiting to acquire shared lock on daemon addresses registry.
2024-11-12T11:16:58.704+0200 [DEBUG] [org.gradle.cache.internal.DefaultFileLockManager] Lock acquired on daemon addresses registry.
2024-11-12T11:16:58.704+0200 [DEBUG] [org.gradle.cache.internal.DefaultFileLockManager] Releasing lock on daemon addresses registry.
2024-11-12T11:16:58.706+0200 [DEBUG] [org.gradle.cache.internal.DefaultFileLockManager] Waiting to acquire shared lock on daemon addresses registry.
2024-11-12T11:16:58.707+0200 [DEBUG] [org.gradle.cache.internal.DefaultFileLockManager] Lock acquired on daemon addresses registry.
2024-11-12T11:16:58.708+0200 [DEBUG] [org.gradle.cache.internal.DefaultFileLockManager] Releasing lock on daemon addresses registry.
2024-11-12T11:17:08.702+0200 [DEBUG] [org.gradle.cache.internal.DefaultFileLockManager] Waiting to acquire shared lock on daemon addresses registry.
2024-11-12T11:17:08.705+0200 [DEBUG] [org.gradle.cache.internal.DefaultFileLockManager] Lock acquired on daemon addresses registry.
2024-11-12T11:17:08.706+0200 [DEBUG] [org.gradle.cache.internal.DefaultFileLockManager] Releasing lock on daemon addresses registry.
2024-11-12T11:17:08.714+0200 [DEBUG] [org.gradle.cache.internal.DefaultFileLockManager] Waiting to acquire shared lock on daemon addresses registry.
2024-11-12T11:17:08.714+0200 [DEBUG] [org.gradle.cache.internal.DefaultFileLockManager] Lock acquired on daemon addresses registry.
2024-11-12T11:17:08.716+0200 [DEBUG] [org.gradle.cache.internal.DefaultFileLockManager] Releasing lock on daemon addresses registry.
2024-11-12T11:17:08.717+0200 [DEBUG] [org.gradle.cache.internal.DefaultFileLockManager] Waiting to acquire shared lock on daemon addresses registry.
2024-11-12T11:17:08.718+0200 [DEBUG] [org.gradle.cache.internal.DefaultFileLockManager] Lock acquired on daemon addresses registry.
2024-11-12T11:17:08.719+0200 [DEBUG] [org.gradle.cache.internal.DefaultFileLockManager] Releasing lock on daemon addresses registry.
2024-11-12T11:17:18.703+0200 [DEBUG] [org.gradle.cache.internal.DefaultFileLockManager] Waiting to acquire shared lock on daemon addresses registry.
2024-11-12T11:17:18.704+0200 [DEBUG] [org.gradle.cache.internal.DefaultFileLockManager] Lock acquired on daemon addresses registry.
2024-11-12T11:17:18.704+0200 [DEBUG] [org.gradle.cache.internal.DefaultFileLockManager] Releasing lock on daemon addresses registry.
2024-11-12T11:17:18.705+0200 [DEBUG] [org.gradle.cache.internal.DefaultFileLockManager] Waiting to acquire shared lock on daemon addresses registry.
2024-11-12T11:17:18.705+0200 [DEBUG] [org.gradle.cache.internal.DefaultFileLockManager] Lock acquired on daemon addresses registry.
2024-11-12T11:17:18.705+0200 [DEBUG] [org.gradle.cache.internal.DefaultFileLockManager] Releasing lock on daemon addresses registry.
2024-11-12T11:17:18.711+0200 [DEBUG] [org.gradle.cache.internal.DefaultFileLockManager] Waiting to acquire shared lock on daemon addresses registry.
2024-11-12T11:17:18.711+0200 [DEBUG] [org.gradle.cache.internal.DefaultFileLockManager] Lock acquired on daemon addresses registry.
2024-11-12T11:17:18.712+0200 [DEBUG] [org.gradle.cache.internal.DefaultFileLockManager] Releasing lock on daemon addresses registry.
2024-11-12T11:17:27.987+0200 [DEBUG] [org.gradle.process.internal.health.memory.DefaultMemoryManager] 409155993 physical memory requested, 380661760 free
2024-11-12T11:17:27.987+0200 [DEBUG] [org.gradle.workers.internal.WorkerDaemonExpiration] Will attempt to release 390 of memory
2024-11-12T11:17:27.987+0200 [DEBUG] [org.gradle.process.internal.health.memory.DefaultMemoryManager] 409155993 physical memory requested, 0 released, 380661760 free
2024-11-12T11:17:28.704+0200 [DEBUG] [org.gradle.cache.internal.DefaultFileLockManager] Waiting to acquire shared lock on daemon addresses registry.
2024-11-12T11:17:28.704+0200 [DEBUG] [org.gradle.cache.internal.DefaultFileLockManager] Lock acquired on daemon addresses registry.
2024-11-12T11:17:28.705+0200 [DEBUG] [org.gradle.cache.internal.DefaultFileLockManager] Releasing lock on daemon addresses registry.
2024-11-12T11:17:28.706+0200 [DEBUG] [org.gradle.cache.internal.DefaultFileLockManager] Waiting to acquire shared lock on daemon addresses registry.
2024-11-12T11:17:28.706+0200 [DEBUG] [org.gradle.cache.internal.DefaultFileLockManager] Lock acquired on daemon addresses registry.
2024-11-12T11:17:28.706+0200 [DEBUG] [org.gradle.cache.internal.DefaultFileLockManager] Releasing lock on daemon addresses registry.
2024-11-12T11:17:28.707+0200 [DEBUG] [org.gradle.cache.internal.DefaultFileLockManager] Waiting to acquire shared lock on daemon addresses registry.
2024-11-12T11:17:28.707+0200 [DEBUG] [org.gradle.cache.internal.DefaultFileLockManager] Lock acquired on daemon addresses registry.
2024-11-12T11:17:28.707+0200 [DEBUG] [org.gradle.cache.internal.DefaultFileLockManager] Releasing lock on daemon addresses registry.
2024-11-12T11:17:32.971+0200 [DEBUG] [org.gradle.process.internal.health.memory.DefaultMemoryManager] 409155993 physical memory requested, 389378048 free
2024-11-12T11:17:32.971+0200 [DEBUG] [org.gradle.workers.internal.WorkerDaemonExpiration] Will attempt to release 390 of memory
2024-11-12T11:17:32.972+0200 [DEBUG] [org.gradle.process.internal.health.memory.DefaultMemoryManager] 409155993 physical memory requested, 0 released, 389378048 free
2024-11-12T11:17:37.977+0200 [DEBUG] [org.gradle.process.internal.health.memory.DefaultMemoryManager] 409155993 physical memory requested, 278380544 free
2024-11-12T11:17:37.977+0200 [DEBUG] [org.gradle.workers.internal.WorkerDaemonExpiration] Will attempt to release 390 of memory
2024-11-12T11:17:37.977+0200 [DEBUG] [org.gradle.process.internal.health.memory.DefaultMemoryManager] 409155993 physical memory requested, 0 released, 278380544 free
2024-11-12T11:17:38.697+0200 [DEBUG] [org.gradle.cache.internal.DefaultFileLockManager] Waiting to acquire shared lock on daemon addresses registry.
2024-11-12T11:17:38.697+0200 [DEBUG] [org.gradle.cache.internal.DefaultFileLockManager] Lock acquired on daemon addresses registry.
2024-11-12T11:17:38.698+0200 [DEBUG] [org.gradle.cache.internal.DefaultFileLockManager] Releasing lock on daemon addresses registry.
2024-11-12T11:17:38.698+0200 [DEBUG] [org.gradle.cache.internal.DefaultFileLockManager] Waiting to acquire shared lock on daemon addresses registry.
2024-11-12T11:17:38.699+0200 [DEBUG] [org.gradle.cache.internal.DefaultFileLockManager] Lock acquired on daemon addresses registry.
2024-11-12T11:17:38.701+0200 [DEBUG] [org.gradle.cache.internal.DefaultFileLockManager] Releasing lock on daemon addresses registry.
2024-11-12T11:17:38.702+0200 [DEBUG] [org.gradle.cache.internal.DefaultFileLockManager] Waiting to acquire shared lock on daemon addresses registry.
2024-11-12T11:17:38.702+0200 [DEBUG] [org.gradle.cache.internal.DefaultFileLockManager] Lock acquired on daemon addresses registry.
2024-11-12T11:17:38.703+0200 [DEBUG] [org.gradle.cache.internal.DefaultFileLockManager] Releasing lock on daemon addresses registry.
2024-11-12T11:17:48.702+0200 [DEBUG] [org.gradle.cache.internal.DefaultFileLockManager] Waiting to acquire shared lock on daemon addresses registry.
2024-11-12T11:17:48.702+0200 [DEBUG] [org.gradle.cache.internal.DefaultFileLockManager] Lock acquired on daemon addresses registry.
2024-11-12T11:17:48.703+0200 [DEBUG] [org.gradle.cache.internal.DefaultFileLockManager] Releasing lock on daemon addresses registry.
2024-11-12T11:17:48.705+0200 [DEBUG] [org.gradle.cache.internal.DefaultFileLockManager] Waiting to acquire shared lock on daemon addresses registry.
2024-11-12T11:17:48.706+0200 [DEBUG] [org.gradle.cache.internal.DefaultFileLockManager] Lock acquired on daemon addresses registry.
2024-11-12T11:17:48.706+0200 [DEBUG] [org.gradle.cache.internal.DefaultFileLockManager] Releasing lock on daemon addresses registry.
2024-11-12T11:17:48.708+0200 [DEBUG] [org.gradle.cache.internal.DefaultFileLockManager] Waiting to acquire shared lock on daemon addresses registry.
2024-11-12T11:17:48.708+0200 [DEBUG] [org.gradle.cache.internal.DefaultFileLockManager] Lock acquired on daemon addresses registry.
2024-11-12T11:17:48.709+0200 [DEBUG] [org.gradle.cache.internal.DefaultFileLockManager] Releasing lock on daemon addresses registry.
2024-11-12T11:17:58.700+0200 [DEBUG] [org.gradle.cache.internal.DefaultFileLockManager] Waiting to acquire shared lock on daemon addresses registry.
2024-11-12T11:17:58.700+0200 [DEBUG] [org.gradle.cache.internal.DefaultFileLockManager] Lock acquired on daemon addresses registry.
2024-11-12T11:17:58.701+0200 [DEBUG] [org.gradle.cache.internal.DefaultFileLockManager] Releasing lock on daemon addresses registry.
2024-11-12T11:17:58.702+0200 [DEBUG] [org.gradle.cache.internal.DefaultFileLockManager] Waiting to acquire shared lock on daemon addresses registry.
2024-11-12T11:17:58.702+0200 [DEBUG] [org.gradle.cache.internal.DefaultFileLockManager] Lock acquired on daemon addresses registry.
2024-11-12T11:17:58.703+0200 [DEBUG] [org.gradle.cache.internal.DefaultFileLockManager] Releasing lock on daemon addresses registry.
2024-11-12T11:17:58.704+0200 [DEBUG] [org.gradle.cache.internal.DefaultFileLockManager] Waiting to acquire shared lock on daemon addresses registry.
2024-11-12T11:17:58.704+0200 [DEBUG] [org.gradle.cache.internal.DefaultFileLockManager] Lock acquired on daemon addresses registry.
2024-11-12T11:17:58.705+0200 [DEBUG] [org.gradle.cache.internal.DefaultFileLockManager] Releasing lock on daemon addresses registry.
2024-11-12T11:18:08.693+0200 [DEBUG] [org.gradle.cache.internal.DefaultFileLockManager] Waiting to acquire shared lock on daemon addresses registry.
2024-11-12T11:18:08.693+0200 [DEBUG] [org.gradle.cache.internal.DefaultFileLockManager] Lock acquired on daemon addresses registry.
2024-11-12T11:18:08.694+0200 [DEBUG] [org.gradle.cache.internal.DefaultFileLockManager] Releasing lock on daemon addresses registry.
2024-11-12T11:18:08.695+0200 [DEBUG] [org.gradle.cache.internal.DefaultFileLockManager] Waiting to acquire shared lock on daemon addresses registry.
2024-11-12T11:18:08.696+0200 [DEBUG] [org.gradle.cache.internal.DefaultFileLockManager] Lock acquired on daemon addresses registry.
2024-11-12T11:18:08.696+0200 [DEBUG] [org.gradle.cache.internal.DefaultFileLockManager] Releasing lock on daemon addresses registry.
2024-11-12T11:18:08.698+0200 [DEBUG] [org.gradle.cache.internal.DefaultFileLockManager] Waiting to acquire shared lock on daemon addresses registry.
2024-11-12T11:18:08.698+0200 [DEBUG] [org.gradle.cache.internal.DefaultFileLockManager] Lock acquired on daemon addresses registry.
2024-11-12T11:18:08.699+0200 [DEBUG] [org.gradle.cache.internal.DefaultFileLockManager] Releasing lock on daemon addresses registry.
2024-11-12T11:18:18.705+0200 [DEBUG] [org.gradle.cache.internal.DefaultFileLockManager] Waiting to acquire shared lock on daemon addresses registry.
2024-11-12T11:18:18.705+0200 [DEBUG] [org.gradle.cache.internal.DefaultFileLockManager] Lock acquired on daemon addresses registry.
2024-11-12T11:18:18.705+0200 [DEBUG] [org.gradle.cache.internal.DefaultFileLockManager] Releasing lock on daemon addresses registry.
2024-11-12T11:18:18.706+0200 [DEBUG] [org.gradle.cache.internal.DefaultFileLockManager] Waiting to acquire shared lock on daemon addresses registry.
2024-11-12T11:18:18.706+0200 [DEBUG] [org.gradle.cache.internal.DefaultFileLockManager] Lock acquired on daemon addresses registry.
2024-11-12T11:18:18.707+0200 [DEBUG] [org.gradle.cache.internal.DefaultFileLockManager] Releasing lock on daemon addresses registry.
2024-11-12T11:18:18.708+0200 [DEBUG] [org.gradle.cache.internal.DefaultFileLockManager] Waiting to acquire shared lock on daemon addresses registry.
2024-11-12T11:18:18.708+0200 [DEBUG] [org.gradle.cache.internal.DefaultFileLockManager] Lock acquired on daemon addresses registry.
2024-11-12T11:18:18.708+0200 [DEBUG] [org.gradle.cache.internal.DefaultFileLockManager] Releasing lock on daemon addresses registry.
2024-11-12T11:18:27.979+0200 [DEBUG] [org.gradle.process.internal.health.memory.DefaultMemoryManager] 409155993 physical memory requested, 325861376 free
2024-11-12T11:18:27.979+0200 [DEBUG] [org.gradle.workers.internal.WorkerDaemonExpiration] Will attempt to release 390 of memory
2024-11-12T11:18:27.979+0200 [DEBUG] [org.gradle.process.internal.health.memory.DefaultMemoryManager] 409155993 physical memory requested, 0 released, 325861376 free
2024-11-12T11:18:28.705+0200 [DEBUG] [org.gradle.cache.internal.DefaultFileLockManager] Waiting to acquire shared lock on daemon addresses registry.
2024-11-12T11:18:28.706+0200 [DEBUG] [org.gradle.cache.internal.DefaultFileLockManager] Lock acquired on daemon addresses registry.
2024-11-12T11:18:28.709+0200 [DEBUG] [org.gradle.cache.internal.DefaultFileLockManager] Releasing lock on daemon addresses registry.
2024-11-12T11:18:28.712+0200 [DEBUG] [org.gradle.cache.internal.DefaultFileLockManager] Waiting to acquire shared lock on daemon addresses registry.
2024-11-12T11:18:28.712+0200 [DEBUG] [org.gradle.cache.internal.DefaultFileLockManager] Lock acquired on daemon addresses registry.
2024-11-12T11:18:28.712+0200 [DEBUG] [org.gradle.cache.internal.DefaultFileLockManager] Releasing lock on daemon addresses registry.
2024-11-12T11:18:28.714+0200 [DEBUG] [org.gradle.cache.internal.DefaultFileLockManager] Waiting to acquire shared lock on daemon addresses registry.
2024-11-12T11:18:28.714+0200 [DEBUG] [org.gradle.cache.internal.DefaultFileLockManager] Lock acquired on daemon addresses registry.
2024-11-12T11:18:28.715+0200 [DEBUG] [org.gradle.cache.internal.DefaultFileLockManager] Releasing lock on daemon addresses registry.
2024-11-12T11:18:32.976+0200 [DEBUG] [org.gradle.process.internal.health.memory.DefaultMemoryManager] 409155993 physical memory requested, 121507840 free
2024-11-12T11:18:32.976+0200 [DEBUG] [org.gradle.workers.internal.WorkerDaemonExpiration] Will attempt to release 390 of memory
2024-11-12T11:18:32.976+0200 [DEBUG] [org.gradle.process.internal.health.memory.DefaultMemoryManager] 409155993 physical memory requested, 0 released, 121507840 free
2024-11-12T11:18:38.706+0200 [DEBUG] [org.gradle.cache.internal.DefaultFileLockManager] Waiting to acquire shared lock on daemon addresses registry.
2024-11-12T11:18:38.707+0200 [DEBUG] [org.gradle.cache.internal.DefaultFileLockManager] Lock acquired on daemon addresses registry.
2024-11-12T11:18:38.724+0200 [DEBUG] [org.gradle.cache.internal.DefaultFileLockManager] Releasing lock on daemon addresses registry.
2024-11-12T11:18:38.726+0200 [DEBUG] [org.gradle.cache.internal.DefaultFileLockManager] Waiting to acquire shared lock on daemon addresses registry.
2024-11-12T11:18:38.727+0200 [DEBUG] [org.gradle.cache.internal.DefaultFileLockManager] Lock acquired on daemon addresses registry.
2024-11-12T11:18:38.727+0200 [DEBUG] [org.gradle.cache.internal.DefaultFileLockManager] Releasing lock on daemon addresses registry.
2024-11-12T11:18:38.728+0200 [DEBUG] [org.gradle.cache.internal.DefaultFileLockManager] Waiting to acquire shared lock on daemon addresses registry.
2024-11-12T11:18:38.728+0200 [DEBUG] [org.gradle.cache.internal.DefaultFileLockManager] Lock acquired on daemon addresses registry.
2024-11-12T11:18:38.735+0200 [DEBUG] [org.gradle.cache.internal.DefaultFileLockManager] Releasing lock on daemon addresses registry.
2024-11-12T11:18:48.706+0200 [DEBUG] [org.gradle.cache.internal.DefaultFileLockManager] Waiting to acquire shared lock on daemon addresses registry.
2024-11-12T11:18:48.707+0200 [DEBUG] [org.gradle.cache.internal.DefaultFileLockManager] Lock acquired on daemon addresses registry.
2024-11-12T11:18:48.707+0200 [DEBUG] [org.gradle.cache.internal.DefaultFileLockManager] Releasing lock on daemon addresses registry.
2024-11-12T11:18:48.709+0200 [DEBUG] [org.gradle.cache.internal.DefaultFileLockManager] Waiting to acquire shared lock on daemon addresses registry.
2024-11-12T11:18:48.709+0200 [DEBUG] [org.gradle.cache.internal.DefaultFileLockManager] Lock acquired on daemon addresses registry.
2024-11-12T11:18:48.709+0200 [DEBUG] [org.gradle.cache.internal.DefaultFileLockManager] Releasing lock on daemon addresses registry.
2024-11-12T11:18:48.710+0200 [DEBUG] [org.gradle.cache.internal.DefaultFileLockManager] Waiting to acquire shared lock on daemon addresses registry.
2024-11-12T11:18:48.710+0200 [DEBUG] [org.gradle.cache.internal.DefaultFileLockManager] Lock acquired on daemon addresses registry.
2024-11-12T11:18:48.711+0200 [DEBUG] [org.gradle.cache.internal.DefaultFileLockManager] Releasing lock on daemon addresses registry.
2024-11-12T11:18:57.981+0200 [DEBUG] [org.gradle.process.internal.health.memory.DefaultMemoryManager] 409155993 physical memory requested, 202113024 free
2024-11-12T11:18:57.981+0200 [DEBUG] [org.gradle.workers.internal.WorkerDaemonExpiration] Will attempt to release 390 of memory
2024-11-12T11:18:57.982+0200 [DEBUG] [org.gradle.process.internal.health.memory.DefaultMemoryManager] 409155993 physical memory requested, 0 released, 202113024 free
2024-11-12T11:18:58.696+0200 [DEBUG] [org.gradle.cache.internal.DefaultFileLockManager] Waiting to acquire shared lock on daemon addresses registry.
2024-11-12T11:18:58.696+0200 [DEBUG] [org.gradle.cache.internal.DefaultFileLockManager] Lock acquired on daemon addresses registry.
2024-11-12T11:18:58.697+0200 [DEBUG] [org.gradle.cache.internal.DefaultFileLockManager] Releasing lock on daemon addresses registry.
2024-11-12T11:18:58.698+0200 [DEBUG] [org.gradle.cache.internal.DefaultFileLockManager] Waiting to acquire shared lock on daemon addresses registry.
2024-11-12T11:18:58.698+0200 [DEBUG] [org.gradle.cache.internal.DefaultFileLockManager] Lock acquired on daemon addresses registry.
2024-11-12T11:18:58.698+0200 [DEBUG] [org.gradle.cache.internal.DefaultFileLockManager] Releasing lock on daemon addresses registry.
2024-11-12T11:18:58.699+0200 [DEBUG] [org.gradle.cache.internal.DefaultFileLockManager] Waiting to acquire shared lock on daemon addresses registry.
2024-11-12T11:18:58.699+0200 [DEBUG] [org.gradle.cache.internal.DefaultFileLockManager] Lock acquired on daemon addresses registry.
2024-11-12T11:18:58.699+0200 [DEBUG] [org.gradle.cache.internal.DefaultFileLockManager] Releasing lock on daemon addresses registry.
2024-11-12T11:19:02.980+0200 [DEBUG] [org.gradle.process.internal.health.memory.DefaultMemoryManager] 409155993 physical memory requested, 151724032 free
2024-11-12T11:19:02.980+0200 [DEBUG] [org.gradle.workers.internal.WorkerDaemonExpiration] Will attempt to release 390 of memory
2024-11-12T11:19:02.980+0200 [DEBUG] [org.gradle.process.internal.health.memory.DefaultMemoryManager] 409155993 physical memory requested, 0 released, 151724032 free
2024-11-12T11:19:07.990+0200 [DEBUG] [org.gradle.process.internal.health.memory.DefaultMemoryManager] 409155993 physical memory requested, 281423872 free
2024-11-12T11:19:07.990+0200 [DEBUG] [org.gradle.workers.internal.WorkerDaemonExpiration] Will attempt to release 390 of memory
2024-11-12T11:19:07.990+0200 [DEBUG] [org.gradle.process.internal.health.memory.DefaultMemoryManager] 409155993 physical memory requested, 0 released, 281423872 free
2024-11-12T11:19:07.990+0200 [DEBUG] [org.gradle.process.internal.health.memory.DefaultMemoryManager] 1643707187 virtual memory requested, 1636855808 free
2024-11-12T11:19:07.990+0200 [DEBUG] [org.gradle.workers.internal.WorkerDaemonExpiration] Will attempt to release 1567 of memory
2024-11-12T11:19:07.990+0200 [DEBUG] [org.gradle.process.internal.health.memory.DefaultMemoryManager] 1643707187 virtual memory requested, 0 released, 1636855808 free
2024-11-12T11:19:08.723+0200 [DEBUG] [org.gradle.cache.internal.DefaultFileLockManager] Waiting to acquire shared lock on daemon addresses registry.
2024-11-12T11:19:08.723+0200 [DEBUG] [org.gradle.cache.internal.DefaultFileLockManager] Lock acquired on daemon addresses registry.
2024-11-12T11:19:08.724+0200 [DEBUG] [org.gradle.cache.internal.DefaultFileLockManager] Releasing lock on daemon addresses registry.
2024-11-12T11:19:08.726+0200 [DEBUG] [org.gradle.cache.internal.DefaultFileLockManager] Waiting to acquire shared lock on daemon addresses registry.
2024-11-12T11:19:08.726+0200 [DEBUG] [org.gradle.cache.internal.DefaultFileLockManager] Lock acquired on daemon addresses registry.
2024-11-12T11:19:08.726+0200 [DEBUG] [org.gradle.cache.internal.DefaultFileLockManager] Releasing lock on daemon addresses registry.
2024-11-12T11:19:08.728+0200 [DEBUG] [org.gradle.cache.internal.DefaultFileLockManager] Waiting to acquire shared lock on daemon addresses registry.
2024-11-12T11:19:08.728+0200 [DEBUG] [org.gradle.cache.internal.DefaultFileLockManager] Lock acquired on daemon addresses registry.
2024-11-12T11:19:08.728+0200 [DEBUG] [org.gradle.cache.internal.DefaultFileLockManager] Releasing lock on daemon addresses registry.
2024-11-12T11:19:12.975+0200 [DEBUG] [org.gradle.process.internal.health.memory.DefaultMemoryManager] 409155993 physical memory requested, 77369344 free
2024-11-12T11:19:12.975+0200 [DEBUG] [org.gradle.workers.internal.WorkerDaemonExpiration] Will attempt to release 390 of memory
2024-11-12T11:19:12.975+0200 [DEBUG] [org.gradle.process.internal.health.memory.DefaultMemoryManager] 409155993 physical memory requested, 0 released, 77369344 free
2024-11-12T11:19:12.978+0200 [DEBUG] [org.gradle.process.internal.health.memory.DefaultMemoryManager] 1643707187 virtual memory requested, 1303990272 free
2024-11-12T11:19:12.979+0200 [DEBUG] [org.gradle.workers.internal.WorkerDaemonExpiration] Will attempt to release 1567 of memory
2024-11-12T11:19:12.979+0200 [DEBUG] [org.gradle.process.internal.health.memory.DefaultMemoryManager] 1643707187 virtual memory requested, 0 released, 1303990272 free
2024-11-12T11:19:18.203+0200 [DEBUG] [org.gradle.process.internal.health.memory.DefaultMemoryManager] 409155993 physical memory requested, 204734464 free
2024-11-12T11:19:18.203+0200 [DEBUG] [org.gradle.workers.internal.WorkerDaemonExpiration] Will attempt to release 390 of memory
2024-11-12T11:19:18.204+0200 [DEBUG] [org.gradle.process.internal.health.memory.DefaultMemoryManager] 409155993 physical memory requested, 0 released, 204734464 free
2024-11-12T11:19:18.204+0200 [DEBUG] [org.gradle.process.internal.health.memory.DefaultMemoryManager] 1643707187 virtual memory requested, 1281851392 free
2024-11-12T11:19:18.204+0200 [DEBUG] [org.gradle.workers.internal.WorkerDaemonExpiration] Will attempt to release 1567 of memory
2024-11-12T11:19:18.204+0200 [DEBUG] [org.gradle.process.internal.health.memory.DefaultMemoryManager] 1643707187 virtual memory requested, 0 released, 1281851392 free
2024-11-12T11:19:18.700+0200 [DEBUG] [org.gradle.cache.internal.DefaultFileLockManager] Waiting to acquire shared lock on daemon addresses registry.
2024-11-12T11:19:18.700+0200 [DEBUG] [org.gradle.cache.internal.DefaultFileLockManager] Lock acquired on daemon addresses registry.
2024-11-12T11:19:18.702+0200 [DEBUG] [org.gradle.cache.internal.DefaultFileLockManager] Releasing lock on daemon addresses registry.
2024-11-12T11:19:18.704+0200 [DEBUG] [org.gradle.cache.internal.DefaultFileLockManager] Waiting to acquire shared lock on daemon addresses registry.
2024-11-12T11:19:18.704+0200 [DEBUG] [org.gradle.cache.internal.DefaultFileLockManager] Lock acquired on daemon addresses registry.
2024-11-12T11:19:18.704+0200 [DEBUG] [org.gradle.cache.internal.DefaultFileLockManager] Releasing lock on daemon addresses registry.
2024-11-12T11:19:18.706+0200 [DEBUG] [org.gradle.cache.internal.DefaultFileLockManager] Waiting to acquire shared lock on daemon addresses registry.
2024-11-12T11:19:18.706+0200 [DEBUG] [org.gradle.cache.internal.DefaultFileLockManager] Lock acquired on daemon addresses registry.
2024-11-12T11:19:18.709+0200 [DEBUG] [org.gradle.cache.internal.DefaultFileLockManager] Releasing lock on daemon addresses registry.
2024-11-12T11:19:22.975+0200 [DEBUG] [org.gradle.process.internal.health.memory.DefaultMemoryManager] 409155993 physical memory requested, 186650624 free
2024-11-12T11:19:22.975+0200 [DEBUG] [org.gradle.workers.internal.WorkerDaemonExpiration] Will attempt to release 390 of memory
2024-11-12T11:19:22.976+0200 [DEBUG] [org.gradle.process.internal.health.memory.DefaultMemoryManager] 409155993 physical memory requested, 0 released, 186650624 free
2024-11-12T11:19:22.976+0200 [DEBUG] [org.gradle.process.internal.health.memory.DefaultMemoryManager] 1643707187 virtual memory requested, 1262714880 free
2024-11-12T11:19:22.976+0200 [DEBUG] [org.gradle.workers.internal.WorkerDaemonExpiration] Will attempt to release 1567 of memory
2024-11-12T11:19:22.976+0200 [DEBUG] [org.gradle.process.internal.health.memory.DefaultMemoryManager] 1643707187 virtual memory requested, 0 released, 1262714880 free
2024-11-12T11:19:28.094+0200 [DEBUG] [org.gradle.process.internal.health.memory.DefaultMemoryManager] 409155993 physical memory requested, 83820544 free
2024-11-12T11:19:28.094+0200 [DEBUG] [org.gradle.workers.internal.WorkerDaemonExpiration] Will attempt to release 390 of memory
2024-11-12T11:19:28.094+0200 [DEBUG] [org.gradle.process.internal.health.memory.DefaultMemoryManager] 409155993 physical memory requested, 0 released, 83820544 free
2024-11-12T11:19:28.095+0200 [DEBUG] [org.gradle.process.internal.health.memory.DefaultMemoryManager] 1643707187 virtual memory requested, 1151066112 free
2024-11-12T11:19:28.095+0200 [DEBUG] [org.gradle.workers.internal.WorkerDaemonExpiration] Will attempt to release 1567 of memory
2024-11-12T11:19:28.095+0200 [DEBUG] [org.gradle.process.internal.health.memory.DefaultMemoryManager] 1643707187 virtual memory requested, 0 released, 1151066112 free
2024-11-12T11:19:28.703+0200 [DEBUG] [org.gradle.cache.internal.DefaultFileLockManager] Waiting to acquire shared lock on daemon addresses registry.
2024-11-12T11:19:28.703+0200 [DEBUG] [org.gradle.cache.internal.DefaultFileLockManager] Lock acquired on daemon addresses registry.
2024-11-12T11:19:28.726+0200 [DEBUG] [org.gradle.cache.internal.DefaultFileLockManager] Releasing lock on daemon addresses registry.
2024-11-12T11:19:28.727+0200 [DEBUG] [org.gradle.cache.internal.DefaultFileLockManager] Waiting to acquire shared lock on daemon addresses registry.
2024-11-12T11:19:28.727+0200 [DEBUG] [org.gradle.cache.internal.DefaultFileLockManager] Lock acquired on daemon addresses registry.
2024-11-12T11:19:28.728+0200 [DEBUG] [org.gradle.cache.internal.DefaultFileLockManager] Releasing lock on daemon addresses registry.
2024-11-12T11:19:28.731+0200 [DEBUG] [org.gradle.cache.internal.DefaultFileLockManager] Waiting to acquire shared lock on daemon addresses registry.
2024-11-12T11:19:28.731+0200 [DEBUG] [org.gradle.cache.internal.DefaultFileLockManager] Lock acquired on daemon addresses registry.
2024-11-12T11:19:28.732+0200 [DEBUG] [org.gradle.cache.internal.DefaultFileLockManager] Releasing lock on daemon addresses registry.
2024-11-12T11:19:33.026+0200 [DEBUG] [org.gradle.process.internal.health.memory.DefaultMemoryManager] 409155993 physical memory requested, 84455424 free
2024-11-12T11:19:33.026+0200 [DEBUG] [org.gradle.workers.internal.WorkerDaemonExpiration] Will attempt to release 390 of memory
2024-11-12T11:19:33.026+0200 [DEBUG] [org.gradle.process.internal.health.memory.DefaultMemoryManager] 409155993 physical memory requested, 0 released, 84455424 free
2024-11-12T11:19:33.026+0200 [DEBUG] [org.gradle.process.internal.health.memory.DefaultMemoryManager] 1643707187 virtual memory requested, 1105555456 free
2024-11-12T11:19:33.026+0200 [DEBUG] [org.gradle.workers.internal.WorkerDaemonExpiration] Will attempt to release 1567 of memory
2024-11-12T11:19:33.030+0200 [DEBUG] [org.gradle.process.internal.health.memory.DefaultMemoryManager] 1643707187 virtual memory requested, 0 released, 1105555456 free
2024-11-12T11:19:37.972+0200 [DEBUG] [org.gradle.process.internal.health.memory.DefaultMemoryManager] 409155993 physical memory requested, 102240256 free
2024-11-12T11:19:37.973+0200 [DEBUG] [org.gradle.workers.internal.WorkerDaemonExpiration] Will attempt to release 390 of memory
2024-11-12T11:19:37.974+0200 [DEBUG] [org.gradle.process.internal.health.memory.DefaultMemoryManager] 409155993 physical memory requested, 0 released, 102240256 free
2024-11-12T11:19:37.974+0200 [DEBUG] [org.gradle.process.internal.health.memory.DefaultMemoryManager] 1643707187 virtual memory requested, 1115619328 free
2024-11-12T11:19:37.974+0200 [DEBUG] [org.gradle.workers.internal.WorkerDaemonExpiration] Will attempt to release 1567 of memory
2024-11-12T11:19:37.974+0200 [DEBUG] [org.gradle.process.internal.health.memory.DefaultMemoryManager] 1643707187 virtual memory requested, 0 released, 1115619328 free
2024-11-12T11:19:38.706+0200 [DEBUG] [org.gradle.cache.internal.DefaultFileLockManager] Waiting to acquire shared lock on daemon addresses registry.
2024-11-12T11:19:38.707+0200 [DEBUG] [org.gradle.cache.internal.DefaultFileLockManager] Lock acquired on daemon addresses registry.
2024-11-12T11:19:38.708+0200 [DEBUG] [org.gradle.cache.internal.DefaultFileLockManager] Releasing lock on daemon addresses registry.
2024-11-12T11:19:38.712+0200 [DEBUG] [org.gradle.cache.internal.DefaultFileLockManager] Waiting to acquire shared lock on daemon addresses registry.
2024-11-12T11:19:38.712+0200 [DEBUG] [org.gradle.cache.internal.DefaultFileLockManager] Lock acquired on daemon addresses registry.
2024-11-12T11:19:38.714+0200 [DEBUG] [org.gradle.cache.internal.DefaultFileLockManager] Releasing lock on daemon addresses registry.
2024-11-12T11:19:38.715+0200 [DEBUG] [org.gradle.cache.internal.DefaultFileLockManager] Waiting to acquire shared lock on daemon addresses registry.
2024-11-12T11:19:38.715+0200 [DEBUG] [org.gradle.cache.internal.DefaultFileLockManager] Lock acquired on daemon addresses registry.
2024-11-12T11:19:38.716+0200 [DEBUG] [org.gradle.cache.internal.DefaultFileLockManager] Releasing lock on daemon addresses registry.
2024-11-12T11:19:43.003+0200 [DEBUG] [org.gradle.process.internal.health.memory.DefaultMemoryManager] 409155993 physical memory requested, 123752448 free
2024-11-12T11:19:43.003+0200 [DEBUG] [org.gradle.workers.internal.WorkerDaemonExpiration] Will attempt to release 390 of memory
2024-11-12T11:19:43.005+0200 [DEBUG] [org.gradle.process.internal.health.memory.DefaultMemoryManager] 409155993 physical memory requested, 0 released, 123752448 free
2024-11-12T11:19:43.005+0200 [DEBUG] [org.gradle.process.internal.health.memory.DefaultMemoryManager] 1643707187 virtual memory requested, 1170935808 free
2024-11-12T11:19:43.005+0200 [DEBUG] [org.gradle.workers.internal.WorkerDaemonExpiration] Will attempt to release 1567 of memory
2024-11-12T11:19:43.005+0200 [DEBUG] [org.gradle.process.internal.health.memory.DefaultMemoryManager] 1643707187 virtual memory requested, 0 released, 1170935808 free
2024-11-12T11:19:48.238+0200 [DEBUG] [org.gradle.process.internal.health.memory.DefaultMemoryManager] 409155993 physical memory requested, 86048768 free
2024-11-12T11:19:48.238+0200 [DEBUG] [org.gradle.workers.internal.WorkerDaemonExpiration] Will attempt to release 390 of memory
2024-11-12T11:19:48.238+0200 [DEBUG] [org.gradle.process.internal.health.memory.DefaultMemoryManager] 409155993 physical memory requested, 0 released, 86048768 free
2024-11-12T11:19:48.238+0200 [DEBUG] [org.gradle.process.internal.health.memory.DefaultMemoryManager] 1643707187 virtual memory requested, 1062060032 free
2024-11-12T11:19:48.245+0200 [DEBUG] [org.gradle.workers.internal.WorkerDaemonExpiration] Will attempt to release 1567 of memory
2024-11-12T11:19:48.245+0200 [DEBUG] [org.gradle.process.internal.health.memory.DefaultMemoryManager] 1643707187 virtual memory requested, 0 released, 1062060032 free
2024-11-12T11:19:49.022+0200 [DEBUG] [org.gradle.cache.internal.DefaultFileLockManager] Waiting to acquire shared lock on daemon addresses registry.
2024-11-12T11:19:49.038+0200 [DEBUG] [org.gradle.cache.internal.DefaultFileLockManager] Lock acquired on daemon addresses registry.
2024-11-12T11:19:49.056+0200 [DEBUG] [org.gradle.cache.internal.DefaultFileLockManager] Releasing lock on daemon addresses registry.
2024-11-12T11:19:49.070+0200 [DEBUG] [org.gradle.cache.internal.DefaultFileLockManager] Waiting to acquire shared lock on daemon addresses registry.
2024-11-12T11:19:49.073+0200 [DEBUG] [org.gradle.cache.internal.DefaultFileLockManager] Lock acquired on daemon addresses registry.
2024-11-12T11:19:49.074+0200 [DEBUG] [org.gradle.cache.internal.DefaultFileLockManager] Releasing lock on daemon addresses registry.
2024-11-12T11:19:49.087+0200 [DEBUG] [org.gradle.cache.internal.DefaultFileLockManager] Waiting to acquire shared lock on daemon addresses registry.
2024-11-12T11:19:49.087+0200 [DEBUG] [org.gradle.cache.internal.DefaultFileLockManager] Lock acquired on daemon addresses registry.
2024-11-12T11:19:49.087+0200 [DEBUG] [org.gradle.cache.internal.DefaultFileLockManager] Releasing lock on daemon addresses registry.
2024-11-12T11:19:53.060+0200 [DEBUG] [org.gradle.process.internal.health.memory.DefaultMemoryManager] 409155993 physical memory requested, 159817728 free
2024-11-12T11:19:53.062+0200 [DEBUG] [org.gradle.workers.internal.WorkerDaemonExpiration] Will attempt to release 390 of memory
2024-11-12T11:19:53.064+0200 [DEBUG] [org.gradle.process.internal.health.memory.DefaultMemoryManager] 409155993 physical memory requested, 0 released, 159817728 free
2024-11-12T11:19:53.065+0200 [DEBUG] [org.gradle.process.internal.health.memory.DefaultMemoryManager] 1643707187 virtual memory requested, 995123200 free
2024-11-12T11:19:53.067+0200 [DEBUG] [org.gradle.workers.internal.WorkerDaemonExpiration] Will attempt to release 1567 of memory
2024-11-12T11:19:53.068+0200 [DEBUG] [org.gradle.process.internal.health.memory.DefaultMemoryManager] 1643707187 virtual memory requested, 0 released, 995123200 free
2024-11-12T11:19:57.972+0200 [DEBUG] [org.gradle.process.internal.health.memory.DefaultMemoryManager] 409155993 physical memory requested, 275668992 free
2024-11-12T11:19:57.972+0200 [DEBUG] [org.gradle.workers.internal.WorkerDaemonExpiration] Will attempt to release 390 of memory
2024-11-12T11:19:57.972+0200 [DEBUG] [org.gradle.process.internal.health.memory.DefaultMemoryManager] 409155993 physical memory requested, 0 released, 275668992 free
2024-11-12T11:19:57.972+0200 [DEBUG] [org.gradle.process.internal.health.memory.DefaultMemoryManager] 1643707187 virtual memory requested, 1040539648 free
2024-11-12T11:19:57.972+0200 [DEBUG] [org.gradle.workers.internal.WorkerDaemonExpiration] Will attempt to release 1567 of memory
2024-11-12T11:19:57.972+0200 [DEBUG] [org.gradle.process.internal.health.memory.DefaultMemoryManager] 1643707187 virtual memory requested, 0 released, 1040539648 free
2024-11-12T11:19:58.706+0200 [DEBUG] [org.gradle.cache.internal.DefaultFileLockManager] Waiting to acquire shared lock on daemon addresses registry.
2024-11-12T11:19:58.707+0200 [DEBUG] [org.gradle.cache.internal.DefaultFileLockManager] Lock acquired on daemon addresses registry.
2024-11-12T11:19:58.708+0200 [DEBUG] [org.gradle.cache.internal.DefaultFileLockManager] Releasing lock on daemon addresses registry.
2024-11-12T11:19:58.709+0200 [DEBUG] [org.gradle.cache.internal.DefaultFileLockManager] Waiting to acquire shared lock on daemon addresses registry.
2024-11-12T11:19:58.709+0200 [DEBUG] [org.gradle.cache.internal.DefaultFileLockManager] Lock acquired on daemon addresses registry.
2024-11-12T11:19:58.710+0200 [DEBUG] [org.gradle.cache.internal.DefaultFileLockManager] Releasing lock on daemon addresses registry.
2024-11-12T11:19:58.711+0200 [DEBUG] [org.gradle.cache.internal.DefaultFileLockManager] Waiting to acquire shared lock on daemon addresses registry.
2024-11-12T11:19:58.711+0200 [DEBUG] [org.gradle.cache.internal.DefaultFileLockManager] Lock acquired on daemon addresses registry.
2024-11-12T11:19:58.712+0200 [DEBUG] [org.gradle.cache.internal.DefaultFileLockManager] Releasing lock on daemon addresses registry.
2024-11-12T11:20:03.044+0200 [DEBUG] [org.gradle.process.internal.health.memory.DefaultMemoryManager] 409155993 physical memory requested, 162725888 free
2024-11-12T11:20:03.046+0200 [DEBUG] [org.gradle.workers.internal.WorkerDaemonExpiration] Will attempt to release 390 of memory
2024-11-12T11:20:03.046+0200 [DEBUG] [org.gradle.process.internal.health.memory.DefaultMemoryManager] 409155993 physical memory requested, 0 released, 162725888 free
2024-11-12T11:20:03.048+0200 [DEBUG] [org.gradle.process.internal.health.memory.DefaultMemoryManager] 1643707187 virtual memory requested, 946012160 free
2024-11-12T11:20:03.051+0200 [DEBUG] [org.gradle.workers.internal.WorkerDaemonExpiration] Will attempt to release 1567 of memory
2024-11-12T11:20:03.051+0200 [DEBUG] [org.gradle.process.internal.health.memory.DefaultMemoryManager] 1643707187 virtual memory requested, 0 released, 946012160 free
2024-11-12T11:20:08.002+0200 [DEBUG] [org.gradle.process.internal.health.memory.DefaultMemoryManager] 409155993 physical memory requested, 250437632 free
2024-11-12T11:20:08.003+0200 [DEBUG] [org.gradle.workers.internal.WorkerDaemonExpiration] Will attempt to release 390 of memory
2024-11-12T11:20:08.003+0200 [DEBUG] [org.gradle.process.internal.health.memory.DefaultMemoryManager] 409155993 physical memory requested, 0 released, 250437632 free
2024-11-12T11:20:08.003+0200 [DEBUG] [org.gradle.process.internal.health.memory.DefaultMemoryManager] 1643707187 virtual memory requested, 874500096 free
2024-11-12T11:20:08.003+0200 [DEBUG] [org.gradle.workers.internal.WorkerDaemonExpiration] Will attempt to release 1567 of memory
2024-11-12T11:20:08.003+0200 [DEBUG] [org.gradle.process.internal.health.memory.DefaultMemoryManager] 1643707187 virtual memory requested, 0 released, 874500096 free
2024-11-12T11:20:08.698+0200 [DEBUG] [org.gradle.cache.internal.DefaultFileLockManager] Waiting to acquire shared lock on daemon addresses registry.
2024-11-12T11:20:08.698+0200 [DEBUG] [org.gradle.cache.internal.DefaultFileLockManager] Lock acquired on daemon addresses registry.
2024-11-12T11:20:08.698+0200 [DEBUG] [org.gradle.cache.internal.DefaultFileLockManager] Releasing lock on daemon addresses registry.
2024-11-12T11:20:08.700+0200 [DEBUG] [org.gradle.cache.internal.DefaultFileLockManager] Waiting to acquire shared lock on daemon addresses registry.
2024-11-12T11:20:08.700+0200 [DEBUG] [org.gradle.cache.internal.DefaultFileLockManager] Lock acquired on daemon addresses registry.
2024-11-12T11:20:08.700+0200 [DEBUG] [org.gradle.cache.internal.DefaultFileLockManager] Releasing lock on daemon addresses registry.
2024-11-12T11:20:08.701+0200 [DEBUG] [org.gradle.cache.internal.DefaultFileLockManager] Waiting to acquire shared lock on daemon addresses registry.
2024-11-12T11:20:08.701+0200 [DEBUG] [org.gradle.cache.internal.DefaultFileLockManager] Lock acquired on daemon addresses registry.
2024-11-12T11:20:08.702+0200 [DEBUG] [org.gradle.cache.internal.DefaultFileLockManager] Releasing lock on daemon addresses registry.
2024-11-12T11:20:12.985+0200 [DEBUG] [org.gradle.process.internal.health.memory.DefaultMemoryManager] 409155993 physical memory requested, 267534336 free
2024-11-12T11:20:12.985+0200 [DEBUG] [org.gradle.workers.internal.WorkerDaemonExpiration] Will attempt to release 390 of memory
2024-11-12T11:20:12.985+0200 [DEBUG] [org.gradle.process.internal.health.memory.DefaultMemoryManager] 409155993 physical memory requested, 0 released, 267534336 free
2024-11-12T11:20:12.985+0200 [DEBUG] [org.gradle.process.internal.health.memory.DefaultMemoryManager] 1643707187 virtual memory requested, 874135552 free
2024-11-12T11:20:12.985+0200 [DEBUG] [org.gradle.workers.internal.WorkerDaemonExpiration] Will attempt to release 1567 of memory
2024-11-12T11:20:12.985+0200 [DEBUG] [org.gradle.process.internal.health.memory.DefaultMemoryManager] 1643707187 virtual memory requested, 0 released, 874135552 free
2024-11-12T11:20:17.984+0200 [DEBUG] [org.gradle.process.internal.health.memory.DefaultMemoryManager] 409155993 physical memory requested, 343347200 free
2024-11-12T11:20:17.984+0200 [DEBUG] [org.gradle.workers.internal.WorkerDaemonExpiration] Will attempt to release 390 of memory
2024-11-12T11:20:17.984+0200 [DEBUG] [org.gradle.process.internal.health.memory.DefaultMemoryManager] 409155993 physical memory requested, 0 released, 343347200 free
2024-11-12T11:20:17.984+0200 [DEBUG] [org.gradle.process.internal.health.memory.DefaultMemoryManager] 1643707187 virtual memory requested, 918847488 free
2024-11-12T11:20:17.984+0200 [DEBUG] [org.gradle.workers.internal.WorkerDaemonExpiration] Will attempt to release 1567 of memory
2024-11-12T11:20:17.984+0200 [DEBUG] [org.gradle.process.internal.health.memory.DefaultMemoryManager] 1643707187 virtual memory requested, 0 released, 918847488 free
2024-11-12T11:20:18.702+0200 [DEBUG] [org.gradle.cache.internal.DefaultFileLockManager] Waiting to acquire shared lock on daemon addresses registry.
2024-11-12T11:20:18.703+0200 [DEBUG] [org.gradle.cache.internal.DefaultFileLockManager] Lock acquired on daemon addresses registry.
2024-11-12T11:20:18.703+0200 [DEBUG] [org.gradle.cache.internal.DefaultFileLockManager] Releasing lock on daemon addresses registry.
2024-11-12T11:20:18.704+0200 [DEBUG] [org.gradle.cache.internal.DefaultFileLockManager] Waiting to acquire shared lock on daemon addresses registry.
2024-11-12T11:20:18.705+0200 [DEBUG] [org.gradle.cache.internal.DefaultFileLockManager] Lock acquired on daemon addresses registry.
2024-11-12T11:20:18.706+0200 [DEBUG] [org.gradle.cache.internal.DefaultFileLockManager] Releasing lock on daemon addresses registry.
2024-11-12T11:20:18.706+0200 [DEBUG] [org.gradle.cache.internal.DefaultFileLockManager] Waiting to acquire shared lock on daemon addresses registry.
2024-11-12T11:20:18.706+0200 [DEBUG] [org.gradle.cache.internal.DefaultFileLockManager] Lock acquired on daemon addresses registry.
2024-11-12T11:20:18.707+0200 [DEBUG] [org.gradle.cache.internal.DefaultFileLockManager] Releasing lock on daemon addresses registry.
2024-11-12T11:20:22.988+0200 [DEBUG] [org.gradle.process.internal.health.memory.DefaultMemoryManager] 409155993 physical memory requested, 311177216 free
2024-11-12T11:20:22.988+0200 [DEBUG] [org.gradle.workers.internal.WorkerDaemonExpiration] Will attempt to release 390 of memory
2024-11-12T11:20:22.989+0200 [DEBUG] [org.gradle.process.internal.health.memory.DefaultMemoryManager] 409155993 physical memory requested, 0 released, 311177216 free
2024-11-12T11:20:22.989+0200 [DEBUG] [org.gradle.process.internal.health.memory.DefaultMemoryManager] 1643707187 virtual memory requested, 926363648 free
2024-11-12T11:20:22.989+0200 [DEBUG] [org.gradle.workers.internal.WorkerDaemonExpiration] Will attempt to release 1567 of memory
2024-11-12T11:20:22.989+0200 [DEBUG] [org.gradle.process.internal.health.memory.DefaultMemoryManager] 1643707187 virtual memory requested, 0 released, 926363648 free
2024-11-12T11:20:27.983+0200 [DEBUG] [org.gradle.process.internal.health.memory.DefaultMemoryManager] 409155993 physical memory requested, 326877184 free
2024-11-12T11:20:27.983+0200 [DEBUG] [org.gradle.workers.internal.WorkerDaemonExpiration] Will attempt to release 390 of memory
2024-11-12T11:20:27.989+0200 [DEBUG] [org.gradle.process.internal.health.memory.DefaultMemoryManager] 409155993 physical memory requested, 0 released, 326877184 free
2024-11-12T11:20:27.989+0200 [DEBUG] [org.gradle.process.internal.health.memory.DefaultMemoryManager] 1643707187 virtual memory requested, 973144064 free
2024-11-12T11:20:27.993+0200 [DEBUG] [org.gradle.workers.internal.WorkerDaemonExpiration] Will attempt to release 1567 of memory
2024-11-12T11:20:27.993+0200 [DEBUG] [org.gradle.process.internal.health.memory.DefaultMemoryManager] 1643707187 virtual memory requested, 0 released, 973144064 free
2024-11-12T11:20:28.704+0200 [DEBUG] [org.gradle.cache.internal.DefaultFileLockManager] Waiting to acquire shared lock on daemon addresses registry.
2024-11-12T11:20:28.704+0200 [DEBUG] [org.gradle.cache.internal.DefaultFileLockManager] Lock acquired on daemon addresses registry.
2024-11-12T11:20:28.705+0200 [DEBUG] [org.gradle.cache.internal.DefaultFileLockManager] Releasing lock on daemon addresses registry.
2024-11-12T11:20:28.706+0200 [DEBUG] [org.gradle.cache.internal.DefaultFileLockManager] Waiting to acquire shared lock on daemon addresses registry.
2024-11-12T11:20:28.707+0200 [DEBUG] [org.gradle.cache.internal.DefaultFileLockManager] Lock acquired on daemon addresses registry.
2024-11-12T11:20:28.711+0200 [DEBUG] [org.gradle.cache.internal.DefaultFileLockManager] Releasing lock on daemon addresses registry.
2024-11-12T11:20:28.711+0200 [DEBUG] [org.gradle.cache.internal.DefaultFileLockManager] Waiting to acquire shared lock on daemon addresses registry.
2024-11-12T11:20:28.711+0200 [DEBUG] [org.gradle.cache.internal.DefaultFileLockManager] Lock acquired on daemon addresses registry.
2024-11-12T11:20:28.712+0200 [DEBUG] [org.gradle.cache.internal.DefaultFileLockManager] Releasing lock on daemon addresses registry.
2024-11-12T11:20:32.983+0200 [DEBUG] [org.gradle.process.internal.health.memory.DefaultMemoryManager] 409155993 physical memory requested, 236949504 free
2024-11-12T11:20:32.984+0200 [DEBUG] [org.gradle.workers.internal.WorkerDaemonExpiration] Will attempt to release 390 of memory
2024-11-12T11:20:32.986+0200 [DEBUG] [org.gradle.process.internal.health.memory.DefaultMemoryManager] 409155993 physical memory requested, 0 released, 236949504 free
2024-11-12T11:20:32.986+0200 [DEBUG] [org.gradle.process.internal.health.memory.DefaultMemoryManager] 1643707187 virtual memory requested, 1000329216 free
2024-11-12T11:20:32.987+0200 [DEBUG] [org.gradle.workers.internal.WorkerDaemonExpiration] Will attempt to release 1567 of memory
2024-11-12T11:20:32.987+0200 [DEBUG] [org.gradle.process.internal.health.memory.DefaultMemoryManager] 1643707187 virtual memory requested, 0 released, 1000329216 free
2024-11-12T11:20:37.978+0200 [DEBUG] [org.gradle.process.internal.health.memory.DefaultMemoryManager] 409155993 physical memory requested, 404664320 free
2024-11-12T11:20:37.978+0200 [DEBUG] [org.gradle.workers.internal.WorkerDaemonExpiration] Will attempt to release 390 of memory
2024-11-12T11:20:37.978+0200 [DEBUG] [org.gradle.process.internal.health.memory.DefaultMemoryManager] 409155993 physical memory requested, 0 released, 404664320 free
2024-11-12T11:20:37.978+0200 [DEBUG] [org.gradle.process.internal.health.memory.DefaultMemoryManager] 1643707187 virtual memory requested, 1148858368 free
2024-11-12T11:20:37.978+0200 [DEBUG] [org.gradle.workers.internal.WorkerDaemonExpiration] Will attempt to release 1567 of memory
2024-11-12T11:20:37.978+0200 [DEBUG] [org.gradle.process.internal.health.memory.DefaultMemoryManager] 1643707187 virtual memory requested, 0 released, 1148858368 free
2024-11-12T11:20:38.709+0200 [DEBUG] [org.gradle.cache.internal.DefaultFileLockManager] Waiting to acquire shared lock on daemon addresses registry.
2024-11-12T11:20:38.710+0200 [DEBUG] [org.gradle.cache.internal.DefaultFileLockManager] Lock acquired on daemon addresses registry.
2024-11-12T11:20:38.712+0200 [DEBUG] [org.gradle.cache.internal.DefaultFileLockManager] Releasing lock on daemon addresses registry.
2024-11-12T11:20:38.715+0200 [DEBUG] [org.gradle.cache.internal.DefaultFileLockManager] Waiting to acquire shared lock on daemon addresses registry.
2024-11-12T11:20:38.715+0200 [DEBUG] [org.gradle.cache.internal.DefaultFileLockManager] Lock acquired on daemon addresses registry.
2024-11-12T11:20:38.716+0200 [DEBUG] [org.gradle.cache.internal.DefaultFileLockManager] Releasing lock on daemon addresses registry.
2024-11-12T11:20:38.720+0200 [DEBUG] [org.gradle.cache.internal.DefaultFileLockManager] Waiting to acquire shared lock on daemon addresses registry.
2024-11-12T11:20:38.721+0200 [DEBUG] [org.gradle.cache.internal.DefaultFileLockManager] Lock acquired on daemon addresses registry.
2024-11-12T11:20:38.721+0200 [DEBUG] [org.gradle.cache.internal.DefaultFileLockManager] Releasing lock on daemon addresses registry.
2024-11-12T11:20:42.978+0200 [DEBUG] [org.gradle.process.internal.health.memory.DefaultMemoryManager] 409155993 physical memory requested, 407273472 free
2024-11-12T11:20:42.978+0200 [DEBUG] [org.gradle.workers.internal.WorkerDaemonExpiration] Will attempt to release 390 of memory
2024-11-12T11:20:42.978+0200 [DEBUG] [org.gradle.process.internal.health.memory.DefaultMemoryManager] 409155993 physical memory requested, 0 released, 407273472 free
2024-11-12T11:20:42.979+0200 [DEBUG] [org.gradle.process.internal.health.memory.DefaultMemoryManager] 1643707187 virtual memory requested, 1147875328 free
2024-11-12T11:20:42.979+0200 [DEBUG] [org.gradle.workers.internal.WorkerDaemonExpiration] Will attempt to release 1567 of memory
2024-11-12T11:20:42.979+0200 [DEBUG] [org.gradle.process.internal.health.memory.DefaultMemoryManager] 1643707187 virtual memory requested, 0 released, 1147875328 free
2024-11-12T11:20:47.979+0200 [DEBUG] [org.gradle.process.internal.health.memory.DefaultMemoryManager] 409155993 physical memory requested, 390443008 free
2024-11-12T11:20:47.980+0200 [DEBUG] [org.gradle.workers.internal.WorkerDaemonExpiration] Will attempt to release 390 of memory
2024-11-12T11:20:47.980+0200 [DEBUG] [org.gradle.process.internal.health.memory.DefaultMemoryManager] 409155993 physical memory requested, 0 released, 390443008 free
2024-11-12T11:20:47.980+0200 [DEBUG] [org.gradle.process.internal.health.memory.DefaultMemoryManager] 1643707187 virtual memory requested, 1153003520 free
2024-11-12T11:20:47.981+0200 [DEBUG] [org.gradle.workers.internal.WorkerDaemonExpiration] Will attempt to release 1567 of memory
2024-11-12T11:20:47.981+0200 [DEBUG] [org.gradle.process.internal.health.memory.DefaultMemoryManager] 1643707187 virtual memory requested, 0 released, 1153003520 free
2024-11-12T11:20:48.698+0200 [DEBUG] [org.gradle.cache.internal.DefaultFileLockManager] Waiting to acquire shared lock on daemon addresses registry.
2024-11-12T11:20:48.699+0200 [DEBUG] [org.gradle.cache.internal.DefaultFileLockManager] Lock acquired on daemon addresses registry.
2024-11-12T11:20:48.702+0200 [DEBUG] [org.gradle.cache.internal.DefaultFileLockManager] Releasing lock on daemon addresses registry.
2024-11-12T11:20:48.705+0200 [DEBUG] [org.gradle.cache.internal.DefaultFileLockManager] Waiting to acquire shared lock on daemon addresses registry.
2024-11-12T11:20:48.705+0200 [DEBUG] [org.gradle.cache.internal.DefaultFileLockManager] Lock acquired on daemon addresses registry.
2024-11-12T11:20:48.706+0200 [DEBUG] [org.gradle.cache.internal.DefaultFileLockManager] Releasing lock on daemon addresses registry.
2024-11-12T11:20:48.708+0200 [DEBUG] [org.gradle.cache.internal.DefaultFileLockManager] Waiting to acquire shared lock on daemon addresses registry.
2024-11-12T11:20:48.709+0200 [DEBUG] [org.gradle.cache.internal.DefaultFileLockManager] Lock acquired on daemon addresses registry.
2024-11-12T11:20:48.709+0200 [DEBUG] [org.gradle.cache.internal.DefaultFileLockManager] Releasing lock on daemon addresses registry.
2024-11-12T11:20:52.975+0200 [DEBUG] [org.gradle.process.internal.health.memory.DefaultMemoryManager] 409155993 physical memory requested, 361017344 free
2024-11-12T11:20:52.975+0200 [DEBUG] [org.gradle.workers.internal.WorkerDaemonExpiration] Will attempt to release 390 of memory
2024-11-12T11:20:52.975+0200 [DEBUG] [org.gradle.process.internal.health.memory.DefaultMemoryManager] 409155993 physical memory requested, 0 released, 361017344 free
2024-11-12T11:20:52.975+0200 [DEBUG] [org.gradle.process.internal.health.memory.DefaultMemoryManager] 1643707187 virtual memory requested, 1092001792 free
2024-11-12T11:20:52.975+0200 [DEBUG] [org.gradle.workers.internal.WorkerDaemonExpiration] Will attempt to release 1567 of memory
2024-11-12T11:20:52.976+0200 [DEBUG] [org.gradle.process.internal.health.memory.DefaultMemoryManager] 1643707187 virtual memory requested, 0 released, 1092001792 free
2024-11-12T11:20:57.978+0200 [DEBUG] [org.gradle.process.internal.health.memory.DefaultMemoryManager] 409155993 physical memory requested, 327090176 free
2024-11-12T11:20:57.978+0200 [DEBUG] [org.gradle.workers.internal.WorkerDaemonExpiration] Will attempt to release 390 of memory
2024-11-12T11:20:57.978+0200 [DEBUG] [org.gradle.process.internal.health.memory.DefaultMemoryManager] 409155993 physical memory requested, 0 released, 327090176 free
2024-11-12T11:20:57.979+0200 [DEBUG] [org.gradle.process.internal.health.memory.DefaultMemoryManager] 1643707187 virtual memory requested, 1126129664 free
2024-11-12T11:20:57.979+0200 [DEBUG] [org.gradle.workers.internal.WorkerDaemonExpiration] Will attempt to release 1567 of memory
2024-11-12T11:20:57.979+0200 [DEBUG] [org.gradle.process.internal.health.memory.DefaultMemoryManager] 1643707187 virtual memory requested, 0 released, 1126129664 free
2024-11-12T11:20:58.702+0200 [DEBUG] [org.gradle.cache.internal.DefaultFileLockManager] Waiting to acquire shared lock on daemon addresses registry.
2024-11-12T11:20:58.703+0200 [DEBUG] [org.gradle.cache.internal.DefaultFileLockManager] Lock acquired on daemon addresses registry.
2024-11-12T11:20:58.705+0200 [DEBUG] [org.gradle.cache.internal.DefaultFileLockManager] Releasing lock on daemon addresses registry.
2024-11-12T11:20:58.716+0200 [DEBUG] [org.gradle.cache.internal.DefaultFileLockManager] Waiting to acquire shared lock on daemon addresses registry.
2024-11-12T11:20:58.716+0200 [DEBUG] [org.gradle.cache.internal.DefaultFileLockManager] Lock acquired on daemon addresses registry.
2024-11-12T11:20:58.716+0200 [DEBUG] [org.gradle.cache.internal.DefaultFileLockManager] Releasing lock on daemon addresses registry.
2024-11-12T11:20:58.722+0200 [DEBUG] [org.gradle.cache.internal.DefaultFileLockManager] Waiting to acquire shared lock on daemon addresses registry.
2024-11-12T11:20:58.722+0200 [DEBUG] [org.gradle.cache.internal.DefaultFileLockManager] Lock acquired on daemon addresses registry.
2024-11-12T11:20:58.723+0200 [DEBUG] [org.gradle.cache.internal.DefaultFileLockManager] Releasing lock on daemon addresses registry.
2024-11-12T11:21:02.976+0200 [DEBUG] [org.gradle.process.internal.health.memory.DefaultMemoryManager] 409155993 physical memory requested, 292511744 free
2024-11-12T11:21:02.976+0200 [DEBUG] [org.gradle.workers.internal.WorkerDaemonExpiration] Will attempt to release 390 of memory
2024-11-12T11:21:02.976+0200 [DEBUG] [org.gradle.process.internal.health.memory.DefaultMemoryManager] 409155993 physical memory requested, 0 released, 292511744 free
2024-11-12T11:21:02.976+0200 [DEBUG] [org.gradle.process.internal.health.memory.DefaultMemoryManager] 1643707187 virtual memory requested, 1121280000 free
2024-11-12T11:21:02.977+0200 [DEBUG] [org.gradle.workers.internal.WorkerDaemonExpiration] Will attempt to release 1567 of memory
2024-11-12T11:21:02.977+0200 [DEBUG] [org.gradle.process.internal.health.memory.DefaultMemoryManager] 1643707187 virtual memory requested, 0 released, 1121280000 free
2024-11-12T11:21:08.009+0200 [DEBUG] [org.gradle.process.internal.health.memory.DefaultMemoryManager] 409155993 physical memory requested, 276258816 free
2024-11-12T11:21:08.009+0200 [DEBUG] [org.gradle.workers.internal.WorkerDaemonExpiration] Will attempt to release 390 of memory
2024-11-12T11:21:08.009+0200 [DEBUG] [org.gradle.process.internal.health.memory.DefaultMemoryManager] 409155993 physical memory requested, 0 released, 276258816 free
2024-11-12T11:21:08.009+0200 [DEBUG] [org.gradle.process.internal.health.memory.DefaultMemoryManager] 1643707187 virtual memory requested, 1174069248 free
2024-11-12T11:21:08.009+0200 [DEBUG] [org.gradle.workers.internal.WorkerDaemonExpiration] Will attempt to release 1567 of memory
2024-11-12T11:21:08.009+0200 [DEBUG] [org.gradle.process.internal.health.memory.DefaultMemoryManager] 1643707187 virtual memory requested, 0 released, 1174069248 free
2024-11-12T11:21:08.704+0200 [DEBUG] [org.gradle.cache.internal.DefaultFileLockManager] Waiting to acquire shared lock on daemon addresses registry.
2024-11-12T11:21:08.704+0200 [DEBUG] [org.gradle.cache.internal.DefaultFileLockManager] Lock acquired on daemon addresses registry.
2024-11-12T11:21:08.705+0200 [DEBUG] [org.gradle.cache.internal.DefaultFileLockManager] Releasing lock on daemon addresses registry.
2024-11-12T11:21:08.707+0200 [DEBUG] [org.gradle.cache.internal.DefaultFileLockManager] Waiting to acquire shared lock on daemon addresses registry.
2024-11-12T11:21:08.708+0200 [DEBUG] [org.gradle.cache.internal.DefaultFileLockManager] Lock acquired on daemon addresses registry.
2024-11-12T11:21:08.708+0200 [DEBUG] [org.gradle.cache.internal.DefaultFileLockManager] Releasing lock on daemon addresses registry.
2024-11-12T11:21:08.711+0200 [DEBUG] [org.gradle.cache.internal.DefaultFileLockManager] Waiting to acquire shared lock on daemon addresses registry.
2024-11-12T11:21:08.711+0200 [DEBUG] [org.gradle.cache.internal.DefaultFileLockManager] Lock acquired on daemon addresses registry.
2024-11-12T11:21:08.712+0200 [DEBUG] [org.gradle.cache.internal.DefaultFileLockManager] Releasing lock on daemon addresses registry.
2024-11-12T11:21:12.986+0200 [DEBUG] [org.gradle.process.internal.health.memory.DefaultMemoryManager] 409155993 physical memory requested, 329584640 free
2024-11-12T11:21:12.986+0200 [DEBUG] [org.gradle.workers.internal.WorkerDaemonExpiration] Will attempt to release 390 of memory
2024-11-12T11:21:12.987+0200 [DEBUG] [org.gradle.process.internal.health.memory.DefaultMemoryManager] 409155993 physical memory requested, 0 released, 329584640 free
2024-11-12T11:21:12.987+0200 [DEBUG] [org.gradle.process.internal.health.memory.DefaultMemoryManager] 1643707187 virtual memory requested, 1260044288 free
2024-11-12T11:21:12.988+0200 [DEBUG] [org.gradle.workers.internal.WorkerDaemonExpiration] Will attempt to release 1567 of memory
2024-11-12T11:21:12.988+0200 [DEBUG] [org.gradle.process.internal.health.memory.DefaultMemoryManager] 1643707187 virtual memory requested, 0 released, 1260044288 free
2024-11-12T11:21:17.974+0200 [DEBUG] [org.gradle.process.internal.health.memory.DefaultMemoryManager] 409155993 physical memory requested, 320241664 free
2024-11-12T11:21:17.974+0200 [DEBUG] [org.gradle.workers.internal.WorkerDaemonExpiration] Will attempt to release 390 of memory
2024-11-12T11:21:17.974+0200 [DEBUG] [org.gradle.process.internal.health.memory.DefaultMemoryManager] 409155993 physical memory requested, 0 released, 320241664 free
2024-11-12T11:21:17.974+0200 [DEBUG] [org.gradle.process.internal.health.memory.DefaultMemoryManager] 1643707187 virtual memory requested, 1258442752 free
2024-11-12T11:21:17.974+0200 [DEBUG] [org.gradle.workers.internal.WorkerDaemonExpiration] Will attempt to release 1567 of memory
2024-11-12T11:21:17.974+0200 [DEBUG] [org.gradle.process.internal.health.memory.DefaultMemoryManager] 1643707187 virtual memory requested, 0 released, 1258442752 free
2024-11-12T11:21:18.703+0200 [DEBUG] [org.gradle.cache.internal.DefaultFileLockManager] Waiting to acquire shared lock on daemon addresses registry.
2024-11-12T11:21:18.704+0200 [DEBUG] [org.gradle.cache.internal.DefaultFileLockManager] Lock acquired on daemon addresses registry.
2024-11-12T11:21:18.704+0200 [DEBUG] [org.gradle.cache.internal.DefaultFileLockManager] Releasing lock on daemon addresses registry.
2024-11-12T11:21:18.709+0200 [DEBUG] [org.gradle.cache.internal.DefaultFileLockManager] Waiting to acquire shared lock on daemon addresses registry.
2024-11-12T11:21:18.709+0200 [DEBUG] [org.gradle.cache.internal.DefaultFileLockManager] Lock acquired on daemon addresses registry.
2024-11-12T11:21:18.711+0200 [DEBUG] [org.gradle.cache.internal.DefaultFileLockManager] Releasing lock on daemon addresses registry.
2024-11-12T11:21:18.713+0200 [DEBUG] [org.gradle.cache.internal.DefaultFileLockManager] Waiting to acquire shared lock on daemon addresses registry.
2024-11-12T11:21:18.713+0200 [DEBUG] [org.gradle.cache.internal.DefaultFileLockManager] Lock acquired on daemon addresses registry.
2024-11-12T11:21:18.714+0200 [DEBUG] [org.gradle.cache.internal.DefaultFileLockManager] Releasing lock on daemon addresses registry.
2024-11-12T11:21:22.979+0200 [DEBUG] [org.gradle.process.internal.health.memory.DefaultMemoryManager] 409155993 physical memory requested, 321024000 free
2024-11-12T11:21:22.980+0200 [DEBUG] [org.gradle.workers.internal.WorkerDaemonExpiration] Will attempt to release 390 of memory
2024-11-12T11:21:22.980+0200 [DEBUG] [org.gradle.process.internal.health.memory.DefaultMemoryManager] 409155993 physical memory requested, 0 released, 321024000 free
2024-11-12T11:21:22.980+0200 [DEBUG] [org.gradle.process.internal.health.memory.DefaultMemoryManager] 1643707187 virtual memory requested, 1314402304 free
2024-11-12T11:21:22.980+0200 [DEBUG] [org.gradle.workers.internal.WorkerDaemonExpiration] Will attempt to release 1567 of memory
2024-11-12T11:21:22.980+0200 [DEBUG] [org.gradle.process.internal.health.memory.DefaultMemoryManager] 1643707187 virtual memory requested, 0 released, 1314402304 free
2024-11-12T11:21:27.985+0200 [DEBUG] [org.gradle.process.internal.health.memory.DefaultMemoryManager] 409155993 physical memory requested, 319049728 free
2024-11-12T11:21:27.986+0200 [DEBUG] [org.gradle.workers.internal.WorkerDaemonExpiration] Will attempt to release 390 of memory
2024-11-12T11:21:27.986+0200 [DEBUG] [org.gradle.process.internal.health.memory.DefaultMemoryManager] 409155993 physical memory requested, 0 released, 319049728 free
2024-11-12T11:21:27.986+0200 [DEBUG] [org.gradle.process.internal.health.memory.DefaultMemoryManager] 1643707187 virtual memory requested, 1315557376 free
2024-11-12T11:21:27.986+0200 [DEBUG] [org.gradle.workers.internal.WorkerDaemonExpiration] Will attempt to release 1567 of memory
2024-11-12T11:21:27.986+0200 [DEBUG] [org.gradle.process.internal.health.memory.DefaultMemoryManager] 1643707187 virtual memory requested, 0 released, 1315557376 free
2024-11-12T11:21:28.694+0200 [DEBUG] [org.gradle.cache.internal.DefaultFileLockManager] Waiting to acquire shared lock on daemon addresses registry.
2024-11-12T11:21:28.694+0200 [DEBUG] [org.gradle.cache.internal.DefaultFileLockManager] Lock acquired on daemon addresses registry.
2024-11-12T11:21:28.694+0200 [DEBUG] [org.gradle.cache.internal.DefaultFileLockManager] Releasing lock on daemon addresses registry.
2024-11-12T11:21:28.696+0200 [DEBUG] [org.gradle.cache.internal.DefaultFileLockManager] Waiting to acquire shared lock on daemon addresses registry.
2024-11-12T11:21:28.696+0200 [DEBUG] [org.gradle.cache.internal.DefaultFileLockManager] Lock acquired on daemon addresses registry.
2024-11-12T11:21:28.697+0200 [DEBUG] [org.gradle.cache.internal.DefaultFileLockManager] Releasing lock on daemon addresses registry.
2024-11-12T11:21:28.699+0200 [DEBUG] [org.gradle.cache.internal.DefaultFileLockManager] Waiting to acquire shared lock on daemon addresses registry.
2024-11-12T11:21:28.699+0200 [DEBUG] [org.gradle.cache.internal.DefaultFileLockManager] Lock acquired on daemon addresses registry.
2024-11-12T11:21:28.700+0200 [DEBUG] [org.gradle.cache.internal.DefaultFileLockManager] Releasing lock on daemon addresses registry.
2024-11-12T11:21:32.976+0200 [DEBUG] [org.gradle.process.internal.health.memory.DefaultMemoryManager] 409155993 physical memory requested, 285278208 free
2024-11-12T11:21:32.977+0200 [DEBUG] [org.gradle.workers.internal.WorkerDaemonExpiration] Will attempt to release 390 of memory
2024-11-12T11:21:32.977+0200 [DEBUG] [org.gradle.process.internal.health.memory.DefaultMemoryManager] 409155993 physical memory requested, 0 released, 285278208 free
2024-11-12T11:21:32.977+0200 [DEBUG] [org.gradle.process.internal.health.memory.DefaultMemoryManager] 1643707187 virtual memory requested, 1315180544 free
2024-11-12T11:21:32.977+0200 [DEBUG] [org.gradle.workers.internal.WorkerDaemonExpiration] Will attempt to release 1567 of memory
2024-11-12T11:21:32.977+0200 [DEBUG] [org.gradle.process.internal.health.memory.DefaultMemoryManager] 1643707187 virtual memory requested, 0 released, 1315180544 free
2024-11-12T11:21:37.981+0200 [DEBUG] [org.gradle.process.internal.health.memory.DefaultMemoryManager] 409155993 physical memory requested, 318181376 free
2024-11-12T11:21:37.982+0200 [DEBUG] [org.gradle.workers.internal.WorkerDaemonExpiration] Will attempt to release 390 of memory
2024-11-12T11:21:37.982+0200 [DEBUG] [org.gradle.process.internal.health.memory.DefaultMemoryManager] 409155993 physical memory requested, 0 released, 318181376 free
2024-11-12T11:21:37.982+0200 [DEBUG] [org.gradle.process.internal.health.memory.DefaultMemoryManager] 1643707187 virtual memory requested, 1341243392 free
2024-11-12T11:21:37.982+0200 [DEBUG] [org.gradle.workers.internal.WorkerDaemonExpiration] Will attempt to release 1567 of memory
2024-11-12T11:21:37.982+0200 [DEBUG] [org.gradle.process.internal.health.memory.DefaultMemoryManager] 1643707187 virtual memory requested, 0 released, 1341243392 free
2024-11-12T11:21:38.704+0200 [DEBUG] [org.gradle.cache.internal.DefaultFileLockManager] Waiting to acquire shared lock on daemon addresses registry.
2024-11-12T11:21:38.704+0200 [DEBUG] [org.gradle.cache.internal.DefaultFileLockManager] Lock acquired on daemon addresses registry.
2024-11-12T11:21:38.735+0200 [DEBUG] [org.gradle.cache.internal.DefaultFileLockManager] Releasing lock on daemon addresses registry.
2024-11-12T11:21:38.736+0200 [DEBUG] [org.gradle.cache.internal.DefaultFileLockManager] Waiting to acquire shared lock on daemon addresses registry.
2024-11-12T11:21:38.736+0200 [DEBUG] [org.gradle.cache.internal.DefaultFileLockManager] Lock acquired on daemon addresses registry.
2024-11-12T11:21:38.737+0200 [DEBUG] [org.gradle.cache.internal.DefaultFileLockManager] Releasing lock on daemon addresses registry.
2024-11-12T11:21:38.738+0200 [DEBUG] [org.gradle.cache.internal.DefaultFileLockManager] Waiting to acquire shared lock on daemon addresses registry.
2024-11-12T11:21:38.738+0200 [DEBUG] [org.gradle.cache.internal.DefaultFileLockManager] Lock acquired on daemon addresses registry.
2024-11-12T11:21:38.739+0200 [DEBUG] [org.gradle.cache.internal.DefaultFileLockManager] Releasing lock on daemon addresses registry.
2024-11-12T11:21:42.973+0200 [DEBUG] [org.gradle.process.internal.health.memory.DefaultMemoryManager] 409155993 physical memory requested, 274247680 free
2024-11-12T11:21:42.973+0200 [DEBUG] [org.gradle.workers.internal.WorkerDaemonExpiration] Will attempt to release 390 of memory
2024-11-12T11:21:42.974+0200 [DEBUG] [org.gradle.process.internal.health.memory.DefaultMemoryManager] 409155993 physical memory requested, 0 released, 274247680 free
2024-11-12T11:21:42.974+0200 [DEBUG] [org.gradle.process.internal.health.memory.DefaultMemoryManager] 1643707187 virtual memory requested, 1313857536 free
2024-11-12T11:21:42.974+0200 [DEBUG] [org.gradle.workers.internal.WorkerDaemonExpiration] Will attempt to release 1567 of memory
2024-11-12T11:21:42.974+0200 [DEBUG] [org.gradle.process.internal.health.memory.DefaultMemoryManager] 1643707187 virtual memory requested, 0 released, 1313857536 free
2024-11-12T11:21:47.975+0200 [DEBUG] [org.gradle.process.internal.health.memory.DefaultMemoryManager] 409155993 physical memory requested, 270684160 free
2024-11-12T11:21:47.975+0200 [DEBUG] [org.gradle.workers.internal.WorkerDaemonExpiration] Will attempt to release 390 of memory
2024-11-12T11:21:47.975+0200 [DEBUG] [org.gradle.process.internal.health.memory.DefaultMemoryManager] 409155993 physical memory requested, 0 released, 270684160 free
2024-11-12T11:21:47.975+0200 [DEBUG] [org.gradle.process.internal.health.memory.DefaultMemoryManager] 1643707187 virtual memory requested, 1320296448 free
2024-11-12T11:21:47.975+0200 [DEBUG] [org.gradle.workers.internal.WorkerDaemonExpiration] Will attempt to release 1567 of memory
2024-11-12T11:21:47.976+0200 [DEBUG] [org.gradle.process.internal.health.memory.DefaultMemoryManager] 1643707187 virtual memory requested, 0 released, 1320296448 free
2024-11-12T11:21:48.703+0200 [DEBUG] [org.gradle.cache.internal.DefaultFileLockManager] Waiting to acquire shared lock on daemon addresses registry.
2024-11-12T11:21:48.704+0200 [DEBUG] [org.gradle.cache.internal.DefaultFileLockManager] Lock acquired on daemon addresses registry.
2024-11-12T11:21:48.705+0200 [DEBUG] [org.gradle.cache.internal.DefaultFileLockManager] Releasing lock on daemon addresses registry.
2024-11-12T11:21:48.706+0200 [DEBUG] [org.gradle.cache.internal.DefaultFileLockManager] Waiting to acquire shared lock on daemon addresses registry.
2024-11-12T11:21:48.707+0200 [DEBUG] [org.gradle.cache.internal.DefaultFileLockManager] Lock acquired on daemon addresses registry.
2024-11-12T11:21:48.707+0200 [DEBUG] [org.gradle.cache.internal.DefaultFileLockManager] Releasing lock on daemon addresses registry.
2024-11-12T11:21:48.708+0200 [DEBUG] [org.gradle.cache.internal.DefaultFileLockManager] Waiting to acquire shared lock on daemon addresses registry.
2024-11-12T11:21:48.708+0200 [DEBUG] [org.gradle.cache.internal.DefaultFileLockManager] Lock acquired on daemon addresses registry.
2024-11-12T11:21:48.709+0200 [DEBUG] [org.gradle.cache.internal.DefaultFileLockManager] Releasing lock on daemon addresses registry.
2024-11-12T11:21:52.982+0200 [DEBUG] [org.gradle.process.internal.health.memory.DefaultMemoryManager] 409155993 physical memory requested, 339681280 free
2024-11-12T11:21:52.982+0200 [DEBUG] [org.gradle.workers.internal.WorkerDaemonExpiration] Will attempt to release 390 of memory
2024-11-12T11:21:52.983+0200 [DEBUG] [org.gradle.process.internal.health.memory.DefaultMemoryManager] 409155993 physical memory requested, 0 released, 339681280 free
2024-11-12T11:21:52.983+0200 [DEBUG] [org.gradle.process.internal.health.memory.DefaultMemoryManager] 1643707187 virtual memory requested, 1261895680 free
2024-11-12T11:21:52.983+0200 [DEBUG] [org.gradle.workers.internal.WorkerDaemonExpiration] Will attempt to release 1567 of memory
2024-11-12T11:21:52.983+0200 [DEBUG] [org.gradle.process.internal.health.memory.DefaultMemoryManager] 1643707187 virtual memory requested, 0 released, 1261895680 free
2024-11-12T11:21:57.978+0200 [DEBUG] [org.gradle.process.internal.health.memory.DefaultMemoryManager] 409155993 physical memory requested, 358862848 free
2024-11-12T11:21:57.978+0200 [DEBUG] [org.gradle.workers.internal.WorkerDaemonExpiration] Will attempt to release 390 of memory
2024-11-12T11:21:57.979+0200 [DEBUG] [org.gradle.process.internal.health.memory.DefaultMemoryManager] 409155993 physical memory requested, 0 released, 358862848 free
2024-11-12T11:21:57.979+0200 [DEBUG] [org.gradle.process.internal.health.memory.DefaultMemoryManager] 1643707187 virtual memory requested, 1294381056 free
2024-11-12T11:21:57.979+0200 [DEBUG] [org.gradle.workers.internal.WorkerDaemonExpiration] Will attempt to release 1567 of memory
2024-11-12T11:21:57.979+0200 [DEBUG] [org.gradle.process.internal.health.memory.DefaultMemoryManager] 1643707187 virtual memory requested, 0 released, 1294381056 free
2024-11-12T11:21:58.705+0200 [DEBUG] [org.gradle.cache.internal.DefaultFileLockManager] Waiting to acquire shared lock on daemon addresses registry.
2024-11-12T11:21:58.706+0200 [DEBUG] [org.gradle.cache.internal.DefaultFileLockManager] Lock acquired on daemon addresses registry.
2024-11-12T11:21:58.707+0200 [DEBUG] [org.gradle.cache.internal.DefaultFileLockManager] Releasing lock on daemon addresses registry.
2024-11-12T11:21:58.708+0200 [DEBUG] [org.gradle.cache.internal.DefaultFileLockManager] Waiting to acquire shared lock on daemon addresses registry.
2024-11-12T11:21:58.708+0200 [DEBUG] [org.gradle.cache.internal.DefaultFileLockManager] Lock acquired on daemon addresses registry.
2024-11-12T11:21:58.709+0200 [DEBUG] [org.gradle.cache.internal.DefaultFileLockManager] Releasing lock on daemon addresses registry.
2024-11-12T11:21:58.710+0200 [DEBUG] [org.gradle.cache.internal.DefaultFileLockManager] Waiting to acquire shared lock on daemon addresses registry.
2024-11-12T11:21:58.710+0200 [DEBUG] [org.gradle.cache.internal.DefaultFileLockManager] Lock acquired on daemon addresses registry.
2024-11-12T11:21:58.710+0200 [DEBUG] [org.gradle.cache.internal.DefaultFileLockManager] Releasing lock on daemon addresses registry.
2024-11-12T11:22:02.974+0200 [DEBUG] [org.gradle.process.internal.health.memory.DefaultMemoryManager] 409155993 physical memory requested, 374321152 free
2024-11-12T11:22:02.974+0200 [DEBUG] [org.gradle.workers.internal.WorkerDaemonExpiration] Will attempt to release 390 of memory
2024-11-12T11:22:02.974+0200 [DEBUG] [org.gradle.process.internal.health.memory.DefaultMemoryManager] 409155993 physical memory requested, 0 released, 374321152 free
2024-11-12T11:22:02.974+0200 [DEBUG] [org.gradle.process.internal.health.memory.DefaultMemoryManager] 1643707187 virtual memory requested, 1489334272 free
2024-11-12T11:22:02.974+0200 [DEBUG] [org.gradle.workers.internal.WorkerDaemonExpiration] Will attempt to release 1567 of memory
2024-11-12T11:22:02.974+0200 [DEBUG] [org.gradle.process.internal.health.memory.DefaultMemoryManager] 1643707187 virtual memory requested, 0 released, 1489334272 free
2024-11-12T11:22:07.978+0200 [DEBUG] [org.gradle.process.internal.health.memory.DefaultMemoryManager] 409155993 physical memory requested, 388300800 free
2024-11-12T11:22:07.979+0200 [DEBUG] [org.gradle.workers.internal.WorkerDaemonExpiration] Will attempt to release 390 of memory
2024-11-12T11:22:07.979+0200 [DEBUG] [org.gradle.process.internal.health.memory.DefaultMemoryManager] 409155993 physical memory requested, 0 released, 388300800 free
2024-11-12T11:22:07.979+0200 [DEBUG] [org.gradle.process.internal.health.memory.DefaultMemoryManager] 1643707187 virtual memory requested, 1542164480 free
2024-11-12T11:22:07.979+0200 [DEBUG] [org.gradle.workers.internal.WorkerDaemonExpiration] Will attempt to release 1567 of memory
2024-11-12T11:22:07.979+0200 [DEBUG] [org.gradle.process.internal.health.memory.DefaultMemoryManager] 1643707187 virtual memory requested, 0 released, 1542164480 free
2024-11-12T11:22:08.700+0200 [DEBUG] [org.gradle.cache.internal.DefaultFileLockManager] Waiting to acquire shared lock on daemon addresses registry.
2024-11-12T11:22:08.701+0200 [DEBUG] [org.gradle.cache.internal.DefaultFileLockManager] Lock acquired on daemon addresses registry.
2024-11-12T11:22:08.701+0200 [DEBUG] [org.gradle.cache.internal.DefaultFileLockManager] Releasing lock on daemon addresses registry.
2024-11-12T11:22:08.704+0200 [DEBUG] [org.gradle.cache.internal.DefaultFileLockManager] Waiting to acquire shared lock on daemon addresses registry.
2024-11-12T11:22:08.704+0200 [DEBUG] [org.gradle.cache.internal.DefaultFileLockManager] Lock acquired on daemon addresses registry.
2024-11-12T11:22:08.705+0200 [DEBUG] [org.gradle.cache.internal.DefaultFileLockManager] Releasing lock on daemon addresses registry.
2024-11-12T11:22:08.707+0200 [DEBUG] [org.gradle.cache.internal.DefaultFileLockManager] Waiting to acquire shared lock on daemon addresses registry.
2024-11-12T11:22:08.708+0200 [DEBUG] [org.gradle.cache.internal.DefaultFileLockManager] Lock acquired on daemon addresses registry.
2024-11-12T11:22:08.708+0200 [DEBUG] [org.gradle.cache.internal.DefaultFileLockManager] Releasing lock on daemon addresses registry.
2024-11-12T11:22:12.988+0200 [DEBUG] [org.gradle.process.internal.health.memory.DefaultMemoryManager] 409155993 physical memory requested, 361734144 free
2024-11-12T11:22:12.988+0200 [DEBUG] [org.gradle.workers.internal.WorkerDaemonExpiration] Will attempt to release 390 of memory
2024-11-12T11:22:12.989+0200 [DEBUG] [org.gradle.process.internal.health.memory.DefaultMemoryManager] 409155993 physical memory requested, 0 released, 361734144 free
2024-11-12T11:22:12.989+0200 [DEBUG] [org.gradle.process.internal.health.memory.DefaultMemoryManager] 1643707187 virtual memory requested, 1523658752 free
2024-11-12T11:22:12.989+0200 [DEBUG] [org.gradle.workers.internal.WorkerDaemonExpiration] Will attempt to release 1567 of memory
2024-11-12T11:22:12.990+0200 [DEBUG] [org.gradle.process.internal.health.memory.DefaultMemoryManager] 1643707187 virtual memory requested, 0 released, 1523658752 free
2024-11-12T11:22:17.974+0200 [DEBUG] [org.gradle.process.internal.health.memory.DefaultMemoryManager] 409155993 physical memory requested, 339501056 free
2024-11-12T11:22:17.974+0200 [DEBUG] [org.gradle.workers.internal.WorkerDaemonExpiration] Will attempt to release 390 of memory
2024-11-12T11:22:17.974+0200 [DEBUG] [org.gradle.process.internal.health.memory.DefaultMemoryManager] 409155993 physical memory requested, 0 released, 339501056 free
2024-11-12T11:22:17.974+0200 [DEBUG] [org.gradle.process.internal.health.memory.DefaultMemoryManager] 1643707187 virtual memory requested, 1469886464 free
2024-11-12T11:22:17.975+0200 [DEBUG] [org.gradle.workers.internal.WorkerDaemonExpiration] Will attempt to release 1567 of memory
2024-11-12T11:22:17.975+0200 [DEBUG] [org.gradle.process.internal.health.memory.DefaultMemoryManager] 1643707187 virtual memory requested, 0 released, 1469886464 free
2024-11-12T11:22:18.698+0200 [DEBUG] [org.gradle.cache.internal.DefaultFileLockManager] Waiting to acquire shared lock on daemon addresses registry.
2024-11-12T11:22:18.698+0200 [DEBUG] [org.gradle.cache.internal.DefaultFileLockManager] Lock acquired on daemon addresses registry.
2024-11-12T11:22:18.701+0200 [DEBUG] [org.gradle.cache.internal.DefaultFileLockManager] Releasing lock on daemon addresses registry.
2024-11-12T11:22:18.703+0200 [DEBUG] [org.gradle.cache.internal.DefaultFileLockManager] Waiting to acquire shared lock on daemon addresses registry.
2024-11-12T11:22:18.703+0200 [DEBUG] [org.gradle.cache.internal.DefaultFileLockManager] Lock acquired on daemon addresses registry.
2024-11-12T11:22:18.704+0200 [DEBUG] [org.gradle.cache.internal.DefaultFileLockManager] Releasing lock on daemon addresses registry.
2024-11-12T11:22:18.707+0200 [DEBUG] [org.gradle.cache.internal.DefaultFileLockManager] Waiting to acquire shared lock on daemon addresses registry.
2024-11-12T11:22:18.708+0200 [DEBUG] [org.gradle.cache.internal.DefaultFileLockManager] Lock acquired on daemon addresses registry.
2024-11-12T11:22:18.709+0200 [DEBUG] [org.gradle.cache.internal.DefaultFileLockManager] Releasing lock on daemon addresses registry.
2024-11-12T11:22:22.976+0200 [DEBUG] [org.gradle.process.internal.health.memory.DefaultMemoryManager] 409155993 physical memory requested, 304353280 free
2024-11-12T11:22:22.977+0200 [DEBUG] [org.gradle.workers.internal.WorkerDaemonExpiration] Will attempt to release 390 of memory
2024-11-12T11:22:22.977+0200 [DEBUG] [org.gradle.process.internal.health.memory.DefaultMemoryManager] 409155993 physical memory requested, 0 released, 304353280 free
2024-11-12T11:22:22.977+0200 [DEBUG] [org.gradle.process.internal.health.memory.DefaultMemoryManager] 1643707187 virtual memory requested, 1425108992 free
2024-11-12T11:22:22.977+0200 [DEBUG] [org.gradle.workers.internal.WorkerDaemonExpiration] Will attempt to release 1567 of memory
2024-11-12T11:22:22.978+0200 [DEBUG] [org.gradle.process.internal.health.memory.DefaultMemoryManager] 1643707187 virtual memory requested, 0 released, 1425108992 free
2024-11-12T11:22:27.989+0200 [DEBUG] [org.gradle.process.internal.health.memory.DefaultMemoryManager] 409155993 physical memory requested, 286601216 free
2024-11-12T11:22:27.989+0200 [DEBUG] [org.gradle.workers.internal.WorkerDaemonExpiration] Will attempt to release 390 of memory
2024-11-12T11:22:27.989+0200 [DEBUG] [org.gradle.process.internal.health.memory.DefaultMemoryManager] 409155993 physical memory requested, 0 released, 286601216 free
2024-11-12T11:22:27.989+0200 [DEBUG] [org.gradle.process.internal.health.memory.DefaultMemoryManager] 1643707187 virtual memory requested, 1404674048 free
2024-11-12T11:22:27.989+0200 [DEBUG] [org.gradle.workers.internal.WorkerDaemonExpiration] Will attempt to release 1567 of memory
2024-11-12T11:22:27.989+0200 [DEBUG] [org.gradle.process.internal.health.memory.DefaultMemoryManager] 1643707187 virtual memory requested, 0 released, 1404674048 free
2024-11-12T11:22:28.699+0200 [DEBUG] [org.gradle.cache.internal.DefaultFileLockManager] Waiting to acquire shared lock on daemon addresses registry.
2024-11-12T11:22:28.699+0200 [DEBUG] [org.gradle.cache.internal.DefaultFileLockManager] Lock acquired on daemon addresses registry.
2024-11-12T11:22:28.699+0200 [DEBUG] [org.gradle.cache.internal.DefaultFileLockManager] Releasing lock on daemon addresses registry.
2024-11-12T11:22:28.700+0200 [DEBUG] [org.gradle.cache.internal.DefaultFileLockManager] Waiting to acquire shared lock on daemon addresses registry.
2024-11-12T11:22:28.701+0200 [DEBUG] [org.gradle.cache.internal.DefaultFileLockManager] Lock acquired on daemon addresses registry.
2024-11-12T11:22:28.701+0200 [DEBUG] [org.gradle.cache.internal.DefaultFileLockManager] Releasing lock on daemon addresses registry.
2024-11-12T11:22:28.703+0200 [DEBUG] [org.gradle.cache.internal.DefaultFileLockManager] Waiting to acquire shared lock on daemon addresses registry.
2024-11-12T11:22:28.703+0200 [DEBUG] [org.gradle.cache.internal.DefaultFileLockManager] Lock acquired on daemon addresses registry.
2024-11-12T11:22:28.704+0200 [DEBUG] [org.gradle.cache.internal.DefaultFileLockManager] Releasing lock on daemon addresses registry.
2024-11-12T11:22:32.976+0200 [DEBUG] [org.gradle.process.internal.health.memory.DefaultMemoryManager] 409155993 physical memory requested, 279797760 free
2024-11-12T11:22:32.976+0200 [DEBUG] [org.gradle.workers.internal.WorkerDaemonExpiration] Will attempt to release 390 of memory
2024-11-12T11:22:32.976+0200 [DEBUG] [org.gradle.process.internal.health.memory.DefaultMemoryManager] 409155993 physical memory requested, 0 released, 279797760 free
2024-11-12T11:22:32.976+0200 [DEBUG] [org.gradle.process.internal.health.memory.DefaultMemoryManager] 1643707187 virtual memory requested, 1430147072 free
2024-11-12T11:22:32.976+0200 [DEBUG] [org.gradle.workers.internal.WorkerDaemonExpiration] Will attempt to release 1567 of memory
2024-11-12T11:22:32.976+0200 [DEBUG] [org.gradle.process.internal.health.memory.DefaultMemoryManager] 1643707187 virtual memory requested, 0 released, 1430147072 free
2024-11-12T11:22:37.995+0200 [DEBUG] [org.gradle.process.internal.health.memory.DefaultMemoryManager] 409155993 physical memory requested, 263761920 free
2024-11-12T11:22:37.995+0200 [DEBUG] [org.gradle.workers.internal.WorkerDaemonExpiration] Will attempt to release 390 of memory
2024-11-12T11:22:37.995+0200 [DEBUG] [org.gradle.process.internal.health.memory.DefaultMemoryManager] 409155993 physical memory requested, 0 released, 263761920 free
2024-11-12T11:22:37.995+0200 [DEBUG] [org.gradle.process.internal.health.memory.DefaultMemoryManager] 1643707187 virtual memory requested, 1442222080 free
2024-11-12T11:22:37.995+0200 [DEBUG] [org.gradle.workers.internal.WorkerDaemonExpiration] Will attempt to release 1567 of memory
2024-11-12T11:22:37.996+0200 [DEBUG] [org.gradle.process.internal.health.memory.DefaultMemoryManager] 1643707187 virtual memory requested, 0 released, 1442222080 free
2024-11-12T11:22:38.691+0200 [DEBUG] [org.gradle.cache.internal.DefaultFileLockManager] Waiting to acquire shared lock on daemon addresses registry.
2024-11-12T11:22:38.692+0200 [DEBUG] [org.gradle.cache.internal.DefaultFileLockManager] Lock acquired on daemon addresses registry.
2024-11-12T11:22:38.692+0200 [DEBUG] [org.gradle.cache.internal.DefaultFileLockManager] Releasing lock on daemon addresses registry.
2024-11-12T11:22:38.693+0200 [DEBUG] [org.gradle.cache.internal.DefaultFileLockManager] Waiting to acquire shared lock on daemon addresses registry.
2024-11-12T11:22:38.693+0200 [DEBUG] [org.gradle.cache.internal.DefaultFileLockManager] Lock acquired on daemon addresses registry.
2024-11-12T11:22:38.693+0200 [DEBUG] [org.gradle.cache.internal.DefaultFileLockManager] Releasing lock on daemon addresses registry.
2024-11-12T11:22:38.694+0200 [DEBUG] [org.gradle.cache.internal.DefaultFileLockManager] Waiting to acquire shared lock on daemon addresses registry.
2024-11-12T11:22:38.694+0200 [DEBUG] [org.gradle.cache.internal.DefaultFileLockManager] Lock acquired on daemon addresses registry.
2024-11-12T11:22:38.695+0200 [DEBUG] [org.gradle.cache.internal.DefaultFileLockManager] Releasing lock on daemon addresses registry.
2024-11-12T11:22:42.978+0200 [DEBUG] [org.gradle.process.internal.health.memory.DefaultMemoryManager] 409155993 physical memory requested, 396492800 free
2024-11-12T11:22:42.978+0200 [DEBUG] [org.gradle.workers.internal.WorkerDaemonExpiration] Will attempt to release 390 of memory
2024-11-12T11:22:42.978+0200 [DEBUG] [org.gradle.process.internal.health.memory.DefaultMemoryManager] 409155993 physical memory requested, 0 released, 396492800 free
2024-11-12T11:22:42.978+0200 [DEBUG] [org.gradle.process.internal.health.memory.DefaultMemoryManager] 1643707187 virtual memory requested, 1388142592 free
2024-11-12T11:22:42.978+0200 [DEBUG] [org.gradle.workers.internal.WorkerDaemonExpiration] Will attempt to release 1567 of memory
2024-11-12T11:22:42.979+0200 [DEBUG] [org.gradle.process.internal.health.memory.DefaultMemoryManager] 1643707187 virtual memory requested, 0 released, 1388142592 free
2024-11-12T11:22:47.984+0200 [DEBUG] [org.gradle.process.internal.health.memory.DefaultMemoryManager] 409155993 physical memory requested, 397357056 free
2024-11-12T11:22:47.984+0200 [DEBUG] [org.gradle.workers.internal.WorkerDaemonExpiration] Will attempt to release 390 of memory
2024-11-12T11:22:47.985+0200 [DEBUG] [org.gradle.process.internal.health.memory.DefaultMemoryManager] 409155993 physical memory requested, 0 released, 397357056 free
2024-11-12T11:22:47.985+0200 [DEBUG] [org.gradle.process.internal.health.memory.DefaultMemoryManager] 1643707187 virtual memory requested, 1463042048 free
2024-11-12T11:22:47.985+0200 [DEBUG] [org.gradle.workers.internal.WorkerDaemonExpiration] Will attempt to release 1567 of memory
2024-11-12T11:22:47.985+0200 [DEBUG] [org.gradle.process.internal.health.memory.DefaultMemoryManager] 1643707187 virtual memory requested, 0 released, 1463042048 free
2024-11-12T11:22:48.698+0200 [DEBUG] [org.gradle.cache.internal.DefaultFileLockManager] Waiting to acquire shared lock on daemon addresses registry.
2024-11-12T11:22:48.698+0200 [DEBUG] [org.gradle.cache.internal.DefaultFileLockManager] Lock acquired on daemon addresses registry.
2024-11-12T11:22:48.699+0200 [DEBUG] [org.gradle.cache.internal.DefaultFileLockManager] Releasing lock on daemon addresses registry.
2024-11-12T11:22:48.702+0200 [DEBUG] [org.gradle.cache.internal.DefaultFileLockManager] Waiting to acquire shared lock on daemon addresses registry.
2024-11-12T11:22:48.702+0200 [DEBUG] [org.gradle.cache.internal.DefaultFileLockManager] Lock acquired on daemon addresses registry.
2024-11-12T11:22:48.703+0200 [DEBUG] [org.gradle.cache.internal.DefaultFileLockManager] Releasing lock on daemon addresses registry.
2024-11-12T11:22:48.704+0200 [DEBUG] [org.gradle.cache.internal.DefaultFileLockManager] Waiting to acquire shared lock on daemon addresses registry.
2024-11-12T11:22:48.704+0200 [DEBUG] [org.gradle.cache.internal.DefaultFileLockManager] Lock acquired on daemon addresses registry.
2024-11-12T11:22:48.706+0200 [DEBUG] [org.gradle.cache.internal.DefaultFileLockManager] Releasing lock on daemon addresses registry.
2024-11-12T11:22:52.980+0200 [DEBUG] [org.gradle.process.internal.health.memory.DefaultMemoryManager] 409155993 physical memory requested, 287793152 free
2024-11-12T11:22:52.980+0200 [DEBUG] [org.gradle.workers.internal.WorkerDaemonExpiration] Will attempt to release 390 of memory
2024-11-12T11:22:52.980+0200 [DEBUG] [org.gradle.process.internal.health.memory.DefaultMemoryManager] 409155993 physical memory requested, 0 released, 287793152 free
2024-11-12T11:22:52.980+0200 [DEBUG] [org.gradle.process.internal.health.memory.DefaultMemoryManager] 1643707187 virtual memory requested, 1402699776 free
2024-11-12T11:22:52.980+0200 [DEBUG] [org.gradle.workers.internal.WorkerDaemonExpiration] Will attempt to release 1567 of memory
2024-11-12T11:22:52.980+0200 [DEBUG] [org.gradle.process.internal.health.memory.DefaultMemoryManager] 1643707187 virtual memory requested, 0 released, 1402699776 free
2024-11-12T11:22:57.989+0200 [DEBUG] [org.gradle.process.internal.health.memory.DefaultMemoryManager] 409155993 physical memory requested, 259588096 free
2024-11-12T11:22:57.993+0200 [DEBUG] [org.gradle.workers.internal.WorkerDaemonExpiration] Will attempt to release 390 of memory
2024-11-12T11:22:57.994+0200 [DEBUG] [org.gradle.process.internal.health.memory.DefaultMemoryManager] 409155993 physical memory requested, 0 released, 259588096 free
2024-11-12T11:22:57.995+0200 [DEBUG] [org.gradle.process.internal.health.memory.DefaultMemoryManager] 1643707187 virtual memory requested, 1311551488 free
2024-11-12T11:22:57.995+0200 [DEBUG] [org.gradle.workers.internal.WorkerDaemonExpiration] Will attempt to release 1567 of memory
2024-11-12T11:22:57.996+0200 [DEBUG] [org.gradle.process.internal.health.memory.DefaultMemoryManager] 1643707187 virtual memory requested, 0 released, 1311551488 free
2024-11-12T11:22:58.691+0200 [DEBUG] [org.gradle.cache.internal.DefaultFileLockManager] Waiting to acquire shared lock on daemon addresses registry.
2024-11-12T11:22:58.692+0200 [DEBUG] [org.gradle.cache.internal.DefaultFileLockManager] Lock acquired on daemon addresses registry.
2024-11-12T11:22:58.693+0200 [DEBUG] [org.gradle.cache.internal.DefaultFileLockManager] Releasing lock on daemon addresses registry.
2024-11-12T11:22:58.694+0200 [DEBUG] [org.gradle.cache.internal.DefaultFileLockManager] Waiting to acquire shared lock on daemon addresses registry.
2024-11-12T11:22:58.694+0200 [DEBUG] [org.gradle.cache.internal.DefaultFileLockManager] Lock acquired on daemon addresses registry.
2024-11-12T11:22:58.695+0200 [DEBUG] [org.gradle.cache.internal.DefaultFileLockManager] Releasing lock on daemon addresses registry.
2024-11-12T11:22:58.696+0200 [DEBUG] [org.gradle.cache.internal.DefaultFileLockManager] Waiting to acquire shared lock on daemon addresses registry.
2024-11-12T11:22:58.696+0200 [DEBUG] [org.gradle.cache.internal.DefaultFileLockManager] Lock acquired on daemon addresses registry.
2024-11-12T11:22:58.696+0200 [DEBUG] [org.gradle.cache.internal.DefaultFileLockManager] Releasing lock on daemon addresses registry.
2024-11-12T11:23:02.989+0200 [DEBUG] [org.gradle.process.internal.health.memory.DefaultMemoryManager] 409155993 physical memory requested, 220073984 free
2024-11-12T11:23:02.990+0200 [DEBUG] [org.gradle.workers.internal.WorkerDaemonExpiration] Will attempt to release 390 of memory
2024-11-12T11:23:02.991+0200 [DEBUG] [org.gradle.process.internal.health.memory.DefaultMemoryManager] 409155993 physical memory requested, 0 released, 220073984 free
2024-11-12T11:23:02.992+0200 [DEBUG] [org.gradle.process.internal.health.memory.DefaultMemoryManager] 1643707187 virtual memory requested, 1317253120 free
2024-11-12T11:23:02.992+0200 [DEBUG] [org.gradle.workers.internal.WorkerDaemonExpiration] Will attempt to release 1567 of memory
2024-11-12T11:23:02.993+0200 [DEBUG] [org.gradle.process.internal.health.memory.DefaultMemoryManager] 1643707187 virtual memory requested, 0 released, 1317253120 free
2024-11-12T11:23:07.998+0200 [DEBUG] [org.gradle.process.internal.health.memory.DefaultMemoryManager] 409155993 physical memory requested, 198623232 free
2024-11-12T11:23:07.998+0200 [DEBUG] [org.gradle.workers.internal.WorkerDaemonExpiration] Will attempt to release 390 of memory
2024-11-12T11:23:07.999+0200 [DEBUG] [org.gradle.process.internal.health.memory.DefaultMemoryManager] 409155993 physical memory requested, 0 released, 198623232 free
2024-11-12T11:23:07.999+0200 [DEBUG] [org.gradle.process.internal.health.memory.DefaultMemoryManager] 1643707187 virtual memory requested, 1282433024 free
2024-11-12T11:23:08.000+0200 [DEBUG] [org.gradle.workers.internal.WorkerDaemonExpiration] Will attempt to release 1567 of memory
2024-11-12T11:23:08.000+0200 [DEBUG] [org.gradle.process.internal.health.memory.DefaultMemoryManager] 1643707187 virtual memory requested, 0 released, 1282433024 free
2024-11-12T11:23:08.690+0200 [DEBUG] [org.gradle.cache.internal.DefaultFileLockManager] Waiting to acquire shared lock on daemon addresses registry.
2024-11-12T11:23:08.690+0200 [DEBUG] [org.gradle.cache.internal.DefaultFileLockManager] Lock acquired on daemon addresses registry.
2024-11-12T11:23:08.691+0200 [DEBUG] [org.gradle.cache.internal.DefaultFileLockManager] Releasing lock on daemon addresses registry.
2024-11-12T11:23:08.693+0200 [DEBUG] [org.gradle.cache.internal.DefaultFileLockManager] Waiting to acquire shared lock on daemon addresses registry.
2024-11-12T11:23:08.694+0200 [DEBUG] [org.gradle.cache.internal.DefaultFileLockManager] Lock acquired on daemon addresses registry.
2024-11-12T11:23:08.694+0200 [DEBUG] [org.gradle.cache.internal.DefaultFileLockManager] Releasing lock on daemon addresses registry.
2024-11-12T11:23:08.696+0200 [DEBUG] [org.gradle.cache.internal.DefaultFileLockManager] Waiting to acquire shared lock on daemon addresses registry.
2024-11-12T11:23:08.696+0200 [DEBUG] [org.gradle.cache.internal.DefaultFileLockManager] Lock acquired on daemon addresses registry.
2024-11-12T11:23:08.696+0200 [DEBUG] [org.gradle.cache.internal.DefaultFileLockManager] Releasing lock on daemon addresses registry.
2024-11-12T11:23:12.970+0200 [DEBUG] [org.gradle.process.internal.health.memory.DefaultMemoryManager] 409155993 physical memory requested, 261509120 free
2024-11-12T11:23:12.970+0200 [DEBUG] [org.gradle.workers.internal.WorkerDaemonExpiration] Will attempt to release 390 of memory
2024-11-12T11:23:12.970+0200 [DEBUG] [org.gradle.process.internal.health.memory.DefaultMemoryManager] 409155993 physical memory requested, 0 released, 261509120 free
2024-11-12T11:23:12.970+0200 [DEBUG] [org.gradle.process.internal.health.memory.DefaultMemoryManager] 1643707187 virtual memory requested, 1293266944 free
2024-11-12T11:23:12.970+0200 [DEBUG] [org.gradle.workers.internal.WorkerDaemonExpiration] Will attempt to release 1567 of memory
2024-11-12T11:23:12.971+0200 [DEBUG] [org.gradle.process.internal.health.memory.DefaultMemoryManager] 1643707187 virtual memory requested, 0 released, 1293266944 free
2024-11-12T11:23:17.975+0200 [DEBUG] [org.gradle.process.internal.health.memory.DefaultMemoryManager] 409155993 physical memory requested, 237551616 free
2024-11-12T11:23:17.975+0200 [DEBUG] [org.gradle.workers.internal.WorkerDaemonExpiration] Will attempt to release 390 of memory
2024-11-12T11:23:17.975+0200 [DEBUG] [org.gradle.process.internal.health.memory.DefaultMemoryManager] 409155993 physical memory requested, 0 released, 237551616 free
2024-11-12T11:23:17.975+0200 [DEBUG] [org.gradle.process.internal.health.memory.DefaultMemoryManager] 1643707187 virtual memory requested, 1283403776 free
2024-11-12T11:23:17.975+0200 [DEBUG] [org.gradle.workers.internal.WorkerDaemonExpiration] Will attempt to release 1567 of memory
2024-11-12T11:23:17.975+0200 [DEBUG] [org.gradle.process.internal.health.memory.DefaultMemoryManager] 1643707187 virtual memory requested, 0 released, 1283403776 free
2024-11-12T11:23:18.693+0200 [DEBUG] [org.gradle.cache.internal.DefaultFileLockManager] Waiting to acquire shared lock on daemon addresses registry.
2024-11-12T11:23:18.694+0200 [DEBUG] [org.gradle.cache.internal.DefaultFileLockManager] Lock acquired on daemon addresses registry.
2024-11-12T11:23:18.694+0200 [DEBUG] [org.gradle.cache.internal.DefaultFileLockManager] Releasing lock on daemon addresses registry.
2024-11-12T11:23:18.699+0200 [DEBUG] [org.gradle.cache.internal.DefaultFileLockManager] Waiting to acquire shared lock on daemon addresses registry.
2024-11-12T11:23:18.699+0200 [DEBUG] [org.gradle.cache.internal.DefaultFileLockManager] Lock acquired on daemon addresses registry.
2024-11-12T11:23:18.701+0200 [DEBUG] [org.gradle.cache.internal.DefaultFileLockManager] Releasing lock on daemon addresses registry.
2024-11-12T11:23:18.702+0200 [DEBUG] [org.gradle.cache.internal.DefaultFileLockManager] Waiting to acquire shared lock on daemon addresses registry.
2024-11-12T11:23:18.703+0200 [DEBUG] [org.gradle.cache.internal.DefaultFileLockManager] Lock acquired on daemon addresses registry.
2024-11-12T11:23:18.704+0200 [DEBUG] [org.gradle.cache.internal.DefaultFileLockManager] Releasing lock on daemon addresses registry.
2024-11-12T11:23:22.975+0200 [DEBUG] [org.gradle.process.internal.health.memory.DefaultMemoryManager] 409155993 physical memory requested, 234979328 free
2024-11-12T11:23:22.976+0200 [DEBUG] [org.gradle.workers.internal.WorkerDaemonExpiration] Will attempt to release 390 of memory
2024-11-12T11:23:22.976+0200 [DEBUG] [org.gradle.process.internal.health.memory.DefaultMemoryManager] 409155993 physical memory requested, 0 released, 234979328 free
2024-11-12T11:23:22.976+0200 [DEBUG] [org.gradle.process.internal.health.memory.DefaultMemoryManager] 1643707187 virtual memory requested, 1313374208 free
2024-11-12T11:23:22.976+0200 [DEBUG] [org.gradle.workers.internal.WorkerDaemonExpiration] Will attempt to release 1567 of memory
2024-11-12T11:23:22.976+0200 [DEBUG] [org.gradle.process.internal.health.memory.DefaultMemoryManager] 1643707187 virtual memory requested, 0 released, 1313374208 free
2024-11-12T11:23:27.979+0200 [DEBUG] [org.gradle.process.internal.health.memory.DefaultMemoryManager] 409155993 physical memory requested, 223133696 free
2024-11-12T11:23:27.979+0200 [DEBUG] [org.gradle.workers.internal.WorkerDaemonExpiration] Will attempt to release 390 of memory
2024-11-12T11:23:27.979+0200 [DEBUG] [org.gradle.process.internal.health.memory.DefaultMemoryManager] 409155993 physical memory requested, 0 released, 223133696 free
2024-11-12T11:23:27.979+0200 [DEBUG] [org.gradle.process.internal.health.memory.DefaultMemoryManager] 1643707187 virtual memory requested, 1335758848 free
2024-11-12T11:23:27.980+0200 [DEBUG] [org.gradle.workers.internal.WorkerDaemonExpiration] Will attempt to release 1567 of memory
2024-11-12T11:23:27.980+0200 [DEBUG] [org.gradle.process.internal.health.memory.DefaultMemoryManager] 1643707187 virtual memory requested, 0 released, 1335758848 free
2024-11-12T11:23:28.691+0200 [DEBUG] [org.gradle.cache.internal.DefaultFileLockManager] Waiting to acquire shared lock on daemon addresses registry.
2024-11-12T11:23:28.692+0200 [DEBUG] [org.gradle.cache.internal.DefaultFileLockManager] Lock acquired on daemon addresses registry.
2024-11-12T11:23:28.694+0200 [DEBUG] [org.gradle.cache.internal.DefaultFileLockManager] Releasing lock on daemon addresses registry.
2024-11-12T11:23:28.698+0200 [DEBUG] [org.gradle.cache.internal.DefaultFileLockManager] Waiting to acquire shared lock on daemon addresses registry.
2024-11-12T11:23:28.699+0200 [DEBUG] [org.gradle.cache.internal.DefaultFileLockManager] Lock acquired on daemon addresses registry.
2024-11-12T11:23:28.699+0200 [DEBUG] [org.gradle.cache.internal.DefaultFileLockManager] Releasing lock on daemon addresses registry.
2024-11-12T11:23:28.702+0200 [DEBUG] [org.gradle.cache.internal.DefaultFileLockManager] Waiting to acquire shared lock on daemon addresses registry.
2024-11-12T11:23:28.702+0200 [DEBUG] [org.gradle.cache.internal.DefaultFileLockManager] Lock acquired on daemon addresses registry.
2024-11-12T11:23:28.704+0200 [DEBUG] [org.gradle.cache.internal.DefaultFileLockManager] Releasing lock on daemon addresses registry.
2024-11-12T11:23:32.978+0200 [DEBUG] [org.gradle.process.internal.health.memory.DefaultMemoryManager] 409155993 physical memory requested, 305610752 free
2024-11-12T11:23:32.980+0200 [DEBUG] [org.gradle.workers.internal.WorkerDaemonExpiration] Will attempt to release 390 of memory
2024-11-12T11:23:32.980+0200 [DEBUG] [org.gradle.process.internal.health.memory.DefaultMemoryManager] 409155993 physical memory requested, 0 released, 305610752 free
2024-11-12T11:23:32.980+0200 [DEBUG] [org.gradle.process.internal.health.memory.DefaultMemoryManager] 1643707187 virtual memory requested, 1338568704 free
2024-11-12T11:23:32.981+0200 [DEBUG] [org.gradle.workers.internal.WorkerDaemonExpiration] Will attempt to release 1567 of memory
2024-11-12T11:23:32.981+0200 [DEBUG] [org.gradle.process.internal.health.memory.DefaultMemoryManager] 1643707187 virtual memory requested, 0 released, 1338568704 free
2024-11-12T11:23:37.979+0200 [DEBUG] [org.gradle.process.internal.health.memory.DefaultMemoryManager] 409155993 physical memory requested, 194945024 free
2024-11-12T11:23:37.980+0200 [DEBUG] [org.gradle.workers.internal.WorkerDaemonExpiration] Will attempt to release 390 of memory
2024-11-12T11:23:37.980+0200 [DEBUG] [org.gradle.process.internal.health.memory.DefaultMemoryManager] 409155993 physical memory requested, 0 released, 194945024 free
2024-11-12T11:23:37.981+0200 [DEBUG] [org.gradle.process.internal.health.memory.DefaultMemoryManager] 1643707187 virtual memory requested, 1344589824 free
2024-11-12T11:23:37.981+0200 [DEBUG] [org.gradle.workers.internal.WorkerDaemonExpiration] Will attempt to release 1567 of memory
2024-11-12T11:23:37.982+0200 [DEBUG] [org.gradle.process.internal.health.memory.DefaultMemoryManager] 1643707187 virtual memory requested, 0 released, 1344589824 free
2024-11-12T11:23:38.701+0200 [DEBUG] [org.gradle.cache.internal.DefaultFileLockManager] Waiting to acquire shared lock on daemon addresses registry.
2024-11-12T11:23:38.767+0200 [DEBUG] [org.gradle.cache.internal.DefaultFileLockManager] Lock acquired on daemon addresses registry.
2024-11-12T11:23:38.796+0200 [DEBUG] [org.gradle.cache.internal.DefaultFileLockManager] Releasing lock on daemon addresses registry.
2024-11-12T11:23:38.829+0200 [DEBUG] [org.gradle.cache.internal.DefaultFileLockManager] Waiting to acquire shared lock on daemon addresses registry.
2024-11-12T11:23:38.830+0200 [DEBUG] [org.gradle.cache.internal.DefaultFileLockManager] Lock acquired on daemon addresses registry.
2024-11-12T11:23:38.844+0200 [DEBUG] [org.gradle.cache.internal.DefaultFileLockManager] Releasing lock on daemon addresses registry.
2024-11-12T11:23:38.846+0200 [DEBUG] [org.gradle.cache.internal.DefaultFileLockManager] Waiting to acquire shared lock on daemon addresses registry.
2024-11-12T11:23:38.847+0200 [DEBUG] [org.gradle.cache.internal.DefaultFileLockManager] Lock acquired on daemon addresses registry.
2024-11-12T11:23:38.847+0200 [DEBUG] [org.gradle.cache.internal.DefaultFileLockManager] Releasing lock on daemon addresses registry.
2024-11-12T11:23:42.974+0200 [DEBUG] [org.gradle.process.internal.health.memory.DefaultMemoryManager] 409155993 physical memory requested, 297820160 free
2024-11-12T11:23:42.974+0200 [DEBUG] [org.gradle.workers.internal.WorkerDaemonExpiration] Will attempt to release 390 of memory
2024-11-12T11:23:42.974+0200 [DEBUG] [org.gradle.process.internal.health.memory.DefaultMemoryManager] 409155993 physical memory requested, 0 released, 297820160 free
2024-11-12T11:23:42.975+0200 [DEBUG] [org.gradle.process.internal.health.memory.DefaultMemoryManager] 1643707187 virtual memory requested, 1371467776 free
2024-11-12T11:23:42.975+0200 [DEBUG] [org.gradle.workers.internal.WorkerDaemonExpiration] Will attempt to release 1567 of memory
2024-11-12T11:23:42.975+0200 [DEBUG] [org.gradle.process.internal.health.memory.DefaultMemoryManager] 1643707187 virtual memory requested, 0 released, 1371467776 free
2024-11-12T11:23:47.978+0200 [DEBUG] [org.gradle.process.internal.health.memory.DefaultMemoryManager] 409155993 physical memory requested, 183291904 free
2024-11-12T11:23:47.978+0200 [DEBUG] [org.gradle.workers.internal.WorkerDaemonExpiration] Will attempt to release 390 of memory
2024-11-12T11:23:47.978+0200 [DEBUG] [org.gradle.process.internal.health.memory.DefaultMemoryManager] 409155993 physical memory requested, 0 released, 183291904 free
2024-11-12T11:23:47.978+0200 [DEBUG] [org.gradle.process.internal.health.memory.DefaultMemoryManager] 1643707187 virtual memory requested, 1293910016 free
2024-11-12T11:23:47.978+0200 [DEBUG] [org.gradle.workers.internal.WorkerDaemonExpiration] Will attempt to release 1567 of memory
2024-11-12T11:23:47.978+0200 [DEBUG] [org.gradle.process.internal.health.memory.DefaultMemoryManager] 1643707187 virtual memory requested, 0 released, 1293910016 free
2024-11-12T11:23:48.706+0200 [DEBUG] [org.gradle.cache.internal.DefaultFileLockManager] Waiting to acquire shared lock on daemon addresses registry.
2024-11-12T11:23:48.737+0200 [DEBUG] [org.gradle.cache.internal.DefaultFileLockManager] Lock acquired on daemon addresses registry.
2024-11-12T11:23:48.747+0200 [DEBUG] [org.gradle.cache.internal.DefaultFileLockManager] Releasing lock on daemon addresses registry.
2024-11-12T11:23:48.748+0200 [DEBUG] [org.gradle.cache.internal.DefaultFileLockManager] Waiting to acquire shared lock on daemon addresses registry.
2024-11-12T11:23:48.748+0200 [DEBUG] [org.gradle.cache.internal.DefaultFileLockManager] Lock acquired on daemon addresses registry.
2024-11-12T11:23:48.748+0200 [DEBUG] [org.gradle.cache.internal.DefaultFileLockManager] Releasing lock on daemon addresses registry.
2024-11-12T11:23:48.749+0200 [DEBUG] [org.gradle.cache.internal.DefaultFileLockManager] Waiting to acquire shared lock on daemon addresses registry.
2024-11-12T11:23:48.749+0200 [DEBUG] [org.gradle.cache.internal.DefaultFileLockManager] Lock acquired on daemon addresses registry.
2024-11-12T11:23:48.750+0200 [DEBUG] [org.gradle.cache.internal.DefaultFileLockManager] Releasing lock on daemon addresses registry.
2024-11-12T11:23:52.987+0200 [DEBUG] [org.gradle.process.internal.health.memory.DefaultMemoryManager] 409155993 physical memory requested, 198479872 free
2024-11-12T11:23:52.988+0200 [DEBUG] [org.gradle.workers.internal.WorkerDaemonExpiration] Will attempt to release 390 of memory
2024-11-12T11:23:52.988+0200 [DEBUG] [org.gradle.process.internal.health.memory.DefaultMemoryManager] 409155993 physical memory requested, 0 released, 198479872 free
2024-11-12T11:23:52.988+0200 [DEBUG] [org.gradle.process.internal.health.memory.DefaultMemoryManager] 1643707187 virtual memory requested, 1018445824 free
2024-11-12T11:23:52.988+0200 [DEBUG] [org.gradle.workers.internal.WorkerDaemonExpiration] Will attempt to release 1567 of memory
2024-11-12T11:23:52.988+0200 [DEBUG] [org.gradle.process.internal.health.memory.DefaultMemoryManager] 1643707187 virtual memory requested, 0 released, 1018445824 free
2024-11-12T11:23:58.009+0200 [DEBUG] [org.gradle.process.internal.health.memory.DefaultMemoryManager] 409155993 physical memory requested, 5816320 free
2024-11-12T11:23:58.012+0200 [DEBUG] [org.gradle.workers.internal.WorkerDaemonExpiration] Will attempt to release 390 of memory
2024-11-12T11:23:58.013+0200 [DEBUG] [org.gradle.process.internal.health.memory.DefaultMemoryManager] 409155993 physical memory requested, 0 released, 5816320 free
2024-11-12T11:23:58.018+0200 [DEBUG] [org.gradle.process.internal.health.memory.DefaultMemoryManager] 1643707187 virtual memory requested, 814448640 free
2024-11-12T11:23:58.019+0200 [DEBUG] [org.gradle.workers.internal.WorkerDaemonExpiration] Will attempt to release 1567 of memory
2024-11-12T11:23:58.019+0200 [DEBUG] [org.gradle.process.internal.health.memory.DefaultMemoryManager] 1643707187 virtual memory requested, 0 released, 814448640 free
2024-11-12T11:23:58.797+0200 [DEBUG] [org.gradle.cache.internal.DefaultFileLockManager] Waiting to acquire shared lock on daemon addresses registry.
2024-11-12T11:23:58.801+0200 [DEBUG] [org.gradle.cache.internal.DefaultFileLockManager] Lock acquired on daemon addresses registry.
2024-11-12T11:23:58.804+0200 [DEBUG] [org.gradle.cache.internal.DefaultFileLockManager] Releasing lock on daemon addresses registry.
2024-11-12T11:23:58.811+0200 [DEBUG] [org.gradle.cache.internal.DefaultFileLockManager] Waiting to acquire shared lock on daemon addresses registry.
2024-11-12T11:23:58.819+0200 [DEBUG] [org.gradle.cache.internal.DefaultFileLockManager] Lock acquired on daemon addresses registry.
2024-11-12T11:23:58.822+0200 [DEBUG] [org.gradle.cache.internal.DefaultFileLockManager] Releasing lock on daemon addresses registry.
2024-11-12T11:23:58.824+0200 [DEBUG] [org.gradle.cache.internal.DefaultFileLockManager] Waiting to acquire shared lock on daemon addresses registry.
2024-11-12T11:23:58.832+0200 [DEBUG] [org.gradle.cache.internal.DefaultFileLockManager] Lock acquired on daemon addresses registry.
2024-11-12T11:23:58.833+0200 [DEBUG] [org.gradle.cache.internal.DefaultFileLockManager] Releasing lock on daemon addresses registry.
2024-11-12T11:24:03.025+0200 [DEBUG] [org.gradle.process.internal.health.memory.DefaultMemoryManager] 409155993 physical memory requested, 352317440 free
2024-11-12T11:24:03.038+0200 [DEBUG] [org.gradle.workers.internal.WorkerDaemonExpiration] Will attempt to release 390 of memory
2024-11-12T11:24:03.052+0200 [DEBUG] [org.gradle.process.internal.health.memory.DefaultMemoryManager] 409155993 physical memory requested, 0 released, 352317440 free
2024-11-12T11:24:03.065+0200 [DEBUG] [org.gradle.process.internal.health.memory.DefaultMemoryManager] 1643707187 virtual memory requested, 754642944 free
2024-11-12T11:24:03.066+0200 [DEBUG] [org.gradle.workers.internal.WorkerDaemonExpiration] Will attempt to release 1567 of memory
2024-11-12T11:24:03.066+0200 [DEBUG] [org.gradle.process.internal.health.memory.DefaultMemoryManager] 1643707187 virtual memory requested, 0 released, 754642944 free
2024-11-12T11:24:07.983+0200 [DEBUG] [org.gradle.process.internal.health.memory.DefaultMemoryManager] 1643707187 virtual memory requested, 643788800 free
2024-11-12T11:24:07.986+0200 [DEBUG] [org.gradle.workers.internal.WorkerDaemonExpiration] Will attempt to release 1567 of memory
2024-11-12T11:24:07.986+0200 [DEBUG] [org.gradle.process.internal.health.memory.DefaultMemoryManager] 1643707187 virtual memory requested, 0 released, 643788800 free
2024-11-12T11:24:08.705+0200 [DEBUG] [org.gradle.cache.internal.DefaultFileLockManager] Waiting to acquire shared lock on daemon addresses registry.
2024-11-12T11:24:08.705+0200 [DEBUG] [org.gradle.cache.internal.DefaultFileLockManager] Lock acquired on daemon addresses registry.
2024-11-12T11:24:08.706+0200 [DEBUG] [org.gradle.cache.internal.DefaultFileLockManager] Releasing lock on daemon addresses registry.
2024-11-12T11:24:08.708+0200 [DEBUG] [org.gradle.cache.internal.DefaultFileLockManager] Waiting to acquire shared lock on daemon addresses registry.
2024-11-12T11:24:08.708+0200 [DEBUG] [org.gradle.cache.internal.DefaultFileLockManager] Lock acquired on daemon addresses registry.
2024-11-12T11:24:08.709+0200 [DEBUG] [org.gradle.cache.internal.DefaultFileLockManager] Releasing lock on daemon addresses registry.
2024-11-12T11:24:08.710+0200 [DEBUG] [org.gradle.cache.internal.DefaultFileLockManager] Waiting to acquire shared lock on daemon addresses registry.
2024-11-12T11:24:08.710+0200 [DEBUG] [org.gradle.cache.internal.DefaultFileLockManager] Lock acquired on daemon addresses registry.
2024-11-12T11:24:08.710+0200 [DEBUG] [org.gradle.cache.internal.DefaultFileLockManager] Releasing lock on daemon addresses registry.
2024-11-12T11:24:12.987+0200 [DEBUG] [org.gradle.process.internal.health.memory.DefaultMemoryManager] 409155993 physical memory requested, 280190976 free
2024-11-12T11:24:12.987+0200 [DEBUG] [org.gradle.workers.internal.WorkerDaemonExpiration] Will attempt to release 390 of memory
2024-11-12T11:24:12.987+0200 [DEBUG] [org.gradle.process.internal.health.memory.DefaultMemoryManager] 409155993 physical memory requested, 0 released, 280190976 free
2024-11-12T11:24:12.987+0200 [DEBUG] [org.gradle.process.internal.health.memory.DefaultMemoryManager] 1643707187 virtual memory requested, 909135872 free
2024-11-12T11:24:12.988+0200 [DEBUG] [org.gradle.workers.internal.WorkerDaemonExpiration] Will attempt to release 1567 of memory
2024-11-12T11:24:12.988+0200 [DEBUG] [org.gradle.process.internal.health.memory.DefaultMemoryManager] 1643707187 virtual memory requested, 0 released, 909135872 free
2024-11-12T11:24:17.971+0200 [DEBUG] [org.gradle.process.internal.health.memory.DefaultMemoryManager] 409155993 physical memory requested, 263372800 free
2024-11-12T11:24:17.972+0200 [DEBUG] [org.gradle.workers.internal.WorkerDaemonExpiration] Will attempt to release 390 of memory
2024-11-12T11:24:17.972+0200 [DEBUG] [org.gradle.process.internal.health.memory.DefaultMemoryManager] 409155993 physical memory requested, 0 released, 263372800 free
2024-11-12T11:24:17.972+0200 [DEBUG] [org.gradle.process.internal.health.memory.DefaultMemoryManager] 1643707187 virtual memory requested, 952266752 free
2024-11-12T11:24:17.972+0200 [DEBUG] [org.gradle.workers.internal.WorkerDaemonExpiration] Will attempt to release 1567 of memory
2024-11-12T11:24:17.972+0200 [DEBUG] [org.gradle.process.internal.health.memory.DefaultMemoryManager] 1643707187 virtual memory requested, 0 released, 952266752 free
2024-11-12T11:24:18.699+0200 [DEBUG] [org.gradle.cache.internal.DefaultFileLockManager] Waiting to acquire shared lock on daemon addresses registry.
2024-11-12T11:24:18.699+0200 [DEBUG] [org.gradle.cache.internal.DefaultFileLockManager] Lock acquired on daemon addresses registry.
2024-11-12T11:24:18.703+0200 [DEBUG] [org.gradle.cache.internal.DefaultFileLockManager] Releasing lock on daemon addresses registry.
2024-11-12T11:24:18.704+0200 [DEBUG] [org.gradle.cache.internal.DefaultFileLockManager] Waiting to acquire shared lock on daemon addresses registry.
2024-11-12T11:24:18.705+0200 [DEBUG] [org.gradle.cache.internal.DefaultFileLockManager] Lock acquired on daemon addresses registry.
2024-11-12T11:24:18.705+0200 [DEBUG] [org.gradle.cache.internal.DefaultFileLockManager] Releasing lock on daemon addresses registry.
2024-11-12T11:24:18.707+0200 [DEBUG] [org.gradle.cache.internal.DefaultFileLockManager] Waiting to acquire shared lock on daemon addresses registry.
2024-11-12T11:24:18.707+0200 [DEBUG] [org.gradle.cache.internal.DefaultFileLockManager] Lock acquired on daemon addresses registry.
2024-11-12T11:24:18.708+0200 [DEBUG] [org.gradle.cache.internal.DefaultFileLockManager] Releasing lock on daemon addresses registry.
2024-11-12T11:24:22.990+0200 [DEBUG] [org.gradle.process.internal.health.memory.DefaultMemoryManager] 409155993 physical memory requested, 227651584 free
2024-11-12T11:24:22.991+0200 [DEBUG] [org.gradle.workers.internal.WorkerDaemonExpiration] Will attempt to release 390 of memory
2024-11-12T11:24:22.991+0200 [DEBUG] [org.gradle.process.internal.health.memory.DefaultMemoryManager] 409155993 physical memory requested, 0 released, 227651584 free
2024-11-12T11:24:23.024+0200 [DEBUG] [org.gradle.process.internal.health.memory.DefaultMemoryManager] 1643707187 virtual memory requested, 783568896 free
2024-11-12T11:24:23.025+0200 [DEBUG] [org.gradle.workers.internal.WorkerDaemonExpiration] Will attempt to release 1567 of memory
2024-11-12T11:24:23.025+0200 [DEBUG] [org.gradle.process.internal.health.memory.DefaultMemoryManager] 1643707187 virtual memory requested, 0 released, 783568896 free
2024-11-12T11:24:27.982+0200 [DEBUG] [org.gradle.process.internal.health.memory.DefaultMemoryManager] 409155993 physical memory requested, 336338944 free
2024-11-12T11:24:27.982+0200 [DEBUG] [org.gradle.workers.internal.WorkerDaemonExpiration] Will attempt to release 390 of memory
2024-11-12T11:24:27.983+0200 [DEBUG] [org.gradle.process.internal.health.memory.DefaultMemoryManager] 409155993 physical memory requested, 0 released, 336338944 free
2024-11-12T11:24:27.986+0200 [DEBUG] [org.gradle.process.internal.health.memory.DefaultMemoryManager] 1643707187 virtual memory requested, 771276800 free
2024-11-12T11:24:27.987+0200 [DEBUG] [org.gradle.workers.internal.WorkerDaemonExpiration] Will attempt to release 1567 of memory
2024-11-12T11:24:27.987+0200 [DEBUG] [org.gradle.process.internal.health.memory.DefaultMemoryManager] 1643707187 virtual memory requested, 0 released, 771276800 free
2024-11-12T11:24:28.702+0200 [DEBUG] [org.gradle.cache.internal.DefaultFileLockManager] Waiting to acquire shared lock on daemon addresses registry.
2024-11-12T11:24:28.703+0200 [DEBUG] [org.gradle.cache.internal.DefaultFileLockManager] Lock acquired on daemon addresses registry.
2024-11-12T11:24:28.705+0200 [DEBUG] [org.gradle.cache.internal.DefaultFileLockManager] Releasing lock on daemon addresses registry.
2024-11-12T11:24:28.706+0200 [DEBUG] [org.gradle.cache.internal.DefaultFileLockManager] Waiting to acquire shared lock on daemon addresses registry.
2024-11-12T11:24:28.706+0200 [DEBUG] [org.gradle.cache.internal.DefaultFileLockManager] Lock acquired on daemon addresses registry.
2024-11-12T11:24:28.707+0200 [DEBUG] [org.gradle.cache.internal.DefaultFileLockManager] Releasing lock on daemon addresses registry.
2024-11-12T11:24:28.707+0200 [DEBUG] [org.gradle.cache.internal.DefaultFileLockManager] Waiting to acquire shared lock on daemon addresses registry.
2024-11-12T11:24:28.708+0200 [DEBUG] [org.gradle.cache.internal.DefaultFileLockManager] Lock acquired on daemon addresses registry.
2024-11-12T11:24:28.708+0200 [DEBUG] [org.gradle.cache.internal.DefaultFileLockManager] Releasing lock on daemon addresses registry.
2024-11-12T11:24:32.977+0200 [DEBUG] [org.gradle.process.internal.health.memory.DefaultMemoryManager] 409155993 physical memory requested, 319361024 free
2024-11-12T11:24:32.977+0200 [DEBUG] [org.gradle.workers.internal.WorkerDaemonExpiration] Will attempt to release 390 of memory
2024-11-12T11:24:32.977+0200 [DEBUG] [org.gradle.process.internal.health.memory.DefaultMemoryManager] 409155993 physical memory requested, 0 released, 319361024 free
2024-11-12T11:24:32.977+0200 [DEBUG] [org.gradle.process.internal.health.memory.DefaultMemoryManager] 1643707187 virtual memory requested, 1023389696 free
2024-11-12T11:24:32.977+0200 [DEBUG] [org.gradle.workers.internal.WorkerDaemonExpiration] Will attempt to release 1567 of memory
2024-11-12T11:24:32.977+0200 [DEBUG] [org.gradle.process.internal.health.memory.DefaultMemoryManager] 1643707187 virtual memory requested, 0 released, 1023389696 free
2024-11-12T11:24:37.981+0200 [DEBUG] [org.gradle.process.internal.health.memory.DefaultMemoryManager] 409155993 physical memory requested, 345624576 free
2024-11-12T11:24:37.981+0200 [DEBUG] [org.gradle.workers.internal.WorkerDaemonExpiration] Will attempt to release 390 of memory
2024-11-12T11:24:37.981+0200 [DEBUG] [org.gradle.process.internal.health.memory.DefaultMemoryManager] 409155993 physical memory requested, 0 released, 345624576 free
2024-11-12T11:24:37.981+0200 [DEBUG] [org.gradle.process.internal.health.memory.DefaultMemoryManager] 1643707187 virtual memory requested, 1084567552 free
2024-11-12T11:24:37.981+0200 [DEBUG] [org.gradle.workers.internal.WorkerDaemonExpiration] Will attempt to release 1567 of memory
2024-11-12T11:24:37.981+0200 [DEBUG] [org.gradle.process.internal.health.memory.DefaultMemoryManager] 1643707187 virtual memory requested, 0 released, 1084567552 free
2024-11-12T11:24:38.691+0200 [DEBUG] [org.gradle.cache.internal.DefaultFileLockManager] Waiting to acquire shared lock on daemon addresses registry.
2024-11-12T11:24:38.691+0200 [DEBUG] [org.gradle.cache.internal.DefaultFileLockManager] Lock acquired on daemon addresses registry.
2024-11-12T11:24:38.693+0200 [DEBUG] [org.gradle.cache.internal.DefaultFileLockManager] Releasing lock on daemon addresses registry.
2024-11-12T11:24:38.695+0200 [DEBUG] [org.gradle.cache.internal.DefaultFileLockManager] Waiting to acquire shared lock on daemon addresses registry.
2024-11-12T11:24:38.696+0200 [DEBUG] [org.gradle.cache.internal.DefaultFileLockManager] Lock acquired on daemon addresses registry.
2024-11-12T11:24:38.696+0200 [DEBUG] [org.gradle.cache.internal.DefaultFileLockManager] Releasing lock on daemon addresses registry.
2024-11-12T11:24:38.697+0200 [DEBUG] [org.gradle.cache.internal.DefaultFileLockManager] Waiting to acquire shared lock on daemon addresses registry.
2024-11-12T11:24:38.697+0200 [DEBUG] [org.gradle.cache.internal.DefaultFileLockManager] Lock acquired on daemon addresses registry.
2024-11-12T11:24:38.697+0200 [DEBUG] [org.gradle.cache.internal.DefaultFileLockManager] Releasing lock on daemon addresses registry.
2024-11-12T11:24:42.969+0200 [DEBUG] [org.gradle.process.internal.health.memory.DefaultMemoryManager] 409155993 physical memory requested, 358354944 free
2024-11-12T11:24:42.969+0200 [DEBUG] [org.gradle.workers.internal.WorkerDaemonExpiration] Will attempt to release 390 of memory
2024-11-12T11:24:42.969+0200 [DEBUG] [org.gradle.process.internal.health.memory.DefaultMemoryManager] 409155993 physical memory requested, 0 released, 358354944 free
2024-11-12T11:24:42.969+0200 [DEBUG] [org.gradle.process.internal.health.memory.DefaultMemoryManager] 1643707187 virtual memory requested, 1121112064 free
2024-11-12T11:24:42.969+0200 [DEBUG] [org.gradle.workers.internal.WorkerDaemonExpiration] Will attempt to release 1567 of memory
2024-11-12T11:24:42.969+0200 [DEBUG] [org.gradle.process.internal.health.memory.DefaultMemoryManager] 1643707187 virtual memory requested, 0 released, 1121112064 free
2024-11-12T11:24:47.973+0200 [DEBUG] [org.gradle.process.internal.health.memory.DefaultMemoryManager] 409155993 physical memory requested, 306110464 free
2024-11-12T11:24:47.974+0200 [DEBUG] [org.gradle.workers.internal.WorkerDaemonExpiration] Will attempt to release 390 of memory
2024-11-12T11:24:47.974+0200 [DEBUG] [org.gradle.process.internal.health.memory.DefaultMemoryManager] 409155993 physical memory requested, 0 released, 306110464 free
2024-11-12T11:24:47.974+0200 [DEBUG] [org.gradle.process.internal.health.memory.DefaultMemoryManager] 1643707187 virtual memory requested, 1062260736 free
2024-11-12T11:24:47.974+0200 [DEBUG] [org.gradle.workers.internal.WorkerDaemonExpiration] Will attempt to release 1567 of memory
2024-11-12T11:24:47.974+0200 [DEBUG] [org.gradle.process.internal.health.memory.DefaultMemoryManager] 1643707187 virtual memory requested, 0 released, 1062260736 free
2024-11-12T11:24:48.705+0200 [DEBUG] [org.gradle.cache.internal.DefaultFileLockManager] Waiting to acquire shared lock on daemon addresses registry.
2024-11-12T11:24:48.705+0200 [DEBUG] [org.gradle.cache.internal.DefaultFileLockManager] Lock acquired on daemon addresses registry.
2024-11-12T11:24:48.705+0200 [DEBUG] [org.gradle.cache.internal.DefaultFileLockManager] Releasing lock on daemon addresses registry.
2024-11-12T11:24:48.709+0200 [DEBUG] [org.gradle.cache.internal.DefaultFileLockManager] Waiting to acquire shared lock on daemon addresses registry.
2024-11-12T11:24:48.709+0200 [DEBUG] [org.gradle.cache.internal.DefaultFileLockManager] Lock acquired on daemon addresses registry.
2024-11-12T11:24:48.709+0200 [DEBUG] [org.gradle.cache.internal.DefaultFileLockManager] Releasing lock on daemon addresses registry.
2024-11-12T11:24:48.710+0200 [DEBUG] [org.gradle.cache.internal.DefaultFileLockManager] Waiting to acquire shared lock on daemon addresses registry.
2024-11-12T11:24:48.710+0200 [DEBUG] [org.gradle.cache.internal.DefaultFileLockManager] Lock acquired on daemon addresses registry.
2024-11-12T11:24:48.711+0200 [DEBUG] [org.gradle.cache.internal.DefaultFileLockManager] Releasing lock on daemon addresses registry.
2024-11-12T11:24:53.005+0200 [DEBUG] [org.gradle.process.internal.health.memory.DefaultMemoryManager] 409155993 physical memory requested, 261259264 free
2024-11-12T11:24:53.005+0200 [DEBUG] [org.gradle.workers.internal.WorkerDaemonExpiration] Will attempt to release 390 of memory
2024-11-12T11:24:53.005+0200 [DEBUG] [org.gradle.process.internal.health.memory.DefaultMemoryManager] 409155993 physical memory requested, 0 released, 261259264 free
2024-11-12T11:24:53.006+0200 [DEBUG] [org.gradle.process.internal.health.memory.DefaultMemoryManager] 1643707187 virtual memory requested, 775241728 free
2024-11-12T11:24:53.006+0200 [DEBUG] [org.gradle.workers.internal.WorkerDaemonExpiration] Will attempt to release 1567 of memory
2024-11-12T11:24:53.006+0200 [DEBUG] [org.gradle.process.internal.health.memory.DefaultMemoryManager] 1643707187 virtual memory requested, 0 released, 775241728 free
2024-11-12T11:24:57.992+0200 [DEBUG] [org.gradle.process.internal.health.memory.DefaultMemoryManager] 409155993 physical memory requested, 301785088 free
2024-11-12T11:24:57.993+0200 [DEBUG] [org.gradle.workers.internal.WorkerDaemonExpiration] Will attempt to release 390 of memory
2024-11-12T11:24:57.993+0200 [DEBUG] [org.gradle.process.internal.health.memory.DefaultMemoryManager] 409155993 physical memory requested, 0 released, 301785088 free
2024-11-12T11:24:57.993+0200 [DEBUG] [org.gradle.process.internal.health.memory.DefaultMemoryManager] 1643707187 virtual memory requested, 580247552 free
2024-11-12T11:24:57.993+0200 [DEBUG] [org.gradle.workers.internal.WorkerDaemonExpiration] Will attempt to release 1567 of memory
2024-11-12T11:24:57.993+0200 [DEBUG] [org.gradle.process.internal.health.memory.DefaultMemoryManager] 1643707187 virtual memory requested, 0 released, 580247552 free
2024-11-12T11:24:58.692+0200 [DEBUG] [org.gradle.cache.internal.DefaultFileLockManager] Waiting to acquire shared lock on daemon addresses registry.
2024-11-12T11:24:58.692+0200 [DEBUG] [org.gradle.cache.internal.DefaultFileLockManager] Lock acquired on daemon addresses registry.
2024-11-12T11:24:58.693+0200 [DEBUG] [org.gradle.cache.internal.DefaultFileLockManager] Releasing lock on daemon addresses registry.
2024-11-12T11:24:58.697+0200 [DEBUG] [org.gradle.cache.internal.DefaultFileLockManager] Waiting to acquire shared lock on daemon addresses registry.
2024-11-12T11:24:58.697+0200 [DEBUG] [org.gradle.cache.internal.DefaultFileLockManager] Lock acquired on daemon addresses registry.
2024-11-12T11:24:58.697+0200 [DEBUG] [org.gradle.cache.internal.DefaultFileLockManager] Releasing lock on daemon addresses registry.
2024-11-12T11:24:58.698+0200 [DEBUG] [org.gradle.cache.internal.DefaultFileLockManager] Waiting to acquire shared lock on daemon addresses registry.
2024-11-12T11:24:58.699+0200 [DEBUG] [org.gradle.cache.internal.DefaultFileLockManager] Lock acquired on daemon addresses registry.
2024-11-12T11:24:58.699+0200 [DEBUG] [org.gradle.cache.internal.DefaultFileLockManager] Releasing lock on daemon addresses registry.
2024-11-12T11:25:02.978+0200 [DEBUG] [org.gradle.process.internal.health.memory.DefaultMemoryManager] 1643707187 virtual memory requested, 595595264 free
2024-11-12T11:25:02.978+0200 [DEBUG] [org.gradle.workers.internal.WorkerDaemonExpiration] Will attempt to release 1567 of memory
2024-11-12T11:25:02.978+0200 [DEBUG] [org.gradle.process.internal.health.memory.DefaultMemoryManager] 1643707187 virtual memory requested, 0 released, 595595264 free
2024-11-12T11:25:07.980+0200 [DEBUG] [org.gradle.process.internal.health.memory.DefaultMemoryManager] 409155993 physical memory requested, 369463296 free
2024-11-12T11:25:07.980+0200 [DEBUG] [org.gradle.workers.internal.WorkerDaemonExpiration] Will attempt to release 390 of memory
2024-11-12T11:25:07.980+0200 [DEBUG] [org.gradle.process.internal.health.memory.DefaultMemoryManager] 409155993 physical memory requested, 0 released, 369463296 free
2024-11-12T11:25:07.980+0200 [DEBUG] [org.gradle.process.internal.health.memory.DefaultMemoryManager] 1643707187 virtual memory requested, 648740864 free
2024-11-12T11:25:07.980+0200 [DEBUG] [org.gradle.workers.internal.WorkerDaemonExpiration] Will attempt to release 1567 of memory
2024-11-12T11:25:07.980+0200 [DEBUG] [org.gradle.process.internal.health.memory.DefaultMemoryManager] 1643707187 virtual memory requested, 0 released, 648740864 free
2024-11-12T11:25:08.696+0200 [DEBUG] [org.gradle.cache.internal.DefaultFileLockManager] Waiting to acquire shared lock on daemon addresses registry.
2024-11-12T11:25:08.697+0200 [DEBUG] [org.gradle.cache.internal.DefaultFileLockManager] Lock acquired on daemon addresses registry.
2024-11-12T11:25:08.697+0200 [DEBUG] [org.gradle.cache.internal.DefaultFileLockManager] Releasing lock on daemon addresses registry.
2024-11-12T11:25:08.699+0200 [DEBUG] [org.gradle.cache.internal.DefaultFileLockManager] Waiting to acquire shared lock on daemon addresses registry.
2024-11-12T11:25:08.699+0200 [DEBUG] [org.gradle.cache.internal.DefaultFileLockManager] Lock acquired on daemon addresses registry.
2024-11-12T11:25:08.700+0200 [DEBUG] [org.gradle.cache.internal.DefaultFileLockManager] Releasing lock on daemon addresses registry.
2024-11-12T11:25:08.701+0200 [DEBUG] [org.gradle.cache.internal.DefaultFileLockManager] Waiting to acquire shared lock on daemon addresses registry.
2024-11-12T11:25:08.702+0200 [DEBUG] [org.gradle.cache.internal.DefaultFileLockManager] Lock acquired on daemon addresses registry.
2024-11-12T11:25:08.702+0200 [DEBUG] [org.gradle.cache.internal.DefaultFileLockManager] Releasing lock on daemon addresses registry.
2024-11-12T11:25:12.981+0200 [DEBUG] [org.gradle.process.internal.health.memory.DefaultMemoryManager] 409155993 physical memory requested, 297328640 free
2024-11-12T11:25:12.981+0200 [DEBUG] [org.gradle.workers.internal.WorkerDaemonExpiration] Will attempt to release 390 of memory
2024-11-12T11:25:12.981+0200 [DEBUG] [org.gradle.process.internal.health.memory.DefaultMemoryManager] 409155993 physical memory requested, 0 released, 297328640 free
2024-11-12T11:25:12.981+0200 [DEBUG] [org.gradle.process.internal.health.memory.DefaultMemoryManager] 1643707187 virtual memory requested, 624156672 free
2024-11-12T11:25:12.981+0200 [DEBUG] [org.gradle.workers.internal.WorkerDaemonExpiration] Will attempt to release 1567 of memory
2024-11-12T11:25:12.981+0200 [DEBUG] [org.gradle.process.internal.health.memory.DefaultMemoryManager] 1643707187 virtual memory requested, 0 released, 624156672 free
2024-11-12T11:25:17.986+0200 [DEBUG] [org.gradle.process.internal.health.memory.DefaultMemoryManager] 409155993 physical memory requested, 382246912 free
2024-11-12T11:25:17.987+0200 [DEBUG] [org.gradle.workers.internal.WorkerDaemonExpiration] Will attempt to release 390 of memory
2024-11-12T11:25:17.987+0200 [DEBUG] [org.gradle.process.internal.health.memory.DefaultMemoryManager] 409155993 physical memory requested, 0 released, 382246912 free
2024-11-12T11:25:17.987+0200 [DEBUG] [org.gradle.process.internal.health.memory.DefaultMemoryManager] 1643707187 virtual memory requested, 698540032 free
2024-11-12T11:25:17.988+0200 [DEBUG] [org.gradle.workers.internal.WorkerDaemonExpiration] Will attempt to release 1567 of memory
2024-11-12T11:25:17.988+0200 [DEBUG] [org.gradle.process.internal.health.memory.DefaultMemoryManager] 1643707187 virtual memory requested, 0 released, 698540032 free
2024-11-12T11:25:18.695+0200 [DEBUG] [org.gradle.cache.internal.DefaultFileLockManager] Waiting to acquire shared lock on daemon addresses registry.
2024-11-12T11:25:18.696+0200 [DEBUG] [org.gradle.cache.internal.DefaultFileLockManager] Lock acquired on daemon addresses registry.
2024-11-12T11:25:18.697+0200 [DEBUG] [org.gradle.cache.internal.DefaultFileLockManager] Releasing lock on daemon addresses registry.
2024-11-12T11:25:18.699+0200 [DEBUG] [org.gradle.cache.internal.DefaultFileLockManager] Waiting to acquire shared lock on daemon addresses registry.
2024-11-12T11:25:18.699+0200 [DEBUG] [org.gradle.cache.internal.DefaultFileLockManager] Lock acquired on daemon addresses registry.
2024-11-12T11:25:18.700+0200 [DEBUG] [org.gradle.cache.internal.DefaultFileLockManager] Releasing lock on daemon addresses registry.
2024-11-12T11:25:18.704+0200 [DEBUG] [org.gradle.cache.internal.DefaultFileLockManager] Waiting to acquire shared lock on daemon addresses registry.
2024-11-12T11:25:18.705+0200 [DEBUG] [org.gradle.cache.internal.DefaultFileLockManager] Lock acquired on daemon addresses registry.
2024-11-12T11:25:18.707+0200 [DEBUG] [org.gradle.cache.internal.DefaultFileLockManager] Releasing lock on daemon addresses registry.
2024-11-12T11:25:22.976+0200 [DEBUG] [org.gradle.process.internal.health.memory.DefaultMemoryManager] 409155993 physical memory requested, 331313152 free
2024-11-12T11:25:22.976+0200 [DEBUG] [org.gradle.workers.internal.WorkerDaemonExpiration] Will attempt to release 390 of memory
2024-11-12T11:25:22.976+0200 [DEBUG] [org.gradle.process.internal.health.memory.DefaultMemoryManager] 409155993 physical memory requested, 0 released, 331313152 free
2024-11-12T11:25:22.976+0200 [DEBUG] [org.gradle.process.internal.health.memory.DefaultMemoryManager] 1643707187 virtual memory requested, 665743360 free
2024-11-12T11:25:22.976+0200 [DEBUG] [org.gradle.workers.internal.WorkerDaemonExpiration] Will attempt to release 1567 of memory
2024-11-12T11:25:22.976+0200 [DEBUG] [org.gradle.process.internal.health.memory.DefaultMemoryManager] 1643707187 virtual memory requested, 0 released, 665743360 free
2024-11-12T11:25:27.972+0200 [DEBUG] [org.gradle.process.internal.health.memory.DefaultMemoryManager] 409155993 physical memory requested, 238223360 free
2024-11-12T11:25:27.972+0200 [DEBUG] [org.gradle.workers.internal.WorkerDaemonExpiration] Will attempt to release 390 of memory
2024-11-12T11:25:27.972+0200 [DEBUG] [org.gradle.process.internal.health.memory.DefaultMemoryManager] 409155993 physical memory requested, 0 released, 238223360 free
2024-11-12T11:25:27.972+0200 [DEBUG] [org.gradle.process.internal.health.memory.DefaultMemoryManager] 1643707187 virtual memory requested, 986124288 free
2024-11-12T11:25:27.972+0200 [DEBUG] [org.gradle.workers.internal.WorkerDaemonExpiration] Will attempt to release 1567 of memory
2024-11-12T11:25:27.972+0200 [DEBUG] [org.gradle.process.internal.health.memory.DefaultMemoryManager] 1643707187 virtual memory requested, 0 released, 986124288 free
2024-11-12T11:25:28.704+0200 [DEBUG] [org.gradle.cache.internal.DefaultFileLockManager] Waiting to acquire shared lock on daemon addresses registry.
2024-11-12T11:25:28.704+0200 [DEBUG] [org.gradle.cache.internal.DefaultFileLockManager] Lock acquired on daemon addresses registry.
2024-11-12T11:25:28.705+0200 [DEBUG] [org.gradle.cache.internal.DefaultFileLockManager] Releasing lock on daemon addresses registry.
2024-11-12T11:25:28.706+0200 [DEBUG] [org.gradle.cache.internal.DefaultFileLockManager] Waiting to acquire shared lock on daemon addresses registry.
2024-11-12T11:25:28.706+0200 [DEBUG] [org.gradle.cache.internal.DefaultFileLockManager] Lock acquired on daemon addresses registry.
2024-11-12T11:25:28.707+0200 [DEBUG] [org.gradle.cache.internal.DefaultFileLockManager] Releasing lock on daemon addresses registry.
2024-11-12T11:25:28.709+0200 [DEBUG] [org.gradle.cache.internal.DefaultFileLockManager] Waiting to acquire shared lock on daemon addresses registry.
2024-11-12T11:25:28.711+0200 [DEBUG] [org.gradle.cache.internal.DefaultFileLockManager] Lock acquired on daemon addresses registry.
2024-11-12T11:25:28.712+0200 [DEBUG] [org.gradle.cache.internal.DefaultFileLockManager] Releasing lock on daemon addresses registry.
2024-11-12T11:25:32.994+0200 [DEBUG] [org.gradle.process.internal.health.memory.DefaultMemoryManager] 409155993 physical memory requested, 346554368 free
2024-11-12T11:25:32.994+0200 [DEBUG] [org.gradle.workers.internal.WorkerDaemonExpiration] Will attempt to release 390 of memory
2024-11-12T11:25:32.994+0200 [DEBUG] [org.gradle.process.internal.health.memory.DefaultMemoryManager] 409155993 physical memory requested, 0 released, 346554368 free
2024-11-12T11:25:32.994+0200 [DEBUG] [org.gradle.process.internal.health.memory.DefaultMemoryManager] 1643707187 virtual memory requested, 1052098560 free
2024-11-12T11:25:32.994+0200 [DEBUG] [org.gradle.workers.internal.WorkerDaemonExpiration] Will attempt to release 1567 of memory
2024-11-12T11:25:32.995+0200 [DEBUG] [org.gradle.process.internal.health.memory.DefaultMemoryManager] 1643707187 virtual memory requested, 0 released, 1052098560 free
2024-11-12T11:25:37.978+0200 [DEBUG] [org.gradle.process.internal.health.memory.DefaultMemoryManager] 409155993 physical memory requested, 318779392 free
2024-11-12T11:25:37.982+0200 [DEBUG] [org.gradle.workers.internal.WorkerDaemonExpiration] Will attempt to release 390 of memory
2024-11-12T11:25:37.982+0200 [DEBUG] [org.gradle.process.internal.health.memory.DefaultMemoryManager] 409155993 physical memory requested, 0 released, 318779392 free
2024-11-12T11:25:37.982+0200 [DEBUG] [org.gradle.process.internal.health.memory.DefaultMemoryManager] 1643707187 virtual memory requested, 859414528 free
2024-11-12T11:25:37.982+0200 [DEBUG] [org.gradle.workers.internal.WorkerDaemonExpiration] Will attempt to release 1567 of memory
2024-11-12T11:25:37.982+0200 [DEBUG] [org.gradle.process.internal.health.memory.DefaultMemoryManager] 1643707187 virtual memory requested, 0 released, 859414528 free
2024-11-12T11:25:38.697+0200 [DEBUG] [org.gradle.cache.internal.DefaultFileLockManager] Waiting to acquire shared lock on daemon addresses registry.
2024-11-12T11:25:38.697+0200 [DEBUG] [org.gradle.cache.internal.DefaultFileLockManager] Lock acquired on daemon addresses registry.
2024-11-12T11:25:38.698+0200 [DEBUG] [org.gradle.cache.internal.DefaultFileLockManager] Releasing lock on daemon addresses registry.
2024-11-12T11:25:38.704+0200 [DEBUG] [org.gradle.cache.internal.DefaultFileLockManager] Waiting to acquire shared lock on daemon addresses registry.
2024-11-12T11:25:38.704+0200 [DEBUG] [org.gradle.cache.internal.DefaultFileLockManager] Lock acquired on daemon addresses registry.
2024-11-12T11:25:38.705+0200 [DEBUG] [org.gradle.cache.internal.DefaultFileLockManager] Releasing lock on daemon addresses registry.
2024-11-12T11:25:38.707+0200 [DEBUG] [org.gradle.cache.internal.DefaultFileLockManager] Waiting to acquire shared lock on daemon addresses registry.
2024-11-12T11:25:38.707+0200 [DEBUG] [org.gradle.cache.internal.DefaultFileLockManager] Lock acquired on daemon addresses registry.
2024-11-12T11:25:38.708+0200 [DEBUG] [org.gradle.cache.internal.DefaultFileLockManager] Releasing lock on daemon addresses registry.
2024-11-12T11:25:42.981+0200 [DEBUG] [org.gradle.process.internal.health.memory.DefaultMemoryManager] 409155993 physical memory requested, 286011392 free
2024-11-12T11:25:42.982+0200 [DEBUG] [org.gradle.workers.internal.WorkerDaemonExpiration] Will attempt to release 390 of memory
2024-11-12T11:25:42.982+0200 [DEBUG] [org.gradle.process.internal.health.memory.DefaultMemoryManager] 409155993 physical memory requested, 0 released, 286011392 free
2024-11-12T11:25:42.982+0200 [DEBUG] [org.gradle.process.internal.health.memory.DefaultMemoryManager] 1643707187 virtual memory requested, 859291648 free
2024-11-12T11:25:42.982+0200 [DEBUG] [org.gradle.workers.internal.WorkerDaemonExpiration] Will attempt to release 1567 of memory
2024-11-12T11:25:42.982+0200 [DEBUG] [org.gradle.process.internal.health.memory.DefaultMemoryManager] 1643707187 virtual memory requested, 0 released, 859291648 free
2024-11-12T11:25:47.978+0200 [DEBUG] [org.gradle.process.internal.health.memory.DefaultMemoryManager] 409155993 physical memory requested, 311627776 free
2024-11-12T11:25:47.978+0200 [DEBUG] [org.gradle.workers.internal.WorkerDaemonExpiration] Will attempt to release 390 of memory
2024-11-12T11:25:47.979+0200 [DEBUG] [org.gradle.process.internal.health.memory.DefaultMemoryManager] 409155993 physical memory requested, 0 released, 311627776 free
2024-11-12T11:25:47.979+0200 [DEBUG] [org.gradle.process.internal.health.memory.DefaultMemoryManager] 1643707187 virtual memory requested, 909643776 free
2024-11-12T11:25:47.979+0200 [DEBUG] [org.gradle.workers.internal.WorkerDaemonExpiration] Will attempt to release 1567 of memory
2024-11-12T11:25:47.979+0200 [DEBUG] [org.gradle.process.internal.health.memory.DefaultMemoryManager] 1643707187 virtual memory requested, 0 released, 909643776 free
2024-11-12T11:25:48.703+0200 [DEBUG] [org.gradle.cache.internal.DefaultFileLockManager] Waiting to acquire shared lock on daemon addresses registry.
2024-11-12T11:25:48.703+0200 [DEBUG] [org.gradle.cache.internal.DefaultFileLockManager] Lock acquired on daemon addresses registry.
2024-11-12T11:25:48.704+0200 [DEBUG] [org.gradle.cache.internal.DefaultFileLockManager] Releasing lock on daemon addresses registry.
2024-11-12T11:25:48.705+0200 [DEBUG] [org.gradle.cache.internal.DefaultFileLockManager] Waiting to acquire shared lock on daemon addresses registry.
2024-11-12T11:25:48.706+0200 [DEBUG] [org.gradle.cache.internal.DefaultFileLockManager] Lock acquired on daemon addresses registry.
2024-11-12T11:25:48.706+0200 [DEBUG] [org.gradle.cache.internal.DefaultFileLockManager] Releasing lock on daemon addresses registry.
2024-11-12T11:25:48.712+0200 [DEBUG] [org.gradle.cache.internal.DefaultFileLockManager] Waiting to acquire shared lock on daemon addresses registry.
2024-11-12T11:25:48.712+0200 [DEBUG] [org.gradle.cache.internal.DefaultFileLockManager] Lock acquired on daemon addresses registry.
2024-11-12T11:25:48.712+0200 [DEBUG] [org.gradle.cache.internal.DefaultFileLockManager] Releasing lock on daemon addresses registry.
2024-11-12T11:25:52.978+0200 [DEBUG] [org.gradle.process.internal.health.memory.DefaultMemoryManager] 409155993 physical memory requested, 299716608 free
2024-11-12T11:25:52.978+0200 [DEBUG] [org.gradle.workers.internal.WorkerDaemonExpiration] Will attempt to release 390 of memory
2024-11-12T11:25:52.978+0200 [DEBUG] [org.gradle.process.internal.health.memory.DefaultMemoryManager] 409155993 physical memory requested, 0 released, 299716608 free
2024-11-12T11:25:52.978+0200 [DEBUG] [org.gradle.process.internal.health.memory.DefaultMemoryManager] 1643707187 virtual memory requested, 901955584 free
2024-11-12T11:25:52.978+0200 [DEBUG] [org.gradle.workers.internal.WorkerDaemonExpiration] Will attempt to release 1567 of memory
2024-11-12T11:25:52.978+0200 [DEBUG] [org.gradle.process.internal.health.memory.DefaultMemoryManager] 1643707187 virtual memory requested, 0 released, 901955584 free
2024-11-12T11:25:57.979+0200 [DEBUG] [org.gradle.process.internal.health.memory.DefaultMemoryManager] 409155993 physical memory requested, 214777856 free
2024-11-12T11:25:57.979+0200 [DEBUG] [org.gradle.workers.internal.WorkerDaemonExpiration] Will attempt to release 390 of memory
2024-11-12T11:25:57.979+0200 [DEBUG] [org.gradle.process.internal.health.memory.DefaultMemoryManager] 409155993 physical memory requested, 0 released, 214777856 free
2024-11-12T11:25:57.979+0200 [DEBUG] [org.gradle.process.internal.health.memory.DefaultMemoryManager] 1643707187 virtual memory requested, 470990848 free
2024-11-12T11:25:57.979+0200 [DEBUG] [org.gradle.workers.internal.WorkerDaemonExpiration] Will attempt to release 1567 of memory
2024-11-12T11:25:57.979+0200 [DEBUG] [org.gradle.process.internal.health.memory.DefaultMemoryManager] 1643707187 virtual memory requested, 0 released, 470990848 free
2024-11-12T11:25:58.696+0200 [DEBUG] [org.gradle.cache.internal.DefaultFileLockManager] Waiting to acquire shared lock on daemon addresses registry.
2024-11-12T11:25:58.697+0200 [DEBUG] [org.gradle.cache.internal.DefaultFileLockManager] Lock acquired on daemon addresses registry.
2024-11-12T11:25:58.699+0200 [DEBUG] [org.gradle.cache.internal.DefaultFileLockManager] Releasing lock on daemon addresses registry.
2024-11-12T11:25:58.701+0200 [DEBUG] [org.gradle.cache.internal.DefaultFileLockManager] Waiting to acquire shared lock on daemon addresses registry.
2024-11-12T11:25:58.701+0200 [DEBUG] [org.gradle.cache.internal.DefaultFileLockManager] Lock acquired on daemon addresses registry.
2024-11-12T11:25:58.701+0200 [DEBUG] [org.gradle.cache.internal.DefaultFileLockManager] Releasing lock on daemon addresses registry.
2024-11-12T11:25:58.703+0200 [DEBUG] [org.gradle.cache.internal.DefaultFileLockManager] Waiting to acquire shared lock on daemon addresses registry.
2024-11-12T11:25:58.704+0200 [DEBUG] [org.gradle.cache.internal.DefaultFileLockManager] Lock acquired on daemon addresses registry.
2024-11-12T11:25:58.705+0200 [DEBUG] [org.gradle.cache.internal.DefaultFileLockManager] Releasing lock on daemon addresses registry.
2024-11-12T11:26:02.980+0200 [DEBUG] [org.gradle.process.internal.health.memory.DefaultMemoryManager] 409155993 physical memory requested, 312639488 free
2024-11-12T11:26:02.981+0200 [DEBUG] [org.gradle.workers.internal.WorkerDaemonExpiration] Will attempt to release 390 of memory
2024-11-12T11:26:02.981+0200 [DEBUG] [org.gradle.process.internal.health.memory.DefaultMemoryManager] 409155993 physical memory requested, 0 released, 312639488 free
2024-11-12T11:26:02.981+0200 [DEBUG] [org.gradle.process.internal.health.memory.DefaultMemoryManager] 1643707187 virtual memory requested, 747802624 free
2024-11-12T11:26:02.981+0200 [DEBUG] [org.gradle.workers.internal.WorkerDaemonExpiration] Will attempt to release 1567 of memory
2024-11-12T11:26:02.981+0200 [DEBUG] [org.gradle.process.internal.health.memory.DefaultMemoryManager] 1643707187 virtual memory requested, 0 released, 747802624 free
2024-11-12T11:26:07.985+0200 [DEBUG] [org.gradle.process.internal.health.memory.DefaultMemoryManager] 409155993 physical memory requested, 278102016 free
2024-11-12T11:26:07.986+0200 [DEBUG] [org.gradle.workers.internal.WorkerDaemonExpiration] Will attempt to release 390 of memory
2024-11-12T11:26:07.986+0200 [DEBUG] [org.gradle.process.internal.health.memory.DefaultMemoryManager] 409155993 physical memory requested, 0 released, 278102016 free
2024-11-12T11:26:07.986+0200 [DEBUG] [org.gradle.process.internal.health.memory.DefaultMemoryManager] 1643707187 virtual memory requested, 745070592 free
2024-11-12T11:26:07.986+0200 [DEBUG] [org.gradle.workers.internal.WorkerDaemonExpiration] Will attempt to release 1567 of memory
2024-11-12T11:26:07.987+0200 [DEBUG] [org.gradle.process.internal.health.memory.DefaultMemoryManager] 1643707187 virtual memory requested, 0 released, 745070592 free
2024-11-12T11:26:08.704+0200 [DEBUG] [org.gradle.cache.internal.DefaultFileLockManager] Waiting to acquire shared lock on daemon addresses registry.
2024-11-12T11:26:08.704+0200 [DEBUG] [org.gradle.cache.internal.DefaultFileLockManager] Lock acquired on daemon addresses registry.
2024-11-12T11:26:08.705+0200 [DEBUG] [org.gradle.cache.internal.DefaultFileLockManager] Releasing lock on daemon addresses registry.
2024-11-12T11:26:08.707+0200 [DEBUG] [org.gradle.cache.internal.DefaultFileLockManager] Waiting to acquire shared lock on daemon addresses registry.
2024-11-12T11:26:08.707+0200 [DEBUG] [org.gradle.cache.internal.DefaultFileLockManager] Lock acquired on daemon addresses registry.
2024-11-12T11:26:08.707+0200 [DEBUG] [org.gradle.cache.internal.DefaultFileLockManager] Releasing lock on daemon addresses registry.
2024-11-12T11:26:08.708+0200 [DEBUG] [org.gradle.cache.internal.DefaultFileLockManager] Waiting to acquire shared lock on daemon addresses registry.
2024-11-12T11:26:08.708+0200 [DEBUG] [org.gradle.cache.internal.DefaultFileLockManager] Lock acquired on daemon addresses registry.
2024-11-12T11:26:08.708+0200 [DEBUG] [org.gradle.cache.internal.DefaultFileLockManager] Releasing lock on daemon addresses registry.
2024-11-12T11:26:12.981+0200 [DEBUG] [org.gradle.process.internal.health.memory.DefaultMemoryManager] 409155993 physical memory requested, 314355712 free
2024-11-12T11:26:12.981+0200 [DEBUG] [org.gradle.workers.internal.WorkerDaemonExpiration] Will attempt to release 390 of memory
2024-11-12T11:26:12.981+0200 [DEBUG] [org.gradle.process.internal.health.memory.DefaultMemoryManager] 409155993 physical memory requested, 0 released, 314355712 free
2024-11-12T11:26:12.981+0200 [DEBUG] [org.gradle.process.internal.health.memory.DefaultMemoryManager] 1643707187 virtual memory requested, 822001664 free
2024-11-12T11:26:12.981+0200 [DEBUG] [org.gradle.workers.internal.WorkerDaemonExpiration] Will attempt to release 1567 of memory
2024-11-12T11:26:12.984+0200 [DEBUG] [org.gradle.process.internal.health.memory.DefaultMemoryManager] 1643707187 virtual memory requested, 0 released, 822001664 free
2024-11-12T11:26:17.970+0200 [DEBUG] [org.gradle.process.internal.health.memory.DefaultMemoryManager] 409155993 physical memory requested, 279420928 free
2024-11-12T11:26:17.972+0200 [DEBUG] [org.gradle.workers.internal.WorkerDaemonExpiration] Will attempt to release 390 of memory
2024-11-12T11:26:17.972+0200 [DEBUG] [org.gradle.process.internal.health.memory.DefaultMemoryManager] 409155993 physical memory requested, 0 released, 279420928 free
2024-11-12T11:26:17.972+0200 [DEBUG] [org.gradle.process.internal.health.memory.DefaultMemoryManager] 1643707187 virtual memory requested, 820482048 free
2024-11-12T11:26:17.972+0200 [DEBUG] [org.gradle.workers.internal.WorkerDaemonExpiration] Will attempt to release 1567 of memory
2024-11-12T11:26:17.972+0200 [DEBUG] [org.gradle.process.internal.health.memory.DefaultMemoryManager] 1643707187 virtual memory requested, 0 released, 820482048 free
2024-11-12T11:26:18.698+0200 [DEBUG] [org.gradle.cache.internal.DefaultFileLockManager] Waiting to acquire shared lock on daemon addresses registry.
2024-11-12T11:26:18.699+0200 [DEBUG] [org.gradle.cache.internal.DefaultFileLockManager] Lock acquired on daemon addresses registry.
2024-11-12T11:26:18.700+0200 [DEBUG] [org.gradle.cache.internal.DefaultFileLockManager] Releasing lock on daemon addresses registry.
2024-11-12T11:26:18.703+0200 [DEBUG] [org.gradle.cache.internal.DefaultFileLockManager] Waiting to acquire shared lock on daemon addresses registry.
2024-11-12T11:26:18.703+0200 [DEBUG] [org.gradle.cache.internal.DefaultFileLockManager] Lock acquired on daemon addresses registry.
2024-11-12T11:26:18.703+0200 [DEBUG] [org.gradle.cache.internal.DefaultFileLockManager] Releasing lock on daemon addresses registry.
2024-11-12T11:26:18.706+0200 [DEBUG] [org.gradle.cache.internal.DefaultFileLockManager] Waiting to acquire shared lock on daemon addresses registry.
2024-11-12T11:26:18.706+0200 [DEBUG] [org.gradle.cache.internal.DefaultFileLockManager] Lock acquired on daemon addresses registry.
2024-11-12T11:26:18.707+0200 [DEBUG] [org.gradle.cache.internal.DefaultFileLockManager] Releasing lock on daemon addresses registry.
2024-11-12T11:26:22.973+0200 [DEBUG] [org.gradle.process.internal.health.memory.DefaultMemoryManager] 409155993 physical memory requested, 279318528 free
2024-11-12T11:26:22.973+0200 [DEBUG] [org.gradle.workers.internal.WorkerDaemonExpiration] Will attempt to release 390 of memory
2024-11-12T11:26:22.973+0200 [DEBUG] [org.gradle.process.internal.health.memory.DefaultMemoryManager] 409155993 physical memory requested, 0 released, 279318528 free
2024-11-12T11:26:22.973+0200 [DEBUG] [org.gradle.process.internal.health.memory.DefaultMemoryManager] 1643707187 virtual memory requested, 836493312 free
2024-11-12T11:26:22.973+0200 [DEBUG] [org.gradle.workers.internal.WorkerDaemonExpiration] Will attempt to release 1567 of memory
2024-11-12T11:26:22.973+0200 [DEBUG] [org.gradle.process.internal.health.memory.DefaultMemoryManager] 1643707187 virtual memory requested, 0 released, 836493312 free
2024-11-12T11:26:27.981+0200 [DEBUG] [org.gradle.process.internal.health.memory.DefaultMemoryManager] 409155993 physical memory requested, 271564800 free
2024-11-12T11:26:27.981+0200 [DEBUG] [org.gradle.workers.internal.WorkerDaemonExpiration] Will attempt to release 390 of memory
2024-11-12T11:26:27.981+0200 [DEBUG] [org.gradle.process.internal.health.memory.DefaultMemoryManager] 409155993 physical memory requested, 0 released, 271564800 free
2024-11-12T11:26:27.981+0200 [DEBUG] [org.gradle.process.internal.health.memory.DefaultMemoryManager] 1643707187 virtual memory requested, 846684160 free
2024-11-12T11:26:27.981+0200 [DEBUG] [org.gradle.workers.internal.WorkerDaemonExpiration] Will attempt to release 1567 of memory
2024-11-12T11:26:27.981+0200 [DEBUG] [org.gradle.process.internal.health.memory.DefaultMemoryManager] 1643707187 virtual memory requested, 0 released, 846684160 free
2024-11-12T11:26:28.692+0200 [DEBUG] [org.gradle.cache.internal.DefaultFileLockManager] Waiting to acquire shared lock on daemon addresses registry.
2024-11-12T11:26:28.692+0200 [DEBUG] [org.gradle.cache.internal.DefaultFileLockManager] Lock acquired on daemon addresses registry.
2024-11-12T11:26:28.692+0200 [DEBUG] [org.gradle.cache.internal.DefaultFileLockManager] Releasing lock on daemon addresses registry.
2024-11-12T11:26:28.693+0200 [DEBUG] [org.gradle.cache.internal.DefaultFileLockManager] Waiting to acquire shared lock on daemon addresses registry.
2024-11-12T11:26:28.693+0200 [DEBUG] [org.gradle.cache.internal.DefaultFileLockManager] Lock acquired on daemon addresses registry.
2024-11-12T11:26:28.693+0200 [DEBUG] [org.gradle.cache.internal.DefaultFileLockManager] Releasing lock on daemon addresses registry.
2024-11-12T11:26:28.694+0200 [DEBUG] [org.gradle.cache.internal.DefaultFileLockManager] Waiting to acquire shared lock on daemon addresses registry.
2024-11-12T11:26:28.694+0200 [DEBUG] [org.gradle.cache.internal.DefaultFileLockManager] Lock acquired on daemon addresses registry.
2024-11-12T11:26:28.694+0200 [DEBUG] [org.gradle.cache.internal.DefaultFileLockManager] Releasing lock on daemon addresses registry.
2024-11-12T11:26:32.973+0200 [DEBUG] [org.gradle.process.internal.health.memory.DefaultMemoryManager] 409155993 physical memory requested, 266383360 free
2024-11-12T11:26:32.973+0200 [DEBUG] [org.gradle.workers.internal.WorkerDaemonExpiration] Will attempt to release 390 of memory
2024-11-12T11:26:32.973+0200 [DEBUG] [org.gradle.process.internal.health.memory.DefaultMemoryManager] 409155993 physical memory requested, 0 released, 266383360 free
2024-11-12T11:26:32.973+0200 [DEBUG] [org.gradle.process.internal.health.memory.DefaultMemoryManager] 1643707187 virtual memory requested, 847474688 free
2024-11-12T11:26:32.973+0200 [DEBUG] [org.gradle.workers.internal.WorkerDaemonExpiration] Will attempt to release 1567 of memory
2024-11-12T11:26:32.973+0200 [DEBUG] [org.gradle.process.internal.health.memory.DefaultMemoryManager] 1643707187 virtual memory requested, 0 released, 847474688 free
2024-11-12T11:26:37.975+0200 [DEBUG] [org.gradle.process.internal.health.memory.DefaultMemoryManager] 409155993 physical memory requested, 258031616 free
2024-11-12T11:26:37.975+0200 [DEBUG] [org.gradle.workers.internal.WorkerDaemonExpiration] Will attempt to release 390 of memory
2024-11-12T11:26:37.976+0200 [DEBUG] [org.gradle.process.internal.health.memory.DefaultMemoryManager] 409155993 physical memory requested, 0 released, 258031616 free
2024-11-12T11:26:37.976+0200 [DEBUG] [org.gradle.process.internal.health.memory.DefaultMemoryManager] 1643707187 virtual memory requested, 868651008 free
2024-11-12T11:26:37.976+0200 [DEBUG] [org.gradle.workers.internal.WorkerDaemonExpiration] Will attempt to release 1567 of memory
2024-11-12T11:26:37.976+0200 [DEBUG] [org.gradle.process.internal.health.memory.DefaultMemoryManager] 1643707187 virtual memory requested, 0 released, 868651008 free
2024-11-12T11:26:38.696+0200 [DEBUG] [org.gradle.cache.internal.DefaultFileLockManager] Waiting to acquire shared lock on daemon addresses registry.
2024-11-12T11:26:38.696+0200 [DEBUG] [org.gradle.cache.internal.DefaultFileLockManager] Lock acquired on daemon addresses registry.
2024-11-12T11:26:38.697+0200 [DEBUG] [org.gradle.cache.internal.DefaultFileLockManager] Releasing lock on daemon addresses registry.
2024-11-12T11:26:38.699+0200 [DEBUG] [org.gradle.cache.internal.DefaultFileLockManager] Waiting to acquire shared lock on daemon addresses registry.
2024-11-12T11:26:38.700+0200 [DEBUG] [org.gradle.cache.internal.DefaultFileLockManager] Lock acquired on daemon addresses registry.
2024-11-12T11:26:38.700+0200 [DEBUG] [org.gradle.cache.internal.DefaultFileLockManager] Releasing lock on daemon addresses registry.
2024-11-12T11:26:38.701+0200 [DEBUG] [org.gradle.cache.internal.DefaultFileLockManager] Waiting to acquire shared lock on daemon addresses registry.
2024-11-12T11:26:38.702+0200 [DEBUG] [org.gradle.cache.internal.DefaultFileLockManager] Lock acquired on daemon addresses registry.
2024-11-12T11:26:38.703+0200 [DEBUG] [org.gradle.cache.internal.DefaultFileLockManager] Releasing lock on daemon addresses registry.
2024-11-12T11:26:42.978+0200 [DEBUG] [org.gradle.process.internal.health.memory.DefaultMemoryManager] 409155993 physical memory requested, 253210624 free
2024-11-12T11:26:42.978+0200 [DEBUG] [org.gradle.workers.internal.WorkerDaemonExpiration] Will attempt to release 390 of memory
2024-11-12T11:26:42.978+0200 [DEBUG] [org.gradle.process.internal.health.memory.DefaultMemoryManager] 409155993 physical memory requested, 0 released, 253210624 free
2024-11-12T11:26:42.978+0200 [DEBUG] [org.gradle.process.internal.health.memory.DefaultMemoryManager] 1643707187 virtual memory requested, 869683200 free
2024-11-12T11:26:42.978+0200 [DEBUG] [org.gradle.workers.internal.WorkerDaemonExpiration] Will attempt to release 1567 of memory
2024-11-12T11:26:42.978+0200 [DEBUG] [org.gradle.process.internal.health.memory.DefaultMemoryManager] 1643707187 virtual memory requested, 0 released, 869683200 free
2024-11-12T11:26:47.974+0200 [DEBUG] [org.gradle.process.internal.health.memory.DefaultMemoryManager] 409155993 physical memory requested, 190234624 free
2024-11-12T11:26:47.975+0200 [DEBUG] [org.gradle.workers.internal.WorkerDaemonExpiration] Will attempt to release 390 of memory
2024-11-12T11:26:47.975+0200 [DEBUG] [org.gradle.process.internal.health.memory.DefaultMemoryManager] 409155993 physical memory requested, 0 released, 190234624 free
2024-11-12T11:26:47.975+0200 [DEBUG] [org.gradle.process.internal.health.memory.DefaultMemoryManager] 1643707187 virtual memory requested, 851132416 free
2024-11-12T11:26:47.975+0200 [DEBUG] [org.gradle.workers.internal.WorkerDaemonExpiration] Will attempt to release 1567 of memory
2024-11-12T11:26:47.975+0200 [DEBUG] [org.gradle.process.internal.health.memory.DefaultMemoryManager] 1643707187 virtual memory requested, 0 released, 851132416 free
2024-11-12T11:26:48.698+0200 [DEBUG] [org.gradle.cache.internal.DefaultFileLockManager] Waiting to acquire shared lock on daemon addresses registry.
2024-11-12T11:26:48.698+0200 [DEBUG] [org.gradle.cache.internal.DefaultFileLockManager] Lock acquired on daemon addresses registry.
2024-11-12T11:26:48.703+0200 [DEBUG] [org.gradle.cache.internal.DefaultFileLockManager] Releasing lock on daemon addresses registry.
2024-11-12T11:26:48.718+0200 [DEBUG] [org.gradle.cache.internal.DefaultFileLockManager] Waiting to acquire shared lock on daemon addresses registry.
2024-11-12T11:26:48.719+0200 [DEBUG] [org.gradle.cache.internal.DefaultFileLockManager] Lock acquired on daemon addresses registry.
2024-11-12T11:26:48.719+0200 [DEBUG] [org.gradle.cache.internal.DefaultFileLockManager] Releasing lock on daemon addresses registry.
2024-11-12T11:26:48.720+0200 [DEBUG] [org.gradle.cache.internal.DefaultFileLockManager] Waiting to acquire shared lock on daemon addresses registry.
2024-11-12T11:26:48.721+0200 [DEBUG] [org.gradle.cache.internal.DefaultFileLockManager] Lock acquired on daemon addresses registry.
2024-11-12T11:26:48.721+0200 [DEBUG] [org.gradle.cache.internal.DefaultFileLockManager] Releasing lock on daemon addresses registry.
2024-11-12T11:26:52.981+0200 [DEBUG] [org.gradle.process.internal.health.memory.DefaultMemoryManager] 409155993 physical memory requested, 345784320 free
2024-11-12T11:26:52.981+0200 [DEBUG] [org.gradle.workers.internal.WorkerDaemonExpiration] Will attempt to release 390 of memory
2024-11-12T11:26:52.981+0200 [DEBUG] [org.gradle.process.internal.health.memory.DefaultMemoryManager] 409155993 physical memory requested, 0 released, 345784320 free
2024-11-12T11:26:52.981+0200 [DEBUG] [org.gradle.process.internal.health.memory.DefaultMemoryManager] 1643707187 virtual memory requested, 837341184 free
2024-11-12T11:26:52.981+0200 [DEBUG] [org.gradle.workers.internal.WorkerDaemonExpiration] Will attempt to release 1567 of memory
2024-11-12T11:26:52.981+0200 [DEBUG] [org.gradle.process.internal.health.memory.DefaultMemoryManager] 1643707187 virtual memory requested, 0 released, 837341184 free
2024-11-12T11:26:57.981+0200 [DEBUG] [org.gradle.process.internal.health.memory.DefaultMemoryManager] 409155993 physical memory requested, 341368832 free
2024-11-12T11:26:57.981+0200 [DEBUG] [org.gradle.workers.internal.WorkerDaemonExpiration] Will attempt to release 390 of memory
2024-11-12T11:26:57.981+0200 [DEBUG] [org.gradle.process.internal.health.memory.DefaultMemoryManager] 409155993 physical memory requested, 0 released, 341368832 free
2024-11-12T11:26:57.982+0200 [DEBUG] [org.gradle.process.internal.health.memory.DefaultMemoryManager] 1643707187 virtual memory requested, 860008448 free
2024-11-12T11:26:57.982+0200 [DEBUG] [org.gradle.workers.internal.WorkerDaemonExpiration] Will attempt to release 1567 of memory
2024-11-12T11:26:57.982+0200 [DEBUG] [org.gradle.process.internal.health.memory.DefaultMemoryManager] 1643707187 virtual memory requested, 0 released, 860008448 free
2024-11-12T11:26:58.694+0200 [DEBUG] [org.gradle.cache.internal.DefaultFileLockManager] Waiting to acquire shared lock on daemon addresses registry.
2024-11-12T11:26:58.694+0200 [DEBUG] [org.gradle.cache.internal.DefaultFileLockManager] Lock acquired on daemon addresses registry.
2024-11-12T11:26:58.695+0200 [DEBUG] [org.gradle.cache.internal.DefaultFileLockManager] Releasing lock on daemon addresses registry.
2024-11-12T11:26:58.695+0200 [DEBUG] [org.gradle.cache.internal.DefaultFileLockManager] Waiting to acquire shared lock on daemon addresses registry.
2024-11-12T11:26:58.696+0200 [DEBUG] [org.gradle.cache.internal.DefaultFileLockManager] Lock acquired on daemon addresses registry.
2024-11-12T11:26:58.696+0200 [DEBUG] [org.gradle.cache.internal.DefaultFileLockManager] Releasing lock on daemon addresses registry.
2024-11-12T11:26:58.697+0200 [DEBUG] [org.gradle.cache.internal.DefaultFileLockManager] Waiting to acquire shared lock on daemon addresses registry.
2024-11-12T11:26:58.697+0200 [DEBUG] [org.gradle.cache.internal.DefaultFileLockManager] Lock acquired on daemon addresses registry.
2024-11-12T11:26:58.698+0200 [DEBUG] [org.gradle.cache.internal.DefaultFileLockManager] Releasing lock on daemon addresses registry.
2024-11-12T11:27:02.978+0200 [DEBUG] [org.gradle.process.internal.health.memory.DefaultMemoryManager] 409155993 physical memory requested, 343556096 free
2024-11-12T11:27:02.978+0200 [DEBUG] [org.gradle.workers.internal.WorkerDaemonExpiration] Will attempt to release 390 of memory
2024-11-12T11:27:02.978+0200 [DEBUG] [org.gradle.process.internal.health.memory.DefaultMemoryManager] 409155993 physical memory requested, 0 released, 343556096 free
2024-11-12T11:27:02.979+0200 [DEBUG] [org.gradle.process.internal.health.memory.DefaultMemoryManager] 1643707187 virtual memory requested, 864481280 free
2024-11-12T11:27:02.979+0200 [DEBUG] [org.gradle.workers.internal.WorkerDaemonExpiration] Will attempt to release 1567 of memory
2024-11-12T11:27:02.979+0200 [DEBUG] [org.gradle.process.internal.health.memory.DefaultMemoryManager] 1643707187 virtual memory requested, 0 released, 864481280 free
2024-11-12T11:27:07.972+0200 [DEBUG] [org.gradle.process.internal.health.memory.DefaultMemoryManager] 409155993 physical memory requested, 353853440 free
2024-11-12T11:27:07.973+0200 [DEBUG] [org.gradle.workers.internal.WorkerDaemonExpiration] Will attempt to release 390 of memory
2024-11-12T11:27:07.973+0200 [DEBUG] [org.gradle.process.internal.health.memory.DefaultMemoryManager] 409155993 physical memory requested, 0 released, 353853440 free
2024-11-12T11:27:07.973+0200 [DEBUG] [org.gradle.process.internal.health.memory.DefaultMemoryManager] 1643707187 virtual memory requested, 867246080 free
2024-11-12T11:27:07.973+0200 [DEBUG] [org.gradle.workers.internal.WorkerDaemonExpiration] Will attempt to release 1567 of memory
2024-11-12T11:27:07.973+0200 [DEBUG] [org.gradle.process.internal.health.memory.DefaultMemoryManager] 1643707187 virtual memory requested, 0 released, 867246080 free
2024-11-12T11:27:08.701+0200 [DEBUG] [org.gradle.cache.internal.DefaultFileLockManager] Waiting to acquire shared lock on daemon addresses registry.
2024-11-12T11:27:08.701+0200 [DEBUG] [org.gradle.cache.internal.DefaultFileLockManager] Lock acquired on daemon addresses registry.
2024-11-12T11:27:08.703+0200 [DEBUG] [org.gradle.cache.internal.DefaultFileLockManager] Releasing lock on daemon addresses registry.
2024-11-12T11:27:08.705+0200 [DEBUG] [org.gradle.cache.internal.DefaultFileLockManager] Waiting to acquire shared lock on daemon addresses registry.
2024-11-12T11:27:08.705+0200 [DEBUG] [org.gradle.cache.internal.DefaultFileLockManager] Lock acquired on daemon addresses registry.
2024-11-12T11:27:08.706+0200 [DEBUG] [org.gradle.cache.internal.DefaultFileLockManager] Releasing lock on daemon addresses registry.
2024-11-12T11:27:08.707+0200 [DEBUG] [org.gradle.cache.internal.DefaultFileLockManager] Waiting to acquire shared lock on daemon addresses registry.
2024-11-12T11:27:08.707+0200 [DEBUG] [org.gradle.cache.internal.DefaultFileLockManager] Lock acquired on daemon addresses registry.
2024-11-12T11:27:08.708+0200 [DEBUG] [org.gradle.cache.internal.DefaultFileLockManager] Releasing lock on daemon addresses registry.
2024-11-12T11:27:12.979+0200 [DEBUG] [org.gradle.process.internal.health.memory.DefaultMemoryManager] 409155993 physical memory requested, 355000320 free
2024-11-12T11:27:12.979+0200 [DEBUG] [org.gradle.workers.internal.WorkerDaemonExpiration] Will attempt to release 390 of memory
2024-11-12T11:27:12.979+0200 [DEBUG] [org.gradle.process.internal.health.memory.DefaultMemoryManager] 409155993 physical memory requested, 0 released, 355000320 free
2024-11-12T11:27:12.979+0200 [DEBUG] [org.gradle.process.internal.health.memory.DefaultMemoryManager] 1643707187 virtual memory requested, 870563840 free
2024-11-12T11:27:12.979+0200 [DEBUG] [org.gradle.workers.internal.WorkerDaemonExpiration] Will attempt to release 1567 of memory
2024-11-12T11:27:12.979+0200 [DEBUG] [org.gradle.process.internal.health.memory.DefaultMemoryManager] 1643707187 virtual memory requested, 0 released, 870563840 free
2024-11-12T11:27:17.977+0200 [DEBUG] [org.gradle.process.internal.health.memory.DefaultMemoryManager] 409155993 physical memory requested, 337735680 free
2024-11-12T11:27:17.978+0200 [DEBUG] [org.gradle.workers.internal.WorkerDaemonExpiration] Will attempt to release 390 of memory
2024-11-12T11:27:17.978+0200 [DEBUG] [org.gradle.process.internal.health.memory.DefaultMemoryManager] 409155993 physical memory requested, 0 released, 337735680 free
2024-11-12T11:27:17.978+0200 [DEBUG] [org.gradle.process.internal.health.memory.DefaultMemoryManager] 1643707187 virtual memory requested, 872652800 free
2024-11-12T11:27:17.978+0200 [DEBUG] [org.gradle.workers.internal.WorkerDaemonExpiration] Will attempt to release 1567 of memory
2024-11-12T11:27:17.978+0200 [DEBUG] [org.gradle.process.internal.health.memory.DefaultMemoryManager] 1643707187 virtual memory requested, 0 released, 872652800 free
2024-11-12T11:27:18.707+0200 [DEBUG] [org.gradle.cache.internal.DefaultFileLockManager] Waiting to acquire shared lock on daemon addresses registry.
2024-11-12T11:27:18.707+0200 [DEBUG] [org.gradle.cache.internal.DefaultFileLockManager] Lock acquired on daemon addresses registry.
2024-11-12T11:27:18.709+0200 [DEBUG] [org.gradle.cache.internal.DefaultFileLockManager] Releasing lock on daemon addresses registry.
2024-11-12T11:27:18.711+0200 [DEBUG] [org.gradle.cache.internal.DefaultFileLockManager] Waiting to acquire shared lock on daemon addresses registry.
2024-11-12T11:27:18.712+0200 [DEBUG] [org.gradle.cache.internal.DefaultFileLockManager] Lock acquired on daemon addresses registry.
2024-11-12T11:27:18.712+0200 [DEBUG] [org.gradle.cache.internal.DefaultFileLockManager] Releasing lock on daemon addresses registry.
2024-11-12T11:27:18.715+0200 [DEBUG] [org.gradle.cache.internal.DefaultFileLockManager] Waiting to acquire shared lock on daemon addresses registry.
2024-11-12T11:27:18.715+0200 [DEBUG] [org.gradle.cache.internal.DefaultFileLockManager] Lock acquired on daemon addresses registry.
2024-11-12T11:27:18.716+0200 [DEBUG] [org.gradle.cache.internal.DefaultFileLockManager] Releasing lock on daemon addresses registry.
2024-11-12T11:27:22.980+0200 [DEBUG] [org.gradle.process.internal.health.memory.DefaultMemoryManager] 409155993 physical memory requested, 317796352 free
2024-11-12T11:27:22.980+0200 [DEBUG] [org.gradle.workers.internal.WorkerDaemonExpiration] Will attempt to release 390 of memory
2024-11-12T11:27:22.980+0200 [DEBUG] [org.gradle.process.internal.health.memory.DefaultMemoryManager] 409155993 physical memory requested, 0 released, 317796352 free
2024-11-12T11:27:22.980+0200 [DEBUG] [org.gradle.process.internal.health.memory.DefaultMemoryManager] 1643707187 virtual memory requested, 856670208 free
2024-11-12T11:27:22.980+0200 [DEBUG] [org.gradle.workers.internal.WorkerDaemonExpiration] Will attempt to release 1567 of memory
2024-11-12T11:27:22.980+0200 [DEBUG] [org.gradle.process.internal.health.memory.DefaultMemoryManager] 1643707187 virtual memory requested, 0 released, 856670208 free
2024-11-12T11:27:27.975+0200 [DEBUG] [org.gradle.process.internal.health.memory.DefaultMemoryManager] 409155993 physical memory requested, 293371904 free
2024-11-12T11:27:27.975+0200 [DEBUG] [org.gradle.workers.internal.WorkerDaemonExpiration] Will attempt to release 390 of memory
2024-11-12T11:27:27.975+0200 [DEBUG] [org.gradle.process.internal.health.memory.DefaultMemoryManager] 409155993 physical memory requested, 0 released, 293371904 free
2024-11-12T11:27:27.975+0200 [DEBUG] [org.gradle.process.internal.health.memory.DefaultMemoryManager] 1643707187 virtual memory requested, 833187840 free
2024-11-12T11:27:27.975+0200 [DEBUG] [org.gradle.workers.internal.WorkerDaemonExpiration] Will attempt to release 1567 of memory
2024-11-12T11:27:27.975+0200 [DEBUG] [org.gradle.process.internal.health.memory.DefaultMemoryManager] 1643707187 virtual memory requested, 0 released, 833187840 free
2024-11-12T11:27:28.699+0200 [DEBUG] [org.gradle.cache.internal.DefaultFileLockManager] Waiting to acquire shared lock on daemon addresses registry.
2024-11-12T11:27:28.700+0200 [DEBUG] [org.gradle.cache.internal.DefaultFileLockManager] Lock acquired on daemon addresses registry.
2024-11-12T11:27:28.700+0200 [DEBUG] [org.gradle.cache.internal.DefaultFileLockManager] Releasing lock on daemon addresses registry.
2024-11-12T11:27:28.702+0200 [DEBUG] [org.gradle.cache.internal.DefaultFileLockManager] Waiting to acquire shared lock on daemon addresses registry.
2024-11-12T11:27:28.703+0200 [DEBUG] [org.gradle.cache.internal.DefaultFileLockManager] Lock acquired on daemon addresses registry.
2024-11-12T11:27:28.703+0200 [DEBUG] [org.gradle.cache.internal.DefaultFileLockManager] Releasing lock on daemon addresses registry.
2024-11-12T11:27:28.704+0200 [DEBUG] [org.gradle.cache.internal.DefaultFileLockManager] Waiting to acquire shared lock on daemon addresses registry.
2024-11-12T11:27:28.704+0200 [DEBUG] [org.gradle.cache.internal.DefaultFileLockManager] Lock acquired on daemon addresses registry.
2024-11-12T11:27:28.705+0200 [DEBUG] [org.gradle.cache.internal.DefaultFileLockManager] Releasing lock on daemon addresses registry.
2024-11-12T11:27:32.980+0200 [DEBUG] [org.gradle.process.internal.health.memory.DefaultMemoryManager] 409155993 physical memory requested, 316563456 free
2024-11-12T11:27:32.980+0200 [DEBUG] [org.gradle.workers.internal.WorkerDaemonExpiration] Will attempt to release 390 of memory
2024-11-12T11:27:32.980+0200 [DEBUG] [org.gradle.process.internal.health.memory.DefaultMemoryManager] 409155993 physical memory requested, 0 released, 316563456 free
2024-11-12T11:27:32.981+0200 [DEBUG] [org.gradle.process.internal.health.memory.DefaultMemoryManager] 1643707187 virtual memory requested, 836767744 free
2024-11-12T11:27:32.981+0200 [DEBUG] [org.gradle.workers.internal.WorkerDaemonExpiration] Will attempt to release 1567 of memory
2024-11-12T11:27:32.981+0200 [DEBUG] [org.gradle.process.internal.health.memory.DefaultMemoryManager] 1643707187 virtual memory requested, 0 released, 836767744 free
2024-11-12T11:27:37.983+0200 [DEBUG] [org.gradle.process.internal.health.memory.DefaultMemoryManager] 409155993 physical memory requested, 304955392 free
2024-11-12T11:27:37.983+0200 [DEBUG] [org.gradle.workers.internal.WorkerDaemonExpiration] Will attempt to release 390 of memory
2024-11-12T11:27:37.983+0200 [DEBUG] [org.gradle.process.internal.health.memory.DefaultMemoryManager] 409155993 physical memory requested, 0 released, 304955392 free
2024-11-12T11:27:37.983+0200 [DEBUG] [org.gradle.process.internal.health.memory.DefaultMemoryManager] 1643707187 virtual memory requested, 784498688 free
2024-11-12T11:27:37.983+0200 [DEBUG] [org.gradle.workers.internal.WorkerDaemonExpiration] Will attempt to release 1567 of memory
2024-11-12T11:27:37.983+0200 [DEBUG] [org.gradle.process.internal.health.memory.DefaultMemoryManager] 1643707187 virtual memory requested, 0 released, 784498688 free
2024-11-12T11:27:38.701+0200 [DEBUG] [org.gradle.cache.internal.DefaultFileLockManager] Waiting to acquire shared lock on daemon addresses registry.
2024-11-12T11:27:38.701+0200 [DEBUG] [org.gradle.cache.internal.DefaultFileLockManager] Lock acquired on daemon addresses registry.
2024-11-12T11:27:38.702+0200 [DEBUG] [org.gradle.cache.internal.DefaultFileLockManager] Releasing lock on daemon addresses registry.
2024-11-12T11:27:38.705+0200 [DEBUG] [org.gradle.cache.internal.DefaultFileLockManager] Waiting to acquire shared lock on daemon addresses registry.
2024-11-12T11:27:38.705+0200 [DEBUG] [org.gradle.cache.internal.DefaultFileLockManager] Lock acquired on daemon addresses registry.
2024-11-12T11:27:38.706+0200 [DEBUG] [org.gradle.cache.internal.DefaultFileLockManager] Releasing lock on daemon addresses registry.
2024-11-12T11:27:38.707+0200 [DEBUG] [org.gradle.cache.internal.DefaultFileLockManager] Waiting to acquire shared lock on daemon addresses registry.
2024-11-12T11:27:38.707+0200 [DEBUG] [org.gradle.cache.internal.DefaultFileLockManager] Lock acquired on daemon addresses registry.
2024-11-12T11:27:38.708+0200 [DEBUG] [org.gradle.cache.internal.DefaultFileLockManager] Releasing lock on daemon addresses registry.
2024-11-12T11:27:42.983+0200 [DEBUG] [org.gradle.process.internal.health.memory.DefaultMemoryManager] 409155993 physical memory requested, 291840000 free
2024-11-12T11:27:42.984+0200 [DEBUG] [org.gradle.workers.internal.WorkerDaemonExpiration] Will attempt to release 390 of memory
2024-11-12T11:27:42.984+0200 [DEBUG] [org.gradle.process.internal.health.memory.DefaultMemoryManager] 409155993 physical memory requested, 0 released, 291840000 free
2024-11-12T11:27:42.984+0200 [DEBUG] [org.gradle.process.internal.health.memory.DefaultMemoryManager] 1643707187 virtual memory requested, 797462528 free
2024-11-12T11:27:42.984+0200 [DEBUG] [org.gradle.workers.internal.WorkerDaemonExpiration] Will attempt to release 1567 of memory
2024-11-12T11:27:42.984+0200 [DEBUG] [org.gradle.process.internal.health.memory.DefaultMemoryManager] 1643707187 virtual memory requested, 0 released, 797462528 free
2024-11-12T11:27:47.978+0200 [DEBUG] [org.gradle.process.internal.health.memory.DefaultMemoryManager] 409155993 physical memory requested, 337567744 free
2024-11-12T11:27:47.978+0200 [DEBUG] [org.gradle.workers.internal.WorkerDaemonExpiration] Will attempt to release 390 of memory
2024-11-12T11:27:47.979+0200 [DEBUG] [org.gradle.process.internal.health.memory.DefaultMemoryManager] 409155993 physical memory requested, 0 released, 337567744 free
2024-11-12T11:27:47.979+0200 [DEBUG] [org.gradle.process.internal.health.memory.DefaultMemoryManager] 1643707187 virtual memory requested, 822112256 free
2024-11-12T11:27:47.979+0200 [DEBUG] [org.gradle.workers.internal.WorkerDaemonExpiration] Will attempt to release 1567 of memory
2024-11-12T11:27:47.979+0200 [DEBUG] [org.gradle.process.internal.health.memory.DefaultMemoryManager] 1643707187 virtual memory requested, 0 released, 822112256 free
2024-11-12T11:27:48.692+0200 [DEBUG] [org.gradle.cache.internal.DefaultFileLockManager] Waiting to acquire shared lock on daemon addresses registry.
2024-11-12T11:27:48.692+0200 [DEBUG] [org.gradle.cache.internal.DefaultFileLockManager] Lock acquired on daemon addresses registry.
2024-11-12T11:27:48.693+0200 [DEBUG] [org.gradle.cache.internal.DefaultFileLockManager] Releasing lock on daemon addresses registry.
2024-11-12T11:27:48.696+0200 [DEBUG] [org.gradle.cache.internal.DefaultFileLockManager] Waiting to acquire shared lock on daemon addresses registry.
2024-11-12T11:27:48.696+0200 [DEBUG] [org.gradle.cache.internal.DefaultFileLockManager] Lock acquired on daemon addresses registry.
2024-11-12T11:27:48.697+0200 [DEBUG] [org.gradle.cache.internal.DefaultFileLockManager] Releasing lock on daemon addresses registry.
2024-11-12T11:27:48.699+0200 [DEBUG] [org.gradle.cache.internal.DefaultFileLockManager] Waiting to acquire shared lock on daemon addresses registry.
2024-11-12T11:27:48.700+0200 [DEBUG] [org.gradle.cache.internal.DefaultFileLockManager] Lock acquired on daemon addresses registry.
2024-11-12T11:27:48.700+0200 [DEBUG] [org.gradle.cache.internal.DefaultFileLockManager] Releasing lock on daemon addresses registry.
2024-11-12T11:27:52.997+0200 [DEBUG] [org.gradle.process.internal.health.memory.DefaultMemoryManager] 409155993 physical memory requested, 159064064 free
2024-11-12T11:27:52.997+0200 [DEBUG] [org.gradle.workers.internal.WorkerDaemonExpiration] Will attempt to release 390 of memory
2024-11-12T11:27:52.997+0200 [DEBUG] [org.gradle.process.internal.health.memory.DefaultMemoryManager] 409155993 physical memory requested, 0 released, 159064064 free
2024-11-12T11:27:52.999+0200 [DEBUG] [org.gradle.process.internal.health.memory.DefaultMemoryManager] 1643707187 virtual memory requested, 1140580352 free
2024-11-12T11:27:52.999+0200 [DEBUG] [org.gradle.workers.internal.WorkerDaemonExpiration] Will attempt to release 1567 of memory
2024-11-12T11:27:52.999+0200 [DEBUG] [org.gradle.process.internal.health.memory.DefaultMemoryManager] 1643707187 virtual memory requested, 0 released, 1140580352 free
2024-11-12T11:27:57.981+0200 [DEBUG] [org.gradle.process.internal.health.memory.DefaultMemoryManager] 409155993 physical memory requested, 300175360 free
2024-11-12T11:27:57.981+0200 [DEBUG] [org.gradle.workers.internal.WorkerDaemonExpiration] Will attempt to release 390 of memory
2024-11-12T11:27:57.981+0200 [DEBUG] [org.gradle.process.internal.health.memory.DefaultMemoryManager] 409155993 physical memory requested, 0 released, 300175360 free
2024-11-12T11:27:57.981+0200 [DEBUG] [org.gradle.process.internal.health.memory.DefaultMemoryManager] 1643707187 virtual memory requested, 1147420672 free
2024-11-12T11:27:57.981+0200 [DEBUG] [org.gradle.workers.internal.WorkerDaemonExpiration] Will attempt to release 1567 of memory
2024-11-12T11:27:57.981+0200 [DEBUG] [org.gradle.process.internal.health.memory.DefaultMemoryManager] 1643707187 virtual memory requested, 0 released, 1147420672 free
2024-11-12T11:27:58.700+0200 [DEBUG] [org.gradle.cache.internal.DefaultFileLockManager] Waiting to acquire shared lock on daemon addresses registry.
2024-11-12T11:27:58.701+0200 [DEBUG] [org.gradle.cache.internal.DefaultFileLockManager] Lock acquired on daemon addresses registry.
2024-11-12T11:27:58.702+0200 [DEBUG] [org.gradle.cache.internal.DefaultFileLockManager] Releasing lock on daemon addresses registry.
2024-11-12T11:27:58.704+0200 [DEBUG] [org.gradle.cache.internal.DefaultFileLockManager] Waiting to acquire shared lock on daemon addresses registry.
2024-11-12T11:27:58.704+0200 [DEBUG] [org.gradle.cache.internal.DefaultFileLockManager] Lock acquired on daemon addresses registry.
2024-11-12T11:27:58.704+0200 [DEBUG] [org.gradle.cache.internal.DefaultFileLockManager] Releasing lock on daemon addresses registry.
2024-11-12T11:27:58.705+0200 [DEBUG] [org.gradle.cache.internal.DefaultFileLockManager] Waiting to acquire shared lock on daemon addresses registry.
2024-11-12T11:27:58.705+0200 [DEBUG] [org.gradle.cache.internal.DefaultFileLockManager] Lock acquired on daemon addresses registry.
2024-11-12T11:27:58.705+0200 [DEBUG] [org.gradle.cache.internal.DefaultFileLockManager] Releasing lock on daemon addresses registry.
2024-11-12T11:28:02.981+0200 [DEBUG] [org.gradle.process.internal.health.memory.DefaultMemoryManager] 409155993 physical memory requested, 79110144 free
2024-11-12T11:28:02.990+0200 [DEBUG] [org.gradle.workers.internal.WorkerDaemonExpiration] Will attempt to release 390 of memory
2024-11-12T11:28:02.990+0200 [DEBUG] [org.gradle.process.internal.health.memory.DefaultMemoryManager] 409155993 physical memory requested, 0 released, 79110144 free
2024-11-12T11:28:02.990+0200 [DEBUG] [org.gradle.process.internal.health.memory.DefaultMemoryManager] 1643707187 virtual memory requested, 978771968 free
2024-11-12T11:28:02.990+0200 [DEBUG] [org.gradle.workers.internal.WorkerDaemonExpiration] Will attempt to release 1567 of memory
2024-11-12T11:28:02.990+0200 [DEBUG] [org.gradle.process.internal.health.memory.DefaultMemoryManager] 1643707187 virtual memory requested, 0 released, 978771968 free
2024-11-12T11:28:07.983+0200 [DEBUG] [org.gradle.process.internal.health.memory.DefaultMemoryManager] 409155993 physical memory requested, 180076544 free
2024-11-12T11:28:07.983+0200 [DEBUG] [org.gradle.workers.internal.WorkerDaemonExpiration] Will attempt to release 390 of memory
2024-11-12T11:28:07.983+0200 [DEBUG] [org.gradle.process.internal.health.memory.DefaultMemoryManager] 409155993 physical memory requested, 0 released, 180076544 free
2024-11-12T11:28:07.983+0200 [DEBUG] [org.gradle.process.internal.health.memory.DefaultMemoryManager] 1643707187 virtual memory requested, 917929984 free
2024-11-12T11:28:07.983+0200 [DEBUG] [org.gradle.workers.internal.WorkerDaemonExpiration] Will attempt to release 1567 of memory
2024-11-12T11:28:07.983+0200 [DEBUG] [org.gradle.process.internal.health.memory.DefaultMemoryManager] 1643707187 virtual memory requested, 0 released, 917929984 free
2024-11-12T11:28:08.691+0200 [DEBUG] [org.gradle.cache.internal.DefaultFileLockManager] Waiting to acquire shared lock on daemon addresses registry.
2024-11-12T11:28:08.692+0200 [DEBUG] [org.gradle.cache.internal.DefaultFileLockManager] Lock acquired on daemon addresses registry.
2024-11-12T11:28:08.693+0200 [DEBUG] [org.gradle.cache.internal.DefaultFileLockManager] Releasing lock on daemon addresses registry.
2024-11-12T11:28:08.697+0200 [DEBUG] [org.gradle.cache.internal.DefaultFileLockManager] Waiting to acquire shared lock on daemon addresses registry.
2024-11-12T11:28:08.698+0200 [DEBUG] [org.gradle.cache.internal.DefaultFileLockManager] Lock acquired on daemon addresses registry.
2024-11-12T11:28:08.699+0200 [DEBUG] [org.gradle.cache.internal.DefaultFileLockManager] Releasing lock on daemon addresses registry.
2024-11-12T11:28:08.702+0200 [DEBUG] [org.gradle.cache.internal.DefaultFileLockManager] Waiting to acquire shared lock on daemon addresses registry.
2024-11-12T11:28:08.702+0200 [DEBUG] [org.gradle.cache.internal.DefaultFileLockManager] Lock acquired on daemon addresses registry.
2024-11-12T11:28:08.703+0200 [DEBUG] [org.gradle.cache.internal.DefaultFileLockManager] Releasing lock on daemon addresses registry.
2024-11-12T11:28:12.983+0200 [DEBUG] [org.gradle.process.internal.health.memory.DefaultMemoryManager] 409155993 physical memory requested, 296984576 free
2024-11-12T11:28:12.983+0200 [DEBUG] [org.gradle.workers.internal.WorkerDaemonExpiration] Will attempt to release 390 of memory
2024-11-12T11:28:12.984+0200 [DEBUG] [org.gradle.process.internal.health.memory.DefaultMemoryManager] 409155993 physical memory requested, 0 released, 296984576 free
2024-11-12T11:28:12.984+0200 [DEBUG] [org.gradle.process.internal.health.memory.DefaultMemoryManager] 1643707187 virtual memory requested, 944799744 free
2024-11-12T11:28:12.984+0200 [DEBUG] [org.gradle.workers.internal.WorkerDaemonExpiration] Will attempt to release 1567 of memory
2024-11-12T11:28:12.987+0200 [DEBUG] [org.gradle.process.internal.health.memory.DefaultMemoryManager] 1643707187 virtual memory requested, 0 released, 944799744 free
2024-11-12T11:28:17.974+0200 [DEBUG] [org.gradle.process.internal.health.memory.DefaultMemoryManager] 409155993 physical memory requested, 322310144 free
2024-11-12T11:28:17.976+0200 [DEBUG] [org.gradle.workers.internal.WorkerDaemonExpiration] Will attempt to release 390 of memory
2024-11-12T11:28:17.976+0200 [DEBUG] [org.gradle.process.internal.health.memory.DefaultMemoryManager] 409155993 physical memory requested, 0 released, 322310144 free
2024-11-12T11:28:17.977+0200 [DEBUG] [org.gradle.process.internal.health.memory.DefaultMemoryManager] 1643707187 virtual memory requested, 909529088 free
2024-11-12T11:28:17.977+0200 [DEBUG] [org.gradle.workers.internal.WorkerDaemonExpiration] Will attempt to release 1567 of memory
2024-11-12T11:28:17.977+0200 [DEBUG] [org.gradle.process.internal.health.memory.DefaultMemoryManager] 1643707187 virtual memory requested, 0 released, 909529088 free
2024-11-12T11:28:18.706+0200 [DEBUG] [org.gradle.cache.internal.DefaultFileLockManager] Waiting to acquire shared lock on daemon addresses registry.
2024-11-12T11:28:18.707+0200 [DEBUG] [org.gradle.cache.internal.DefaultFileLockManager] Lock acquired on daemon addresses registry.
2024-11-12T11:28:18.708+0200 [DEBUG] [org.gradle.cache.internal.DefaultFileLockManager] Releasing lock on daemon addresses registry.
2024-11-12T11:28:18.710+0200 [DEBUG] [org.gradle.cache.internal.DefaultFileLockManager] Waiting to acquire shared lock on daemon addresses registry.
2024-11-12T11:28:18.711+0200 [DEBUG] [org.gradle.cache.internal.DefaultFileLockManager] Lock acquired on daemon addresses registry.
2024-11-12T11:28:18.711+0200 [DEBUG] [org.gradle.cache.internal.DefaultFileLockManager] Releasing lock on daemon addresses registry.
2024-11-12T11:28:18.713+0200 [DEBUG] [org.gradle.cache.internal.DefaultFileLockManager] Waiting to acquire shared lock on daemon addresses registry.
2024-11-12T11:28:18.713+0200 [DEBUG] [org.gradle.cache.internal.DefaultFileLockManager] Lock acquired on daemon addresses registry.
2024-11-12T11:28:18.714+0200 [DEBUG] [org.gradle.cache.internal.DefaultFileLockManager] Releasing lock on daemon addresses registry.
2024-11-12T11:28:22.977+0200 [DEBUG] [org.gradle.process.internal.health.memory.DefaultMemoryManager] 409155993 physical memory requested, 310104064 free
2024-11-12T11:28:22.978+0200 [DEBUG] [org.gradle.workers.internal.WorkerDaemonExpiration] Will attempt to release 390 of memory
2024-11-12T11:28:22.978+0200 [DEBUG] [org.gradle.process.internal.health.memory.DefaultMemoryManager] 409155993 physical memory requested, 0 released, 310104064 free
2024-11-12T11:28:22.978+0200 [DEBUG] [org.gradle.process.internal.health.memory.DefaultMemoryManager] 1643707187 virtual memory requested, 905408512 free
2024-11-12T11:28:22.978+0200 [DEBUG] [org.gradle.workers.internal.WorkerDaemonExpiration] Will attempt to release 1567 of memory
2024-11-12T11:28:22.978+0200 [DEBUG] [org.gradle.process.internal.health.memory.DefaultMemoryManager] 1643707187 virtual memory requested, 0 released, 905408512 free
2024-11-12T11:28:27.984+0200 [DEBUG] [org.gradle.process.internal.health.memory.DefaultMemoryManager] 409155993 physical memory requested, 291328000 free
2024-11-12T11:28:27.984+0200 [DEBUG] [org.gradle.workers.internal.WorkerDaemonExpiration] Will attempt to release 390 of memory
2024-11-12T11:28:27.985+0200 [DEBUG] [org.gradle.process.internal.health.memory.DefaultMemoryManager] 409155993 physical memory requested, 0 released, 291328000 free
2024-11-12T11:28:27.985+0200 [DEBUG] [org.gradle.process.internal.health.memory.DefaultMemoryManager] 1643707187 virtual memory requested, 849358848 free
2024-11-12T11:28:27.985+0200 [DEBUG] [org.gradle.workers.internal.WorkerDaemonExpiration] Will attempt to release 1567 of memory
2024-11-12T11:28:27.986+0200 [DEBUG] [org.gradle.process.internal.health.memory.DefaultMemoryManager] 1643707187 virtual memory requested, 0 released, 849358848 free
2024-11-12T11:28:28.693+0200 [DEBUG] [org.gradle.cache.internal.DefaultFileLockManager] Waiting to acquire shared lock on daemon addresses registry.
2024-11-12T11:28:28.694+0200 [DEBUG] [org.gradle.cache.internal.DefaultFileLockManager] Lock acquired on daemon addresses registry.
2024-11-12T11:28:28.695+0200 [DEBUG] [org.gradle.cache.internal.DefaultFileLockManager] Releasing lock on daemon addresses registry.
2024-11-12T11:28:28.699+0200 [DEBUG] [org.gradle.cache.internal.DefaultFileLockManager] Waiting to acquire shared lock on daemon addresses registry.
2024-11-12T11:28:28.699+0200 [DEBUG] [org.gradle.cache.internal.DefaultFileLockManager] Lock acquired on daemon addresses registry.
2024-11-12T11:28:28.699+0200 [DEBUG] [org.gradle.cache.internal.DefaultFileLockManager] Releasing lock on daemon addresses registry.
2024-11-12T11:28:28.702+0200 [DEBUG] [org.gradle.cache.internal.DefaultFileLockManager] Waiting to acquire shared lock on daemon addresses registry.
2024-11-12T11:28:28.702+0200 [DEBUG] [org.gradle.cache.internal.DefaultFileLockManager] Lock acquired on daemon addresses registry.
2024-11-12T11:28:28.703+0200 [DEBUG] [org.gradle.cache.internal.DefaultFileLockManager] Releasing lock on daemon addresses registry.
2024-11-12T11:28:32.973+0200 [DEBUG] [org.gradle.process.internal.health.memory.DefaultMemoryManager] 409155993 physical memory requested, 289398784 free
2024-11-12T11:28:32.973+0200 [DEBUG] [org.gradle.workers.internal.WorkerDaemonExpiration] Will attempt to release 390 of memory
2024-11-12T11:28:32.973+0200 [DEBUG] [org.gradle.process.internal.health.memory.DefaultMemoryManager] 409155993 physical memory requested, 0 released, 289398784 free
2024-11-12T11:28:32.973+0200 [DEBUG] [org.gradle.process.internal.health.memory.DefaultMemoryManager] 1643707187 virtual memory requested, 866607104 free
2024-11-12T11:28:32.973+0200 [DEBUG] [org.gradle.workers.internal.WorkerDaemonExpiration] Will attempt to release 1567 of memory
2024-11-12T11:28:32.973+0200 [DEBUG] [org.gradle.process.internal.health.memory.DefaultMemoryManager] 1643707187 virtual memory requested, 0 released, 866607104 free
2024-11-12T11:28:37.981+0200 [DEBUG] [org.gradle.process.internal.health.memory.DefaultMemoryManager] 409155993 physical memory requested, 246321152 free
2024-11-12T11:28:37.981+0200 [DEBUG] [org.gradle.workers.internal.WorkerDaemonExpiration] Will attempt to release 390 of memory
2024-11-12T11:28:37.981+0200 [DEBUG] [org.gradle.process.internal.health.memory.DefaultMemoryManager] 409155993 physical memory requested, 0 released, 246321152 free
2024-11-12T11:28:37.981+0200 [DEBUG] [org.gradle.process.internal.health.memory.DefaultMemoryManager] 1643707187 virtual memory requested, 889028608 free
2024-11-12T11:28:37.981+0200 [DEBUG] [org.gradle.workers.internal.WorkerDaemonExpiration] Will attempt to release 1567 of memory
2024-11-12T11:28:37.981+0200 [DEBUG] [org.gradle.process.internal.health.memory.DefaultMemoryManager] 1643707187 virtual memory requested, 0 released, 889028608 free
2024-11-12T11:28:38.698+0200 [DEBUG] [org.gradle.cache.internal.DefaultFileLockManager] Waiting to acquire shared lock on daemon addresses registry.
2024-11-12T11:28:38.698+0200 [DEBUG] [org.gradle.cache.internal.DefaultFileLockManager] Lock acquired on daemon addresses registry.
2024-11-12T11:28:38.699+0200 [DEBUG] [org.gradle.cache.internal.DefaultFileLockManager] Releasing lock on daemon addresses registry.
2024-11-12T11:28:38.701+0200 [DEBUG] [org.gradle.cache.internal.DefaultFileLockManager] Waiting to acquire shared lock on daemon addresses registry.
2024-11-12T11:28:38.702+0200 [DEBUG] [org.gradle.cache.internal.DefaultFileLockManager] Lock acquired on daemon addresses registry.
2024-11-12T11:28:38.703+0200 [DEBUG] [org.gradle.cache.internal.DefaultFileLockManager] Releasing lock on daemon addresses registry.
2024-11-12T11:28:38.705+0200 [DEBUG] [org.gradle.cache.internal.DefaultFileLockManager] Waiting to acquire shared lock on daemon addresses registry.
2024-11-12T11:28:38.705+0200 [DEBUG] [org.gradle.cache.internal.DefaultFileLockManager] Lock acquired on daemon addresses registry.
2024-11-12T11:28:38.705+0200 [DEBUG] [org.gradle.cache.internal.DefaultFileLockManager] Releasing lock on daemon addresses registry.
2024-11-12T11:28:42.969+0200 [DEBUG] [org.gradle.process.internal.health.memory.DefaultMemoryManager] 409155993 physical memory requested, 293146624 free
2024-11-12T11:28:42.969+0200 [DEBUG] [org.gradle.workers.internal.WorkerDaemonExpiration] Will attempt to release 390 of memory
2024-11-12T11:28:42.969+0200 [DEBUG] [org.gradle.process.internal.health.memory.DefaultMemoryManager] 409155993 physical memory requested, 0 released, 293146624 free
2024-11-12T11:28:42.970+0200 [DEBUG] [org.gradle.process.internal.health.memory.DefaultMemoryManager] 1643707187 virtual memory requested, 912793600 free
2024-11-12T11:28:42.970+0200 [DEBUG] [org.gradle.workers.internal.WorkerDaemonExpiration] Will attempt to release 1567 of memory
2024-11-12T11:28:42.970+0200 [DEBUG] [org.gradle.process.internal.health.memory.DefaultMemoryManager] 1643707187 virtual memory requested, 0 released, 912793600 free
2024-11-12T11:28:47.979+0200 [DEBUG] [org.gradle.process.internal.health.memory.DefaultMemoryManager] 409155993 physical memory requested, 274567168 free
2024-11-12T11:28:47.987+0200 [DEBUG] [org.gradle.workers.internal.WorkerDaemonExpiration] Will attempt to release 390 of memory
2024-11-12T11:28:47.987+0200 [DEBUG] [org.gradle.process.internal.health.memory.DefaultMemoryManager] 409155993 physical memory requested, 0 released, 274567168 free
2024-11-12T11:28:47.988+0200 [DEBUG] [org.gradle.process.internal.health.memory.DefaultMemoryManager] 1643707187 virtual memory requested, 929779712 free
2024-11-12T11:28:47.988+0200 [DEBUG] [org.gradle.workers.internal.WorkerDaemonExpiration] Will attempt to release 1567 of memory
2024-11-12T11:28:47.988+0200 [DEBUG] [org.gradle.process.internal.health.memory.DefaultMemoryManager] 1643707187 virtual memory requested, 0 released, 929779712 free
2024-11-12T11:28:48.694+0200 [DEBUG] [org.gradle.cache.internal.DefaultFileLockManager] Waiting to acquire shared lock on daemon addresses registry.
2024-11-12T11:28:48.694+0200 [DEBUG] [org.gradle.cache.internal.DefaultFileLockManager] Lock acquired on daemon addresses registry.
2024-11-12T11:28:48.703+0200 [DEBUG] [org.gradle.cache.internal.DefaultFileLockManager] Releasing lock on daemon addresses registry.
2024-11-12T11:28:48.710+0200 [DEBUG] [org.gradle.cache.internal.DefaultFileLockManager] Waiting to acquire shared lock on daemon addresses registry.
2024-11-12T11:28:48.717+0200 [DEBUG] [org.gradle.cache.internal.DefaultFileLockManager] Lock acquired on daemon addresses registry.
2024-11-12T11:28:48.717+0200 [DEBUG] [org.gradle.cache.internal.DefaultFileLockManager] Releasing lock on daemon addresses registry.
2024-11-12T11:28:48.719+0200 [DEBUG] [org.gradle.cache.internal.DefaultFileLockManager] Waiting to acquire shared lock on daemon addresses registry.
2024-11-12T11:28:48.719+0200 [DEBUG] [org.gradle.cache.internal.DefaultFileLockManager] Lock acquired on daemon addresses registry.
2024-11-12T11:28:48.719+0200 [DEBUG] [org.gradle.cache.internal.DefaultFileLockManager] Releasing lock on daemon addresses registry.
2024-11-12T11:28:52.981+0200 [DEBUG] [org.gradle.process.internal.health.memory.DefaultMemoryManager] 1643707187 virtual memory requested, 1055985664 free
2024-11-12T11:28:52.981+0200 [DEBUG] [org.gradle.workers.internal.WorkerDaemonExpiration] Will attempt to release 1567 of memory
2024-11-12T11:28:52.981+0200 [DEBUG] [org.gradle.process.internal.health.memory.DefaultMemoryManager] 1643707187 virtual memory requested, 0 released, 1055985664 free
2024-11-12T11:28:57.986+0200 [DEBUG] [org.gradle.process.internal.health.memory.DefaultMemoryManager] 409155993 physical memory requested, 336089088 free
2024-11-12T11:28:57.987+0200 [DEBUG] [org.gradle.workers.internal.WorkerDaemonExpiration] Will attempt to release 390 of memory
2024-11-12T11:28:57.987+0200 [DEBUG] [org.gradle.process.internal.health.memory.DefaultMemoryManager] 409155993 physical memory requested, 0 released, 336089088 free
2024-11-12T11:28:57.987+0200 [DEBUG] [org.gradle.process.internal.health.memory.DefaultMemoryManager] 1643707187 virtual memory requested, 795512832 free
2024-11-12T11:28:57.987+0200 [DEBUG] [org.gradle.workers.internal.WorkerDaemonExpiration] Will attempt to release 1567 of memory
2024-11-12T11:28:57.987+0200 [DEBUG] [org.gradle.process.internal.health.memory.DefaultMemoryManager] 1643707187 virtual memory requested, 0 released, 795512832 free
2024-11-12T11:28:58.695+0200 [DEBUG] [org.gradle.cache.internal.DefaultFileLockManager] Waiting to acquire shared lock on daemon addresses registry.
2024-11-12T11:28:58.695+0200 [DEBUG] [org.gradle.cache.internal.DefaultFileLockManager] Lock acquired on daemon addresses registry.
2024-11-12T11:28:58.697+0200 [DEBUG] [org.gradle.cache.internal.DefaultFileLockManager] Releasing lock on daemon addresses registry.
2024-11-12T11:28:58.699+0200 [DEBUG] [org.gradle.cache.internal.DefaultFileLockManager] Waiting to acquire shared lock on daemon addresses registry.
2024-11-12T11:28:58.700+0200 [DEBUG] [org.gradle.cache.internal.DefaultFileLockManager] Lock acquired on daemon addresses registry.
2024-11-12T11:28:58.700+0200 [DEBUG] [org.gradle.cache.internal.DefaultFileLockManager] Releasing lock on daemon addresses registry.
2024-11-12T11:28:58.703+0200 [DEBUG] [org.gradle.cache.internal.DefaultFileLockManager] Waiting to acquire shared lock on daemon addresses registry.
2024-11-12T11:28:58.704+0200 [DEBUG] [org.gradle.cache.internal.DefaultFileLockManager] Lock acquired on daemon addresses registry.
2024-11-12T11:28:58.704+0200 [DEBUG] [org.gradle.cache.internal.DefaultFileLockManager] Releasing lock on daemon addresses registry.
2024-11-12T11:29:02.973+0200 [DEBUG] [org.gradle.process.internal.health.memory.DefaultMemoryManager] 409155993 physical memory requested, 339214336 free
2024-11-12T11:29:02.974+0200 [DEBUG] [org.gradle.workers.internal.WorkerDaemonExpiration] Will attempt to release 390 of memory
2024-11-12T11:29:02.975+0200 [DEBUG] [org.gradle.process.internal.health.memory.DefaultMemoryManager] 409155993 physical memory requested, 0 released, 339214336 free
2024-11-12T11:29:02.976+0200 [DEBUG] [org.gradle.process.internal.health.memory.DefaultMemoryManager] 1643707187 virtual memory requested, 944447488 free
2024-11-12T11:29:02.976+0200 [DEBUG] [org.gradle.workers.internal.WorkerDaemonExpiration] Will attempt to release 1567 of memory
2024-11-12T11:29:02.976+0200 [DEBUG] [org.gradle.process.internal.health.memory.DefaultMemoryManager] 1643707187 virtual memory requested, 0 released, 944447488 free
2024-11-12T11:29:07.981+0200 [DEBUG] [org.gradle.process.internal.health.memory.DefaultMemoryManager] 409155993 physical memory requested, 261951488 free
2024-11-12T11:29:07.982+0200 [DEBUG] [org.gradle.workers.internal.WorkerDaemonExpiration] Will attempt to release 390 of memory
2024-11-12T11:29:07.982+0200 [DEBUG] [org.gradle.process.internal.health.memory.DefaultMemoryManager] 409155993 physical memory requested, 0 released, 261951488 free
2024-11-12T11:29:07.982+0200 [DEBUG] [org.gradle.process.internal.health.memory.DefaultMemoryManager] 1643707187 virtual memory requested, 768368640 free
2024-11-12T11:29:07.982+0200 [DEBUG] [org.gradle.workers.internal.WorkerDaemonExpiration] Will attempt to release 1567 of memory
2024-11-12T11:29:07.982+0200 [DEBUG] [org.gradle.process.internal.health.memory.DefaultMemoryManager] 1643707187 virtual memory requested, 0 released, 768368640 free
2024-11-12T11:29:08.698+0200 [DEBUG] [org.gradle.cache.internal.DefaultFileLockManager] Waiting to acquire shared lock on daemon addresses registry.
2024-11-12T11:29:08.698+0200 [DEBUG] [org.gradle.cache.internal.DefaultFileLockManager] Lock acquired on daemon addresses registry.
2024-11-12T11:29:08.698+0200 [DEBUG] [org.gradle.cache.internal.DefaultFileLockManager] Releasing lock on daemon addresses registry.
2024-11-12T11:29:08.700+0200 [DEBUG] [org.gradle.cache.internal.DefaultFileLockManager] Waiting to acquire shared lock on daemon addresses registry.
2024-11-12T11:29:08.700+0200 [DEBUG] [org.gradle.cache.internal.DefaultFileLockManager] Lock acquired on daemon addresses registry.
2024-11-12T11:29:08.700+0200 [DEBUG] [org.gradle.cache.internal.DefaultFileLockManager] Releasing lock on daemon addresses registry.
2024-11-12T11:29:08.701+0200 [DEBUG] [org.gradle.cache.internal.DefaultFileLockManager] Waiting to acquire shared lock on daemon addresses registry.
2024-11-12T11:29:08.702+0200 [DEBUG] [org.gradle.cache.internal.DefaultFileLockManager] Lock acquired on daemon addresses registry.
2024-11-12T11:29:08.703+0200 [DEBUG] [org.gradle.cache.internal.DefaultFileLockManager] Releasing lock on daemon addresses registry.
2024-11-12T11:29:12.975+0200 [DEBUG] [org.gradle.process.internal.health.memory.DefaultMemoryManager] 409155993 physical memory requested, 314437632 free
2024-11-12T11:29:12.976+0200 [DEBUG] [org.gradle.workers.internal.WorkerDaemonExpiration] Will attempt to release 390 of memory
2024-11-12T11:29:12.976+0200 [DEBUG] [org.gradle.process.internal.health.memory.DefaultMemoryManager] 409155993 physical memory requested, 0 released, 314437632 free
2024-11-12T11:29:12.976+0200 [DEBUG] [org.gradle.process.internal.health.memory.DefaultMemoryManager] 1643707187 virtual memory requested, 799281152 free
2024-11-12T11:29:12.976+0200 [DEBUG] [org.gradle.workers.internal.WorkerDaemonExpiration] Will attempt to release 1567 of memory
2024-11-12T11:29:12.976+0200 [DEBUG] [org.gradle.process.internal.health.memory.DefaultMemoryManager] 1643707187 virtual memory requested, 0 released, 799281152 free
2024-11-12T11:29:17.983+0200 [DEBUG] [org.gradle.process.internal.health.memory.DefaultMemoryManager] 409155993 physical memory requested, 377159680 free
2024-11-12T11:29:17.983+0200 [DEBUG] [org.gradle.workers.internal.WorkerDaemonExpiration] Will attempt to release 390 of memory
2024-11-12T11:29:17.983+0200 [DEBUG] [org.gradle.process.internal.health.memory.DefaultMemoryManager] 409155993 physical memory requested, 0 released, 377159680 free
2024-11-12T11:29:17.983+0200 [DEBUG] [org.gradle.process.internal.health.memory.DefaultMemoryManager] 1643707187 virtual memory requested, 838537216 free
2024-11-12T11:29:17.983+0200 [DEBUG] [org.gradle.workers.internal.WorkerDaemonExpiration] Will attempt to release 1567 of memory
2024-11-12T11:29:17.983+0200 [DEBUG] [org.gradle.process.internal.health.memory.DefaultMemoryManager] 1643707187 virtual memory requested, 0 released, 838537216 free
2024-11-12T11:29:18.700+0200 [DEBUG] [org.gradle.cache.internal.DefaultFileLockManager] Waiting to acquire shared lock on daemon addresses registry.
2024-11-12T11:29:18.701+0200 [DEBUG] [org.gradle.cache.internal.DefaultFileLockManager] Lock acquired on daemon addresses registry.
2024-11-12T11:29:18.702+0200 [DEBUG] [org.gradle.cache.internal.DefaultFileLockManager] Releasing lock on daemon addresses registry.
2024-11-12T11:29:18.704+0200 [DEBUG] [org.gradle.cache.internal.DefaultFileLockManager] Waiting to acquire shared lock on daemon addresses registry.
2024-11-12T11:29:18.704+0200 [DEBUG] [org.gradle.cache.internal.DefaultFileLockManager] Lock acquired on daemon addresses registry.
2024-11-12T11:29:18.705+0200 [DEBUG] [org.gradle.cache.internal.DefaultFileLockManager] Releasing lock on daemon addresses registry.
2024-11-12T11:29:18.707+0200 [DEBUG] [org.gradle.cache.internal.DefaultFileLockManager] Waiting to acquire shared lock on daemon addresses registry.
2024-11-12T11:29:18.707+0200 [DEBUG] [org.gradle.cache.internal.DefaultFileLockManager] Lock acquired on daemon addresses registry.
2024-11-12T11:29:18.708+0200 [DEBUG] [org.gradle.cache.internal.DefaultFileLockManager] Releasing lock on daemon addresses registry.
2024-11-12T11:29:22.972+0200 [DEBUG] [org.gradle.process.internal.health.memory.DefaultMemoryManager] 409155993 physical memory requested, 321019904 free
2024-11-12T11:29:22.972+0200 [DEBUG] [org.gradle.workers.internal.WorkerDaemonExpiration] Will attempt to release 390 of memory
2024-11-12T11:29:22.972+0200 [DEBUG] [org.gradle.process.internal.health.memory.DefaultMemoryManager] 409155993 physical memory requested, 0 released, 321019904 free
2024-11-12T11:29:22.972+0200 [DEBUG] [org.gradle.process.internal.health.memory.DefaultMemoryManager] 1643707187 virtual memory requested, 988274688 free
2024-11-12T11:29:22.973+0200 [DEBUG] [org.gradle.workers.internal.WorkerDaemonExpiration] Will attempt to release 1567 of memory
2024-11-12T11:29:22.973+0200 [DEBUG] [org.gradle.process.internal.health.memory.DefaultMemoryManager] 1643707187 virtual memory requested, 0 released, 988274688 free
2024-11-12T11:29:27.984+0200 [DEBUG] [org.gradle.process.internal.health.memory.DefaultMemoryManager] 409155993 physical memory requested, 374239232 free
2024-11-12T11:29:27.984+0200 [DEBUG] [org.gradle.workers.internal.WorkerDaemonExpiration] Will attempt to release 390 of memory
2024-11-12T11:29:27.985+0200 [DEBUG] [org.gradle.process.internal.health.memory.DefaultMemoryManager] 409155993 physical memory requested, 0 released, 374239232 free
2024-11-12T11:29:27.985+0200 [DEBUG] [org.gradle.process.internal.health.memory.DefaultMemoryManager] 1643707187 virtual memory requested, 1081987072 free
2024-11-12T11:29:27.985+0200 [DEBUG] [org.gradle.workers.internal.WorkerDaemonExpiration] Will attempt to release 1567 of memory
2024-11-12T11:29:27.985+0200 [DEBUG] [org.gradle.process.internal.health.memory.DefaultMemoryManager] 1643707187 virtual memory requested, 0 released, 1081987072 free
2024-11-12T11:29:28.696+0200 [DEBUG] [org.gradle.cache.internal.DefaultFileLockManager] Waiting to acquire shared lock on daemon addresses registry.
2024-11-12T11:29:28.696+0200 [DEBUG] [org.gradle.cache.internal.DefaultFileLockManager] Lock acquired on daemon addresses registry.
2024-11-12T11:29:28.697+0200 [DEBUG] [org.gradle.cache.internal.DefaultFileLockManager] Releasing lock on daemon addresses registry.
2024-11-12T11:29:28.699+0200 [DEBUG] [org.gradle.cache.internal.DefaultFileLockManager] Waiting to acquire shared lock on daemon addresses registry.
2024-11-12T11:29:28.699+0200 [DEBUG] [org.gradle.cache.internal.DefaultFileLockManager] Lock acquired on daemon addresses registry.
2024-11-12T11:29:28.700+0200 [DEBUG] [org.gradle.cache.internal.DefaultFileLockManager] Releasing lock on daemon addresses registry.
2024-11-12T11:29:28.702+0200 [DEBUG] [org.gradle.cache.internal.DefaultFileLockManager] Waiting to acquire shared lock on daemon addresses registry.
2024-11-12T11:29:28.702+0200 [DEBUG] [org.gradle.cache.internal.DefaultFileLockManager] Lock acquired on daemon addresses registry.
2024-11-12T11:29:28.703+0200 [DEBUG] [org.gradle.cache.internal.DefaultFileLockManager] Releasing lock on daemon addresses registry.
2024-11-12T11:29:32.984+0200 [DEBUG] [org.gradle.process.internal.health.memory.DefaultMemoryManager] 409155993 physical memory requested, 378015744 free
2024-11-12T11:29:32.984+0200 [DEBUG] [org.gradle.workers.internal.WorkerDaemonExpiration] Will attempt to release 390 of memory
2024-11-12T11:29:32.984+0200 [DEBUG] [org.gradle.process.internal.health.memory.DefaultMemoryManager] 409155993 physical memory requested, 0 released, 378015744 free
2024-11-12T11:29:32.985+0200 [DEBUG] [org.gradle.process.internal.health.memory.DefaultMemoryManager] 1643707187 virtual memory requested, 1081303040 free
2024-11-12T11:29:32.985+0200 [DEBUG] [org.gradle.workers.internal.WorkerDaemonExpiration] Will attempt to release 1567 of memory
2024-11-12T11:29:32.985+0200 [DEBUG] [org.gradle.process.internal.health.memory.DefaultMemoryManager] 1643707187 virtual memory requested, 0 released, 1081303040 free
2024-11-12T11:29:37.988+0200 [DEBUG] [org.gradle.process.internal.health.memory.DefaultMemoryManager] 409155993 physical memory requested, 335720448 free
2024-11-12T11:29:37.988+0200 [DEBUG] [org.gradle.workers.internal.WorkerDaemonExpiration] Will attempt to release 390 of memory
2024-11-12T11:29:37.988+0200 [DEBUG] [org.gradle.process.internal.health.memory.DefaultMemoryManager] 409155993 physical memory requested, 0 released, 335720448 free
2024-11-12T11:29:37.989+0200 [DEBUG] [org.gradle.process.internal.health.memory.DefaultMemoryManager] 1643707187 virtual memory requested, 1066770432 free
2024-11-12T11:29:37.989+0200 [DEBUG] [org.gradle.workers.internal.WorkerDaemonExpiration] Will attempt to release 1567 of memory
2024-11-12T11:29:37.989+0200 [DEBUG] [org.gradle.process.internal.health.memory.DefaultMemoryManager] 1643707187 virtual memory requested, 0 released, 1066770432 free
2024-11-12T11:29:38.705+0200 [DEBUG] [org.gradle.cache.internal.DefaultFileLockManager] Waiting to acquire shared lock on daemon addresses registry.
2024-11-12T11:29:38.705+0200 [DEBUG] [org.gradle.cache.internal.DefaultFileLockManager] Lock acquired on daemon addresses registry.
2024-11-12T11:29:38.705+0200 [DEBUG] [org.gradle.cache.internal.DefaultFileLockManager] Releasing lock on daemon addresses registry.
2024-11-12T11:29:38.708+0200 [DEBUG] [org.gradle.cache.internal.DefaultFileLockManager] Waiting to acquire shared lock on daemon addresses registry.
2024-11-12T11:29:38.708+0200 [DEBUG] [org.gradle.cache.internal.DefaultFileLockManager] Lock acquired on daemon addresses registry.
2024-11-12T11:29:38.709+0200 [DEBUG] [org.gradle.cache.internal.DefaultFileLockManager] Releasing lock on daemon addresses registry.
2024-11-12T11:29:38.711+0200 [DEBUG] [org.gradle.cache.internal.DefaultFileLockManager] Waiting to acquire shared lock on daemon addresses registry.
2024-11-12T11:29:38.712+0200 [DEBUG] [org.gradle.cache.internal.DefaultFileLockManager] Lock acquired on daemon addresses registry.
2024-11-12T11:29:38.713+0200 [DEBUG] [org.gradle.cache.internal.DefaultFileLockManager] Releasing lock on daemon addresses registry.
2024-11-12T11:29:42.982+0200 [DEBUG] [org.gradle.process.internal.health.memory.DefaultMemoryManager] 409155993 physical memory requested, 293048320 free
2024-11-12T11:29:42.983+0200 [DEBUG] [org.gradle.workers.internal.WorkerDaemonExpiration] Will attempt to release 390 of memory
2024-11-12T11:29:42.983+0200 [DEBUG] [org.gradle.process.internal.health.memory.DefaultMemoryManager] 409155993 physical memory requested, 0 released, 293048320 free
2024-11-12T11:29:42.983+0200 [DEBUG] [org.gradle.process.internal.health.memory.DefaultMemoryManager] 1643707187 virtual memory requested, 1069268992 free
2024-11-12T11:29:42.983+0200 [DEBUG] [org.gradle.workers.internal.WorkerDaemonExpiration] Will attempt to release 1567 of memory
2024-11-12T11:29:42.983+0200 [DEBUG] [org.gradle.process.internal.health.memory.DefaultMemoryManager] 1643707187 virtual memory requested, 0 released, 1069268992 free
2024-11-12T11:29:47.983+0200 [DEBUG] [org.gradle.process.internal.health.memory.DefaultMemoryManager] 409155993 physical memory requested, 391032832 free
2024-11-12T11:29:47.983+0200 [DEBUG] [org.gradle.workers.internal.WorkerDaemonExpiration] Will attempt to release 390 of memory
2024-11-12T11:29:47.985+0200 [DEBUG] [org.gradle.process.internal.health.memory.DefaultMemoryManager] 409155993 physical memory requested, 0 released, 391032832 free
2024-11-12T11:29:48.707+0200 [DEBUG] [org.gradle.cache.internal.DefaultFileLockManager] Waiting to acquire shared lock on daemon addresses registry.
2024-11-12T11:29:48.708+0200 [DEBUG] [org.gradle.cache.internal.DefaultFileLockManager] Lock acquired on daemon addresses registry.
2024-11-12T11:29:48.708+0200 [DEBUG] [org.gradle.cache.internal.DefaultFileLockManager] Releasing lock on daemon addresses registry.
2024-11-12T11:29:48.711+0200 [DEBUG] [org.gradle.cache.internal.DefaultFileLockManager] Waiting to acquire shared lock on daemon addresses registry.
2024-11-12T11:29:48.711+0200 [DEBUG] [org.gradle.cache.internal.DefaultFileLockManager] Lock acquired on daemon addresses registry.
2024-11-12T11:29:48.713+0200 [DEBUG] [org.gradle.cache.internal.DefaultFileLockManager] Releasing lock on daemon addresses registry.
2024-11-12T11:29:48.714+0200 [DEBUG] [org.gradle.cache.internal.DefaultFileLockManager] Waiting to acquire shared lock on daemon addresses registry.
2024-11-12T11:29:48.717+0200 [DEBUG] [org.gradle.cache.internal.DefaultFileLockManager] Lock acquired on daemon addresses registry.
2024-11-12T11:29:48.717+0200 [DEBUG] [org.gradle.cache.internal.DefaultFileLockManager] Releasing lock on daemon addresses registry.
2024-11-12T11:29:58.703+0200 [DEBUG] [org.gradle.cache.internal.DefaultFileLockManager] Waiting to acquire shared lock on daemon addresses registry.
2024-11-12T11:29:58.703+0200 [DEBUG] [org.gradle.cache.internal.DefaultFileLockManager] Lock acquired on daemon addresses registry.
2024-11-12T11:29:58.704+0200 [DEBUG] [org.gradle.cache.internal.DefaultFileLockManager] Releasing lock on daemon addresses registry.
2024-11-12T11:29:58.706+0200 [DEBUG] [org.gradle.cache.internal.DefaultFileLockManager] Waiting to acquire shared lock on daemon addresses registry.
2024-11-12T11:29:58.706+0200 [DEBUG] [org.gradle.cache.internal.DefaultFileLockManager] Lock acquired on daemon addresses registry.
2024-11-12T11:29:58.706+0200 [DEBUG] [org.gradle.cache.internal.DefaultFileLockManager] Releasing lock on daemon addresses registry.
2024-11-12T11:29:58.708+0200 [DEBUG] [org.gradle.cache.internal.DefaultFileLockManager] Waiting to acquire shared lock on daemon addresses registry.
2024-11-12T11:29:58.709+0200 [DEBUG] [org.gradle.cache.internal.DefaultFileLockManager] Lock acquired on daemon addresses registry.
2024-11-12T11:29:58.709+0200 [DEBUG] [org.gradle.cache.internal.DefaultFileLockManager] Releasing lock on daemon addresses registry.
2024-11-12T11:30:07.975+0200 [DEBUG] [org.gradle.internal.remote.internal.inet.TcpIncomingConnector] Accepted connection from /127.0.0.1:55104 to /127.0.0.1:54131.
2024-11-12T11:30:08.598+0200 [DEBUG] [org.gradle.launcher.daemon.server.SynchronizedDispatchConnection] thread 232: received class org.gradle.launcher.daemon.protocol.StopWhenIdle
2024-11-12T11:30:08.616+0200 [DEBUG] [org.gradle.launcher.daemon.server.DefaultDaemonConnection] thread 232: Received non-IO message from client: StopWhenIdle[id=c3c9926c-2840-4f30-bef4-afaea922d972]
2024-11-12T11:30:08.619+0200 [INFO] [org.gradle.launcher.daemon.server.DefaultIncomingConnectionHandler] Received command: StopWhenIdle[id=c3c9926c-2840-4f30-bef4-afaea922d972].
2024-11-12T11:30:08.620+0200 [DEBUG] [org.gradle.launcher.daemon.server.DefaultIncomingConnectionHandler] Starting executing command: StopWhenIdle[id=c3c9926c-2840-4f30-bef4-afaea922d972] with connection: socket connection from /127.0.0.1:54131 to /127.0.0.1:55104.
2024-11-12T11:30:08.653+0200 [DEBUG] [org.gradle.launcher.daemon.server.DaemonRegistryUpdater] Storing daemon stop event: stop command received
2024-11-12T11:30:08.703+0200 [DEBUG] [org.gradle.cache.internal.DefaultFileLockManager] Waiting to acquire shared lock on daemon addresses registry.
2024-11-12T11:30:08.704+0200 [DEBUG] [org.gradle.cache.internal.DefaultFileLockManager] Lock acquired on daemon addresses registry.
2024-11-12T11:30:08.705+0200 [DEBUG] [org.gradle.cache.internal.DefaultFileLockManager] Releasing lock on daemon addresses registry.
2024-11-12T11:30:08.707+0200 [DEBUG] [org.gradle.cache.internal.DefaultFileLockManager] Waiting to acquire shared lock on daemon addresses registry.
2024-11-12T11:30:08.708+0200 [DEBUG] [org.gradle.cache.internal.DefaultFileLockManager] Lock acquired on daemon addresses registry.
2024-11-12T11:30:08.708+0200 [DEBUG] [org.gradle.cache.internal.DefaultFileLockManager] Releasing lock on daemon addresses registry.
2024-11-12T11:30:08.709+0200 [DEBUG] [org.gradle.cache.internal.DefaultFileLockManager] Waiting to acquire shared lock on daemon addresses registry.
2024-11-12T11:30:08.709+0200 [DEBUG] [org.gradle.cache.internal.DefaultFileLockManager] Lock acquired on daemon addresses registry.
2024-11-12T11:30:08.710+0200 [DEBUG] [org.gradle.cache.internal.DefaultFileLockManager] Releasing lock on daemon addresses registry.
2024-11-12T11:30:09.005+0200 [DEBUG] [org.gradle.launcher.daemon.registry.PersistentDaemonRegistry] Storing daemon stop event with timestamp 1731403808664
2024-11-12T11:30:09.060+0200 [DEBUG] [org.gradle.cache.internal.DefaultFileLockManager] Waiting to acquire exclusive lock on daemon addresses registry.
2024-11-12T11:30:09.076+0200 [DEBUG] [org.gradle.cache.internal.DefaultFileLockManager] Lock acquired on daemon addresses registry.
2024-11-12T11:30:09.111+0200 [DEBUG] [org.gradle.cache.internal.DefaultFileLockManager] Releasing lock on daemon addresses registry.
2024-11-12T11:30:09.114+0200 [LIFECYCLE] [org.gradle.launcher.daemon.server.DaemonStateCoordinator] Daemon will be stopped at the end of the build stop command received
2024-11-12T11:30:09.118+0200 [DEBUG] [org.gradle.launcher.daemon.server.DaemonStateCoordinator] Marking daemon stopped due to stop command received. The daemon is running a build: false
2024-11-12T11:30:09.120+0200 [DEBUG] [org.gradle.launcher.daemon.server.DaemonStateCoordinator] daemon has stopped.
2024-11-12T11:30:09.121+0200 [DEBUG] [org.gradle.launcher.daemon.server.Daemon] stop() called on daemon
2024-11-12T11:30:09.121+0200 [DEBUG] [org.gradle.launcher.daemon.server.SynchronizedDispatchConnection] thread 231: dispatching Success[value=null]
2024-11-12T11:30:09.122+0200 [INFO] [org.gradle.launcher.daemon.server.Daemon] Stop requested. Daemon is removing its presence from the registry...
2024-11-12T11:30:09.127+0200 [DEBUG] [org.gradle.launcher.daemon.server.DefaultIncomingConnectionHandler] Finishing executing command: StopWhenIdle[id=c3c9926c-2840-4f30-bef4-afaea922d972]
2024-11-12T11:30:09.127+0200 [DEBUG] [org.gradle.launcher.daemon.server.SynchronizedDispatchConnection] thread 232: received class org.gradle.launcher.daemon.protocol.Finished
2024-11-12T11:30:09.128+0200 [DEBUG] [org.gradle.launcher.daemon.server.DefaultDaemonConnection] thread 232: Received non-IO message from client: org.gradle.launcher.daemon.protocol.Finished@25f12250
2024-11-12T11:30:09.135+0200 [DEBUG] [org.gradle.launcher.daemon.server.DaemonRegistryUpdater] Removing our presence to clients, eg. removing this address from the registry: [91d6319a-3eaf-42ba-8c50-198ddb27b8c5 port:54131, addresses:[localhost/127.0.0.1]]
2024-11-12T11:30:09.139+0200 [DEBUG] [org.gradle.launcher.daemon.server.DefaultIncomingConnectionHandler] Received finished message: org.gradle.launcher.daemon.protocol.Finished@25f12250
2024-11-12T11:30:09.139+0200 [DEBUG] [org.gradle.launcher.daemon.server.SynchronizedDispatchConnection] thread 231: stopping connection
2024-11-12T11:30:09.141+0200 [DEBUG] [org.gradle.launcher.daemon.registry.PersistentDaemonRegistry] Removing daemon address: [91d6319a-3eaf-42ba-8c50-198ddb27b8c5 port:54131, addresses:[localhost/127.0.0.1]]
2024-11-12T11:30:09.141+0200 [DEBUG] [org.gradle.internal.remote.internal.inet.SocketConnection] Discarding EOFException: java.io.EOFException
2024-11-12T11:30:09.141+0200 [DEBUG] [org.gradle.launcher.daemon.server.SynchronizedDispatchConnection] thread 232: received null
2024-11-12T11:30:09.142+0200 [DEBUG] [org.gradle.launcher.daemon.server.DefaultDaemonConnection] thread 232: Received end-of-input from client.
2024-11-12T11:30:09.150+0200 [DEBUG] [org.gradle.launcher.daemon.server.SynchronizedDispatchConnection] thread 231: stopping connection
2024-11-12T11:30:09.168+0200 [DEBUG] [org.gradle.cache.internal.DefaultFileLockManager] Waiting to acquire exclusive lock on daemon addresses registry.
2024-11-12T11:30:09.169+0200 [DEBUG] [org.gradle.cache.internal.DefaultFileLockManager] Lock acquired on daemon addresses registry.
2024-11-12T11:30:09.175+0200 [DEBUG] [org.gradle.cache.internal.DefaultFileLockManager] Releasing lock on daemon addresses registry.
2024-11-12T11:30:09.176+0200 [DEBUG] [org.gradle.launcher.daemon.server.DaemonRegistryUpdater] Address removed from registry.
2024-11-12T11:30:09.583+0200 [DEBUG] [org.gradle.cache.internal.LockOnDemandCrossProcessCacheAccess] Releasing file lock for jars (C:\Foods_Shop\caches\jars-9)
2024-11-12T11:30:09.585+0200 [DEBUG] [org.gradle.cache.internal.DefaultFileLockManager] Releasing lock on jars (C:\Foods_Shop\caches\jars-9).
2024-11-12T11:30:09.591+0200 [DEBUG] [org.gradle.cache.internal.DefaultPersistentDirectoryStore] jars (C:\Foods_Shop\caches\jars-9) has last been fully cleaned up 10 hours ago
2024-11-12T11:30:09.623+0200 [DEBUG] [org.gradle.cache.internal.LockOnDemandCrossProcessCacheAccess] Releasing file lock for file content cache (C:\Foods_Shop\caches\8.7\fileContent)
2024-11-12T11:30:09.624+0200 [DEBUG] [org.gradle.cache.internal.DefaultFileLockManager] Releasing lock on file content cache (C:\Foods_Shop\caches\8.7\fileContent).
2024-11-12T11:30:09.628+0200 [DEBUG] [org.gradle.internal.watch.vfs.impl.WatchingVirtualFileSystem] Closing VFS, dropping state
2024-11-12T11:30:09.776+0200 [DEBUG] [org.gradle.cache.internal.DefaultCacheCoordinator] Cache Generated Gradle JARs cache (C:\Foods_Shop\caches\8.7\generated-gradle-jars) was closed 0 times.
2024-11-12T11:30:09.778+0200 [DEBUG] [org.gradle.internal.watch.registry.impl.DefaultFileWatcherRegistry] Finished listening to file system change events
2024-11-12T11:30:09.785+0200 [DEBUG] [org.gradle.cache.internal.DefaultPersistentDirectoryStore] Artifact transforms cache (C:\Foods_Shop\caches\transforms-4) has last been fully cleaned up 10 hours ago
2024-11-12T11:30:09.785+0200 [DEBUG] [org.gradle.cache.internal.DefaultCacheCoordinator] Cache Artifact transforms cache (C:\Foods_Shop\caches\transforms-4) was closed 0 times.
2024-11-12T11:30:09.788+0200 [DEBUG] [org.gradle.cache.internal.LockOnDemandCrossProcessCacheAccess] Releasing file lock for artifact cache (C:\Foods_Shop\caches\modules-2)
2024-11-12T11:30:09.793+0200 [DEBUG] [org.gradle.cache.internal.btree.BTreePersistentIndexedCache] Closing cache module-artifact.bin (C:\Foods_Shop\caches\modules-2\metadata-2.106\module-artifact.bin)
2024-11-12T11:30:09.807+0200 [DEBUG] [org.gradle.cache.internal.btree.BTreePersistentIndexedCache] Closing cache module-metadata.bin (C:\Foods_Shop\caches\modules-2\metadata-2.106\module-metadata.bin)
2024-11-12T11:30:09.809+0200 [DEBUG] [org.gradle.cache.internal.DefaultFileLockManager] Releasing lock on artifact cache (C:\Foods_Shop\caches\modules-2).
2024-11-12T11:30:09.811+0200 [DEBUG] [org.gradle.cache.internal.DefaultPersistentDirectoryStore] artifact cache (C:\Foods_Shop\caches\modules-2) has last been fully cleaned up 10 hours ago
2024-11-12T11:30:09.816+0200 [DEBUG] [org.gradle.cache.internal.DefaultPersistentDirectoryStore] groovy-dsl (C:\Foods_Shop\caches\8.7\groovy-dsl) has last been fully cleaned up 10 hours ago
2024-11-12T11:30:09.816+0200 [DEBUG] [org.gradle.cache.internal.DefaultCacheCoordinator] Cache groovy-dsl (C:\Foods_Shop\caches\8.7\groovy-dsl) was closed 0 times.
2024-11-12T11:30:09.820+0200 [DEBUG] [org.gradle.cache.internal.LockOnDemandCrossProcessCacheAccess] Releasing file lock for journal cache (C:\Foods_Shop\caches\journal-1)
2024-11-12T11:30:09.822+0200 [DEBUG] [org.gradle.cache.internal.btree.BTreePersistentIndexedCache] Closing cache file-access.bin (C:\Foods_Shop\caches\journal-1\file-access.bin)
2024-11-12T11:30:09.825+0200 [DEBUG] [org.gradle.cache.internal.DefaultFileLockManager] Releasing lock on journal cache (C:\Foods_Shop\caches\journal-1).
2024-11-12T11:30:09.830+0200 [DEBUG] [org.gradle.cache.internal.LockOnDemandCrossProcessCacheAccess] Releasing file lock for file hash cache (C:\Foods_Shop\caches\8.7\fileHashes)
2024-11-12T11:30:09.831+0200 [DEBUG] [org.gradle.cache.internal.btree.BTreePersistentIndexedCache] Closing cache fileHashes.bin (C:\Foods_Shop\caches\8.7\fileHashes\fileHashes.bin)
2024-11-12T11:30:09.842+0200 [DEBUG] [org.gradle.cache.internal.btree.BTreePersistentIndexedCache] Closing cache resourceHashesCache.bin (C:\Foods_Shop\caches\8.7\fileHashes\resourceHashesCache.bin)
2024-11-12T11:30:09.844+0200 [DEBUG] [org.gradle.cache.internal.DefaultFileLockManager] Releasing lock on file hash cache (C:\Foods_Shop\caches\8.7\fileHashes).
2024-11-12T11:30:09.855+0200 [DEBUG] [org.gradle.cache.internal.LockOnDemandCrossProcessCacheAccess] Releasing file lock for Java compile cache (C:\Foods_Shop\caches\8.7\javaCompile)
2024-11-12T11:30:09.856+0200 [DEBUG] [org.gradle.cache.internal.btree.BTreePersistentIndexedCache] Closing cache jarAnalysis.bin (C:\Foods_Shop\caches\8.7\javaCompile\jarAnalysis.bin)
2024-11-12T11:30:09.860+0200 [DEBUG] [org.gradle.cache.internal.btree.BTreePersistentIndexedCache] Closing cache classAnalysis.bin (C:\Foods_Shop\caches\8.7\javaCompile\classAnalysis.bin)
2024-11-12T11:30:09.864+0200 [DEBUG] [org.gradle.cache.internal.DefaultFileLockManager] Releasing lock on Java compile cache (C:\Foods_Shop\caches\8.7\javaCompile).
2024-11-12T11:30:09.928+0200 [DEBUG] [org.gradle.launcher.daemon.registry.PersistentDaemonRegistry] Removing daemon address: [91d6319a-3eaf-42ba-8c50-198ddb27b8c5 port:54131, addresses:[localhost/127.0.0.1]]
2024-11-12T11:30:09.930+0200 [DEBUG] [org.gradle.cache.internal.DefaultFileLockManager] Waiting to acquire exclusive lock on daemon addresses registry.
Daemon vm is shutting down... The daemon has exited normally or was terminated in response to a user interrupt.
2024-11-12T11:30:09.930+0200 [DEBUG] [org.gradle.cache.internal.DefaultFileLockManager] Lock acquired on daemon addresses registry.
2024-11-12T11:30:09.934+0200 [DEBUG] [org.gradle.cache.internal.DefaultFileLockManager] Releasing lock on daemon addresses registry.
