2024-11-12T08:10:53.198+0200 [DEBUG] [org.gradle.launcher.daemon.bootstrap.DaemonMain] Assuming the daemon was started with following jvm opts: [--add-opens=java.base/java.util=ALL-UNNAMED, --add-opens=java.base/java.lang=ALL-UNNAMED, --add-opens=java.base/java.lang.invoke=ALL-UNNAMED, --add-opens=java.prefs/java.util.prefs=ALL-UNNAMED, --add-opens=java.base/java.nio.charset=ALL-UNNAMED, --add-opens=java.base/java.net=ALL-UNNAMED, --add-opens=java.base/java.util.concurrent.atomic=ALL-UNNAMED, -Xmx2048m, -Dfile.encoding=UTF-8, -Duser.country=RU, -Duser.language=ru, -Duser.variant]
2024-11-12T08:10:53.773+0200 [DEBUG] [org.gradle.internal.nativeintegration.services.NativeServices] Native-platform posix files integration is not available. Continuing with fallback.
2024-11-12T08:10:53.819+0200 [INFO] [org.gradle.launcher.daemon.server.Daemon] start() called on daemon - DefaultDaemonContext[uid=0d96e0d0-f943-4855-9f51-81c432692892,javaHome=C:\Program Files\Android\Android Studio\jbr,daemonRegistryDir=C:\Foods_Shop\daemon,pid=18912,idleTimeout=10800000,priority=NORMAL,applyInstrumentationAgent=true,daemonOpts=--add-opens=java.base/java.util=ALL-UNNAMED,--add-opens=java.base/java.lang=ALL-UNNAMED,--add-opens=java.base/java.lang.invoke=ALL-UNNAMED,--add-opens=java.prefs/java.util.prefs=ALL-UNNAMED,--add-opens=java.base/java.nio.charset=ALL-UNNAMED,--add-opens=java.base/java.net=ALL-UNNAMED,--add-opens=java.base/java.util.concurrent.atomic=ALL-UNNAMED,-Xmx2048m,-Dfile.encoding=UTF-8,-Duser.country=RU,-Duser.language=ru,-Duser.variant]
2024-11-12T08:10:54.468+0200 [DEBUG] [org.gradle.internal.remote.internal.inet.InetAddresses] Adding IP addresses for network interface Software Loopback Interface 1
2024-11-12T08:10:54.480+0200 [DEBUG] [org.gradle.internal.remote.internal.inet.InetAddresses] Is this a loopback interface? true
2024-11-12T08:10:54.481+0200 [DEBUG] [org.gradle.internal.remote.internal.inet.InetAddresses] Adding loopback address /127.0.0.1
2024-11-12T08:10:54.481+0200 [DEBUG] [org.gradle.internal.remote.internal.inet.InetAddresses] Adding loopback address /0:0:0:0:0:0:0:1
2024-11-12T08:10:54.483+0200 [DEBUG] [org.gradle.internal.remote.internal.inet.InetAddresses] Adding IP addresses for network interface Microsoft 6to4 Adapter
2024-11-12T08:10:54.489+0200 [DEBUG] [org.gradle.internal.remote.internal.inet.InetAddresses] Is this a loopback interface? false
2024-11-12T08:10:54.490+0200 [DEBUG] [org.gradle.internal.remote.internal.inet.InetAddresses] Adding IP addresses for network interface Microsoft Wi-Fi Direct Virtual Adapter #2
2024-11-12T08:10:54.494+0200 [DEBUG] [org.gradle.internal.remote.internal.inet.InetAddresses] Is this a loopback interface? false
2024-11-12T08:10:54.495+0200 [DEBUG] [org.gradle.internal.remote.internal.inet.InetAddresses] Adding IP addresses for network interface WAN Miniport (SSTP)
2024-11-12T08:10:54.505+0200 [DEBUG] [org.gradle.internal.remote.internal.inet.InetAddresses] Is this a loopback interface? false
2024-11-12T08:10:54.506+0200 [DEBUG] [org.gradle.internal.remote.internal.inet.InetAddresses] Adding IP addresses for network interface Microsoft Wi-Fi Direct Virtual Adapter #4
2024-11-12T08:10:54.512+0200 [DEBUG] [org.gradle.internal.remote.internal.inet.InetAddresses] Is this a loopback interface? false
2024-11-12T08:10:54.518+0200 [DEBUG] [org.gradle.internal.remote.internal.inet.InetAddresses] Adding remote address /fe80:0:0:0:c39f:fad7:a6f:1426%wlan1
2024-11-12T08:10:54.522+0200 [DEBUG] [org.gradle.internal.remote.internal.inet.InetAddresses] Adding IP addresses for network interface Microsoft IP-HTTPS Platform Adapter
2024-11-12T08:10:54.529+0200 [DEBUG] [org.gradle.internal.remote.internal.inet.InetAddresses] Is this a loopback interface? false
2024-11-12T08:10:54.530+0200 [DEBUG] [org.gradle.internal.remote.internal.inet.InetAddresses] Adding IP addresses for network interface Intel(R) Wireless-AC 9461
2024-11-12T08:10:54.535+0200 [DEBUG] [org.gradle.internal.remote.internal.inet.InetAddresses] Is this a loopback interface? false
2024-11-12T08:10:54.536+0200 [DEBUG] [org.gradle.internal.remote.internal.inet.InetAddresses] Adding remote address /10.82.13.22
2024-11-12T08:10:54.536+0200 [DEBUG] [org.gradle.internal.remote.internal.inet.InetAddresses] Adding remote address /fe80:0:0:0:3947:b6ef:2bdc:4ed8%wlan2
2024-11-12T08:10:54.536+0200 [DEBUG] [org.gradle.internal.remote.internal.inet.InetAddresses] Adding IP addresses for network interface Microsoft Kernel Debug Network Adapter
2024-11-12T08:10:54.540+0200 [DEBUG] [org.gradle.internal.remote.internal.inet.InetAddresses] Is this a loopback interface? false
2024-11-12T08:10:54.540+0200 [DEBUG] [org.gradle.internal.remote.internal.inet.InetAddresses] Adding IP addresses for network interface WAN Miniport (L2TP)
2024-11-12T08:10:54.543+0200 [DEBUG] [org.gradle.internal.remote.internal.inet.InetAddresses] Is this a loopback interface? false
2024-11-12T08:10:54.544+0200 [DEBUG] [org.gradle.internal.remote.internal.inet.InetAddresses] Adding IP addresses for network interface Remote NDIS based Internet Sharing Device
2024-11-12T08:10:54.548+0200 [DEBUG] [org.gradle.internal.remote.internal.inet.InetAddresses] Is this a loopback interface? false
2024-11-12T08:10:54.549+0200 [DEBUG] [org.gradle.internal.remote.internal.inet.InetAddresses] Adding IP addresses for network interface RAS Async Adapter
2024-11-12T08:10:54.553+0200 [DEBUG] [org.gradle.internal.remote.internal.inet.InetAddresses] Is this a loopback interface? false
2024-11-12T08:10:54.553+0200 [DEBUG] [org.gradle.internal.remote.internal.inet.InetAddresses] Adding IP addresses for network interface Microsoft Teredo Tunneling Adapter
2024-11-12T08:10:54.566+0200 [DEBUG] [org.gradle.internal.remote.internal.inet.InetAddresses] Is this a loopback interface? false
2024-11-12T08:10:54.567+0200 [DEBUG] [org.gradle.internal.remote.internal.inet.InetAddresses] Adding IP addresses for network interface Microsoft Wi-Fi Direct Virtual Adapter
2024-11-12T08:10:54.587+0200 [DEBUG] [org.gradle.internal.remote.internal.inet.InetAddresses] Is this a loopback interface? false
2024-11-12T08:10:54.588+0200 [DEBUG] [org.gradle.internal.remote.internal.inet.InetAddresses] Adding IP addresses for network interface WAN Miniport (PPTP)
2024-11-12T08:10:54.591+0200 [DEBUG] [org.gradle.internal.remote.internal.inet.InetAddresses] Is this a loopback interface? false
2024-11-12T08:10:54.591+0200 [DEBUG] [org.gradle.internal.remote.internal.inet.InetAddresses] Adding IP addresses for network interface WAN Miniport (IP)
2024-11-12T08:10:54.596+0200 [DEBUG] [org.gradle.internal.remote.internal.inet.InetAddresses] Is this a loopback interface? false
2024-11-12T08:10:54.597+0200 [DEBUG] [org.gradle.internal.remote.internal.inet.InetAddresses] Adding IP addresses for network interface Microsoft Wi-Fi Direct Virtual Adapter #3
2024-11-12T08:10:54.604+0200 [DEBUG] [org.gradle.internal.remote.internal.inet.InetAddresses] Is this a loopback interface? false
2024-11-12T08:10:54.605+0200 [DEBUG] [org.gradle.internal.remote.internal.inet.InetAddresses] Adding remote address /fe80:0:0:0:af18:2d59:7959:639e%wlan4
2024-11-12T08:10:54.606+0200 [DEBUG] [org.gradle.internal.remote.internal.inet.InetAddresses] Adding IP addresses for network interface WAN Miniport (IKEv2)
2024-11-12T08:10:54.616+0200 [DEBUG] [org.gradle.internal.remote.internal.inet.InetAddresses] Is this a loopback interface? false
2024-11-12T08:10:54.616+0200 [DEBUG] [org.gradle.internal.remote.internal.inet.InetAddresses] Adding IP addresses for network interface WAN Miniport (PPPOE)
2024-11-12T08:10:54.620+0200 [DEBUG] [org.gradle.internal.remote.internal.inet.InetAddresses] Is this a loopback interface? false
2024-11-12T08:10:54.621+0200 [DEBUG] [org.gradle.internal.remote.internal.inet.InetAddresses] Adding IP addresses for network interface WAN Miniport (Network Monitor)
2024-11-12T08:10:54.624+0200 [DEBUG] [org.gradle.internal.remote.internal.inet.InetAddresses] Is this a loopback interface? false
2024-11-12T08:10:54.624+0200 [DEBUG] [org.gradle.internal.remote.internal.inet.InetAddresses] Adding IP addresses for network interface WAN Miniport (IPv6)
2024-11-12T08:10:54.661+0200 [DEBUG] [org.gradle.internal.remote.internal.inet.InetAddresses] Is this a loopback interface? false
2024-11-12T08:10:54.661+0200 [DEBUG] [org.gradle.internal.remote.internal.inet.InetAddresses] Adding IP addresses for network interface Intel(R) Wireless-AC 9461-WFP Native MAC Layer LightWeight Filter-0000
2024-11-12T08:10:54.711+0200 [DEBUG] [org.gradle.internal.remote.internal.inet.InetAddresses] Is this a loopback interface? false
2024-11-12T08:10:54.712+0200 [DEBUG] [org.gradle.internal.remote.internal.inet.InetAddresses] Adding IP addresses for network interface Intel(R) Wireless-AC 9461-Virtual WiFi Filter Driver-0000
2024-11-12T08:10:54.749+0200 [DEBUG] [org.gradle.internal.remote.internal.inet.InetAddresses] Is this a loopback interface? false
2024-11-12T08:10:54.750+0200 [DEBUG] [org.gradle.internal.remote.internal.inet.InetAddresses] Adding IP addresses for network interface Intel(R) Wireless-AC 9461-Native WiFi Filter Driver-0000
2024-11-12T08:10:54.755+0200 [DEBUG] [org.gradle.internal.remote.internal.inet.InetAddresses] Is this a loopback interface? false
2024-11-12T08:10:54.756+0200 [DEBUG] [org.gradle.internal.remote.internal.inet.InetAddresses] Adding IP addresses for network interface Intel(R) Wireless-AC 9461-QoS Packet Scheduler-0000
2024-11-12T08:10:54.758+0200 [DEBUG] [org.gradle.internal.remote.internal.inet.InetAddresses] Is this a loopback interface? false
2024-11-12T08:10:54.759+0200 [DEBUG] [org.gradle.internal.remote.internal.inet.InetAddresses] Adding IP addresses for network interface Intel(R) Wireless-AC 9461-WFP 802.3 MAC Layer LightWeight Filter-0000
2024-11-12T08:10:54.789+0200 [DEBUG] [org.gradle.internal.remote.internal.inet.InetAddresses] Is this a loopback interface? false
2024-11-12T08:10:54.789+0200 [DEBUG] [org.gradle.internal.remote.internal.inet.InetAddresses] Adding IP addresses for network interface Microsoft Wi-Fi Direct Virtual Adapter #3-WFP Native MAC Layer LightWeight Filter-0000
2024-11-12T08:10:54.793+0200 [DEBUG] [org.gradle.internal.remote.internal.inet.InetAddresses] Is this a loopback interface? false
2024-11-12T08:10:54.793+0200 [DEBUG] [org.gradle.internal.remote.internal.inet.InetAddresses] Adding IP addresses for network interface Microsoft Wi-Fi Direct Virtual Adapter #3-Native WiFi Filter Driver-0000
2024-11-12T08:10:54.796+0200 [DEBUG] [org.gradle.internal.remote.internal.inet.InetAddresses] Is this a loopback interface? false
2024-11-12T08:10:54.797+0200 [DEBUG] [org.gradle.internal.remote.internal.inet.InetAddresses] Adding IP addresses for network interface WAN Miniport (IP)-WFP Native MAC Layer LightWeight Filter-0000
2024-11-12T08:10:54.805+0200 [DEBUG] [org.gradle.internal.remote.internal.inet.InetAddresses] Is this a loopback interface? false
2024-11-12T08:10:54.805+0200 [DEBUG] [org.gradle.internal.remote.internal.inet.InetAddresses] Adding IP addresses for network interface WAN Miniport (IP)-QoS Packet Scheduler-0000
2024-11-12T08:10:54.811+0200 [DEBUG] [org.gradle.internal.remote.internal.inet.InetAddresses] Is this a loopback interface? false
2024-11-12T08:10:54.811+0200 [DEBUG] [org.gradle.internal.remote.internal.inet.InetAddresses] Adding IP addresses for network interface WAN Miniport (IPv6)-WFP Native MAC Layer LightWeight Filter-0000
2024-11-12T08:10:54.815+0200 [DEBUG] [org.gradle.internal.remote.internal.inet.InetAddresses] Is this a loopback interface? false
2024-11-12T08:10:54.816+0200 [DEBUG] [org.gradle.internal.remote.internal.inet.InetAddresses] Adding IP addresses for network interface WAN Miniport (IPv6)-QoS Packet Scheduler-0000
2024-11-12T08:10:54.819+0200 [DEBUG] [org.gradle.internal.remote.internal.inet.InetAddresses] Is this a loopback interface? false
2024-11-12T08:10:54.819+0200 [DEBUG] [org.gradle.internal.remote.internal.inet.InetAddresses] Adding IP addresses for network interface WAN Miniport (Network Monitor)-WFP Native MAC Layer LightWeight Filter-0000
2024-11-12T08:10:54.822+0200 [DEBUG] [org.gradle.internal.remote.internal.inet.InetAddresses] Is this a loopback interface? false
2024-11-12T08:10:54.823+0200 [DEBUG] [org.gradle.internal.remote.internal.inet.InetAddresses] Adding IP addresses for network interface WAN Miniport (Network Monitor)-QoS Packet Scheduler-0000
2024-11-12T08:10:54.826+0200 [DEBUG] [org.gradle.internal.remote.internal.inet.InetAddresses] Is this a loopback interface? false
2024-11-12T08:10:54.827+0200 [DEBUG] [org.gradle.internal.remote.internal.inet.InetAddresses] Adding IP addresses for network interface Microsoft Wi-Fi Direct Virtual Adapter #3-QoS Packet Scheduler-0000
2024-11-12T08:10:54.830+0200 [DEBUG] [org.gradle.internal.remote.internal.inet.InetAddresses] Is this a loopback interface? false
2024-11-12T08:10:54.830+0200 [DEBUG] [org.gradle.internal.remote.internal.inet.InetAddresses] Adding IP addresses for network interface Microsoft Wi-Fi Direct Virtual Adapter #3-WFP 802.3 MAC Layer LightWeight Filter-0000
2024-11-12T08:10:54.833+0200 [DEBUG] [org.gradle.internal.remote.internal.inet.InetAddresses] Is this a loopback interface? false
2024-11-12T08:10:54.834+0200 [DEBUG] [org.gradle.internal.remote.internal.inet.InetAddresses] Adding IP addresses for network interface Microsoft Wi-Fi Direct Virtual Adapter #4-WFP Native MAC Layer LightWeight Filter-0000
2024-11-12T08:10:54.838+0200 [DEBUG] [org.gradle.internal.remote.internal.inet.InetAddresses] Is this a loopback interface? false
2024-11-12T08:10:54.838+0200 [DEBUG] [org.gradle.internal.remote.internal.inet.InetAddresses] Adding IP addresses for network interface Microsoft Wi-Fi Direct Virtual Adapter #4-Native WiFi Filter Driver-0000
2024-11-12T08:10:54.841+0200 [DEBUG] [org.gradle.internal.remote.internal.inet.InetAddresses] Is this a loopback interface? false
2024-11-12T08:10:54.842+0200 [DEBUG] [org.gradle.internal.remote.internal.inet.InetAddresses] Adding IP addresses for network interface Microsoft Wi-Fi Direct Virtual Adapter #4-QoS Packet Scheduler-0000
2024-11-12T08:10:54.846+0200 [DEBUG] [org.gradle.internal.remote.internal.inet.InetAddresses] Is this a loopback interface? false
2024-11-12T08:10:54.847+0200 [DEBUG] [org.gradle.internal.remote.internal.inet.InetAddresses] Adding IP addresses for network interface Microsoft Wi-Fi Direct Virtual Adapter #4-WFP 802.3 MAC Layer LightWeight Filter-0000
2024-11-12T08:10:54.850+0200 [DEBUG] [org.gradle.internal.remote.internal.inet.InetAddresses] Is this a loopback interface? false
2024-11-12T08:10:54.850+0200 [DEBUG] [org.gradle.internal.remote.internal.inet.InetAddresses] Adding IP addresses for network interface Bluetooth Device (Personal Area Network)
2024-11-12T08:10:54.853+0200 [DEBUG] [org.gradle.internal.remote.internal.inet.InetAddresses] Is this a loopback interface? false
2024-11-12T08:10:54.854+0200 [DEBUG] [org.gradle.internal.remote.internal.inet.InetAddresses] Adding remote address /fe80:0:0:0:44c0:1bfa:6fa6:4c55%eth11
2024-11-12T08:10:54.864+0200 [DEBUG] [org.gradle.internal.remote.internal.inet.TcpIncomingConnector] Listening on [513f46b0-a183-4902-8c6f-9bcb4a6a3157 port:53082, addresses:[localhost/127.0.0.1]].
2024-11-12T08:10:54.912+0200 [DEBUG] [org.gradle.launcher.daemon.server.Daemon] Daemon starting at: Tue Nov 12 08:10:54 EET 2024, with address: [513f46b0-a183-4902-8c6f-9bcb4a6a3157 port:53082, addresses:[localhost/127.0.0.1]]
2024-11-12T08:10:54.913+0200 [INFO] [org.gradle.launcher.daemon.server.DaemonRegistryUpdater] Advertising the daemon address to the clients: [513f46b0-a183-4902-8c6f-9bcb4a6a3157 port:53082, addresses:[localhost/127.0.0.1]]
2024-11-12T08:10:54.913+0200 [DEBUG] [org.gradle.launcher.daemon.server.DaemonRegistryUpdater] Advertised daemon context: DefaultDaemonContext[uid=0d96e0d0-f943-4855-9f51-81c432692892,javaHome=C:\Program Files\Android\Android Studio\jbr,daemonRegistryDir=C:\Foods_Shop\daemon,pid=18912,idleTimeout=10800000,priority=NORMAL,applyInstrumentationAgent=true,daemonOpts=--add-opens=java.base/java.util=ALL-UNNAMED,--add-opens=java.base/java.lang=ALL-UNNAMED,--add-opens=java.base/java.lang.invoke=ALL-UNNAMED,--add-opens=java.prefs/java.util.prefs=ALL-UNNAMED,--add-opens=java.base/java.nio.charset=ALL-UNNAMED,--add-opens=java.base/java.net=ALL-UNNAMED,--add-opens=java.base/java.util.concurrent.atomic=ALL-UNNAMED,-Xmx2048m,-Dfile.encoding=UTF-8,-Duser.country=RU,-Duser.language=ru,-Duser.variant]
2024-11-12T08:10:54.916+0200 [DEBUG] [org.gradle.launcher.daemon.registry.PersistentDaemonRegistry] Storing daemon address: [513f46b0-a183-4902-8c6f-9bcb4a6a3157 port:53082, addresses:[localhost/127.0.0.1]], context: DefaultDaemonContext[uid=0d96e0d0-f943-4855-9f51-81c432692892,javaHome=C:\Program Files\Android\Android Studio\jbr,daemonRegistryDir=C:\Foods_Shop\daemon,pid=18912,idleTimeout=10800000,priority=NORMAL,applyInstrumentationAgent=true,daemonOpts=--add-opens=java.base/java.util=ALL-UNNAMED,--add-opens=java.base/java.lang=ALL-UNNAMED,--add-opens=java.base/java.lang.invoke=ALL-UNNAMED,--add-opens=java.prefs/java.util.prefs=ALL-UNNAMED,--add-opens=java.base/java.nio.charset=ALL-UNNAMED,--add-opens=java.base/java.net=ALL-UNNAMED,--add-opens=java.base/java.util.concurrent.atomic=ALL-UNNAMED,-Xmx2048m,-Dfile.encoding=UTF-8,-Duser.country=RU,-Duser.language=ru,-Duser.variant]
2024-11-12T08:10:54.938+0200 [DEBUG] [org.gradle.cache.internal.DefaultFileLockManager] Waiting to acquire exclusive lock on daemon addresses registry.
2024-11-12T08:10:55.005+0200 [DEBUG] [org.gradle.cache.internal.DefaultFileLockManager] Lock acquired on daemon addresses registry.
2024-11-12T08:10:55.049+0200 [DEBUG] [org.gradle.cache.internal.DefaultFileLockManager] Releasing lock on daemon addresses registry.
2024-11-12T08:10:55.050+0200 [LIFECYCLE] [org.gradle.launcher.daemon.server.Daemon] Daemon server started.
2024-11-12T08:10:55.052+0200 [DEBUG] [org.gradle.launcher.daemon.bootstrap.DaemonStartupCommunication] Completed writing the daemon greeting. Closing streams...
2024-11-12T08:10:55.085+0200 [DEBUG] [org.gradle.internal.remote.internal.inet.TcpIncomingConnector] Accepted connection from /127.0.0.1:53083 to /127.0.0.1:53082.
2024-11-12T08:10:55.105+0200 [DEBUG] [org.gradle.launcher.daemon.server.Daemon] stopOnExpiration() called on daemon
2024-11-12T08:10:55.145+0200 [DEBUG] [org.gradle.launcher.daemon.server.Daemon] awaitExpiration() called on daemon
2024-11-12T08:10:55.166+0200 [DEBUG] [org.gradle.launcher.daemon.server.DaemonStateCoordinator] daemon is running. Sleeping until state changes.
2024-11-12T08:10:55.371+0200 [DEBUG] [org.gradle.launcher.daemon.server.SynchronizedDispatchConnection] thread 21: received class org.gradle.launcher.daemon.protocol.Build
2024-11-12T08:10:55.372+0200 [DEBUG] [org.gradle.launcher.daemon.server.DefaultDaemonConnection] thread 21: Received non-IO message from client: Build{id=0c1311ff-b84a-4920-843d-cfb94b6f51fa, currentDir=C:\Foods_Shop}
2024-11-12T08:10:55.373+0200 [INFO] [org.gradle.launcher.daemon.server.DefaultIncomingConnectionHandler] Received command: Build{id=0c1311ff-b84a-4920-843d-cfb94b6f51fa, currentDir=C:\Foods_Shop}.
2024-11-12T08:10:55.373+0200 [DEBUG] [org.gradle.launcher.daemon.server.DefaultIncomingConnectionHandler] Starting executing command: Build{id=0c1311ff-b84a-4920-843d-cfb94b6f51fa, currentDir=C:\Foods_Shop} with connection: socket connection from /127.0.0.1:53082 to /127.0.0.1:53083.
2024-11-12T08:10:55.377+0200 [DEBUG] [org.gradle.launcher.daemon.server.DaemonStateCoordinator] Command execution: started DaemonCommandExecution[command = Build{id=0c1311ff-b84a-4920-843d-cfb94b6f51fa, currentDir=C:\Foods_Shop}, connection = DefaultDaemonConnection: socket connection from /127.0.0.1:53082 to /127.0.0.1:53083] after 0.0 minutes of idle
2024-11-12T08:10:55.378+0200 [INFO] [org.gradle.launcher.daemon.server.DaemonRegistryUpdater] Marking the daemon as busy, address: [513f46b0-a183-4902-8c6f-9bcb4a6a3157 port:53082, addresses:[localhost/127.0.0.1]]
2024-11-12T08:10:55.378+0200 [DEBUG] [org.gradle.launcher.daemon.registry.PersistentDaemonRegistry] Marking busy by address: [513f46b0-a183-4902-8c6f-9bcb4a6a3157 port:53082, addresses:[localhost/127.0.0.1]]
2024-11-12T08:10:55.382+0200 [DEBUG] [org.gradle.cache.internal.DefaultFileLockManager] Waiting to acquire exclusive lock on daemon addresses registry.
2024-11-12T08:10:55.383+0200 [DEBUG] [org.gradle.cache.internal.DefaultFileLockManager] Lock acquired on daemon addresses registry.
2024-11-12T08:10:55.485+0200 [DEBUG] [org.gradle.cache.internal.DefaultFileLockManager] Releasing lock on daemon addresses registry.
2024-11-12T08:10:55.502+0200 [DEBUG] [org.gradle.launcher.daemon.server.DaemonStateCoordinator] resetting idle timer
2024-11-12T08:10:55.502+0200 [DEBUG] [org.gradle.launcher.daemon.server.DaemonStateCoordinator] daemon is running. Sleeping until state changes.
2024-11-12T08:10:55.532+0200 [INFO] [org.gradle.launcher.daemon.server.exec.StartBuildOrRespondWithBusy] Daemon is about to start building Build{id=0c1311ff-b84a-4920-843d-cfb94b6f51fa, currentDir=C:\Foods_Shop}. Dispatching build started information...
2024-11-12T08:10:55.532+0200 [DEBUG] [org.gradle.launcher.daemon.server.SynchronizedDispatchConnection] thread 23: dispatching org.gradle.launcher.daemon.protocol.BuildStarted@3007a963
2024-11-12T08:10:55.535+0200 [DEBUG] [org.gradle.launcher.daemon.server.exec.EstablishBuildEnvironment] Configuring env variables: [USERDOMAIN_ROAMINGPROFILE, LOCALAPPDATA, PROCESSOR_LEVEL, USERDOMAIN, LOGONSERVER, JAVA_HOME, SESSIONNAME, ALLUSERSPROFILE, PROCESSOR_ARCHITECTURE, PSModulePath, SystemDrive, OneDrive, APPDATA, USERNAME, ProgramFiles(x86), CommonProgramFiles, Path, PYTHONPATH, PyCharm, PATHEXT, DriverData, OS, COMPUTERNAME, IntelliJ IDEA Community Edition, PROCESSOR_REVISION, CommonProgramW6432, PyCharm Community Edition, ComSpec, ProgramData, ProgramW6432, TEMP, HOMEPATH, SystemRoot, PROCESSOR_IDENTIFIER, HOMEDRIVE, USERPROFILE, TMP, EFC_13388, CommonProgramFiles(x86), ProgramFiles, PUBLIC, windir, NUMBER_OF_PROCESSORS, =::, IDEA_INITIAL_DIRECTORY, ZES_ENABLE_SYSMAN]
2024-11-12T08:10:55.549+0200 [DEBUG] [org.gradle.launcher.daemon.server.exec.LogToClient] About to start relaying all logs to the client via the connection.
2024-11-12T08:10:55.550+0200 [INFO] [org.gradle.launcher.daemon.server.exec.LogToClient] The client will now receive all logging from the daemon (pid: 18912). The daemon log file: C:\Foods_Shop\daemon\8.7\daemon-18912.out.log
2024-11-12T08:10:55.554+0200 [DEBUG] [org.gradle.launcher.daemon.server.SynchronizedDispatchConnection] thread 21: received class org.gradle.launcher.daemon.protocol.CloseInput
2024-11-12T08:10:55.555+0200 [DEBUG] [org.gradle.launcher.daemon.server.DefaultDaemonConnection] thread 21: Received IO message from client: org.gradle.launcher.daemon.protocol.CloseInput@440b7b8f
2024-11-12T08:10:55.590+0200 [INFO] [org.gradle.launcher.daemon.server.exec.LogAndCheckHealth] Starting build in new daemon [memory: 2 GiB]
2024-11-12T08:10:55.592+0200 [INFO] [org.gradle.launcher.daemon.server.exec.ForwardClientInput] Closing daemon's stdin at end of input.
2024-11-12T08:10:55.593+0200 [INFO] [org.gradle.launcher.daemon.server.exec.ForwardClientInput] The daemon will no longer process any standard input.
2024-11-12T08:10:55.608+0200 [DEBUG] [org.gradle.launcher.daemon.server.exec.ExecuteBuild] The daemon has started executing the build.
2024-11-12T08:10:55.608+0200 [DEBUG] [org.gradle.launcher.daemon.server.exec.ExecuteBuild] Executing build with daemon context: DefaultDaemonContext[uid=0d96e0d0-f943-4855-9f51-81c432692892,javaHome=C:\Program Files\Android\Android Studio\jbr,daemonRegistryDir=C:\Foods_Shop\daemon,pid=18912,idleTimeout=10800000,priority=NORMAL,applyInstrumentationAgent=true,daemonOpts=--add-opens=java.base/java.util=ALL-UNNAMED,--add-opens=java.base/java.lang=ALL-UNNAMED,--add-opens=java.base/java.lang.invoke=ALL-UNNAMED,--add-opens=java.prefs/java.util.prefs=ALL-UNNAMED,--add-opens=java.base/java.nio.charset=ALL-UNNAMED,--add-opens=java.base/java.net=ALL-UNNAMED,--add-opens=java.base/java.util.concurrent.atomic=ALL-UNNAMED,-Xmx2048m,-Dfile.encoding=UTF-8,-Duser.country=RU,-Duser.language=ru,-Duser.variant]

BUILD SUCCESSFUL in 55s
2024-11-12T08:11:32.151+0200 [DEBUG] [org.gradle.launcher.daemon.server.exec.ExecuteBuild] The daemon has finished executing the build.
2024-11-12T08:11:32.188+0200 [DEBUG] [org.gradle.launcher.daemon.server.DaemonStateCoordinator] daemon is running. Sleeping until state changes.
2024-11-12T08:11:32.188+0200 [DEBUG] [org.gradle.launcher.daemon.server.DaemonStateCoordinator] Command execution: finished waiting for DaemonCommandExecution[command = Build{id=0c1311ff-b84a-4920-843d-cfb94b6f51fa, currentDir=C:\Foods_Shop}, connection = DefaultDaemonConnection: socket connection from /127.0.0.1:53082 to /127.0.0.1:53083]. Result org.gradle.launcher.daemon.server.DaemonStateCoordinator@2ba8c798 with state Busy
2024-11-12T08:11:32.189+0200 [DEBUG] [org.gradle.launcher.daemon.server.DaemonStateCoordinator] Command execution: completed DaemonCommandExecution[command = Build{id=0c1311ff-b84a-4920-843d-cfb94b6f51fa, currentDir=C:\Foods_Shop}, connection = DefaultDaemonConnection: socket connection from /127.0.0.1:53082 to /127.0.0.1:53083]
2024-11-12T08:11:32.189+0200 [DEBUG] [org.gradle.launcher.daemon.server.DaemonStateCoordinator] resetting idle timer
2024-11-12T08:11:32.190+0200 [INFO] [org.gradle.launcher.daemon.server.DaemonRegistryUpdater] Marking the daemon as idle, address: [513f46b0-a183-4902-8c6f-9bcb4a6a3157 port:53082, addresses:[localhost/127.0.0.1]]
2024-11-12T08:11:32.190+0200 [DEBUG] [org.gradle.launcher.daemon.registry.PersistentDaemonRegistry] Marking busy by address: [513f46b0-a183-4902-8c6f-9bcb4a6a3157 port:53082, addresses:[localhost/127.0.0.1]]
2024-11-12T08:11:32.191+0200 [DEBUG] [org.gradle.cache.internal.DefaultFileLockManager] Waiting to acquire exclusive lock on daemon addresses registry.
2024-11-12T08:11:32.192+0200 [DEBUG] [org.gradle.cache.internal.DefaultFileLockManager] Lock acquired on daemon addresses registry.
2024-11-12T08:11:32.215+0200 [DEBUG] [org.gradle.cache.internal.DefaultFileLockManager] Releasing lock on daemon addresses registry.
2024-11-12T08:11:32.217+0200 [DEBUG] [org.gradle.launcher.daemon.server.DaemonStateCoordinator] daemon is running. Sleeping until state changes.
2024-11-12T08:11:32.217+0200 [DEBUG] [org.gradle.launcher.daemon.server.exec.ReturnResult] Daemon is dispatching the build result: Success[value=org.gradle.launcher.exec.BuildActionResult@5d17158c]
2024-11-12T08:11:32.218+0200 [DEBUG] [org.gradle.launcher.daemon.server.SynchronizedDispatchConnection] thread 20: dispatching Success[value=org.gradle.launcher.exec.BuildActionResult@5d17158c]
2024-11-12T08:11:32.224+0200 [DEBUG] [org.gradle.launcher.daemon.server.DefaultIncomingConnectionHandler] Finishing executing command: Build{id=0c1311ff-b84a-4920-843d-cfb94b6f51fa, currentDir=C:\Foods_Shop}
2024-11-12T08:11:32.226+0200 [DEBUG] [org.gradle.launcher.daemon.server.SynchronizedDispatchConnection] thread 21: received class org.gradle.launcher.daemon.protocol.Finished
2024-11-12T08:11:32.226+0200 [DEBUG] [org.gradle.launcher.daemon.server.DefaultDaemonConnection] thread 21: Received non-IO message from client: org.gradle.launcher.daemon.protocol.Finished@10c006b5
2024-11-12T08:11:32.227+0200 [DEBUG] [org.gradle.internal.remote.internal.inet.SocketConnection] Discarding EOFException: java.io.EOFException
2024-11-12T08:11:32.227+0200 [DEBUG] [org.gradle.launcher.daemon.server.SynchronizedDispatchConnection] thread 21: received null
2024-11-12T08:11:32.227+0200 [DEBUG] [org.gradle.launcher.daemon.server.DefaultDaemonConnection] thread 21: Received end-of-input from client.
2024-11-12T08:11:32.228+0200 [WARN] [org.gradle.launcher.daemon.server.DefaultIncomingConnectionHandler] Timed out waiting for finished message from client socket connection from /127.0.0.1:53082 to /127.0.0.1:53083. Discarding connection.
2024-11-12T08:11:32.228+0200 [DEBUG] [org.gradle.launcher.daemon.server.SynchronizedDispatchConnection] thread 20: stopping connection
2024-11-12T08:11:32.234+0200 [DEBUG] [org.gradle.launcher.daemon.server.SynchronizedDispatchConnection] thread 20: stopping connection
2024-11-12T08:11:32.236+0200 [DEBUG] [org.gradle.launcher.daemon.server.exec.CleanUpVirtualFileSystemAfterBuild] Cleaning virtual file system after build finished
2024-11-12T08:11:35.149+0200 [DEBUG] [org.gradle.cache.internal.DefaultFileLockManager] Waiting to acquire shared lock on daemon addresses registry.
2024-11-12T08:11:35.150+0200 [DEBUG] [org.gradle.cache.internal.DefaultFileLockManager] Lock acquired on daemon addresses registry.
2024-11-12T08:11:35.151+0200 [DEBUG] [org.gradle.cache.internal.DefaultFileLockManager] Releasing lock on daemon addresses registry.
2024-11-12T08:11:35.164+0200 [DEBUG] [org.gradle.cache.internal.DefaultFileLockManager] Waiting to acquire shared lock on daemon addresses registry.
2024-11-12T08:11:35.166+0200 [DEBUG] [org.gradle.cache.internal.DefaultFileLockManager] Lock acquired on daemon addresses registry.
2024-11-12T08:11:35.167+0200 [DEBUG] [org.gradle.cache.internal.DefaultFileLockManager] Releasing lock on daemon addresses registry.
2024-11-12T08:11:35.585+0200 [DEBUG] [org.gradle.process.internal.health.memory.DefaultMemoryManager] 409155993 physical memory requested, 275931136 free
2024-11-12T08:11:35.586+0200 [DEBUG] [org.gradle.workers.internal.WorkerDaemonExpiration] Will attempt to release 390 of memory
2024-11-12T08:11:35.587+0200 [DEBUG] [org.gradle.process.internal.health.memory.DefaultMemoryManager] 409155993 physical memory requested, 0 released, 275931136 free
2024-11-12T08:11:40.283+0200 [DEBUG] [org.gradle.process.internal.health.memory.DefaultMemoryManager] 409155993 physical memory requested, 315219968 free
2024-11-12T08:11:40.285+0200 [DEBUG] [org.gradle.workers.internal.WorkerDaemonExpiration] Will attempt to release 390 of memory
2024-11-12T08:11:40.288+0200 [DEBUG] [org.gradle.process.internal.health.memory.DefaultMemoryManager] 409155993 physical memory requested, 0 released, 315219968 free
2024-11-12T08:11:45.270+0200 [DEBUG] [org.gradle.cache.internal.DefaultFileLockManager] Waiting to acquire shared lock on daemon addresses registry.
2024-11-12T08:11:45.277+0200 [DEBUG] [org.gradle.cache.internal.DefaultFileLockManager] Lock acquired on daemon addresses registry.
2024-11-12T08:11:45.285+0200 [DEBUG] [org.gradle.cache.internal.DefaultFileLockManager] Releasing lock on daemon addresses registry.
2024-11-12T08:11:45.291+0200 [DEBUG] [org.gradle.cache.internal.DefaultFileLockManager] Waiting to acquire shared lock on daemon addresses registry.
2024-11-12T08:11:45.292+0200 [DEBUG] [org.gradle.cache.internal.DefaultFileLockManager] Lock acquired on daemon addresses registry.
2024-11-12T08:11:45.294+0200 [DEBUG] [org.gradle.cache.internal.DefaultFileLockManager] Releasing lock on daemon addresses registry.
2024-11-12T08:11:45.303+0200 [DEBUG] [org.gradle.cache.internal.DefaultFileLockManager] Waiting to acquire shared lock on daemon addresses registry.
2024-11-12T08:11:45.304+0200 [DEBUG] [org.gradle.cache.internal.DefaultFileLockManager] Lock acquired on daemon addresses registry.
2024-11-12T08:11:45.308+0200 [DEBUG] [org.gradle.cache.internal.DefaultFileLockManager] Releasing lock on daemon addresses registry.
2024-11-12T08:11:45.325+0200 [DEBUG] [org.gradle.process.internal.health.memory.DefaultMemoryManager] 409155993 physical memory requested, 247504896 free
2024-11-12T08:11:45.325+0200 [DEBUG] [org.gradle.workers.internal.WorkerDaemonExpiration] Will attempt to release 390 of memory
2024-11-12T08:11:45.327+0200 [DEBUG] [org.gradle.process.internal.health.memory.DefaultMemoryManager] 409155993 physical memory requested, 0 released, 247504896 free
2024-11-12T08:11:50.541+0200 [DEBUG] [org.gradle.process.internal.health.memory.DefaultMemoryManager] 409155993 physical memory requested, 257089536 free
2024-11-12T08:11:50.542+0200 [DEBUG] [org.gradle.workers.internal.WorkerDaemonExpiration] Will attempt to release 390 of memory
2024-11-12T08:11:50.542+0200 [DEBUG] [org.gradle.process.internal.health.memory.DefaultMemoryManager] 409155993 physical memory requested, 0 released, 257089536 free
2024-11-12T08:11:55.164+0200 [DEBUG] [org.gradle.cache.internal.DefaultFileLockManager] Waiting to acquire shared lock on daemon addresses registry.
2024-11-12T08:11:55.166+0200 [DEBUG] [org.gradle.cache.internal.DefaultFileLockManager] Lock acquired on daemon addresses registry.
2024-11-12T08:11:55.185+0200 [DEBUG] [org.gradle.cache.internal.DefaultFileLockManager] Releasing lock on daemon addresses registry.
2024-11-12T08:11:55.188+0200 [DEBUG] [org.gradle.cache.internal.DefaultFileLockManager] Waiting to acquire shared lock on daemon addresses registry.
2024-11-12T08:11:55.189+0200 [DEBUG] [org.gradle.cache.internal.DefaultFileLockManager] Lock acquired on daemon addresses registry.
2024-11-12T08:11:55.190+0200 [DEBUG] [org.gradle.cache.internal.DefaultFileLockManager] Releasing lock on daemon addresses registry.
2024-11-12T08:11:55.209+0200 [DEBUG] [org.gradle.cache.internal.DefaultFileLockManager] Waiting to acquire shared lock on daemon addresses registry.
2024-11-12T08:11:55.210+0200 [DEBUG] [org.gradle.cache.internal.DefaultFileLockManager] Lock acquired on daemon addresses registry.
2024-11-12T08:11:55.210+0200 [DEBUG] [org.gradle.cache.internal.DefaultFileLockManager] Releasing lock on daemon addresses registry.
2024-11-12T08:11:55.305+0200 [DEBUG] [org.gradle.process.internal.health.memory.DefaultMemoryManager] 409155993 physical memory requested, 376467456 free
2024-11-12T08:11:55.306+0200 [DEBUG] [org.gradle.workers.internal.WorkerDaemonExpiration] Will attempt to release 390 of memory
2024-11-12T08:11:55.306+0200 [DEBUG] [org.gradle.process.internal.health.memory.DefaultMemoryManager] 409155993 physical memory requested, 0 released, 376467456 free
2024-11-12T08:12:05.155+0200 [DEBUG] [org.gradle.cache.internal.DefaultFileLockManager] Waiting to acquire shared lock on daemon addresses registry.
2024-11-12T08:12:05.156+0200 [DEBUG] [org.gradle.cache.internal.DefaultFileLockManager] Lock acquired on daemon addresses registry.
2024-11-12T08:12:05.162+0200 [DEBUG] [org.gradle.cache.internal.DefaultFileLockManager] Releasing lock on daemon addresses registry.
2024-11-12T08:12:05.169+0200 [DEBUG] [org.gradle.cache.internal.DefaultFileLockManager] Waiting to acquire shared lock on daemon addresses registry.
2024-11-12T08:12:05.170+0200 [DEBUG] [org.gradle.cache.internal.DefaultFileLockManager] Lock acquired on daemon addresses registry.
2024-11-12T08:12:05.177+0200 [DEBUG] [org.gradle.cache.internal.DefaultFileLockManager] Releasing lock on daemon addresses registry.
2024-11-12T08:12:05.179+0200 [DEBUG] [org.gradle.cache.internal.DefaultFileLockManager] Waiting to acquire shared lock on daemon addresses registry.
2024-11-12T08:12:05.180+0200 [DEBUG] [org.gradle.cache.internal.DefaultFileLockManager] Lock acquired on daemon addresses registry.
2024-11-12T08:12:05.185+0200 [DEBUG] [org.gradle.cache.internal.DefaultFileLockManager] Releasing lock on daemon addresses registry.
2024-11-12T08:12:05.436+0200 [DEBUG] [org.gradle.process.internal.health.memory.DefaultMemoryManager] 409155993 physical memory requested, 356257792 free
2024-11-12T08:12:05.437+0200 [DEBUG] [org.gradle.workers.internal.WorkerDaemonExpiration] Will attempt to release 390 of memory
2024-11-12T08:12:05.437+0200 [DEBUG] [org.gradle.process.internal.health.memory.DefaultMemoryManager] 409155993 physical memory requested, 0 released, 356257792 free
2024-11-12T08:12:10.262+0200 [DEBUG] [org.gradle.process.internal.health.memory.DefaultMemoryManager] 409155993 physical memory requested, 257118208 free
2024-11-12T08:12:10.262+0200 [DEBUG] [org.gradle.workers.internal.WorkerDaemonExpiration] Will attempt to release 390 of memory
2024-11-12T08:12:10.263+0200 [DEBUG] [org.gradle.process.internal.health.memory.DefaultMemoryManager] 409155993 physical memory requested, 0 released, 257118208 free
2024-11-12T08:12:15.227+0200 [DEBUG] [org.gradle.cache.internal.DefaultFileLockManager] Waiting to acquire shared lock on daemon addresses registry.
2024-11-12T08:12:15.229+0200 [DEBUG] [org.gradle.cache.internal.DefaultFileLockManager] Lock acquired on daemon addresses registry.
2024-11-12T08:12:15.231+0200 [DEBUG] [org.gradle.cache.internal.DefaultFileLockManager] Releasing lock on daemon addresses registry.
2024-11-12T08:12:15.249+0200 [DEBUG] [org.gradle.cache.internal.DefaultFileLockManager] Waiting to acquire shared lock on daemon addresses registry.
2024-11-12T08:12:15.251+0200 [DEBUG] [org.gradle.cache.internal.DefaultFileLockManager] Lock acquired on daemon addresses registry.
2024-11-12T08:12:15.256+0200 [DEBUG] [org.gradle.cache.internal.DefaultFileLockManager] Releasing lock on daemon addresses registry.
2024-11-12T08:12:15.261+0200 [DEBUG] [org.gradle.cache.internal.DefaultFileLockManager] Waiting to acquire shared lock on daemon addresses registry.
2024-11-12T08:12:15.271+0200 [DEBUG] [org.gradle.cache.internal.DefaultFileLockManager] Lock acquired on daemon addresses registry.
2024-11-12T08:12:15.320+0200 [DEBUG] [org.gradle.cache.internal.DefaultFileLockManager] Releasing lock on daemon addresses registry.
2024-11-12T08:12:15.336+0200 [DEBUG] [org.gradle.process.internal.health.memory.DefaultMemoryManager] 409155993 physical memory requested, 228573184 free
2024-11-12T08:12:15.340+0200 [DEBUG] [org.gradle.workers.internal.WorkerDaemonExpiration] Will attempt to release 390 of memory
2024-11-12T08:12:15.350+0200 [DEBUG] [org.gradle.process.internal.health.memory.DefaultMemoryManager] 409155993 physical memory requested, 0 released, 228573184 free
2024-11-12T08:12:20.861+0200 [DEBUG] [org.gradle.process.internal.health.memory.DefaultMemoryManager] 409155993 physical memory requested, 137965568 free
2024-11-12T08:12:20.862+0200 [DEBUG] [org.gradle.workers.internal.WorkerDaemonExpiration] Will attempt to release 390 of memory
2024-11-12T08:12:20.862+0200 [DEBUG] [org.gradle.process.internal.health.memory.DefaultMemoryManager] 409155993 physical memory requested, 0 released, 137965568 free
2024-11-12T08:12:25.183+0200 [DEBUG] [org.gradle.cache.internal.DefaultFileLockManager] Waiting to acquire shared lock on daemon addresses registry.
2024-11-12T08:12:25.200+0200 [DEBUG] [org.gradle.cache.internal.DefaultFileLockManager] Lock acquired on daemon addresses registry.
2024-11-12T08:12:25.204+0200 [DEBUG] [org.gradle.cache.internal.DefaultFileLockManager] Releasing lock on daemon addresses registry.
2024-11-12T08:12:25.215+0200 [DEBUG] [org.gradle.cache.internal.DefaultFileLockManager] Waiting to acquire shared lock on daemon addresses registry.
2024-11-12T08:12:25.217+0200 [DEBUG] [org.gradle.cache.internal.DefaultFileLockManager] Lock acquired on daemon addresses registry.
2024-11-12T08:12:25.219+0200 [DEBUG] [org.gradle.cache.internal.DefaultFileLockManager] Releasing lock on daemon addresses registry.
2024-11-12T08:12:25.226+0200 [DEBUG] [org.gradle.cache.internal.DefaultFileLockManager] Waiting to acquire shared lock on daemon addresses registry.
2024-11-12T08:12:25.229+0200 [DEBUG] [org.gradle.cache.internal.DefaultFileLockManager] Lock acquired on daemon addresses registry.
2024-11-12T08:12:25.247+0200 [DEBUG] [org.gradle.process.internal.health.memory.DefaultMemoryManager] 409155993 physical memory requested, 232284160 free
2024-11-12T08:12:25.250+0200 [DEBUG] [org.gradle.workers.internal.WorkerDaemonExpiration] Will attempt to release 390 of memory
2024-11-12T08:12:25.251+0200 [DEBUG] [org.gradle.process.internal.health.memory.DefaultMemoryManager] 409155993 physical memory requested, 0 released, 232284160 free
2024-11-12T08:12:25.261+0200 [DEBUG] [org.gradle.cache.internal.DefaultFileLockManager] Releasing lock on daemon addresses registry.
2024-11-12T08:12:30.248+0200 [DEBUG] [org.gradle.process.internal.health.memory.DefaultMemoryManager] 409155993 physical memory requested, 378515456 free
2024-11-12T08:12:30.248+0200 [DEBUG] [org.gradle.workers.internal.WorkerDaemonExpiration] Will attempt to release 390 of memory
2024-11-12T08:12:30.249+0200 [DEBUG] [org.gradle.process.internal.health.memory.DefaultMemoryManager] 409155993 physical memory requested, 0 released, 378515456 free
2024-11-12T08:12:35.230+0200 [DEBUG] [org.gradle.cache.internal.DefaultFileLockManager] Waiting to acquire shared lock on daemon addresses registry.
2024-11-12T08:12:35.231+0200 [DEBUG] [org.gradle.cache.internal.DefaultFileLockManager] Lock acquired on daemon addresses registry.
2024-11-12T08:12:35.235+0200 [DEBUG] [org.gradle.cache.internal.DefaultFileLockManager] Releasing lock on daemon addresses registry.
2024-11-12T08:12:35.367+0200 [DEBUG] [org.gradle.cache.internal.DefaultFileLockManager] Waiting to acquire shared lock on daemon addresses registry.
2024-11-12T08:12:35.368+0200 [DEBUG] [org.gradle.cache.internal.DefaultFileLockManager] Lock acquired on daemon addresses registry.
2024-11-12T08:12:35.370+0200 [DEBUG] [org.gradle.cache.internal.DefaultFileLockManager] Releasing lock on daemon addresses registry.
2024-11-12T08:12:35.376+0200 [DEBUG] [org.gradle.cache.internal.DefaultFileLockManager] Waiting to acquire shared lock on daemon addresses registry.
2024-11-12T08:12:35.377+0200 [DEBUG] [org.gradle.cache.internal.DefaultFileLockManager] Lock acquired on daemon addresses registry.
2024-11-12T08:12:35.382+0200 [DEBUG] [org.gradle.cache.internal.DefaultFileLockManager] Releasing lock on daemon addresses registry.
2024-11-12T08:12:35.640+0200 [DEBUG] [org.gradle.process.internal.health.memory.DefaultMemoryManager] 409155993 physical memory requested, 374333440 free
2024-11-12T08:12:35.640+0200 [DEBUG] [org.gradle.workers.internal.WorkerDaemonExpiration] Will attempt to release 390 of memory
2024-11-12T08:12:35.641+0200 [DEBUG] [org.gradle.process.internal.health.memory.DefaultMemoryManager] 409155993 physical memory requested, 0 released, 374333440 free
2024-11-12T08:12:45.160+0200 [DEBUG] [org.gradle.cache.internal.DefaultFileLockManager] Waiting to acquire shared lock on daemon addresses registry.
2024-11-12T08:12:45.161+0200 [DEBUG] [org.gradle.cache.internal.DefaultFileLockManager] Lock acquired on daemon addresses registry.
2024-11-12T08:12:45.164+0200 [DEBUG] [org.gradle.cache.internal.DefaultFileLockManager] Releasing lock on daemon addresses registry.
2024-11-12T08:12:45.167+0200 [DEBUG] [org.gradle.cache.internal.DefaultFileLockManager] Waiting to acquire shared lock on daemon addresses registry.
2024-11-12T08:12:45.174+0200 [DEBUG] [org.gradle.cache.internal.DefaultFileLockManager] Lock acquired on daemon addresses registry.
2024-11-12T08:12:45.175+0200 [DEBUG] [org.gradle.cache.internal.DefaultFileLockManager] Releasing lock on daemon addresses registry.
2024-11-12T08:12:45.181+0200 [DEBUG] [org.gradle.cache.internal.DefaultFileLockManager] Waiting to acquire shared lock on daemon addresses registry.
2024-11-12T08:12:45.182+0200 [DEBUG] [org.gradle.cache.internal.DefaultFileLockManager] Lock acquired on daemon addresses registry.
2024-11-12T08:12:45.183+0200 [DEBUG] [org.gradle.cache.internal.DefaultFileLockManager] Releasing lock on daemon addresses registry.
2024-11-12T08:12:55.156+0200 [DEBUG] [org.gradle.cache.internal.DefaultFileLockManager] Waiting to acquire shared lock on daemon addresses registry.
2024-11-12T08:12:55.158+0200 [DEBUG] [org.gradle.cache.internal.DefaultFileLockManager] Lock acquired on daemon addresses registry.
2024-11-12T08:12:55.159+0200 [DEBUG] [org.gradle.cache.internal.DefaultFileLockManager] Releasing lock on daemon addresses registry.
2024-11-12T08:12:55.161+0200 [DEBUG] [org.gradle.cache.internal.DefaultFileLockManager] Waiting to acquire shared lock on daemon addresses registry.
2024-11-12T08:12:55.163+0200 [DEBUG] [org.gradle.cache.internal.DefaultFileLockManager] Lock acquired on daemon addresses registry.
2024-11-12T08:12:55.165+0200 [DEBUG] [org.gradle.cache.internal.DefaultFileLockManager] Releasing lock on daemon addresses registry.
2024-11-12T08:12:55.167+0200 [DEBUG] [org.gradle.cache.internal.DefaultFileLockManager] Waiting to acquire shared lock on daemon addresses registry.
2024-11-12T08:12:55.167+0200 [DEBUG] [org.gradle.cache.internal.DefaultFileLockManager] Lock acquired on daemon addresses registry.
2024-11-12T08:12:55.168+0200 [DEBUG] [org.gradle.cache.internal.DefaultFileLockManager] Releasing lock on daemon addresses registry.
2024-11-12T08:12:55.243+0200 [DEBUG] [org.gradle.process.internal.health.memory.DefaultMemoryManager] 409155993 physical memory requested, 390275072 free
2024-11-12T08:12:55.244+0200 [DEBUG] [org.gradle.workers.internal.WorkerDaemonExpiration] Will attempt to release 390 of memory
2024-11-12T08:12:55.244+0200 [DEBUG] [org.gradle.process.internal.health.memory.DefaultMemoryManager] 409155993 physical memory requested, 0 released, 390275072 free
2024-11-12T08:13:00.249+0200 [DEBUG] [org.gradle.process.internal.health.memory.DefaultMemoryManager] 409155993 physical memory requested, 250966016 free
2024-11-12T08:13:00.249+0200 [DEBUG] [org.gradle.workers.internal.WorkerDaemonExpiration] Will attempt to release 390 of memory
2024-11-12T08:13:00.249+0200 [DEBUG] [org.gradle.process.internal.health.memory.DefaultMemoryManager] 409155993 physical memory requested, 0 released, 250966016 free
2024-11-12T08:13:05.161+0200 [DEBUG] [org.gradle.cache.internal.DefaultFileLockManager] Waiting to acquire shared lock on daemon addresses registry.
2024-11-12T08:13:05.162+0200 [DEBUG] [org.gradle.cache.internal.DefaultFileLockManager] Lock acquired on daemon addresses registry.
2024-11-12T08:13:05.163+0200 [DEBUG] [org.gradle.cache.internal.DefaultFileLockManager] Releasing lock on daemon addresses registry.
2024-11-12T08:13:05.166+0200 [DEBUG] [org.gradle.cache.internal.DefaultFileLockManager] Waiting to acquire shared lock on daemon addresses registry.
2024-11-12T08:13:05.166+0200 [DEBUG] [org.gradle.cache.internal.DefaultFileLockManager] Lock acquired on daemon addresses registry.
2024-11-12T08:13:05.167+0200 [DEBUG] [org.gradle.cache.internal.DefaultFileLockManager] Releasing lock on daemon addresses registry.
2024-11-12T08:13:05.170+0200 [DEBUG] [org.gradle.cache.internal.DefaultFileLockManager] Waiting to acquire shared lock on daemon addresses registry.
2024-11-12T08:13:05.171+0200 [DEBUG] [org.gradle.cache.internal.DefaultFileLockManager] Lock acquired on daemon addresses registry.
2024-11-12T08:13:05.171+0200 [DEBUG] [org.gradle.cache.internal.DefaultFileLockManager] Releasing lock on daemon addresses registry.
2024-11-12T08:13:05.245+0200 [DEBUG] [org.gradle.process.internal.health.memory.DefaultMemoryManager] 409155993 physical memory requested, 330457088 free
2024-11-12T08:13:05.246+0200 [DEBUG] [org.gradle.workers.internal.WorkerDaemonExpiration] Will attempt to release 390 of memory
2024-11-12T08:13:05.246+0200 [DEBUG] [org.gradle.process.internal.health.memory.DefaultMemoryManager] 409155993 physical memory requested, 0 released, 330457088 free
2024-11-12T08:13:15.152+0200 [DEBUG] [org.gradle.cache.internal.DefaultFileLockManager] Waiting to acquire shared lock on daemon addresses registry.
2024-11-12T08:13:15.153+0200 [DEBUG] [org.gradle.cache.internal.DefaultFileLockManager] Lock acquired on daemon addresses registry.
2024-11-12T08:13:15.157+0200 [DEBUG] [org.gradle.cache.internal.DefaultFileLockManager] Releasing lock on daemon addresses registry.
2024-11-12T08:13:15.158+0200 [DEBUG] [org.gradle.cache.internal.DefaultFileLockManager] Waiting to acquire shared lock on daemon addresses registry.
2024-11-12T08:13:15.158+0200 [DEBUG] [org.gradle.cache.internal.DefaultFileLockManager] Lock acquired on daemon addresses registry.
2024-11-12T08:13:15.159+0200 [DEBUG] [org.gradle.cache.internal.DefaultFileLockManager] Releasing lock on daemon addresses registry.
2024-11-12T08:13:15.160+0200 [DEBUG] [org.gradle.cache.internal.DefaultFileLockManager] Waiting to acquire shared lock on daemon addresses registry.
2024-11-12T08:13:15.160+0200 [DEBUG] [org.gradle.cache.internal.DefaultFileLockManager] Lock acquired on daemon addresses registry.
2024-11-12T08:13:15.160+0200 [DEBUG] [org.gradle.cache.internal.DefaultFileLockManager] Releasing lock on daemon addresses registry.
2024-11-12T08:13:25.160+0200 [DEBUG] [org.gradle.cache.internal.DefaultFileLockManager] Waiting to acquire shared lock on daemon addresses registry.
2024-11-12T08:13:25.161+0200 [DEBUG] [org.gradle.cache.internal.DefaultFileLockManager] Lock acquired on daemon addresses registry.
2024-11-12T08:13:25.162+0200 [DEBUG] [org.gradle.cache.internal.DefaultFileLockManager] Releasing lock on daemon addresses registry.
2024-11-12T08:13:25.164+0200 [DEBUG] [org.gradle.cache.internal.DefaultFileLockManager] Waiting to acquire shared lock on daemon addresses registry.
2024-11-12T08:13:25.165+0200 [DEBUG] [org.gradle.cache.internal.DefaultFileLockManager] Lock acquired on daemon addresses registry.
2024-11-12T08:13:25.166+0200 [DEBUG] [org.gradle.cache.internal.DefaultFileLockManager] Releasing lock on daemon addresses registry.
2024-11-12T08:13:25.168+0200 [DEBUG] [org.gradle.cache.internal.DefaultFileLockManager] Waiting to acquire shared lock on daemon addresses registry.
2024-11-12T08:13:25.169+0200 [DEBUG] [org.gradle.cache.internal.DefaultFileLockManager] Lock acquired on daemon addresses registry.
2024-11-12T08:13:25.170+0200 [DEBUG] [org.gradle.cache.internal.DefaultFileLockManager] Releasing lock on daemon addresses registry.
2024-11-12T08:13:35.149+0200 [DEBUG] [org.gradle.cache.internal.DefaultFileLockManager] Waiting to acquire shared lock on daemon addresses registry.
2024-11-12T08:13:35.150+0200 [DEBUG] [org.gradle.cache.internal.DefaultFileLockManager] Lock acquired on daemon addresses registry.
2024-11-12T08:13:35.150+0200 [DEBUG] [org.gradle.cache.internal.DefaultFileLockManager] Releasing lock on daemon addresses registry.
2024-11-12T08:13:35.160+0200 [DEBUG] [org.gradle.cache.internal.DefaultFileLockManager] Waiting to acquire shared lock on daemon addresses registry.
2024-11-12T08:13:35.161+0200 [DEBUG] [org.gradle.cache.internal.DefaultFileLockManager] Lock acquired on daemon addresses registry.
2024-11-12T08:13:35.165+0200 [DEBUG] [org.gradle.cache.internal.DefaultFileLockManager] Releasing lock on daemon addresses registry.
2024-11-12T08:13:35.169+0200 [DEBUG] [org.gradle.cache.internal.DefaultFileLockManager] Waiting to acquire shared lock on daemon addresses registry.
2024-11-12T08:13:35.173+0200 [DEBUG] [org.gradle.cache.internal.DefaultFileLockManager] Lock acquired on daemon addresses registry.
2024-11-12T08:13:35.174+0200 [DEBUG] [org.gradle.cache.internal.DefaultFileLockManager] Releasing lock on daemon addresses registry.
2024-11-12T08:13:45.160+0200 [DEBUG] [org.gradle.cache.internal.DefaultFileLockManager] Waiting to acquire shared lock on daemon addresses registry.
2024-11-12T08:13:45.161+0200 [DEBUG] [org.gradle.cache.internal.DefaultFileLockManager] Lock acquired on daemon addresses registry.
2024-11-12T08:13:45.162+0200 [DEBUG] [org.gradle.cache.internal.DefaultFileLockManager] Releasing lock on daemon addresses registry.
2024-11-12T08:13:45.165+0200 [DEBUG] [org.gradle.cache.internal.DefaultFileLockManager] Waiting to acquire shared lock on daemon addresses registry.
2024-11-12T08:13:45.165+0200 [DEBUG] [org.gradle.cache.internal.DefaultFileLockManager] Lock acquired on daemon addresses registry.
2024-11-12T08:13:45.166+0200 [DEBUG] [org.gradle.cache.internal.DefaultFileLockManager] Releasing lock on daemon addresses registry.
2024-11-12T08:13:45.167+0200 [DEBUG] [org.gradle.cache.internal.DefaultFileLockManager] Waiting to acquire shared lock on daemon addresses registry.
2024-11-12T08:13:45.168+0200 [DEBUG] [org.gradle.cache.internal.DefaultFileLockManager] Lock acquired on daemon addresses registry.
2024-11-12T08:13:45.169+0200 [DEBUG] [org.gradle.cache.internal.DefaultFileLockManager] Releasing lock on daemon addresses registry.
2024-11-12T08:13:55.163+0200 [DEBUG] [org.gradle.cache.internal.DefaultFileLockManager] Waiting to acquire shared lock on daemon addresses registry.
2024-11-12T08:13:55.164+0200 [DEBUG] [org.gradle.cache.internal.DefaultFileLockManager] Lock acquired on daemon addresses registry.
2024-11-12T08:13:55.164+0200 [DEBUG] [org.gradle.cache.internal.DefaultFileLockManager] Releasing lock on daemon addresses registry.
2024-11-12T08:13:55.187+0200 [DEBUG] [org.gradle.cache.internal.DefaultFileLockManager] Waiting to acquire shared lock on daemon addresses registry.
2024-11-12T08:13:55.188+0200 [DEBUG] [org.gradle.cache.internal.DefaultFileLockManager] Lock acquired on daemon addresses registry.
2024-11-12T08:13:55.188+0200 [DEBUG] [org.gradle.cache.internal.DefaultFileLockManager] Releasing lock on daemon addresses registry.
2024-11-12T08:13:55.189+0200 [DEBUG] [org.gradle.cache.internal.DefaultFileLockManager] Waiting to acquire shared lock on daemon addresses registry.
2024-11-12T08:13:55.258+0200 [DEBUG] [org.gradle.cache.internal.DefaultFileLockManager] Lock acquired on daemon addresses registry.
2024-11-12T08:13:55.258+0200 [DEBUG] [org.gradle.cache.internal.DefaultFileLockManager] Releasing lock on daemon addresses registry.
2024-11-12T08:14:00.270+0200 [DEBUG] [org.gradle.process.internal.health.memory.DefaultMemoryManager] 409155993 physical memory requested, 300445696 free
2024-11-12T08:14:00.891+0200 [DEBUG] [org.gradle.workers.internal.WorkerDaemonExpiration] Will attempt to release 390 of memory
2024-11-12T08:14:00.893+0200 [DEBUG] [org.gradle.process.internal.health.memory.DefaultMemoryManager] 409155993 physical memory requested, 0 released, 300445696 free
2024-11-12T08:14:05.308+0200 [DEBUG] [org.gradle.cache.internal.DefaultFileLockManager] Waiting to acquire shared lock on daemon addresses registry.
2024-11-12T08:14:05.314+0200 [DEBUG] [org.gradle.cache.internal.DefaultFileLockManager] Lock acquired on daemon addresses registry.
2024-11-12T08:14:05.321+0200 [DEBUG] [org.gradle.cache.internal.DefaultFileLockManager] Releasing lock on daemon addresses registry.
2024-11-12T08:14:05.330+0200 [DEBUG] [org.gradle.cache.internal.DefaultFileLockManager] Waiting to acquire shared lock on daemon addresses registry.
2024-11-12T08:14:05.331+0200 [DEBUG] [org.gradle.cache.internal.DefaultFileLockManager] Lock acquired on daemon addresses registry.
2024-11-12T08:14:05.333+0200 [DEBUG] [org.gradle.cache.internal.DefaultFileLockManager] Releasing lock on daemon addresses registry.
2024-11-12T08:14:05.346+0200 [DEBUG] [org.gradle.cache.internal.DefaultFileLockManager] Waiting to acquire shared lock on daemon addresses registry.
2024-11-12T08:14:05.348+0200 [DEBUG] [org.gradle.cache.internal.DefaultFileLockManager] Lock acquired on daemon addresses registry.
2024-11-12T08:14:05.358+0200 [DEBUG] [org.gradle.cache.internal.DefaultFileLockManager] Releasing lock on daemon addresses registry.
2024-11-12T08:14:10.381+0200 [DEBUG] [org.gradle.process.internal.health.memory.DefaultMemoryManager] 409155993 physical memory requested, 269381632 free
2024-11-12T08:14:10.398+0200 [DEBUG] [org.gradle.workers.internal.WorkerDaemonExpiration] Will attempt to release 390 of memory
2024-11-12T08:14:10.410+0200 [DEBUG] [org.gradle.process.internal.health.memory.DefaultMemoryManager] 409155993 physical memory requested, 0 released, 269381632 free
2024-11-12T08:14:15.250+0200 [DEBUG] [org.gradle.cache.internal.DefaultFileLockManager] Waiting to acquire shared lock on daemon addresses registry.
2024-11-12T08:14:15.257+0200 [DEBUG] [org.gradle.process.internal.health.memory.DefaultMemoryManager] 409155993 physical memory requested, 256196608 free
2024-11-12T08:14:15.259+0200 [DEBUG] [org.gradle.workers.internal.WorkerDaemonExpiration] Will attempt to release 390 of memory
2024-11-12T08:14:15.259+0200 [DEBUG] [org.gradle.process.internal.health.memory.DefaultMemoryManager] 409155993 physical memory requested, 0 released, 256196608 free
2024-11-12T08:14:15.260+0200 [DEBUG] [org.gradle.cache.internal.DefaultFileLockManager] Lock acquired on daemon addresses registry.
2024-11-12T08:14:15.279+0200 [DEBUG] [org.gradle.cache.internal.DefaultFileLockManager] Releasing lock on daemon addresses registry.
2024-11-12T08:14:15.327+0200 [DEBUG] [org.gradle.cache.internal.DefaultFileLockManager] Waiting to acquire shared lock on daemon addresses registry.
2024-11-12T08:14:15.331+0200 [DEBUG] [org.gradle.cache.internal.DefaultFileLockManager] Lock acquired on daemon addresses registry.
2024-11-12T08:14:15.335+0200 [DEBUG] [org.gradle.cache.internal.DefaultFileLockManager] Releasing lock on daemon addresses registry.
2024-11-12T08:14:15.346+0200 [DEBUG] [org.gradle.cache.internal.DefaultFileLockManager] Waiting to acquire shared lock on daemon addresses registry.
2024-11-12T08:14:15.347+0200 [DEBUG] [org.gradle.cache.internal.DefaultFileLockManager] Lock acquired on daemon addresses registry.
2024-11-12T08:14:15.350+0200 [DEBUG] [org.gradle.cache.internal.DefaultFileLockManager] Releasing lock on daemon addresses registry.
2024-11-12T08:14:25.149+0200 [DEBUG] [org.gradle.cache.internal.DefaultFileLockManager] Waiting to acquire shared lock on daemon addresses registry.
2024-11-12T08:14:25.149+0200 [DEBUG] [org.gradle.cache.internal.DefaultFileLockManager] Lock acquired on daemon addresses registry.
2024-11-12T08:14:25.150+0200 [DEBUG] [org.gradle.cache.internal.DefaultFileLockManager] Releasing lock on daemon addresses registry.
2024-11-12T08:14:25.152+0200 [DEBUG] [org.gradle.cache.internal.DefaultFileLockManager] Waiting to acquire shared lock on daemon addresses registry.
2024-11-12T08:14:25.153+0200 [DEBUG] [org.gradle.cache.internal.DefaultFileLockManager] Lock acquired on daemon addresses registry.
2024-11-12T08:14:25.153+0200 [DEBUG] [org.gradle.cache.internal.DefaultFileLockManager] Releasing lock on daemon addresses registry.
2024-11-12T08:14:25.155+0200 [DEBUG] [org.gradle.cache.internal.DefaultFileLockManager] Waiting to acquire shared lock on daemon addresses registry.
2024-11-12T08:14:25.155+0200 [DEBUG] [org.gradle.cache.internal.DefaultFileLockManager] Lock acquired on daemon addresses registry.
2024-11-12T08:14:25.156+0200 [DEBUG] [org.gradle.cache.internal.DefaultFileLockManager] Releasing lock on daemon addresses registry.
2024-11-12T08:14:30.301+0200 [DEBUG] [org.gradle.process.internal.health.memory.DefaultMemoryManager] 409155993 physical memory requested, 239435776 free
2024-11-12T08:14:30.302+0200 [DEBUG] [org.gradle.workers.internal.WorkerDaemonExpiration] Will attempt to release 390 of memory
2024-11-12T08:14:30.340+0200 [DEBUG] [org.gradle.process.internal.health.memory.DefaultMemoryManager] 409155993 physical memory requested, 0 released, 239435776 free
2024-11-12T08:14:35.232+0200 [DEBUG] [org.gradle.cache.internal.DefaultFileLockManager] Waiting to acquire shared lock on daemon addresses registry.
2024-11-12T08:14:35.234+0200 [DEBUG] [org.gradle.cache.internal.DefaultFileLockManager] Lock acquired on daemon addresses registry.
2024-11-12T08:14:35.236+0200 [DEBUG] [org.gradle.cache.internal.DefaultFileLockManager] Releasing lock on daemon addresses registry.
2024-11-12T08:14:35.240+0200 [DEBUG] [org.gradle.cache.internal.DefaultFileLockManager] Waiting to acquire shared lock on daemon addresses registry.
2024-11-12T08:14:35.241+0200 [DEBUG] [org.gradle.cache.internal.DefaultFileLockManager] Lock acquired on daemon addresses registry.
2024-11-12T08:14:35.242+0200 [DEBUG] [org.gradle.cache.internal.DefaultFileLockManager] Releasing lock on daemon addresses registry.
2024-11-12T08:14:35.244+0200 [DEBUG] [org.gradle.cache.internal.DefaultFileLockManager] Waiting to acquire shared lock on daemon addresses registry.
2024-11-12T08:14:35.244+0200 [DEBUG] [org.gradle.cache.internal.DefaultFileLockManager] Lock acquired on daemon addresses registry.
2024-11-12T08:14:35.246+0200 [DEBUG] [org.gradle.cache.internal.DefaultFileLockManager] Releasing lock on daemon addresses registry.
2024-11-12T08:14:35.546+0200 [DEBUG] [org.gradle.process.internal.health.memory.DefaultMemoryManager] 409155993 physical memory requested, 287379456 free
2024-11-12T08:14:35.563+0200 [DEBUG] [org.gradle.workers.internal.WorkerDaemonExpiration] Will attempt to release 390 of memory
2024-11-12T08:14:35.563+0200 [DEBUG] [org.gradle.process.internal.health.memory.DefaultMemoryManager] 409155993 physical memory requested, 0 released, 287379456 free
2024-11-12T08:14:40.265+0200 [DEBUG] [org.gradle.process.internal.health.memory.DefaultMemoryManager] 409155993 physical memory requested, 362713088 free
2024-11-12T08:14:40.283+0200 [DEBUG] [org.gradle.workers.internal.WorkerDaemonExpiration] Will attempt to release 390 of memory
2024-11-12T08:14:40.340+0200 [DEBUG] [org.gradle.process.internal.health.memory.DefaultMemoryManager] 409155993 physical memory requested, 0 released, 362713088 free
2024-11-12T08:14:45.337+0200 [DEBUG] [org.gradle.cache.internal.DefaultFileLockManager] Waiting to acquire shared lock on daemon addresses registry.
2024-11-12T08:14:45.340+0200 [DEBUG] [org.gradle.cache.internal.DefaultFileLockManager] Lock acquired on daemon addresses registry.
2024-11-12T08:14:45.341+0200 [DEBUG] [org.gradle.cache.internal.DefaultFileLockManager] Releasing lock on daemon addresses registry.
2024-11-12T08:14:45.344+0200 [DEBUG] [org.gradle.cache.internal.DefaultFileLockManager] Waiting to acquire shared lock on daemon addresses registry.
2024-11-12T08:14:45.345+0200 [DEBUG] [org.gradle.cache.internal.DefaultFileLockManager] Lock acquired on daemon addresses registry.
2024-11-12T08:14:45.345+0200 [DEBUG] [org.gradle.cache.internal.DefaultFileLockManager] Releasing lock on daemon addresses registry.
2024-11-12T08:14:45.356+0200 [DEBUG] [org.gradle.cache.internal.DefaultFileLockManager] Waiting to acquire shared lock on daemon addresses registry.
2024-11-12T08:14:45.356+0200 [DEBUG] [org.gradle.cache.internal.DefaultFileLockManager] Lock acquired on daemon addresses registry.
2024-11-12T08:14:45.357+0200 [DEBUG] [org.gradle.cache.internal.DefaultFileLockManager] Releasing lock on daemon addresses registry.
2024-11-12T08:14:45.647+0200 [DEBUG] [org.gradle.process.internal.health.memory.DefaultMemoryManager] 409155993 physical memory requested, 357892096 free
2024-11-12T08:14:45.650+0200 [DEBUG] [org.gradle.workers.internal.WorkerDaemonExpiration] Will attempt to release 390 of memory
2024-11-12T08:14:45.772+0200 [DEBUG] [org.gradle.process.internal.health.memory.DefaultMemoryManager] 409155993 physical memory requested, 0 released, 357892096 free
2024-11-12T08:14:50.289+0200 [DEBUG] [org.gradle.process.internal.health.memory.DefaultMemoryManager] 409155993 physical memory requested, 404267008 free
2024-11-12T08:14:50.306+0200 [DEBUG] [org.gradle.workers.internal.WorkerDaemonExpiration] Will attempt to release 390 of memory
2024-11-12T08:14:50.306+0200 [DEBUG] [org.gradle.process.internal.health.memory.DefaultMemoryManager] 409155993 physical memory requested, 0 released, 404267008 free
2024-11-12T08:14:55.150+0200 [DEBUG] [org.gradle.cache.internal.DefaultFileLockManager] Waiting to acquire shared lock on daemon addresses registry.
2024-11-12T08:14:55.151+0200 [DEBUG] [org.gradle.cache.internal.DefaultFileLockManager] Lock acquired on daemon addresses registry.
2024-11-12T08:14:55.152+0200 [DEBUG] [org.gradle.cache.internal.DefaultFileLockManager] Releasing lock on daemon addresses registry.
2024-11-12T08:14:55.154+0200 [DEBUG] [org.gradle.cache.internal.DefaultFileLockManager] Waiting to acquire shared lock on daemon addresses registry.
2024-11-12T08:14:55.154+0200 [DEBUG] [org.gradle.cache.internal.DefaultFileLockManager] Lock acquired on daemon addresses registry.
2024-11-12T08:14:55.155+0200 [DEBUG] [org.gradle.cache.internal.DefaultFileLockManager] Releasing lock on daemon addresses registry.
2024-11-12T08:14:55.157+0200 [DEBUG] [org.gradle.cache.internal.DefaultFileLockManager] Waiting to acquire shared lock on daemon addresses registry.
2024-11-12T08:14:55.157+0200 [DEBUG] [org.gradle.cache.internal.DefaultFileLockManager] Lock acquired on daemon addresses registry.
2024-11-12T08:14:55.158+0200 [DEBUG] [org.gradle.cache.internal.DefaultFileLockManager] Releasing lock on daemon addresses registry.
2024-11-12T08:14:55.251+0200 [DEBUG] [org.gradle.process.internal.health.memory.DefaultMemoryManager] 409155993 physical memory requested, 397991936 free
2024-11-12T08:14:55.252+0200 [DEBUG] [org.gradle.workers.internal.WorkerDaemonExpiration] Will attempt to release 390 of memory
2024-11-12T08:14:55.252+0200 [DEBUG] [org.gradle.process.internal.health.memory.DefaultMemoryManager] 409155993 physical memory requested, 0 released, 397991936 free
2024-11-12T08:15:05.152+0200 [DEBUG] [org.gradle.cache.internal.DefaultFileLockManager] Waiting to acquire shared lock on daemon addresses registry.
2024-11-12T08:15:05.152+0200 [DEBUG] [org.gradle.cache.internal.DefaultFileLockManager] Lock acquired on daemon addresses registry.
2024-11-12T08:15:05.153+0200 [DEBUG] [org.gradle.cache.internal.DefaultFileLockManager] Releasing lock on daemon addresses registry.
2024-11-12T08:15:05.154+0200 [DEBUG] [org.gradle.cache.internal.DefaultFileLockManager] Waiting to acquire shared lock on daemon addresses registry.
2024-11-12T08:15:05.155+0200 [DEBUG] [org.gradle.cache.internal.DefaultFileLockManager] Lock acquired on daemon addresses registry.
2024-11-12T08:15:05.155+0200 [DEBUG] [org.gradle.cache.internal.DefaultFileLockManager] Releasing lock on daemon addresses registry.
2024-11-12T08:15:05.157+0200 [DEBUG] [org.gradle.cache.internal.DefaultFileLockManager] Waiting to acquire shared lock on daemon addresses registry.
2024-11-12T08:15:05.158+0200 [DEBUG] [org.gradle.cache.internal.DefaultFileLockManager] Lock acquired on daemon addresses registry.
2024-11-12T08:15:05.158+0200 [DEBUG] [org.gradle.cache.internal.DefaultFileLockManager] Releasing lock on daemon addresses registry.
2024-11-12T08:15:05.254+0200 [DEBUG] [org.gradle.process.internal.health.memory.DefaultMemoryManager] 409155993 physical memory requested, 356769792 free
2024-11-12T08:15:05.255+0200 [DEBUG] [org.gradle.workers.internal.WorkerDaemonExpiration] Will attempt to release 390 of memory
2024-11-12T08:15:05.255+0200 [DEBUG] [org.gradle.process.internal.health.memory.DefaultMemoryManager] 409155993 physical memory requested, 0 released, 356769792 free
2024-11-12T08:15:10.256+0200 [DEBUG] [org.gradle.process.internal.health.memory.DefaultMemoryManager] 409155993 physical memory requested, 378580992 free
2024-11-12T08:15:10.256+0200 [DEBUG] [org.gradle.workers.internal.WorkerDaemonExpiration] Will attempt to release 390 of memory
2024-11-12T08:15:10.257+0200 [DEBUG] [org.gradle.process.internal.health.memory.DefaultMemoryManager] 409155993 physical memory requested, 0 released, 378580992 free
2024-11-12T08:15:15.163+0200 [DEBUG] [org.gradle.cache.internal.DefaultFileLockManager] Waiting to acquire shared lock on daemon addresses registry.
2024-11-12T08:15:15.164+0200 [DEBUG] [org.gradle.cache.internal.DefaultFileLockManager] Lock acquired on daemon addresses registry.
2024-11-12T08:15:15.166+0200 [DEBUG] [org.gradle.cache.internal.DefaultFileLockManager] Releasing lock on daemon addresses registry.
2024-11-12T08:15:15.169+0200 [DEBUG] [org.gradle.cache.internal.DefaultFileLockManager] Waiting to acquire shared lock on daemon addresses registry.
2024-11-12T08:15:15.171+0200 [DEBUG] [org.gradle.cache.internal.DefaultFileLockManager] Lock acquired on daemon addresses registry.
2024-11-12T08:15:15.175+0200 [DEBUG] [org.gradle.cache.internal.DefaultFileLockManager] Releasing lock on daemon addresses registry.
2024-11-12T08:15:15.176+0200 [DEBUG] [org.gradle.cache.internal.DefaultFileLockManager] Waiting to acquire shared lock on daemon addresses registry.
2024-11-12T08:15:15.177+0200 [DEBUG] [org.gradle.cache.internal.DefaultFileLockManager] Lock acquired on daemon addresses registry.
2024-11-12T08:15:15.177+0200 [DEBUG] [org.gradle.cache.internal.DefaultFileLockManager] Releasing lock on daemon addresses registry.
2024-11-12T08:15:15.247+0200 [DEBUG] [org.gradle.process.internal.health.memory.DefaultMemoryManager] 409155993 physical memory requested, 403226624 free
2024-11-12T08:15:15.247+0200 [DEBUG] [org.gradle.workers.internal.WorkerDaemonExpiration] Will attempt to release 390 of memory
2024-11-12T08:15:15.248+0200 [DEBUG] [org.gradle.process.internal.health.memory.DefaultMemoryManager] 409155993 physical memory requested, 0 released, 403226624 free
2024-11-12T08:15:20.255+0200 [DEBUG] [org.gradle.process.internal.health.memory.DefaultMemoryManager] 409155993 physical memory requested, 366931968 free
2024-11-12T08:15:20.256+0200 [DEBUG] [org.gradle.workers.internal.WorkerDaemonExpiration] Will attempt to release 390 of memory
2024-11-12T08:15:20.257+0200 [DEBUG] [org.gradle.process.internal.health.memory.DefaultMemoryManager] 409155993 physical memory requested, 0 released, 366931968 free
2024-11-12T08:15:25.165+0200 [DEBUG] [org.gradle.cache.internal.DefaultFileLockManager] Waiting to acquire shared lock on daemon addresses registry.
2024-11-12T08:15:25.167+0200 [DEBUG] [org.gradle.cache.internal.DefaultFileLockManager] Lock acquired on daemon addresses registry.
2024-11-12T08:15:25.168+0200 [DEBUG] [org.gradle.cache.internal.DefaultFileLockManager] Releasing lock on daemon addresses registry.
2024-11-12T08:15:25.171+0200 [DEBUG] [org.gradle.cache.internal.DefaultFileLockManager] Waiting to acquire shared lock on daemon addresses registry.
2024-11-12T08:15:25.177+0200 [DEBUG] [org.gradle.cache.internal.DefaultFileLockManager] Lock acquired on daemon addresses registry.
2024-11-12T08:15:25.179+0200 [DEBUG] [org.gradle.cache.internal.DefaultFileLockManager] Releasing lock on daemon addresses registry.
2024-11-12T08:15:25.181+0200 [DEBUG] [org.gradle.cache.internal.DefaultFileLockManager] Waiting to acquire shared lock on daemon addresses registry.
2024-11-12T08:15:25.181+0200 [DEBUG] [org.gradle.cache.internal.DefaultFileLockManager] Lock acquired on daemon addresses registry.
2024-11-12T08:15:25.182+0200 [DEBUG] [org.gradle.cache.internal.DefaultFileLockManager] Releasing lock on daemon addresses registry.
2024-11-12T08:15:25.270+0200 [DEBUG] [org.gradle.process.internal.health.memory.DefaultMemoryManager] 409155993 physical memory requested, 314880000 free
2024-11-12T08:15:25.271+0200 [DEBUG] [org.gradle.workers.internal.WorkerDaemonExpiration] Will attempt to release 390 of memory
2024-11-12T08:15:25.272+0200 [DEBUG] [org.gradle.process.internal.health.memory.DefaultMemoryManager] 409155993 physical memory requested, 0 released, 314880000 free
2024-11-12T08:15:30.243+0200 [DEBUG] [org.gradle.process.internal.health.memory.DefaultMemoryManager] 409155993 physical memory requested, 286703616 free
2024-11-12T08:15:30.244+0200 [DEBUG] [org.gradle.workers.internal.WorkerDaemonExpiration] Will attempt to release 390 of memory
2024-11-12T08:15:30.244+0200 [DEBUG] [org.gradle.process.internal.health.memory.DefaultMemoryManager] 409155993 physical memory requested, 0 released, 286703616 free
2024-11-12T08:15:35.225+0200 [DEBUG] [org.gradle.cache.internal.DefaultFileLockManager] Waiting to acquire shared lock on daemon addresses registry.
2024-11-12T08:15:35.226+0200 [DEBUG] [org.gradle.cache.internal.DefaultFileLockManager] Lock acquired on daemon addresses registry.
2024-11-12T08:15:35.232+0200 [DEBUG] [org.gradle.cache.internal.DefaultFileLockManager] Releasing lock on daemon addresses registry.
2024-11-12T08:15:35.234+0200 [DEBUG] [org.gradle.cache.internal.DefaultFileLockManager] Waiting to acquire shared lock on daemon addresses registry.
2024-11-12T08:15:35.234+0200 [DEBUG] [org.gradle.cache.internal.DefaultFileLockManager] Lock acquired on daemon addresses registry.
2024-11-12T08:15:35.235+0200 [DEBUG] [org.gradle.cache.internal.DefaultFileLockManager] Releasing lock on daemon addresses registry.
2024-11-12T08:15:35.236+0200 [DEBUG] [org.gradle.cache.internal.DefaultFileLockManager] Waiting to acquire shared lock on daemon addresses registry.
2024-11-12T08:15:35.237+0200 [DEBUG] [org.gradle.cache.internal.DefaultFileLockManager] Lock acquired on daemon addresses registry.
2024-11-12T08:15:35.237+0200 [DEBUG] [org.gradle.cache.internal.DefaultFileLockManager] Releasing lock on daemon addresses registry.
2024-11-12T08:15:35.248+0200 [DEBUG] [org.gradle.process.internal.health.memory.DefaultMemoryManager] 409155993 physical memory requested, 375672832 free
2024-11-12T08:15:35.249+0200 [DEBUG] [org.gradle.workers.internal.WorkerDaemonExpiration] Will attempt to release 390 of memory
2024-11-12T08:15:35.249+0200 [DEBUG] [org.gradle.process.internal.health.memory.DefaultMemoryManager] 409155993 physical memory requested, 0 released, 375672832 free
2024-11-12T08:15:45.153+0200 [DEBUG] [org.gradle.cache.internal.DefaultFileLockManager] Waiting to acquire shared lock on daemon addresses registry.
2024-11-12T08:15:45.154+0200 [DEBUG] [org.gradle.cache.internal.DefaultFileLockManager] Lock acquired on daemon addresses registry.
2024-11-12T08:15:45.155+0200 [DEBUG] [org.gradle.cache.internal.DefaultFileLockManager] Releasing lock on daemon addresses registry.
2024-11-12T08:15:45.157+0200 [DEBUG] [org.gradle.cache.internal.DefaultFileLockManager] Waiting to acquire shared lock on daemon addresses registry.
2024-11-12T08:15:45.158+0200 [DEBUG] [org.gradle.cache.internal.DefaultFileLockManager] Lock acquired on daemon addresses registry.
2024-11-12T08:15:45.160+0200 [DEBUG] [org.gradle.cache.internal.DefaultFileLockManager] Releasing lock on daemon addresses registry.
2024-11-12T08:15:45.163+0200 [DEBUG] [org.gradle.cache.internal.DefaultFileLockManager] Waiting to acquire shared lock on daemon addresses registry.
2024-11-12T08:15:45.164+0200 [DEBUG] [org.gradle.cache.internal.DefaultFileLockManager] Lock acquired on daemon addresses registry.
2024-11-12T08:15:45.165+0200 [DEBUG] [org.gradle.cache.internal.DefaultFileLockManager] Releasing lock on daemon addresses registry.
2024-11-12T08:15:50.250+0200 [DEBUG] [org.gradle.process.internal.health.memory.DefaultMemoryManager] 409155993 physical memory requested, 319885312 free
2024-11-12T08:15:50.251+0200 [DEBUG] [org.gradle.workers.internal.WorkerDaemonExpiration] Will attempt to release 390 of memory
2024-11-12T08:15:50.252+0200 [DEBUG] [org.gradle.process.internal.health.memory.DefaultMemoryManager] 409155993 physical memory requested, 0 released, 319885312 free
2024-11-12T08:15:55.162+0200 [DEBUG] [org.gradle.cache.internal.DefaultFileLockManager] Waiting to acquire shared lock on daemon addresses registry.
2024-11-12T08:15:55.163+0200 [DEBUG] [org.gradle.cache.internal.DefaultFileLockManager] Lock acquired on daemon addresses registry.
2024-11-12T08:15:55.164+0200 [DEBUG] [org.gradle.cache.internal.DefaultFileLockManager] Releasing lock on daemon addresses registry.
2024-11-12T08:15:55.168+0200 [DEBUG] [org.gradle.cache.internal.DefaultFileLockManager] Waiting to acquire shared lock on daemon addresses registry.
2024-11-12T08:15:55.169+0200 [DEBUG] [org.gradle.cache.internal.DefaultFileLockManager] Lock acquired on daemon addresses registry.
2024-11-12T08:15:55.169+0200 [DEBUG] [org.gradle.cache.internal.DefaultFileLockManager] Releasing lock on daemon addresses registry.
2024-11-12T08:15:55.171+0200 [DEBUG] [org.gradle.cache.internal.DefaultFileLockManager] Waiting to acquire shared lock on daemon addresses registry.
2024-11-12T08:15:55.171+0200 [DEBUG] [org.gradle.cache.internal.DefaultFileLockManager] Lock acquired on daemon addresses registry.
2024-11-12T08:15:55.172+0200 [DEBUG] [org.gradle.cache.internal.DefaultFileLockManager] Releasing lock on daemon addresses registry.
2024-11-12T08:15:55.246+0200 [DEBUG] [org.gradle.process.internal.health.memory.DefaultMemoryManager] 409155993 physical memory requested, 267706368 free
2024-11-12T08:15:55.247+0200 [DEBUG] [org.gradle.workers.internal.WorkerDaemonExpiration] Will attempt to release 390 of memory
2024-11-12T08:15:55.247+0200 [DEBUG] [org.gradle.process.internal.health.memory.DefaultMemoryManager] 409155993 physical memory requested, 0 released, 267706368 free
2024-11-12T08:16:00.249+0200 [DEBUG] [org.gradle.process.internal.health.memory.DefaultMemoryManager] 409155993 physical memory requested, 263417856 free
2024-11-12T08:16:00.249+0200 [DEBUG] [org.gradle.workers.internal.WorkerDaemonExpiration] Will attempt to release 390 of memory
2024-11-12T08:16:00.250+0200 [DEBUG] [org.gradle.process.internal.health.memory.DefaultMemoryManager] 409155993 physical memory requested, 0 released, 263417856 free
2024-11-12T08:16:05.149+0200 [DEBUG] [org.gradle.cache.internal.DefaultFileLockManager] Waiting to acquire shared lock on daemon addresses registry.
2024-11-12T08:16:05.151+0200 [DEBUG] [org.gradle.cache.internal.DefaultFileLockManager] Lock acquired on daemon addresses registry.
2024-11-12T08:16:05.153+0200 [DEBUG] [org.gradle.cache.internal.DefaultFileLockManager] Releasing lock on daemon addresses registry.
2024-11-12T08:16:05.158+0200 [DEBUG] [org.gradle.cache.internal.DefaultFileLockManager] Waiting to acquire shared lock on daemon addresses registry.
2024-11-12T08:16:05.158+0200 [DEBUG] [org.gradle.cache.internal.DefaultFileLockManager] Lock acquired on daemon addresses registry.
2024-11-12T08:16:05.159+0200 [DEBUG] [org.gradle.cache.internal.DefaultFileLockManager] Releasing lock on daemon addresses registry.
2024-11-12T08:16:05.164+0200 [DEBUG] [org.gradle.cache.internal.DefaultFileLockManager] Waiting to acquire shared lock on daemon addresses registry.
2024-11-12T08:16:05.165+0200 [DEBUG] [org.gradle.cache.internal.DefaultFileLockManager] Lock acquired on daemon addresses registry.
2024-11-12T08:16:05.165+0200 [DEBUG] [org.gradle.cache.internal.DefaultFileLockManager] Releasing lock on daemon addresses registry.
2024-11-12T08:16:10.256+0200 [DEBUG] [org.gradle.process.internal.health.memory.DefaultMemoryManager] 409155993 physical memory requested, 368234496 free
2024-11-12T08:16:10.257+0200 [DEBUG] [org.gradle.workers.internal.WorkerDaemonExpiration] Will attempt to release 390 of memory
2024-11-12T08:16:10.257+0200 [DEBUG] [org.gradle.process.internal.health.memory.DefaultMemoryManager] 409155993 physical memory requested, 0 released, 368234496 free
2024-11-12T08:16:15.162+0200 [DEBUG] [org.gradle.cache.internal.DefaultFileLockManager] Waiting to acquire shared lock on daemon addresses registry.
2024-11-12T08:16:15.163+0200 [DEBUG] [org.gradle.cache.internal.DefaultFileLockManager] Lock acquired on daemon addresses registry.
2024-11-12T08:16:15.163+0200 [DEBUG] [org.gradle.cache.internal.DefaultFileLockManager] Releasing lock on daemon addresses registry.
2024-11-12T08:16:15.169+0200 [DEBUG] [org.gradle.cache.internal.DefaultFileLockManager] Waiting to acquire shared lock on daemon addresses registry.
2024-11-12T08:16:15.169+0200 [DEBUG] [org.gradle.cache.internal.DefaultFileLockManager] Lock acquired on daemon addresses registry.
2024-11-12T08:16:15.170+0200 [DEBUG] [org.gradle.cache.internal.DefaultFileLockManager] Releasing lock on daemon addresses registry.
2024-11-12T08:16:15.173+0200 [DEBUG] [org.gradle.cache.internal.DefaultFileLockManager] Waiting to acquire shared lock on daemon addresses registry.
2024-11-12T08:16:15.175+0200 [DEBUG] [org.gradle.cache.internal.DefaultFileLockManager] Lock acquired on daemon addresses registry.
2024-11-12T08:16:15.175+0200 [DEBUG] [org.gradle.cache.internal.DefaultFileLockManager] Releasing lock on daemon addresses registry.
2024-11-12T08:16:15.246+0200 [DEBUG] [org.gradle.process.internal.health.memory.DefaultMemoryManager] 409155993 physical memory requested, 344903680 free
2024-11-12T08:16:15.246+0200 [DEBUG] [org.gradle.workers.internal.WorkerDaemonExpiration] Will attempt to release 390 of memory
2024-11-12T08:16:15.246+0200 [DEBUG] [org.gradle.process.internal.health.memory.DefaultMemoryManager] 409155993 physical memory requested, 0 released, 344903680 free
2024-11-12T08:16:25.151+0200 [DEBUG] [org.gradle.cache.internal.DefaultFileLockManager] Waiting to acquire shared lock on daemon addresses registry.
2024-11-12T08:16:25.151+0200 [DEBUG] [org.gradle.cache.internal.DefaultFileLockManager] Lock acquired on daemon addresses registry.
2024-11-12T08:16:25.152+0200 [DEBUG] [org.gradle.cache.internal.DefaultFileLockManager] Releasing lock on daemon addresses registry.
2024-11-12T08:16:25.154+0200 [DEBUG] [org.gradle.cache.internal.DefaultFileLockManager] Waiting to acquire shared lock on daemon addresses registry.
2024-11-12T08:16:25.155+0200 [DEBUG] [org.gradle.cache.internal.DefaultFileLockManager] Lock acquired on daemon addresses registry.
2024-11-12T08:16:25.155+0200 [DEBUG] [org.gradle.cache.internal.DefaultFileLockManager] Releasing lock on daemon addresses registry.
2024-11-12T08:16:25.156+0200 [DEBUG] [org.gradle.cache.internal.DefaultFileLockManager] Waiting to acquire shared lock on daemon addresses registry.
2024-11-12T08:16:25.166+0200 [DEBUG] [org.gradle.cache.internal.DefaultFileLockManager] Lock acquired on daemon addresses registry.
2024-11-12T08:16:25.167+0200 [DEBUG] [org.gradle.cache.internal.DefaultFileLockManager] Releasing lock on daemon addresses registry.
2024-11-12T08:16:30.257+0200 [DEBUG] [org.gradle.process.internal.health.memory.DefaultMemoryManager] 409155993 physical memory requested, 398815232 free
2024-11-12T08:16:30.257+0200 [DEBUG] [org.gradle.workers.internal.WorkerDaemonExpiration] Will attempt to release 390 of memory
2024-11-12T08:16:30.257+0200 [DEBUG] [org.gradle.process.internal.health.memory.DefaultMemoryManager] 409155993 physical memory requested, 0 released, 398815232 free
2024-11-12T08:16:35.150+0200 [DEBUG] [org.gradle.cache.internal.DefaultFileLockManager] Waiting to acquire shared lock on daemon addresses registry.
2024-11-12T08:16:35.150+0200 [DEBUG] [org.gradle.cache.internal.DefaultFileLockManager] Lock acquired on daemon addresses registry.
2024-11-12T08:16:35.151+0200 [DEBUG] [org.gradle.cache.internal.DefaultFileLockManager] Releasing lock on daemon addresses registry.
2024-11-12T08:16:35.152+0200 [DEBUG] [org.gradle.cache.internal.DefaultFileLockManager] Waiting to acquire shared lock on daemon addresses registry.
2024-11-12T08:16:35.152+0200 [DEBUG] [org.gradle.cache.internal.DefaultFileLockManager] Lock acquired on daemon addresses registry.
2024-11-12T08:16:35.152+0200 [DEBUG] [org.gradle.cache.internal.DefaultFileLockManager] Releasing lock on daemon addresses registry.
2024-11-12T08:16:35.153+0200 [DEBUG] [org.gradle.cache.internal.DefaultFileLockManager] Waiting to acquire shared lock on daemon addresses registry.
2024-11-12T08:16:35.153+0200 [DEBUG] [org.gradle.cache.internal.DefaultFileLockManager] Lock acquired on daemon addresses registry.
2024-11-12T08:16:35.154+0200 [DEBUG] [org.gradle.cache.internal.DefaultFileLockManager] Releasing lock on daemon addresses registry.
2024-11-12T08:16:35.254+0200 [DEBUG] [org.gradle.process.internal.health.memory.DefaultMemoryManager] 409155993 physical memory requested, 370311168 free
2024-11-12T08:16:35.254+0200 [DEBUG] [org.gradle.workers.internal.WorkerDaemonExpiration] Will attempt to release 390 of memory
2024-11-12T08:16:35.255+0200 [DEBUG] [org.gradle.process.internal.health.memory.DefaultMemoryManager] 409155993 physical memory requested, 0 released, 370311168 free
2024-11-12T08:16:40.245+0200 [DEBUG] [org.gradle.process.internal.health.memory.DefaultMemoryManager] 409155993 physical memory requested, 351731712 free
2024-11-12T08:16:40.246+0200 [DEBUG] [org.gradle.workers.internal.WorkerDaemonExpiration] Will attempt to release 390 of memory
2024-11-12T08:16:40.246+0200 [DEBUG] [org.gradle.process.internal.health.memory.DefaultMemoryManager] 409155993 physical memory requested, 0 released, 351731712 free
2024-11-12T08:16:45.155+0200 [DEBUG] [org.gradle.cache.internal.DefaultFileLockManager] Waiting to acquire shared lock on daemon addresses registry.
2024-11-12T08:16:45.156+0200 [DEBUG] [org.gradle.cache.internal.DefaultFileLockManager] Lock acquired on daemon addresses registry.
2024-11-12T08:16:45.157+0200 [DEBUG] [org.gradle.cache.internal.DefaultFileLockManager] Releasing lock on daemon addresses registry.
2024-11-12T08:16:45.159+0200 [DEBUG] [org.gradle.cache.internal.DefaultFileLockManager] Waiting to acquire shared lock on daemon addresses registry.
2024-11-12T08:16:45.160+0200 [DEBUG] [org.gradle.cache.internal.DefaultFileLockManager] Lock acquired on daemon addresses registry.
2024-11-12T08:16:45.160+0200 [DEBUG] [org.gradle.cache.internal.DefaultFileLockManager] Releasing lock on daemon addresses registry.
2024-11-12T08:16:45.164+0200 [DEBUG] [org.gradle.cache.internal.DefaultFileLockManager] Waiting to acquire shared lock on daemon addresses registry.
2024-11-12T08:16:45.164+0200 [DEBUG] [org.gradle.cache.internal.DefaultFileLockManager] Lock acquired on daemon addresses registry.
2024-11-12T08:16:45.165+0200 [DEBUG] [org.gradle.cache.internal.DefaultFileLockManager] Releasing lock on daemon addresses registry.
2024-11-12T08:16:45.239+0200 [DEBUG] [org.gradle.process.internal.health.memory.DefaultMemoryManager] 409155993 physical memory requested, 334696448 free
2024-11-12T08:16:45.239+0200 [DEBUG] [org.gradle.workers.internal.WorkerDaemonExpiration] Will attempt to release 390 of memory
2024-11-12T08:16:45.239+0200 [DEBUG] [org.gradle.process.internal.health.memory.DefaultMemoryManager] 409155993 physical memory requested, 0 released, 334696448 free
2024-11-12T08:16:50.241+0200 [DEBUG] [org.gradle.process.internal.health.memory.DefaultMemoryManager] 409155993 physical memory requested, 310046720 free
2024-11-12T08:16:50.241+0200 [DEBUG] [org.gradle.workers.internal.WorkerDaemonExpiration] Will attempt to release 390 of memory
2024-11-12T08:16:50.241+0200 [DEBUG] [org.gradle.process.internal.health.memory.DefaultMemoryManager] 409155993 physical memory requested, 0 released, 310046720 free
2024-11-12T08:16:55.150+0200 [DEBUG] [org.gradle.cache.internal.DefaultFileLockManager] Waiting to acquire shared lock on daemon addresses registry.
2024-11-12T08:16:55.151+0200 [DEBUG] [org.gradle.cache.internal.DefaultFileLockManager] Lock acquired on daemon addresses registry.
2024-11-12T08:16:55.152+0200 [DEBUG] [org.gradle.cache.internal.DefaultFileLockManager] Releasing lock on daemon addresses registry.
2024-11-12T08:16:55.154+0200 [DEBUG] [org.gradle.cache.internal.DefaultFileLockManager] Waiting to acquire shared lock on daemon addresses registry.
2024-11-12T08:16:55.154+0200 [DEBUG] [org.gradle.cache.internal.DefaultFileLockManager] Lock acquired on daemon addresses registry.
2024-11-12T08:16:55.155+0200 [DEBUG] [org.gradle.cache.internal.DefaultFileLockManager] Releasing lock on daemon addresses registry.
2024-11-12T08:16:55.156+0200 [DEBUG] [org.gradle.cache.internal.DefaultFileLockManager] Waiting to acquire shared lock on daemon addresses registry.
2024-11-12T08:16:55.156+0200 [DEBUG] [org.gradle.cache.internal.DefaultFileLockManager] Lock acquired on daemon addresses registry.
2024-11-12T08:16:55.157+0200 [DEBUG] [org.gradle.cache.internal.DefaultFileLockManager] Releasing lock on daemon addresses registry.
2024-11-12T08:16:55.252+0200 [DEBUG] [org.gradle.process.internal.health.memory.DefaultMemoryManager] 409155993 physical memory requested, 399650816 free
2024-11-12T08:16:55.252+0200 [DEBUG] [org.gradle.workers.internal.WorkerDaemonExpiration] Will attempt to release 390 of memory
2024-11-12T08:16:55.252+0200 [DEBUG] [org.gradle.process.internal.health.memory.DefaultMemoryManager] 409155993 physical memory requested, 0 released, 399650816 free
2024-11-12T08:17:00.256+0200 [DEBUG] [org.gradle.process.internal.health.memory.DefaultMemoryManager] 409155993 physical memory requested, 311468032 free
2024-11-12T08:17:00.256+0200 [DEBUG] [org.gradle.workers.internal.WorkerDaemonExpiration] Will attempt to release 390 of memory
2024-11-12T08:17:00.256+0200 [DEBUG] [org.gradle.process.internal.health.memory.DefaultMemoryManager] 409155993 physical memory requested, 0 released, 311468032 free
2024-11-12T08:17:05.152+0200 [DEBUG] [org.gradle.cache.internal.DefaultFileLockManager] Waiting to acquire shared lock on daemon addresses registry.
2024-11-12T08:17:05.153+0200 [DEBUG] [org.gradle.cache.internal.DefaultFileLockManager] Lock acquired on daemon addresses registry.
2024-11-12T08:17:05.154+0200 [DEBUG] [org.gradle.cache.internal.DefaultFileLockManager] Releasing lock on daemon addresses registry.
2024-11-12T08:17:05.159+0200 [DEBUG] [org.gradle.cache.internal.DefaultFileLockManager] Waiting to acquire shared lock on daemon addresses registry.
2024-11-12T08:17:05.160+0200 [DEBUG] [org.gradle.cache.internal.DefaultFileLockManager] Lock acquired on daemon addresses registry.
2024-11-12T08:17:05.160+0200 [DEBUG] [org.gradle.cache.internal.DefaultFileLockManager] Releasing lock on daemon addresses registry.
2024-11-12T08:17:05.162+0200 [DEBUG] [org.gradle.cache.internal.DefaultFileLockManager] Waiting to acquire shared lock on daemon addresses registry.
2024-11-12T08:17:05.162+0200 [DEBUG] [org.gradle.cache.internal.DefaultFileLockManager] Lock acquired on daemon addresses registry.
2024-11-12T08:17:05.163+0200 [DEBUG] [org.gradle.cache.internal.DefaultFileLockManager] Releasing lock on daemon addresses registry.
2024-11-12T08:17:05.251+0200 [DEBUG] [org.gradle.process.internal.health.memory.DefaultMemoryManager] 409155993 physical memory requested, 318480384 free
2024-11-12T08:17:05.252+0200 [DEBUG] [org.gradle.workers.internal.WorkerDaemonExpiration] Will attempt to release 390 of memory
2024-11-12T08:17:05.252+0200 [DEBUG] [org.gradle.process.internal.health.memory.DefaultMemoryManager] 409155993 physical memory requested, 0 released, 318480384 free
2024-11-12T08:17:10.253+0200 [DEBUG] [org.gradle.process.internal.health.memory.DefaultMemoryManager] 409155993 physical memory requested, 300027904 free
2024-11-12T08:17:10.254+0200 [DEBUG] [org.gradle.workers.internal.WorkerDaemonExpiration] Will attempt to release 390 of memory
2024-11-12T08:17:10.255+0200 [DEBUG] [org.gradle.process.internal.health.memory.DefaultMemoryManager] 409155993 physical memory requested, 0 released, 300027904 free
2024-11-12T08:17:15.150+0200 [DEBUG] [org.gradle.cache.internal.DefaultFileLockManager] Waiting to acquire shared lock on daemon addresses registry.
2024-11-12T08:17:15.151+0200 [DEBUG] [org.gradle.cache.internal.DefaultFileLockManager] Lock acquired on daemon addresses registry.
2024-11-12T08:17:15.152+0200 [DEBUG] [org.gradle.cache.internal.DefaultFileLockManager] Releasing lock on daemon addresses registry.
2024-11-12T08:17:15.155+0200 [DEBUG] [org.gradle.cache.internal.DefaultFileLockManager] Waiting to acquire shared lock on daemon addresses registry.
2024-11-12T08:17:15.155+0200 [DEBUG] [org.gradle.cache.internal.DefaultFileLockManager] Lock acquired on daemon addresses registry.
2024-11-12T08:17:15.156+0200 [DEBUG] [org.gradle.cache.internal.DefaultFileLockManager] Releasing lock on daemon addresses registry.
2024-11-12T08:17:15.156+0200 [DEBUG] [org.gradle.cache.internal.DefaultFileLockManager] Waiting to acquire shared lock on daemon addresses registry.
2024-11-12T08:17:15.157+0200 [DEBUG] [org.gradle.cache.internal.DefaultFileLockManager] Lock acquired on daemon addresses registry.
2024-11-12T08:17:15.157+0200 [DEBUG] [org.gradle.cache.internal.DefaultFileLockManager] Releasing lock on daemon addresses registry.
2024-11-12T08:17:15.251+0200 [DEBUG] [org.gradle.process.internal.health.memory.DefaultMemoryManager] 409155993 physical memory requested, 293494784 free
2024-11-12T08:17:15.251+0200 [DEBUG] [org.gradle.workers.internal.WorkerDaemonExpiration] Will attempt to release 390 of memory
2024-11-12T08:17:15.251+0200 [DEBUG] [org.gradle.process.internal.health.memory.DefaultMemoryManager] 409155993 physical memory requested, 0 released, 293494784 free
2024-11-12T08:17:20.297+0200 [DEBUG] [org.gradle.process.internal.health.memory.DefaultMemoryManager] 409155993 physical memory requested, 247513088 free
2024-11-12T08:17:20.341+0200 [DEBUG] [org.gradle.workers.internal.WorkerDaemonExpiration] Will attempt to release 390 of memory
2024-11-12T08:17:20.341+0200 [DEBUG] [org.gradle.process.internal.health.memory.DefaultMemoryManager] 409155993 physical memory requested, 0 released, 247513088 free
2024-11-12T08:17:25.160+0200 [DEBUG] [org.gradle.cache.internal.DefaultFileLockManager] Waiting to acquire shared lock on daemon addresses registry.
2024-11-12T08:17:25.161+0200 [DEBUG] [org.gradle.cache.internal.DefaultFileLockManager] Lock acquired on daemon addresses registry.
2024-11-12T08:17:25.164+0200 [DEBUG] [org.gradle.cache.internal.DefaultFileLockManager] Releasing lock on daemon addresses registry.
2024-11-12T08:17:25.166+0200 [DEBUG] [org.gradle.cache.internal.DefaultFileLockManager] Waiting to acquire shared lock on daemon addresses registry.
2024-11-12T08:17:25.169+0200 [DEBUG] [org.gradle.cache.internal.DefaultFileLockManager] Lock acquired on daemon addresses registry.
2024-11-12T08:17:25.175+0200 [DEBUG] [org.gradle.cache.internal.DefaultFileLockManager] Releasing lock on daemon addresses registry.
2024-11-12T08:17:25.177+0200 [DEBUG] [org.gradle.cache.internal.DefaultFileLockManager] Waiting to acquire shared lock on daemon addresses registry.
2024-11-12T08:17:25.179+0200 [DEBUG] [org.gradle.cache.internal.DefaultFileLockManager] Lock acquired on daemon addresses registry.
2024-11-12T08:17:25.182+0200 [DEBUG] [org.gradle.cache.internal.DefaultFileLockManager] Releasing lock on daemon addresses registry.
2024-11-12T08:17:25.256+0200 [DEBUG] [org.gradle.process.internal.health.memory.DefaultMemoryManager] 409155993 physical memory requested, 282746880 free
2024-11-12T08:17:25.257+0200 [DEBUG] [org.gradle.workers.internal.WorkerDaemonExpiration] Will attempt to release 390 of memory
2024-11-12T08:17:25.257+0200 [DEBUG] [org.gradle.process.internal.health.memory.DefaultMemoryManager] 409155993 physical memory requested, 0 released, 282746880 free
2024-11-12T08:17:35.151+0200 [DEBUG] [org.gradle.cache.internal.DefaultFileLockManager] Waiting to acquire shared lock on daemon addresses registry.
2024-11-12T08:17:35.152+0200 [DEBUG] [org.gradle.cache.internal.DefaultFileLockManager] Lock acquired on daemon addresses registry.
2024-11-12T08:17:35.153+0200 [DEBUG] [org.gradle.cache.internal.DefaultFileLockManager] Releasing lock on daemon addresses registry.
2024-11-12T08:17:35.156+0200 [DEBUG] [org.gradle.cache.internal.DefaultFileLockManager] Waiting to acquire shared lock on daemon addresses registry.
2024-11-12T08:17:35.157+0200 [DEBUG] [org.gradle.cache.internal.DefaultFileLockManager] Lock acquired on daemon addresses registry.
2024-11-12T08:17:35.158+0200 [DEBUG] [org.gradle.cache.internal.DefaultFileLockManager] Releasing lock on daemon addresses registry.
2024-11-12T08:17:35.180+0200 [DEBUG] [org.gradle.cache.internal.DefaultFileLockManager] Waiting to acquire shared lock on daemon addresses registry.
2024-11-12T08:17:35.181+0200 [DEBUG] [org.gradle.cache.internal.DefaultFileLockManager] Lock acquired on daemon addresses registry.
2024-11-12T08:17:35.182+0200 [DEBUG] [org.gradle.cache.internal.DefaultFileLockManager] Releasing lock on daemon addresses registry.
2024-11-12T08:17:45.154+0200 [DEBUG] [org.gradle.cache.internal.DefaultFileLockManager] Waiting to acquire shared lock on daemon addresses registry.
2024-11-12T08:17:45.155+0200 [DEBUG] [org.gradle.cache.internal.DefaultFileLockManager] Lock acquired on daemon addresses registry.
2024-11-12T08:17:45.156+0200 [DEBUG] [org.gradle.cache.internal.DefaultFileLockManager] Releasing lock on daemon addresses registry.
2024-11-12T08:17:45.159+0200 [DEBUG] [org.gradle.cache.internal.DefaultFileLockManager] Waiting to acquire shared lock on daemon addresses registry.
2024-11-12T08:17:45.160+0200 [DEBUG] [org.gradle.cache.internal.DefaultFileLockManager] Lock acquired on daemon addresses registry.
2024-11-12T08:17:45.160+0200 [DEBUG] [org.gradle.cache.internal.DefaultFileLockManager] Releasing lock on daemon addresses registry.
2024-11-12T08:17:45.162+0200 [DEBUG] [org.gradle.cache.internal.DefaultFileLockManager] Waiting to acquire shared lock on daemon addresses registry.
2024-11-12T08:17:45.163+0200 [DEBUG] [org.gradle.cache.internal.DefaultFileLockManager] Lock acquired on daemon addresses registry.
2024-11-12T08:17:45.164+0200 [DEBUG] [org.gradle.cache.internal.DefaultFileLockManager] Releasing lock on daemon addresses registry.
2024-11-12T08:17:55.157+0200 [DEBUG] [org.gradle.cache.internal.DefaultFileLockManager] Waiting to acquire shared lock on daemon addresses registry.
2024-11-12T08:17:55.159+0200 [DEBUG] [org.gradle.cache.internal.DefaultFileLockManager] Lock acquired on daemon addresses registry.
2024-11-12T08:17:55.161+0200 [DEBUG] [org.gradle.cache.internal.DefaultFileLockManager] Releasing lock on daemon addresses registry.
2024-11-12T08:17:55.163+0200 [DEBUG] [org.gradle.cache.internal.DefaultFileLockManager] Waiting to acquire shared lock on daemon addresses registry.
2024-11-12T08:17:55.164+0200 [DEBUG] [org.gradle.cache.internal.DefaultFileLockManager] Lock acquired on daemon addresses registry.
2024-11-12T08:17:55.164+0200 [DEBUG] [org.gradle.cache.internal.DefaultFileLockManager] Releasing lock on daemon addresses registry.
2024-11-12T08:17:55.167+0200 [DEBUG] [org.gradle.cache.internal.DefaultFileLockManager] Waiting to acquire shared lock on daemon addresses registry.
2024-11-12T08:17:55.167+0200 [DEBUG] [org.gradle.cache.internal.DefaultFileLockManager] Lock acquired on daemon addresses registry.
2024-11-12T08:17:55.169+0200 [DEBUG] [org.gradle.cache.internal.DefaultFileLockManager] Releasing lock on daemon addresses registry.
2024-11-12T08:18:01.094+0200 [DEBUG] [org.gradle.process.internal.health.memory.DefaultMemoryManager] 409155993 physical memory requested, 224841728 free
2024-11-12T08:18:01.128+0200 [DEBUG] [org.gradle.workers.internal.WorkerDaemonExpiration] Will attempt to release 390 of memory
2024-11-12T08:18:01.444+0200 [DEBUG] [org.gradle.process.internal.health.memory.DefaultMemoryManager] 409155993 physical memory requested, 0 released, 224841728 free
2024-11-12T08:18:05.204+0200 [DEBUG] [org.gradle.cache.internal.DefaultFileLockManager] Waiting to acquire shared lock on daemon addresses registry.
2024-11-12T08:18:05.208+0200 [DEBUG] [org.gradle.cache.internal.DefaultFileLockManager] Lock acquired on daemon addresses registry.
2024-11-12T08:18:05.209+0200 [DEBUG] [org.gradle.cache.internal.DefaultFileLockManager] Releasing lock on daemon addresses registry.
2024-11-12T08:18:05.211+0200 [DEBUG] [org.gradle.cache.internal.DefaultFileLockManager] Waiting to acquire shared lock on daemon addresses registry.
2024-11-12T08:18:05.212+0200 [DEBUG] [org.gradle.cache.internal.DefaultFileLockManager] Lock acquired on daemon addresses registry.
2024-11-12T08:18:05.219+0200 [DEBUG] [org.gradle.cache.internal.DefaultFileLockManager] Releasing lock on daemon addresses registry.
2024-11-12T08:18:05.221+0200 [DEBUG] [org.gradle.cache.internal.DefaultFileLockManager] Waiting to acquire shared lock on daemon addresses registry.
2024-11-12T08:18:05.224+0200 [DEBUG] [org.gradle.cache.internal.DefaultFileLockManager] Lock acquired on daemon addresses registry.
2024-11-12T08:18:05.224+0200 [DEBUG] [org.gradle.cache.internal.DefaultFileLockManager] Releasing lock on daemon addresses registry.
2024-11-12T08:18:05.276+0200 [DEBUG] [org.gradle.process.internal.health.memory.DefaultMemoryManager] 409155993 physical memory requested, 338583552 free
2024-11-12T08:18:05.277+0200 [DEBUG] [org.gradle.workers.internal.WorkerDaemonExpiration] Will attempt to release 390 of memory
2024-11-12T08:18:05.277+0200 [DEBUG] [org.gradle.process.internal.health.memory.DefaultMemoryManager] 409155993 physical memory requested, 0 released, 338583552 free
2024-11-12T08:18:10.251+0200 [DEBUG] [org.gradle.process.internal.health.memory.DefaultMemoryManager] 409155993 physical memory requested, 402796544 free
2024-11-12T08:18:10.252+0200 [DEBUG] [org.gradle.workers.internal.WorkerDaemonExpiration] Will attempt to release 390 of memory
2024-11-12T08:18:10.252+0200 [DEBUG] [org.gradle.process.internal.health.memory.DefaultMemoryManager] 409155993 physical memory requested, 0 released, 402796544 free
2024-11-12T08:18:15.152+0200 [DEBUG] [org.gradle.cache.internal.DefaultFileLockManager] Waiting to acquire shared lock on daemon addresses registry.
2024-11-12T08:18:15.153+0200 [DEBUG] [org.gradle.cache.internal.DefaultFileLockManager] Lock acquired on daemon addresses registry.
2024-11-12T08:18:15.157+0200 [DEBUG] [org.gradle.cache.internal.DefaultFileLockManager] Releasing lock on daemon addresses registry.
2024-11-12T08:18:15.161+0200 [DEBUG] [org.gradle.cache.internal.DefaultFileLockManager] Waiting to acquire shared lock on daemon addresses registry.
2024-11-12T08:18:15.162+0200 [DEBUG] [org.gradle.cache.internal.DefaultFileLockManager] Lock acquired on daemon addresses registry.
2024-11-12T08:18:15.162+0200 [DEBUG] [org.gradle.cache.internal.DefaultFileLockManager] Releasing lock on daemon addresses registry.
2024-11-12T08:18:15.166+0200 [DEBUG] [org.gradle.cache.internal.DefaultFileLockManager] Waiting to acquire shared lock on daemon addresses registry.
2024-11-12T08:18:15.166+0200 [DEBUG] [org.gradle.cache.internal.DefaultFileLockManager] Lock acquired on daemon addresses registry.
2024-11-12T08:18:15.167+0200 [DEBUG] [org.gradle.cache.internal.DefaultFileLockManager] Releasing lock on daemon addresses registry.
2024-11-12T08:18:20.243+0200 [DEBUG] [org.gradle.process.internal.health.memory.DefaultMemoryManager] 409155993 physical memory requested, 311468032 free
2024-11-12T08:18:20.275+0200 [DEBUG] [org.gradle.workers.internal.WorkerDaemonExpiration] Will attempt to release 390 of memory
2024-11-12T08:18:20.531+0200 [DEBUG] [org.gradle.process.internal.health.memory.DefaultMemoryManager] 409155993 physical memory requested, 0 released, 311468032 free
2024-11-12T08:18:25.156+0200 [DEBUG] [org.gradle.cache.internal.DefaultFileLockManager] Waiting to acquire shared lock on daemon addresses registry.
2024-11-12T08:18:25.157+0200 [DEBUG] [org.gradle.cache.internal.DefaultFileLockManager] Lock acquired on daemon addresses registry.
2024-11-12T08:18:25.158+0200 [DEBUG] [org.gradle.cache.internal.DefaultFileLockManager] Releasing lock on daemon addresses registry.
2024-11-12T08:18:25.160+0200 [DEBUG] [org.gradle.cache.internal.DefaultFileLockManager] Waiting to acquire shared lock on daemon addresses registry.
2024-11-12T08:18:25.161+0200 [DEBUG] [org.gradle.cache.internal.DefaultFileLockManager] Lock acquired on daemon addresses registry.
2024-11-12T08:18:25.162+0200 [DEBUG] [org.gradle.cache.internal.DefaultFileLockManager] Releasing lock on daemon addresses registry.
2024-11-12T08:18:25.164+0200 [DEBUG] [org.gradle.cache.internal.DefaultFileLockManager] Waiting to acquire shared lock on daemon addresses registry.
2024-11-12T08:18:25.165+0200 [DEBUG] [org.gradle.cache.internal.DefaultFileLockManager] Lock acquired on daemon addresses registry.
2024-11-12T08:18:25.165+0200 [DEBUG] [org.gradle.cache.internal.DefaultFileLockManager] Releasing lock on daemon addresses registry.
2024-11-12T08:18:25.256+0200 [DEBUG] [org.gradle.process.internal.health.memory.DefaultMemoryManager] 409155993 physical memory requested, 347045888 free
2024-11-12T08:18:25.256+0200 [DEBUG] [org.gradle.workers.internal.WorkerDaemonExpiration] Will attempt to release 390 of memory
2024-11-12T08:18:25.257+0200 [DEBUG] [org.gradle.process.internal.health.memory.DefaultMemoryManager] 409155993 physical memory requested, 0 released, 347045888 free
2024-11-12T08:18:30.247+0200 [DEBUG] [org.gradle.process.internal.health.memory.DefaultMemoryManager] 409155993 physical memory requested, 338538496 free
2024-11-12T08:18:30.247+0200 [DEBUG] [org.gradle.workers.internal.WorkerDaemonExpiration] Will attempt to release 390 of memory
2024-11-12T08:18:30.247+0200 [DEBUG] [org.gradle.process.internal.health.memory.DefaultMemoryManager] 409155993 physical memory requested, 0 released, 338538496 free
2024-11-12T08:18:35.155+0200 [DEBUG] [org.gradle.cache.internal.DefaultFileLockManager] Waiting to acquire shared lock on daemon addresses registry.
2024-11-12T08:18:35.156+0200 [DEBUG] [org.gradle.cache.internal.DefaultFileLockManager] Lock acquired on daemon addresses registry.
2024-11-12T08:18:35.158+0200 [DEBUG] [org.gradle.cache.internal.DefaultFileLockManager] Releasing lock on daemon addresses registry.
2024-11-12T08:18:35.163+0200 [DEBUG] [org.gradle.cache.internal.DefaultFileLockManager] Waiting to acquire shared lock on daemon addresses registry.
2024-11-12T08:18:35.163+0200 [DEBUG] [org.gradle.cache.internal.DefaultFileLockManager] Lock acquired on daemon addresses registry.
2024-11-12T08:18:35.164+0200 [DEBUG] [org.gradle.cache.internal.DefaultFileLockManager] Releasing lock on daemon addresses registry.
2024-11-12T08:18:35.171+0200 [DEBUG] [org.gradle.cache.internal.DefaultFileLockManager] Waiting to acquire shared lock on daemon addresses registry.
2024-11-12T08:18:35.171+0200 [DEBUG] [org.gradle.cache.internal.DefaultFileLockManager] Lock acquired on daemon addresses registry.
2024-11-12T08:18:35.173+0200 [DEBUG] [org.gradle.cache.internal.DefaultFileLockManager] Releasing lock on daemon addresses registry.
2024-11-12T08:18:35.254+0200 [DEBUG] [org.gradle.process.internal.health.memory.DefaultMemoryManager] 409155993 physical memory requested, 317976576 free
2024-11-12T08:18:35.255+0200 [DEBUG] [org.gradle.workers.internal.WorkerDaemonExpiration] Will attempt to release 390 of memory
2024-11-12T08:18:35.255+0200 [DEBUG] [org.gradle.process.internal.health.memory.DefaultMemoryManager] 409155993 physical memory requested, 0 released, 317976576 free
2024-11-12T08:18:40.347+0200 [DEBUG] [org.gradle.process.internal.health.memory.DefaultMemoryManager] 409155993 physical memory requested, 398491648 free
2024-11-12T08:18:40.347+0200 [DEBUG] [org.gradle.workers.internal.WorkerDaemonExpiration] Will attempt to release 390 of memory
2024-11-12T08:18:40.347+0200 [DEBUG] [org.gradle.process.internal.health.memory.DefaultMemoryManager] 409155993 physical memory requested, 0 released, 398491648 free
2024-11-12T08:18:45.457+0200 [DEBUG] [org.gradle.process.internal.health.memory.DefaultMemoryManager] 409155993 physical memory requested, 377171968 free
2024-11-12T08:18:45.463+0200 [DEBUG] [org.gradle.cache.internal.DefaultFileLockManager] Waiting to acquire shared lock on daemon addresses registry.
2024-11-12T08:18:46.377+0200 [DEBUG] [org.gradle.workers.internal.WorkerDaemonExpiration] Will attempt to release 390 of memory
2024-11-12T08:18:46.379+0200 [DEBUG] [org.gradle.process.internal.health.memory.DefaultMemoryManager] 409155993 physical memory requested, 0 released, 377171968 free
2024-11-12T08:18:46.394+0200 [DEBUG] [org.gradle.cache.internal.DefaultFileLockManager] Lock acquired on daemon addresses registry.
2024-11-12T08:18:46.395+0200 [DEBUG] [org.gradle.cache.internal.DefaultFileLockManager] Releasing lock on daemon addresses registry.
2024-11-12T08:18:46.406+0200 [DEBUG] [org.gradle.cache.internal.DefaultFileLockManager] Waiting to acquire shared lock on daemon addresses registry.
2024-11-12T08:18:46.407+0200 [DEBUG] [org.gradle.cache.internal.DefaultFileLockManager] Lock acquired on daemon addresses registry.
2024-11-12T08:18:46.408+0200 [DEBUG] [org.gradle.cache.internal.DefaultFileLockManager] Releasing lock on daemon addresses registry.
2024-11-12T08:18:46.410+0200 [DEBUG] [org.gradle.cache.internal.DefaultFileLockManager] Waiting to acquire shared lock on daemon addresses registry.
2024-11-12T08:18:46.412+0200 [DEBUG] [org.gradle.cache.internal.DefaultFileLockManager] Lock acquired on daemon addresses registry.
2024-11-12T08:18:46.415+0200 [DEBUG] [org.gradle.cache.internal.DefaultFileLockManager] Releasing lock on daemon addresses registry.
2024-11-12T08:18:50.249+0200 [DEBUG] [org.gradle.process.internal.health.memory.DefaultMemoryManager] 409155993 physical memory requested, 208007168 free
2024-11-12T08:18:50.250+0200 [DEBUG] [org.gradle.workers.internal.WorkerDaemonExpiration] Will attempt to release 390 of memory
2024-11-12T08:18:50.250+0200 [DEBUG] [org.gradle.process.internal.health.memory.DefaultMemoryManager] 409155993 physical memory requested, 0 released, 208007168 free
2024-11-12T08:18:55.157+0200 [DEBUG] [org.gradle.cache.internal.DefaultFileLockManager] Waiting to acquire shared lock on daemon addresses registry.
2024-11-12T08:18:55.157+0200 [DEBUG] [org.gradle.cache.internal.DefaultFileLockManager] Lock acquired on daemon addresses registry.
2024-11-12T08:18:55.159+0200 [DEBUG] [org.gradle.cache.internal.DefaultFileLockManager] Releasing lock on daemon addresses registry.
2024-11-12T08:18:55.161+0200 [DEBUG] [org.gradle.cache.internal.DefaultFileLockManager] Waiting to acquire shared lock on daemon addresses registry.
2024-11-12T08:18:55.161+0200 [DEBUG] [org.gradle.cache.internal.DefaultFileLockManager] Lock acquired on daemon addresses registry.
2024-11-12T08:18:55.162+0200 [DEBUG] [org.gradle.cache.internal.DefaultFileLockManager] Releasing lock on daemon addresses registry.
2024-11-12T08:18:55.163+0200 [DEBUG] [org.gradle.cache.internal.DefaultFileLockManager] Waiting to acquire shared lock on daemon addresses registry.
2024-11-12T08:18:55.163+0200 [DEBUG] [org.gradle.cache.internal.DefaultFileLockManager] Lock acquired on daemon addresses registry.
2024-11-12T08:18:55.164+0200 [DEBUG] [org.gradle.cache.internal.DefaultFileLockManager] Releasing lock on daemon addresses registry.
2024-11-12T08:19:00.263+0200 [DEBUG] [org.gradle.process.internal.health.memory.DefaultMemoryManager] 409155993 physical memory requested, 276910080 free
2024-11-12T08:19:00.264+0200 [DEBUG] [org.gradle.workers.internal.WorkerDaemonExpiration] Will attempt to release 390 of memory
2024-11-12T08:19:00.264+0200 [DEBUG] [org.gradle.process.internal.health.memory.DefaultMemoryManager] 409155993 physical memory requested, 0 released, 276910080 free
2024-11-12T08:19:05.151+0200 [DEBUG] [org.gradle.cache.internal.DefaultFileLockManager] Waiting to acquire shared lock on daemon addresses registry.
2024-11-12T08:19:05.182+0200 [DEBUG] [org.gradle.cache.internal.DefaultFileLockManager] Lock acquired on daemon addresses registry.
2024-11-12T08:19:05.183+0200 [DEBUG] [org.gradle.cache.internal.DefaultFileLockManager] Releasing lock on daemon addresses registry.
2024-11-12T08:19:05.195+0200 [DEBUG] [org.gradle.cache.internal.DefaultFileLockManager] Waiting to acquire shared lock on daemon addresses registry.
2024-11-12T08:19:05.195+0200 [DEBUG] [org.gradle.cache.internal.DefaultFileLockManager] Lock acquired on daemon addresses registry.
2024-11-12T08:19:05.223+0200 [DEBUG] [org.gradle.cache.internal.DefaultFileLockManager] Releasing lock on daemon addresses registry.
2024-11-12T08:19:05.225+0200 [DEBUG] [org.gradle.cache.internal.DefaultFileLockManager] Waiting to acquire shared lock on daemon addresses registry.
2024-11-12T08:19:05.225+0200 [DEBUG] [org.gradle.cache.internal.DefaultFileLockManager] Lock acquired on daemon addresses registry.
2024-11-12T08:19:05.226+0200 [DEBUG] [org.gradle.cache.internal.DefaultFileLockManager] Releasing lock on daemon addresses registry.
2024-11-12T08:19:10.282+0200 [DEBUG] [org.gradle.process.internal.health.memory.DefaultMemoryManager] 409155993 physical memory requested, 308686848 free
2024-11-12T08:19:10.285+0200 [DEBUG] [org.gradle.workers.internal.WorkerDaemonExpiration] Will attempt to release 390 of memory
2024-11-12T08:19:10.285+0200 [DEBUG] [org.gradle.process.internal.health.memory.DefaultMemoryManager] 409155993 physical memory requested, 0 released, 308686848 free
2024-11-12T08:19:15.151+0200 [DEBUG] [org.gradle.cache.internal.DefaultFileLockManager] Waiting to acquire shared lock on daemon addresses registry.
2024-11-12T08:19:15.152+0200 [DEBUG] [org.gradle.cache.internal.DefaultFileLockManager] Lock acquired on daemon addresses registry.
2024-11-12T08:19:15.154+0200 [DEBUG] [org.gradle.cache.internal.DefaultFileLockManager] Releasing lock on daemon addresses registry.
2024-11-12T08:19:15.158+0200 [DEBUG] [org.gradle.cache.internal.DefaultFileLockManager] Waiting to acquire shared lock on daemon addresses registry.
2024-11-12T08:19:15.158+0200 [DEBUG] [org.gradle.cache.internal.DefaultFileLockManager] Lock acquired on daemon addresses registry.
2024-11-12T08:19:15.159+0200 [DEBUG] [org.gradle.cache.internal.DefaultFileLockManager] Releasing lock on daemon addresses registry.
2024-11-12T08:19:15.160+0200 [DEBUG] [org.gradle.cache.internal.DefaultFileLockManager] Waiting to acquire shared lock on daemon addresses registry.
2024-11-12T08:19:15.161+0200 [DEBUG] [org.gradle.cache.internal.DefaultFileLockManager] Lock acquired on daemon addresses registry.
2024-11-12T08:19:15.161+0200 [DEBUG] [org.gradle.cache.internal.DefaultFileLockManager] Releasing lock on daemon addresses registry.
2024-11-12T08:19:15.251+0200 [DEBUG] [org.gradle.process.internal.health.memory.DefaultMemoryManager] 409155993 physical memory requested, 327098368 free
2024-11-12T08:19:15.252+0200 [DEBUG] [org.gradle.workers.internal.WorkerDaemonExpiration] Will attempt to release 390 of memory
2024-11-12T08:19:15.252+0200 [DEBUG] [org.gradle.process.internal.health.memory.DefaultMemoryManager] 409155993 physical memory requested, 0 released, 327098368 free
2024-11-12T08:19:20.245+0200 [DEBUG] [org.gradle.process.internal.health.memory.DefaultMemoryManager] 409155993 physical memory requested, 328765440 free
2024-11-12T08:19:20.246+0200 [DEBUG] [org.gradle.workers.internal.WorkerDaemonExpiration] Will attempt to release 390 of memory
2024-11-12T08:19:20.246+0200 [DEBUG] [org.gradle.process.internal.health.memory.DefaultMemoryManager] 409155993 physical memory requested, 0 released, 328765440 free
2024-11-12T08:19:25.159+0200 [DEBUG] [org.gradle.cache.internal.DefaultFileLockManager] Waiting to acquire shared lock on daemon addresses registry.
2024-11-12T08:19:25.159+0200 [DEBUG] [org.gradle.cache.internal.DefaultFileLockManager] Lock acquired on daemon addresses registry.
2024-11-12T08:19:25.160+0200 [DEBUG] [org.gradle.cache.internal.DefaultFileLockManager] Releasing lock on daemon addresses registry.
2024-11-12T08:19:25.161+0200 [DEBUG] [org.gradle.cache.internal.DefaultFileLockManager] Waiting to acquire shared lock on daemon addresses registry.
2024-11-12T08:19:25.162+0200 [DEBUG] [org.gradle.cache.internal.DefaultFileLockManager] Lock acquired on daemon addresses registry.
2024-11-12T08:19:25.162+0200 [DEBUG] [org.gradle.cache.internal.DefaultFileLockManager] Releasing lock on daemon addresses registry.
2024-11-12T08:19:25.165+0200 [DEBUG] [org.gradle.cache.internal.DefaultFileLockManager] Waiting to acquire shared lock on daemon addresses registry.
2024-11-12T08:19:25.174+0200 [DEBUG] [org.gradle.cache.internal.DefaultFileLockManager] Lock acquired on daemon addresses registry.
2024-11-12T08:19:25.175+0200 [DEBUG] [org.gradle.cache.internal.DefaultFileLockManager] Releasing lock on daemon addresses registry.
2024-11-12T08:19:25.242+0200 [DEBUG] [org.gradle.process.internal.health.memory.DefaultMemoryManager] 409155993 physical memory requested, 358940672 free
2024-11-12T08:19:25.243+0200 [DEBUG] [org.gradle.workers.internal.WorkerDaemonExpiration] Will attempt to release 390 of memory
2024-11-12T08:19:25.243+0200 [DEBUG] [org.gradle.process.internal.health.memory.DefaultMemoryManager] 409155993 physical memory requested, 0 released, 358940672 free
2024-11-12T08:19:30.241+0200 [DEBUG] [org.gradle.process.internal.health.memory.DefaultMemoryManager] 409155993 physical memory requested, 380579840 free
2024-11-12T08:19:30.241+0200 [DEBUG] [org.gradle.workers.internal.WorkerDaemonExpiration] Will attempt to release 390 of memory
2024-11-12T08:19:30.242+0200 [DEBUG] [org.gradle.process.internal.health.memory.DefaultMemoryManager] 409155993 physical memory requested, 0 released, 380579840 free
2024-11-12T08:19:35.164+0200 [DEBUG] [org.gradle.cache.internal.DefaultFileLockManager] Waiting to acquire shared lock on daemon addresses registry.
2024-11-12T08:19:35.165+0200 [DEBUG] [org.gradle.cache.internal.DefaultFileLockManager] Lock acquired on daemon addresses registry.
2024-11-12T08:19:35.166+0200 [DEBUG] [org.gradle.cache.internal.DefaultFileLockManager] Releasing lock on daemon addresses registry.
2024-11-12T08:19:35.168+0200 [DEBUG] [org.gradle.cache.internal.DefaultFileLockManager] Waiting to acquire shared lock on daemon addresses registry.
2024-11-12T08:19:35.169+0200 [DEBUG] [org.gradle.cache.internal.DefaultFileLockManager] Lock acquired on daemon addresses registry.
2024-11-12T08:19:35.170+0200 [DEBUG] [org.gradle.cache.internal.DefaultFileLockManager] Releasing lock on daemon addresses registry.
2024-11-12T08:19:35.172+0200 [DEBUG] [org.gradle.cache.internal.DefaultFileLockManager] Waiting to acquire shared lock on daemon addresses registry.
2024-11-12T08:19:35.173+0200 [DEBUG] [org.gradle.cache.internal.DefaultFileLockManager] Lock acquired on daemon addresses registry.
2024-11-12T08:19:35.177+0200 [DEBUG] [org.gradle.cache.internal.DefaultFileLockManager] Releasing lock on daemon addresses registry.
2024-11-12T08:19:35.245+0200 [DEBUG] [org.gradle.process.internal.health.memory.DefaultMemoryManager] 409155993 physical memory requested, 279703552 free
2024-11-12T08:19:35.245+0200 [DEBUG] [org.gradle.workers.internal.WorkerDaemonExpiration] Will attempt to release 390 of memory
2024-11-12T08:19:35.246+0200 [DEBUG] [org.gradle.process.internal.health.memory.DefaultMemoryManager] 409155993 physical memory requested, 0 released, 279703552 free
2024-11-12T08:19:40.277+0200 [DEBUG] [org.gradle.process.internal.health.memory.DefaultMemoryManager] 409155993 physical memory requested, 297971712 free
2024-11-12T08:19:40.277+0200 [DEBUG] [org.gradle.workers.internal.WorkerDaemonExpiration] Will attempt to release 390 of memory
2024-11-12T08:19:40.278+0200 [DEBUG] [org.gradle.process.internal.health.memory.DefaultMemoryManager] 409155993 physical memory requested, 0 released, 297971712 free
2024-11-12T08:19:45.153+0200 [DEBUG] [org.gradle.cache.internal.DefaultFileLockManager] Waiting to acquire shared lock on daemon addresses registry.
2024-11-12T08:19:45.154+0200 [DEBUG] [org.gradle.cache.internal.DefaultFileLockManager] Lock acquired on daemon addresses registry.
2024-11-12T08:19:45.155+0200 [DEBUG] [org.gradle.cache.internal.DefaultFileLockManager] Releasing lock on daemon addresses registry.
2024-11-12T08:19:45.158+0200 [DEBUG] [org.gradle.cache.internal.DefaultFileLockManager] Waiting to acquire shared lock on daemon addresses registry.
2024-11-12T08:19:45.158+0200 [DEBUG] [org.gradle.cache.internal.DefaultFileLockManager] Lock acquired on daemon addresses registry.
2024-11-12T08:19:45.158+0200 [DEBUG] [org.gradle.cache.internal.DefaultFileLockManager] Releasing lock on daemon addresses registry.
2024-11-12T08:19:45.159+0200 [DEBUG] [org.gradle.cache.internal.DefaultFileLockManager] Waiting to acquire shared lock on daemon addresses registry.
2024-11-12T08:19:45.159+0200 [DEBUG] [org.gradle.cache.internal.DefaultFileLockManager] Lock acquired on daemon addresses registry.
2024-11-12T08:19:45.160+0200 [DEBUG] [org.gradle.cache.internal.DefaultFileLockManager] Releasing lock on daemon addresses registry.
2024-11-12T08:19:45.251+0200 [DEBUG] [org.gradle.process.internal.health.memory.DefaultMemoryManager] 409155993 physical memory requested, 355176448 free
2024-11-12T08:19:45.251+0200 [DEBUG] [org.gradle.workers.internal.WorkerDaemonExpiration] Will attempt to release 390 of memory
2024-11-12T08:19:45.251+0200 [DEBUG] [org.gradle.process.internal.health.memory.DefaultMemoryManager] 409155993 physical memory requested, 0 released, 355176448 free
2024-11-12T08:19:50.270+0200 [DEBUG] [org.gradle.process.internal.health.memory.DefaultMemoryManager] 409155993 physical memory requested, 303710208 free
2024-11-12T08:19:50.342+0200 [DEBUG] [org.gradle.workers.internal.WorkerDaemonExpiration] Will attempt to release 390 of memory
2024-11-12T08:19:50.342+0200 [DEBUG] [org.gradle.process.internal.health.memory.DefaultMemoryManager] 409155993 physical memory requested, 0 released, 303710208 free
2024-11-12T08:19:55.148+0200 [DEBUG] [org.gradle.cache.internal.DefaultFileLockManager] Waiting to acquire shared lock on daemon addresses registry.
2024-11-12T08:19:55.148+0200 [DEBUG] [org.gradle.cache.internal.DefaultFileLockManager] Lock acquired on daemon addresses registry.
2024-11-12T08:19:55.148+0200 [DEBUG] [org.gradle.cache.internal.DefaultFileLockManager] Releasing lock on daemon addresses registry.
2024-11-12T08:19:55.150+0200 [DEBUG] [org.gradle.cache.internal.DefaultFileLockManager] Waiting to acquire shared lock on daemon addresses registry.
2024-11-12T08:19:55.151+0200 [DEBUG] [org.gradle.cache.internal.DefaultFileLockManager] Lock acquired on daemon addresses registry.
2024-11-12T08:19:55.151+0200 [DEBUG] [org.gradle.cache.internal.DefaultFileLockManager] Releasing lock on daemon addresses registry.
2024-11-12T08:19:55.153+0200 [DEBUG] [org.gradle.cache.internal.DefaultFileLockManager] Waiting to acquire shared lock on daemon addresses registry.
2024-11-12T08:19:55.153+0200 [DEBUG] [org.gradle.cache.internal.DefaultFileLockManager] Lock acquired on daemon addresses registry.
2024-11-12T08:19:55.154+0200 [DEBUG] [org.gradle.cache.internal.DefaultFileLockManager] Releasing lock on daemon addresses registry.
2024-11-12T08:19:55.253+0200 [DEBUG] [org.gradle.process.internal.health.memory.DefaultMemoryManager] 409155993 physical memory requested, 316551168 free
2024-11-12T08:19:55.253+0200 [DEBUG] [org.gradle.workers.internal.WorkerDaemonExpiration] Will attempt to release 390 of memory
2024-11-12T08:19:55.253+0200 [DEBUG] [org.gradle.process.internal.health.memory.DefaultMemoryManager] 409155993 physical memory requested, 0 released, 316551168 free
2024-11-12T08:20:00.601+0200 [DEBUG] [org.gradle.process.internal.health.memory.DefaultMemoryManager] 409155993 physical memory requested, 202272768 free
2024-11-12T08:20:01.539+0200 [DEBUG] [org.gradle.workers.internal.WorkerDaemonExpiration] Will attempt to release 390 of memory
2024-11-12T08:20:01.539+0200 [DEBUG] [org.gradle.process.internal.health.memory.DefaultMemoryManager] 409155993 physical memory requested, 0 released, 202272768 free
2024-11-12T08:20:05.245+0200 [DEBUG] [org.gradle.cache.internal.DefaultFileLockManager] Waiting to acquire shared lock on daemon addresses registry.
2024-11-12T08:20:05.245+0200 [DEBUG] [org.gradle.cache.internal.DefaultFileLockManager] Lock acquired on daemon addresses registry.
2024-11-12T08:20:05.246+0200 [DEBUG] [org.gradle.cache.internal.DefaultFileLockManager] Releasing lock on daemon addresses registry.
2024-11-12T08:20:05.249+0200 [DEBUG] [org.gradle.cache.internal.DefaultFileLockManager] Waiting to acquire shared lock on daemon addresses registry.
2024-11-12T08:20:05.249+0200 [DEBUG] [org.gradle.cache.internal.DefaultFileLockManager] Lock acquired on daemon addresses registry.
2024-11-12T08:20:05.250+0200 [DEBUG] [org.gradle.process.internal.health.memory.DefaultMemoryManager] 409155993 physical memory requested, 327692288 free
2024-11-12T08:20:05.250+0200 [DEBUG] [org.gradle.cache.internal.DefaultFileLockManager] Releasing lock on daemon addresses registry.
2024-11-12T08:20:05.251+0200 [DEBUG] [org.gradle.workers.internal.WorkerDaemonExpiration] Will attempt to release 390 of memory
2024-11-12T08:20:05.251+0200 [DEBUG] [org.gradle.process.internal.health.memory.DefaultMemoryManager] 409155993 physical memory requested, 0 released, 327692288 free
2024-11-12T08:20:05.253+0200 [DEBUG] [org.gradle.cache.internal.DefaultFileLockManager] Waiting to acquire shared lock on daemon addresses registry.
2024-11-12T08:20:05.253+0200 [DEBUG] [org.gradle.cache.internal.DefaultFileLockManager] Lock acquired on daemon addresses registry.
2024-11-12T08:20:05.254+0200 [DEBUG] [org.gradle.cache.internal.DefaultFileLockManager] Releasing lock on daemon addresses registry.
2024-11-12T08:20:10.293+0200 [DEBUG] [org.gradle.process.internal.health.memory.DefaultMemoryManager] 409155993 physical memory requested, 265400320 free
2024-11-12T08:20:10.324+0200 [DEBUG] [org.gradle.workers.internal.WorkerDaemonExpiration] Will attempt to release 390 of memory
2024-11-12T08:20:10.324+0200 [DEBUG] [org.gradle.process.internal.health.memory.DefaultMemoryManager] 409155993 physical memory requested, 0 released, 265400320 free
2024-11-12T08:20:15.160+0200 [DEBUG] [org.gradle.cache.internal.DefaultFileLockManager] Waiting to acquire shared lock on daemon addresses registry.
2024-11-12T08:20:15.162+0200 [DEBUG] [org.gradle.cache.internal.DefaultFileLockManager] Lock acquired on daemon addresses registry.
2024-11-12T08:20:15.165+0200 [DEBUG] [org.gradle.cache.internal.DefaultFileLockManager] Releasing lock on daemon addresses registry.
2024-11-12T08:20:15.174+0200 [DEBUG] [org.gradle.cache.internal.DefaultFileLockManager] Waiting to acquire shared lock on daemon addresses registry.
2024-11-12T08:20:15.175+0200 [DEBUG] [org.gradle.cache.internal.DefaultFileLockManager] Lock acquired on daemon addresses registry.
2024-11-12T08:20:15.176+0200 [DEBUG] [org.gradle.cache.internal.DefaultFileLockManager] Releasing lock on daemon addresses registry.
2024-11-12T08:20:15.179+0200 [DEBUG] [org.gradle.cache.internal.DefaultFileLockManager] Waiting to acquire shared lock on daemon addresses registry.
2024-11-12T08:20:15.179+0200 [DEBUG] [org.gradle.cache.internal.DefaultFileLockManager] Lock acquired on daemon addresses registry.
2024-11-12T08:20:15.180+0200 [DEBUG] [org.gradle.cache.internal.DefaultFileLockManager] Releasing lock on daemon addresses registry.
2024-11-12T08:20:15.296+0200 [DEBUG] [org.gradle.process.internal.health.memory.DefaultMemoryManager] 409155993 physical memory requested, 316387328 free
2024-11-12T08:20:15.297+0200 [DEBUG] [org.gradle.workers.internal.WorkerDaemonExpiration] Will attempt to release 390 of memory
2024-11-12T08:20:15.298+0200 [DEBUG] [org.gradle.process.internal.health.memory.DefaultMemoryManager] 409155993 physical memory requested, 0 released, 316387328 free
2024-11-12T08:20:25.150+0200 [DEBUG] [org.gradle.cache.internal.DefaultFileLockManager] Waiting to acquire shared lock on daemon addresses registry.
2024-11-12T08:20:25.150+0200 [DEBUG] [org.gradle.cache.internal.DefaultFileLockManager] Lock acquired on daemon addresses registry.
2024-11-12T08:20:25.151+0200 [DEBUG] [org.gradle.cache.internal.DefaultFileLockManager] Releasing lock on daemon addresses registry.
2024-11-12T08:20:25.155+0200 [DEBUG] [org.gradle.cache.internal.DefaultFileLockManager] Waiting to acquire shared lock on daemon addresses registry.
2024-11-12T08:20:25.156+0200 [DEBUG] [org.gradle.cache.internal.DefaultFileLockManager] Lock acquired on daemon addresses registry.
2024-11-12T08:20:25.160+0200 [DEBUG] [org.gradle.cache.internal.DefaultFileLockManager] Releasing lock on daemon addresses registry.
2024-11-12T08:20:25.163+0200 [DEBUG] [org.gradle.cache.internal.DefaultFileLockManager] Waiting to acquire shared lock on daemon addresses registry.
2024-11-12T08:20:25.163+0200 [DEBUG] [org.gradle.cache.internal.DefaultFileLockManager] Lock acquired on daemon addresses registry.
2024-11-12T08:20:25.166+0200 [DEBUG] [org.gradle.cache.internal.DefaultFileLockManager] Releasing lock on daemon addresses registry.
2024-11-12T08:20:35.154+0200 [DEBUG] [org.gradle.cache.internal.DefaultFileLockManager] Waiting to acquire shared lock on daemon addresses registry.
2024-11-12T08:20:35.155+0200 [DEBUG] [org.gradle.cache.internal.DefaultFileLockManager] Lock acquired on daemon addresses registry.
2024-11-12T08:20:35.156+0200 [DEBUG] [org.gradle.cache.internal.DefaultFileLockManager] Releasing lock on daemon addresses registry.
2024-11-12T08:20:35.159+0200 [DEBUG] [org.gradle.cache.internal.DefaultFileLockManager] Waiting to acquire shared lock on daemon addresses registry.
2024-11-12T08:20:35.160+0200 [DEBUG] [org.gradle.cache.internal.DefaultFileLockManager] Lock acquired on daemon addresses registry.
2024-11-12T08:20:35.162+0200 [DEBUG] [org.gradle.cache.internal.DefaultFileLockManager] Releasing lock on daemon addresses registry.
2024-11-12T08:20:35.169+0200 [DEBUG] [org.gradle.cache.internal.DefaultFileLockManager] Waiting to acquire shared lock on daemon addresses registry.
2024-11-12T08:20:35.177+0200 [DEBUG] [org.gradle.cache.internal.DefaultFileLockManager] Lock acquired on daemon addresses registry.
2024-11-12T08:20:35.179+0200 [DEBUG] [org.gradle.cache.internal.DefaultFileLockManager] Releasing lock on daemon addresses registry.
2024-11-12T08:20:45.159+0200 [DEBUG] [org.gradle.cache.internal.DefaultFileLockManager] Waiting to acquire shared lock on daemon addresses registry.
2024-11-12T08:20:45.160+0200 [DEBUG] [org.gradle.cache.internal.DefaultFileLockManager] Lock acquired on daemon addresses registry.
2024-11-12T08:20:45.162+0200 [DEBUG] [org.gradle.cache.internal.DefaultFileLockManager] Releasing lock on daemon addresses registry.
2024-11-12T08:20:45.165+0200 [DEBUG] [org.gradle.cache.internal.DefaultFileLockManager] Waiting to acquire shared lock on daemon addresses registry.
2024-11-12T08:20:45.165+0200 [DEBUG] [org.gradle.cache.internal.DefaultFileLockManager] Lock acquired on daemon addresses registry.
2024-11-12T08:20:45.167+0200 [DEBUG] [org.gradle.cache.internal.DefaultFileLockManager] Releasing lock on daemon addresses registry.
2024-11-12T08:20:45.170+0200 [DEBUG] [org.gradle.cache.internal.DefaultFileLockManager] Waiting to acquire shared lock on daemon addresses registry.
2024-11-12T08:20:45.171+0200 [DEBUG] [org.gradle.cache.internal.DefaultFileLockManager] Lock acquired on daemon addresses registry.
2024-11-12T08:20:45.173+0200 [DEBUG] [org.gradle.cache.internal.DefaultFileLockManager] Releasing lock on daemon addresses registry.
2024-11-12T08:20:55.158+0200 [DEBUG] [org.gradle.cache.internal.DefaultFileLockManager] Waiting to acquire shared lock on daemon addresses registry.
2024-11-12T08:20:55.159+0200 [DEBUG] [org.gradle.cache.internal.DefaultFileLockManager] Lock acquired on daemon addresses registry.
2024-11-12T08:20:55.159+0200 [DEBUG] [org.gradle.cache.internal.DefaultFileLockManager] Releasing lock on daemon addresses registry.
2024-11-12T08:20:55.161+0200 [DEBUG] [org.gradle.cache.internal.DefaultFileLockManager] Waiting to acquire shared lock on daemon addresses registry.
2024-11-12T08:20:55.161+0200 [DEBUG] [org.gradle.cache.internal.DefaultFileLockManager] Lock acquired on daemon addresses registry.
2024-11-12T08:20:55.162+0200 [DEBUG] [org.gradle.cache.internal.DefaultFileLockManager] Releasing lock on daemon addresses registry.
2024-11-12T08:20:55.164+0200 [DEBUG] [org.gradle.cache.internal.DefaultFileLockManager] Waiting to acquire shared lock on daemon addresses registry.
2024-11-12T08:20:55.164+0200 [DEBUG] [org.gradle.cache.internal.DefaultFileLockManager] Lock acquired on daemon addresses registry.
2024-11-12T08:20:55.166+0200 [DEBUG] [org.gradle.cache.internal.DefaultFileLockManager] Releasing lock on daemon addresses registry.
2024-11-12T08:21:05.169+0200 [DEBUG] [org.gradle.cache.internal.DefaultFileLockManager] Waiting to acquire shared lock on daemon addresses registry.
2024-11-12T08:21:05.170+0200 [DEBUG] [org.gradle.cache.internal.DefaultFileLockManager] Lock acquired on daemon addresses registry.
2024-11-12T08:21:05.171+0200 [DEBUG] [org.gradle.cache.internal.DefaultFileLockManager] Releasing lock on daemon addresses registry.
2024-11-12T08:21:05.173+0200 [DEBUG] [org.gradle.cache.internal.DefaultFileLockManager] Waiting to acquire shared lock on daemon addresses registry.
2024-11-12T08:21:05.174+0200 [DEBUG] [org.gradle.cache.internal.DefaultFileLockManager] Lock acquired on daemon addresses registry.
2024-11-12T08:21:05.181+0200 [DEBUG] [org.gradle.cache.internal.DefaultFileLockManager] Releasing lock on daemon addresses registry.
2024-11-12T08:21:05.186+0200 [DEBUG] [org.gradle.cache.internal.DefaultFileLockManager] Waiting to acquire shared lock on daemon addresses registry.
2024-11-12T08:21:05.187+0200 [DEBUG] [org.gradle.cache.internal.DefaultFileLockManager] Lock acquired on daemon addresses registry.
2024-11-12T08:21:05.187+0200 [DEBUG] [org.gradle.cache.internal.DefaultFileLockManager] Releasing lock on daemon addresses registry.
2024-11-12T08:21:10.272+0200 [DEBUG] [org.gradle.process.internal.health.memory.DefaultMemoryManager] 409155993 physical memory requested, 343662592 free
2024-11-12T08:21:10.274+0200 [DEBUG] [org.gradle.workers.internal.WorkerDaemonExpiration] Will attempt to release 390 of memory
2024-11-12T08:21:10.280+0200 [DEBUG] [org.gradle.process.internal.health.memory.DefaultMemoryManager] 409155993 physical memory requested, 0 released, 343662592 free
2024-11-12T08:21:15.172+0200 [DEBUG] [org.gradle.cache.internal.DefaultFileLockManager] Waiting to acquire shared lock on daemon addresses registry.
2024-11-12T08:21:15.185+0200 [DEBUG] [org.gradle.cache.internal.DefaultFileLockManager] Lock acquired on daemon addresses registry.
2024-11-12T08:21:15.201+0200 [DEBUG] [org.gradle.cache.internal.DefaultFileLockManager] Releasing lock on daemon addresses registry.
2024-11-12T08:21:15.233+0200 [DEBUG] [org.gradle.cache.internal.DefaultFileLockManager] Waiting to acquire shared lock on daemon addresses registry.
2024-11-12T08:21:15.234+0200 [DEBUG] [org.gradle.cache.internal.DefaultFileLockManager] Lock acquired on daemon addresses registry.
2024-11-12T08:21:15.246+0200 [DEBUG] [org.gradle.cache.internal.DefaultFileLockManager] Releasing lock on daemon addresses registry.
2024-11-12T08:21:15.261+0200 [DEBUG] [org.gradle.cache.internal.DefaultFileLockManager] Waiting to acquire shared lock on daemon addresses registry.
2024-11-12T08:21:15.262+0200 [DEBUG] [org.gradle.cache.internal.DefaultFileLockManager] Lock acquired on daemon addresses registry.
2024-11-12T08:21:15.262+0200 [DEBUG] [org.gradle.cache.internal.DefaultFileLockManager] Releasing lock on daemon addresses registry.
2024-11-12T08:21:25.160+0200 [DEBUG] [org.gradle.cache.internal.DefaultFileLockManager] Waiting to acquire shared lock on daemon addresses registry.
2024-11-12T08:21:25.161+0200 [DEBUG] [org.gradle.cache.internal.DefaultFileLockManager] Lock acquired on daemon addresses registry.
2024-11-12T08:21:25.163+0200 [DEBUG] [org.gradle.cache.internal.DefaultFileLockManager] Releasing lock on daemon addresses registry.
2024-11-12T08:21:25.165+0200 [DEBUG] [org.gradle.cache.internal.DefaultFileLockManager] Waiting to acquire shared lock on daemon addresses registry.
2024-11-12T08:21:25.165+0200 [DEBUG] [org.gradle.cache.internal.DefaultFileLockManager] Lock acquired on daemon addresses registry.
2024-11-12T08:21:25.166+0200 [DEBUG] [org.gradle.cache.internal.DefaultFileLockManager] Releasing lock on daemon addresses registry.
2024-11-12T08:21:25.166+0200 [DEBUG] [org.gradle.cache.internal.DefaultFileLockManager] Waiting to acquire shared lock on daemon addresses registry.
2024-11-12T08:21:25.166+0200 [DEBUG] [org.gradle.cache.internal.DefaultFileLockManager] Lock acquired on daemon addresses registry.
2024-11-12T08:21:25.167+0200 [DEBUG] [org.gradle.cache.internal.DefaultFileLockManager] Releasing lock on daemon addresses registry.
2024-11-12T08:21:35.165+0200 [DEBUG] [org.gradle.cache.internal.DefaultFileLockManager] Waiting to acquire shared lock on daemon addresses registry.
2024-11-12T08:21:35.167+0200 [DEBUG] [org.gradle.cache.internal.DefaultFileLockManager] Lock acquired on daemon addresses registry.
2024-11-12T08:21:35.168+0200 [DEBUG] [org.gradle.cache.internal.DefaultFileLockManager] Releasing lock on daemon addresses registry.
2024-11-12T08:21:35.171+0200 [DEBUG] [org.gradle.cache.internal.DefaultFileLockManager] Waiting to acquire shared lock on daemon addresses registry.
2024-11-12T08:21:35.172+0200 [DEBUG] [org.gradle.cache.internal.DefaultFileLockManager] Lock acquired on daemon addresses registry.
2024-11-12T08:21:35.173+0200 [DEBUG] [org.gradle.cache.internal.DefaultFileLockManager] Releasing lock on daemon addresses registry.
2024-11-12T08:21:35.175+0200 [DEBUG] [org.gradle.cache.internal.DefaultFileLockManager] Waiting to acquire shared lock on daemon addresses registry.
2024-11-12T08:21:35.176+0200 [DEBUG] [org.gradle.cache.internal.DefaultFileLockManager] Lock acquired on daemon addresses registry.
2024-11-12T08:21:35.177+0200 [DEBUG] [org.gradle.cache.internal.DefaultFileLockManager] Releasing lock on daemon addresses registry.
2024-11-12T08:21:45.644+0200 [DEBUG] [org.gradle.cache.internal.DefaultFileLockManager] Waiting to acquire shared lock on daemon addresses registry.
2024-11-12T08:21:45.650+0200 [DEBUG] [org.gradle.cache.internal.DefaultFileLockManager] Lock acquired on daemon addresses registry.
2024-11-12T08:21:45.653+0200 [DEBUG] [org.gradle.cache.internal.DefaultFileLockManager] Releasing lock on daemon addresses registry.
2024-11-12T08:21:45.672+0200 [DEBUG] [org.gradle.cache.internal.DefaultFileLockManager] Waiting to acquire shared lock on daemon addresses registry.
2024-11-12T08:21:45.675+0200 [DEBUG] [org.gradle.cache.internal.DefaultFileLockManager] Lock acquired on daemon addresses registry.
2024-11-12T08:21:45.679+0200 [DEBUG] [org.gradle.cache.internal.DefaultFileLockManager] Releasing lock on daemon addresses registry.
2024-11-12T08:21:45.681+0200 [DEBUG] [org.gradle.cache.internal.DefaultFileLockManager] Waiting to acquire shared lock on daemon addresses registry.
2024-11-12T08:21:45.701+0200 [DEBUG] [org.gradle.cache.internal.DefaultFileLockManager] Lock acquired on daemon addresses registry.
2024-11-12T08:21:45.744+0200 [DEBUG] [org.gradle.cache.internal.DefaultFileLockManager] Releasing lock on daemon addresses registry.
2024-11-12T08:21:45.778+0200 [DEBUG] [org.gradle.process.internal.health.memory.DefaultMemoryManager] 409155993 physical memory requested, 234020864 free
2024-11-12T08:21:45.917+0200 [DEBUG] [org.gradle.workers.internal.WorkerDaemonExpiration] Will attempt to release 390 of memory
2024-11-12T08:21:45.918+0200 [DEBUG] [org.gradle.process.internal.health.memory.DefaultMemoryManager] 409155993 physical memory requested, 0 released, 234020864 free
2024-11-12T08:21:50.253+0200 [DEBUG] [org.gradle.process.internal.health.memory.DefaultMemoryManager] 409155993 physical memory requested, 201129984 free
2024-11-12T08:21:50.253+0200 [DEBUG] [org.gradle.workers.internal.WorkerDaemonExpiration] Will attempt to release 390 of memory
2024-11-12T08:21:50.253+0200 [DEBUG] [org.gradle.process.internal.health.memory.DefaultMemoryManager] 409155993 physical memory requested, 0 released, 201129984 free
2024-11-12T08:21:55.614+0200 [DEBUG] [org.gradle.cache.internal.DefaultFileLockManager] Waiting to acquire shared lock on daemon addresses registry.
2024-11-12T08:21:55.614+0200 [DEBUG] [org.gradle.cache.internal.DefaultFileLockManager] Lock acquired on daemon addresses registry.
2024-11-12T08:21:55.615+0200 [DEBUG] [org.gradle.process.internal.health.memory.DefaultMemoryManager] 409155993 physical memory requested, 251199488 free
2024-11-12T08:21:55.615+0200 [DEBUG] [org.gradle.workers.internal.WorkerDaemonExpiration] Will attempt to release 390 of memory
2024-11-12T08:21:55.615+0200 [DEBUG] [org.gradle.process.internal.health.memory.DefaultMemoryManager] 409155993 physical memory requested, 0 released, 251199488 free
2024-11-12T08:21:55.616+0200 [DEBUG] [org.gradle.cache.internal.DefaultFileLockManager] Releasing lock on daemon addresses registry.
2024-11-12T08:21:55.619+0200 [DEBUG] [org.gradle.cache.internal.DefaultFileLockManager] Waiting to acquire shared lock on daemon addresses registry.
2024-11-12T08:21:55.632+0200 [DEBUG] [org.gradle.cache.internal.DefaultFileLockManager] Lock acquired on daemon addresses registry.
2024-11-12T08:21:55.637+0200 [DEBUG] [org.gradle.cache.internal.DefaultFileLockManager] Releasing lock on daemon addresses registry.
2024-11-12T08:21:55.640+0200 [DEBUG] [org.gradle.cache.internal.DefaultFileLockManager] Waiting to acquire shared lock on daemon addresses registry.
2024-11-12T08:21:55.640+0200 [DEBUG] [org.gradle.cache.internal.DefaultFileLockManager] Lock acquired on daemon addresses registry.
2024-11-12T08:21:55.641+0200 [DEBUG] [org.gradle.cache.internal.DefaultFileLockManager] Releasing lock on daemon addresses registry.
2024-11-12T08:22:00.244+0200 [DEBUG] [org.gradle.process.internal.health.memory.DefaultMemoryManager] 409155993 physical memory requested, 196362240 free
2024-11-12T08:22:00.244+0200 [DEBUG] [org.gradle.workers.internal.WorkerDaemonExpiration] Will attempt to release 390 of memory
2024-11-12T08:22:00.245+0200 [DEBUG] [org.gradle.process.internal.health.memory.DefaultMemoryManager] 409155993 physical memory requested, 0 released, 196362240 free
2024-11-12T08:22:05.161+0200 [DEBUG] [org.gradle.cache.internal.DefaultFileLockManager] Waiting to acquire shared lock on daemon addresses registry.
2024-11-12T08:22:05.161+0200 [DEBUG] [org.gradle.cache.internal.DefaultFileLockManager] Lock acquired on daemon addresses registry.
2024-11-12T08:22:05.162+0200 [DEBUG] [org.gradle.cache.internal.DefaultFileLockManager] Releasing lock on daemon addresses registry.
2024-11-12T08:22:05.208+0200 [DEBUG] [org.gradle.cache.internal.DefaultFileLockManager] Waiting to acquire shared lock on daemon addresses registry.
2024-11-12T08:22:05.244+0200 [DEBUG] [org.gradle.process.internal.health.memory.DefaultMemoryManager] 409155993 physical memory requested, 260411392 free
2024-11-12T08:22:05.417+0200 [DEBUG] [org.gradle.cache.internal.DefaultFileLockManager] Lock acquired on daemon addresses registry.
2024-11-12T08:22:05.417+0200 [DEBUG] [org.gradle.workers.internal.WorkerDaemonExpiration] Will attempt to release 390 of memory
2024-11-12T08:22:05.417+0200 [DEBUG] [org.gradle.process.internal.health.memory.DefaultMemoryManager] 409155993 physical memory requested, 0 released, 260411392 free
2024-11-12T08:22:05.417+0200 [DEBUG] [org.gradle.cache.internal.DefaultFileLockManager] Releasing lock on daemon addresses registry.
2024-11-12T08:22:05.422+0200 [DEBUG] [org.gradle.cache.internal.DefaultFileLockManager] Waiting to acquire shared lock on daemon addresses registry.
2024-11-12T08:22:05.423+0200 [DEBUG] [org.gradle.cache.internal.DefaultFileLockManager] Lock acquired on daemon addresses registry.
2024-11-12T08:22:05.425+0200 [DEBUG] [org.gradle.cache.internal.DefaultFileLockManager] Releasing lock on daemon addresses registry.
2024-11-12T08:22:15.158+0200 [DEBUG] [org.gradle.cache.internal.DefaultFileLockManager] Waiting to acquire shared lock on daemon addresses registry.
2024-11-12T08:22:15.159+0200 [DEBUG] [org.gradle.cache.internal.DefaultFileLockManager] Lock acquired on daemon addresses registry.
2024-11-12T08:22:15.159+0200 [DEBUG] [org.gradle.cache.internal.DefaultFileLockManager] Releasing lock on daemon addresses registry.
2024-11-12T08:22:15.161+0200 [DEBUG] [org.gradle.cache.internal.DefaultFileLockManager] Waiting to acquire shared lock on daemon addresses registry.
2024-11-12T08:22:15.161+0200 [DEBUG] [org.gradle.cache.internal.DefaultFileLockManager] Lock acquired on daemon addresses registry.
2024-11-12T08:22:15.163+0200 [DEBUG] [org.gradle.cache.internal.DefaultFileLockManager] Releasing lock on daemon addresses registry.
2024-11-12T08:22:15.167+0200 [DEBUG] [org.gradle.cache.internal.DefaultFileLockManager] Waiting to acquire shared lock on daemon addresses registry.
2024-11-12T08:22:15.167+0200 [DEBUG] [org.gradle.cache.internal.DefaultFileLockManager] Lock acquired on daemon addresses registry.
2024-11-12T08:22:15.168+0200 [DEBUG] [org.gradle.cache.internal.DefaultFileLockManager] Releasing lock on daemon addresses registry.
2024-11-12T08:22:15.243+0200 [DEBUG] [org.gradle.process.internal.health.memory.DefaultMemoryManager] 409155993 physical memory requested, 325443584 free
2024-11-12T08:22:15.243+0200 [DEBUG] [org.gradle.workers.internal.WorkerDaemonExpiration] Will attempt to release 390 of memory
2024-11-12T08:22:15.243+0200 [DEBUG] [org.gradle.process.internal.health.memory.DefaultMemoryManager] 409155993 physical memory requested, 0 released, 325443584 free
2024-11-12T08:22:20.246+0200 [DEBUG] [org.gradle.process.internal.health.memory.DefaultMemoryManager] 409155993 physical memory requested, 220725248 free
2024-11-12T08:22:20.247+0200 [DEBUG] [org.gradle.workers.internal.WorkerDaemonExpiration] Will attempt to release 390 of memory
2024-11-12T08:22:20.247+0200 [DEBUG] [org.gradle.process.internal.health.memory.DefaultMemoryManager] 409155993 physical memory requested, 0 released, 220725248 free
2024-11-12T08:22:25.163+0200 [DEBUG] [org.gradle.cache.internal.DefaultFileLockManager] Waiting to acquire shared lock on daemon addresses registry.
2024-11-12T08:22:25.182+0200 [DEBUG] [org.gradle.cache.internal.DefaultFileLockManager] Lock acquired on daemon addresses registry.
2024-11-12T08:22:25.183+0200 [DEBUG] [org.gradle.cache.internal.DefaultFileLockManager] Releasing lock on daemon addresses registry.
2024-11-12T08:22:25.185+0200 [DEBUG] [org.gradle.cache.internal.DefaultFileLockManager] Waiting to acquire shared lock on daemon addresses registry.
2024-11-12T08:22:25.185+0200 [DEBUG] [org.gradle.cache.internal.DefaultFileLockManager] Lock acquired on daemon addresses registry.
2024-11-12T08:22:25.200+0200 [DEBUG] [org.gradle.cache.internal.DefaultFileLockManager] Releasing lock on daemon addresses registry.
2024-11-12T08:22:25.201+0200 [DEBUG] [org.gradle.cache.internal.DefaultFileLockManager] Waiting to acquire shared lock on daemon addresses registry.
2024-11-12T08:22:25.238+0200 [DEBUG] [org.gradle.cache.internal.DefaultFileLockManager] Lock acquired on daemon addresses registry.
2024-11-12T08:22:25.238+0200 [DEBUG] [org.gradle.cache.internal.DefaultFileLockManager] Releasing lock on daemon addresses registry.
2024-11-12T08:22:25.266+0200 [DEBUG] [org.gradle.process.internal.health.memory.DefaultMemoryManager] 409155993 physical memory requested, 352006144 free
2024-11-12T08:22:25.266+0200 [DEBUG] [org.gradle.workers.internal.WorkerDaemonExpiration] Will attempt to release 390 of memory
2024-11-12T08:22:25.266+0200 [DEBUG] [org.gradle.process.internal.health.memory.DefaultMemoryManager] 409155993 physical memory requested, 0 released, 352006144 free
2024-11-12T08:22:35.159+0200 [DEBUG] [org.gradle.cache.internal.DefaultFileLockManager] Waiting to acquire shared lock on daemon addresses registry.
2024-11-12T08:22:35.160+0200 [DEBUG] [org.gradle.cache.internal.DefaultFileLockManager] Lock acquired on daemon addresses registry.
2024-11-12T08:22:35.161+0200 [DEBUG] [org.gradle.cache.internal.DefaultFileLockManager] Releasing lock on daemon addresses registry.
2024-11-12T08:22:35.163+0200 [DEBUG] [org.gradle.cache.internal.DefaultFileLockManager] Waiting to acquire shared lock on daemon addresses registry.
2024-11-12T08:22:35.163+0200 [DEBUG] [org.gradle.cache.internal.DefaultFileLockManager] Lock acquired on daemon addresses registry.
2024-11-12T08:22:35.163+0200 [DEBUG] [org.gradle.cache.internal.DefaultFileLockManager] Releasing lock on daemon addresses registry.
2024-11-12T08:22:35.164+0200 [DEBUG] [org.gradle.cache.internal.DefaultFileLockManager] Waiting to acquire shared lock on daemon addresses registry.
2024-11-12T08:22:35.165+0200 [DEBUG] [org.gradle.cache.internal.DefaultFileLockManager] Lock acquired on daemon addresses registry.
2024-11-12T08:22:35.165+0200 [DEBUG] [org.gradle.cache.internal.DefaultFileLockManager] Releasing lock on daemon addresses registry.
2024-11-12T08:22:35.246+0200 [DEBUG] [org.gradle.process.internal.health.memory.DefaultMemoryManager] 409155993 physical memory requested, 312786944 free
2024-11-12T08:22:35.246+0200 [DEBUG] [org.gradle.workers.internal.WorkerDaemonExpiration] Will attempt to release 390 of memory
2024-11-12T08:22:35.247+0200 [DEBUG] [org.gradle.process.internal.health.memory.DefaultMemoryManager] 409155993 physical memory requested, 0 released, 312786944 free
2024-11-12T08:22:40.271+0200 [DEBUG] [org.gradle.process.internal.health.memory.DefaultMemoryManager] 409155993 physical memory requested, 292438016 free
2024-11-12T08:22:40.271+0200 [DEBUG] [org.gradle.workers.internal.WorkerDaemonExpiration] Will attempt to release 390 of memory
2024-11-12T08:22:40.271+0200 [DEBUG] [org.gradle.process.internal.health.memory.DefaultMemoryManager] 409155993 physical memory requested, 0 released, 292438016 free
2024-11-12T08:22:45.148+0200 [DEBUG] [org.gradle.cache.internal.DefaultFileLockManager] Waiting to acquire shared lock on daemon addresses registry.
2024-11-12T08:22:45.166+0200 [DEBUG] [org.gradle.cache.internal.DefaultFileLockManager] Lock acquired on daemon addresses registry.
2024-11-12T08:22:45.202+0200 [DEBUG] [org.gradle.cache.internal.DefaultFileLockManager] Releasing lock on daemon addresses registry.
2024-11-12T08:22:45.253+0200 [DEBUG] [org.gradle.cache.internal.DefaultFileLockManager] Waiting to acquire shared lock on daemon addresses registry.
2024-11-12T08:22:45.274+0200 [DEBUG] [org.gradle.cache.internal.DefaultFileLockManager] Lock acquired on daemon addresses registry.
2024-11-12T08:22:45.275+0200 [DEBUG] [org.gradle.cache.internal.DefaultFileLockManager] Releasing lock on daemon addresses registry.
2024-11-12T08:22:45.513+0200 [DEBUG] [org.gradle.cache.internal.DefaultFileLockManager] Waiting to acquire shared lock on daemon addresses registry.
2024-11-12T08:22:45.513+0200 [DEBUG] [org.gradle.cache.internal.DefaultFileLockManager] Lock acquired on daemon addresses registry.
2024-11-12T08:22:45.514+0200 [DEBUG] [org.gradle.cache.internal.DefaultFileLockManager] Releasing lock on daemon addresses registry.
2024-11-12T08:22:55.212+0200 [DEBUG] [org.gradle.cache.internal.DefaultFileLockManager] Waiting to acquire shared lock on daemon addresses registry.
2024-11-12T08:22:55.212+0200 [DEBUG] [org.gradle.cache.internal.DefaultFileLockManager] Lock acquired on daemon addresses registry.
2024-11-12T08:22:55.213+0200 [DEBUG] [org.gradle.cache.internal.DefaultFileLockManager] Releasing lock on daemon addresses registry.
2024-11-12T08:22:55.231+0200 [DEBUG] [org.gradle.cache.internal.DefaultFileLockManager] Waiting to acquire shared lock on daemon addresses registry.
2024-11-12T08:22:55.231+0200 [DEBUG] [org.gradle.cache.internal.DefaultFileLockManager] Lock acquired on daemon addresses registry.
2024-11-12T08:22:55.249+0200 [DEBUG] [org.gradle.cache.internal.DefaultFileLockManager] Releasing lock on daemon addresses registry.
2024-11-12T08:22:55.250+0200 [DEBUG] [org.gradle.cache.internal.DefaultFileLockManager] Waiting to acquire shared lock on daemon addresses registry.
2024-11-12T08:22:55.251+0200 [DEBUG] [org.gradle.cache.internal.DefaultFileLockManager] Lock acquired on daemon addresses registry.
2024-11-12T08:22:55.251+0200 [DEBUG] [org.gradle.cache.internal.DefaultFileLockManager] Releasing lock on daemon addresses registry.
2024-11-12T08:23:00.242+0200 [DEBUG] [org.gradle.process.internal.health.memory.DefaultMemoryManager] 409155993 physical memory requested, 368562176 free
2024-11-12T08:23:00.242+0200 [DEBUG] [org.gradle.workers.internal.WorkerDaemonExpiration] Will attempt to release 390 of memory
2024-11-12T08:23:00.243+0200 [DEBUG] [org.gradle.process.internal.health.memory.DefaultMemoryManager] 409155993 physical memory requested, 0 released, 368562176 free
2024-11-12T08:23:05.161+0200 [DEBUG] [org.gradle.cache.internal.DefaultFileLockManager] Waiting to acquire shared lock on daemon addresses registry.
2024-11-12T08:23:05.163+0200 [DEBUG] [org.gradle.cache.internal.DefaultFileLockManager] Lock acquired on daemon addresses registry.
2024-11-12T08:23:05.164+0200 [DEBUG] [org.gradle.cache.internal.DefaultFileLockManager] Releasing lock on daemon addresses registry.
2024-11-12T08:23:05.169+0200 [DEBUG] [org.gradle.cache.internal.DefaultFileLockManager] Waiting to acquire shared lock on daemon addresses registry.
2024-11-12T08:23:05.169+0200 [DEBUG] [org.gradle.cache.internal.DefaultFileLockManager] Lock acquired on daemon addresses registry.
2024-11-12T08:23:05.170+0200 [DEBUG] [org.gradle.cache.internal.DefaultFileLockManager] Releasing lock on daemon addresses registry.
2024-11-12T08:23:05.171+0200 [DEBUG] [org.gradle.cache.internal.DefaultFileLockManager] Waiting to acquire shared lock on daemon addresses registry.
2024-11-12T08:23:05.171+0200 [DEBUG] [org.gradle.cache.internal.DefaultFileLockManager] Lock acquired on daemon addresses registry.
2024-11-12T08:23:05.172+0200 [DEBUG] [org.gradle.cache.internal.DefaultFileLockManager] Releasing lock on daemon addresses registry.
2024-11-12T08:23:05.245+0200 [DEBUG] [org.gradle.process.internal.health.memory.DefaultMemoryManager] 409155993 physical memory requested, 285356032 free
2024-11-12T08:23:05.246+0200 [DEBUG] [org.gradle.workers.internal.WorkerDaemonExpiration] Will attempt to release 390 of memory
2024-11-12T08:23:05.246+0200 [DEBUG] [org.gradle.process.internal.health.memory.DefaultMemoryManager] 409155993 physical memory requested, 0 released, 285356032 free
2024-11-12T08:23:15.157+0200 [DEBUG] [org.gradle.cache.internal.DefaultFileLockManager] Waiting to acquire shared lock on daemon addresses registry.
2024-11-12T08:23:15.159+0200 [DEBUG] [org.gradle.cache.internal.DefaultFileLockManager] Lock acquired on daemon addresses registry.
2024-11-12T08:23:15.160+0200 [DEBUG] [org.gradle.cache.internal.DefaultFileLockManager] Releasing lock on daemon addresses registry.
2024-11-12T08:23:15.165+0200 [DEBUG] [org.gradle.cache.internal.DefaultFileLockManager] Waiting to acquire shared lock on daemon addresses registry.
2024-11-12T08:23:15.165+0200 [DEBUG] [org.gradle.cache.internal.DefaultFileLockManager] Lock acquired on daemon addresses registry.
2024-11-12T08:23:15.166+0200 [DEBUG] [org.gradle.cache.internal.DefaultFileLockManager] Releasing lock on daemon addresses registry.
2024-11-12T08:23:15.169+0200 [DEBUG] [org.gradle.cache.internal.DefaultFileLockManager] Waiting to acquire shared lock on daemon addresses registry.
2024-11-12T08:23:15.169+0200 [DEBUG] [org.gradle.cache.internal.DefaultFileLockManager] Lock acquired on daemon addresses registry.
2024-11-12T08:23:15.171+0200 [DEBUG] [org.gradle.cache.internal.DefaultFileLockManager] Releasing lock on daemon addresses registry.
2024-11-12T08:23:25.153+0200 [DEBUG] [org.gradle.cache.internal.DefaultFileLockManager] Waiting to acquire shared lock on daemon addresses registry.
2024-11-12T08:23:25.154+0200 [DEBUG] [org.gradle.cache.internal.DefaultFileLockManager] Lock acquired on daemon addresses registry.
2024-11-12T08:23:25.156+0200 [DEBUG] [org.gradle.cache.internal.DefaultFileLockManager] Releasing lock on daemon addresses registry.
2024-11-12T08:23:25.159+0200 [DEBUG] [org.gradle.cache.internal.DefaultFileLockManager] Waiting to acquire shared lock on daemon addresses registry.
2024-11-12T08:23:25.160+0200 [DEBUG] [org.gradle.cache.internal.DefaultFileLockManager] Lock acquired on daemon addresses registry.
2024-11-12T08:23:25.160+0200 [DEBUG] [org.gradle.cache.internal.DefaultFileLockManager] Releasing lock on daemon addresses registry.
2024-11-12T08:23:25.164+0200 [DEBUG] [org.gradle.cache.internal.DefaultFileLockManager] Waiting to acquire shared lock on daemon addresses registry.
2024-11-12T08:23:25.164+0200 [DEBUG] [org.gradle.cache.internal.DefaultFileLockManager] Lock acquired on daemon addresses registry.
2024-11-12T08:23:25.164+0200 [DEBUG] [org.gradle.cache.internal.DefaultFileLockManager] Releasing lock on daemon addresses registry.
2024-11-12T08:23:25.300+0200 [DEBUG] [org.gradle.process.internal.health.memory.DefaultMemoryManager] 409155993 physical memory requested, 226283520 free
2024-11-12T08:23:25.302+0200 [DEBUG] [org.gradle.workers.internal.WorkerDaemonExpiration] Will attempt to release 390 of memory
2024-11-12T08:23:25.361+0200 [DEBUG] [org.gradle.process.internal.health.memory.DefaultMemoryManager] 409155993 physical memory requested, 0 released, 226283520 free
2024-11-12T08:23:35.151+0200 [DEBUG] [org.gradle.cache.internal.DefaultFileLockManager] Waiting to acquire shared lock on daemon addresses registry.
2024-11-12T08:23:35.152+0200 [DEBUG] [org.gradle.cache.internal.DefaultFileLockManager] Lock acquired on daemon addresses registry.
2024-11-12T08:23:35.153+0200 [DEBUG] [org.gradle.cache.internal.DefaultFileLockManager] Releasing lock on daemon addresses registry.
2024-11-12T08:23:35.155+0200 [DEBUG] [org.gradle.cache.internal.DefaultFileLockManager] Waiting to acquire shared lock on daemon addresses registry.
2024-11-12T08:23:35.155+0200 [DEBUG] [org.gradle.cache.internal.DefaultFileLockManager] Lock acquired on daemon addresses registry.
2024-11-12T08:23:35.155+0200 [DEBUG] [org.gradle.cache.internal.DefaultFileLockManager] Releasing lock on daemon addresses registry.
2024-11-12T08:23:35.157+0200 [DEBUG] [org.gradle.cache.internal.DefaultFileLockManager] Waiting to acquire shared lock on daemon addresses registry.
2024-11-12T08:23:35.158+0200 [DEBUG] [org.gradle.cache.internal.DefaultFileLockManager] Lock acquired on daemon addresses registry.
2024-11-12T08:23:35.158+0200 [DEBUG] [org.gradle.cache.internal.DefaultFileLockManager] Releasing lock on daemon addresses registry.
2024-11-12T08:23:40.292+0200 [DEBUG] [org.gradle.process.internal.health.memory.DefaultMemoryManager] 409155993 physical memory requested, 225562624 free
2024-11-12T08:23:40.292+0200 [DEBUG] [org.gradle.workers.internal.WorkerDaemonExpiration] Will attempt to release 390 of memory
2024-11-12T08:23:40.292+0200 [DEBUG] [org.gradle.process.internal.health.memory.DefaultMemoryManager] 409155993 physical memory requested, 0 released, 225562624 free
2024-11-12T08:23:45.154+0200 [DEBUG] [org.gradle.cache.internal.DefaultFileLockManager] Waiting to acquire shared lock on daemon addresses registry.
2024-11-12T08:23:45.157+0200 [DEBUG] [org.gradle.cache.internal.DefaultFileLockManager] Lock acquired on daemon addresses registry.
2024-11-12T08:23:45.162+0200 [DEBUG] [org.gradle.cache.internal.DefaultFileLockManager] Releasing lock on daemon addresses registry.
2024-11-12T08:23:45.164+0200 [DEBUG] [org.gradle.cache.internal.DefaultFileLockManager] Waiting to acquire shared lock on daemon addresses registry.
2024-11-12T08:23:45.164+0200 [DEBUG] [org.gradle.cache.internal.DefaultFileLockManager] Lock acquired on daemon addresses registry.
2024-11-12T08:23:45.165+0200 [DEBUG] [org.gradle.cache.internal.DefaultFileLockManager] Releasing lock on daemon addresses registry.
2024-11-12T08:23:45.166+0200 [DEBUG] [org.gradle.cache.internal.DefaultFileLockManager] Waiting to acquire shared lock on daemon addresses registry.
2024-11-12T08:23:45.166+0200 [DEBUG] [org.gradle.cache.internal.DefaultFileLockManager] Lock acquired on daemon addresses registry.
2024-11-12T08:23:45.166+0200 [DEBUG] [org.gradle.cache.internal.DefaultFileLockManager] Releasing lock on daemon addresses registry.
2024-11-12T08:23:55.153+0200 [DEBUG] [org.gradle.cache.internal.DefaultFileLockManager] Waiting to acquire shared lock on daemon addresses registry.
2024-11-12T08:23:55.154+0200 [DEBUG] [org.gradle.cache.internal.DefaultFileLockManager] Lock acquired on daemon addresses registry.
2024-11-12T08:23:55.155+0200 [DEBUG] [org.gradle.cache.internal.DefaultFileLockManager] Releasing lock on daemon addresses registry.
2024-11-12T08:23:55.161+0200 [DEBUG] [org.gradle.cache.internal.DefaultFileLockManager] Waiting to acquire shared lock on daemon addresses registry.
2024-11-12T08:23:55.161+0200 [DEBUG] [org.gradle.cache.internal.DefaultFileLockManager] Lock acquired on daemon addresses registry.
2024-11-12T08:23:55.162+0200 [DEBUG] [org.gradle.cache.internal.DefaultFileLockManager] Releasing lock on daemon addresses registry.
2024-11-12T08:23:55.165+0200 [DEBUG] [org.gradle.cache.internal.DefaultFileLockManager] Waiting to acquire shared lock on daemon addresses registry.
2024-11-12T08:23:55.166+0200 [DEBUG] [org.gradle.cache.internal.DefaultFileLockManager] Lock acquired on daemon addresses registry.
2024-11-12T08:23:55.167+0200 [DEBUG] [org.gradle.cache.internal.DefaultFileLockManager] Releasing lock on daemon addresses registry.
2024-11-12T08:24:00.428+0200 [DEBUG] [org.gradle.process.internal.health.memory.DefaultMemoryManager] 409155993 physical memory requested, 296095744 free
2024-11-12T08:24:00.436+0200 [DEBUG] [org.gradle.workers.internal.WorkerDaemonExpiration] Will attempt to release 390 of memory
2024-11-12T08:24:00.437+0200 [DEBUG] [org.gradle.process.internal.health.memory.DefaultMemoryManager] 409155993 physical memory requested, 0 released, 296095744 free
2024-11-12T08:24:05.246+0200 [DEBUG] [org.gradle.cache.internal.DefaultFileLockManager] Waiting to acquire shared lock on daemon addresses registry.
2024-11-12T08:24:05.246+0200 [DEBUG] [org.gradle.cache.internal.DefaultFileLockManager] Lock acquired on daemon addresses registry.
2024-11-12T08:24:05.247+0200 [DEBUG] [org.gradle.cache.internal.DefaultFileLockManager] Releasing lock on daemon addresses registry.
2024-11-12T08:24:05.259+0200 [DEBUG] [org.gradle.cache.internal.DefaultFileLockManager] Waiting to acquire shared lock on daemon addresses registry.
2024-11-12T08:24:05.262+0200 [DEBUG] [org.gradle.cache.internal.DefaultFileLockManager] Lock acquired on daemon addresses registry.
2024-11-12T08:24:05.264+0200 [DEBUG] [org.gradle.cache.internal.DefaultFileLockManager] Releasing lock on daemon addresses registry.
2024-11-12T08:24:05.266+0200 [DEBUG] [org.gradle.cache.internal.DefaultFileLockManager] Waiting to acquire shared lock on daemon addresses registry.
2024-11-12T08:24:05.267+0200 [DEBUG] [org.gradle.cache.internal.DefaultFileLockManager] Lock acquired on daemon addresses registry.
2024-11-12T08:24:05.268+0200 [DEBUG] [org.gradle.cache.internal.DefaultFileLockManager] Releasing lock on daemon addresses registry.
2024-11-12T08:24:05.284+0200 [DEBUG] [org.gradle.process.internal.health.memory.DefaultMemoryManager] 409155993 physical memory requested, 347357184 free
2024-11-12T08:24:05.284+0200 [DEBUG] [org.gradle.workers.internal.WorkerDaemonExpiration] Will attempt to release 390 of memory
2024-11-12T08:24:05.284+0200 [DEBUG] [org.gradle.process.internal.health.memory.DefaultMemoryManager] 409155993 physical memory requested, 0 released, 347357184 free
2024-11-12T08:24:10.247+0200 [DEBUG] [org.gradle.process.internal.health.memory.DefaultMemoryManager] 409155993 physical memory requested, 286003200 free
2024-11-12T08:24:10.259+0200 [DEBUG] [org.gradle.workers.internal.WorkerDaemonExpiration] Will attempt to release 390 of memory
2024-11-12T08:24:10.259+0200 [DEBUG] [org.gradle.process.internal.health.memory.DefaultMemoryManager] 409155993 physical memory requested, 0 released, 286003200 free
2024-11-12T08:24:15.248+0200 [DEBUG] [org.gradle.cache.internal.DefaultFileLockManager] Waiting to acquire shared lock on daemon addresses registry.
2024-11-12T08:24:15.248+0200 [DEBUG] [org.gradle.cache.internal.DefaultFileLockManager] Lock acquired on daemon addresses registry.
2024-11-12T08:24:15.265+0200 [DEBUG] [org.gradle.cache.internal.DefaultFileLockManager] Releasing lock on daemon addresses registry.
2024-11-12T08:24:15.349+0200 [DEBUG] [org.gradle.cache.internal.DefaultFileLockManager] Waiting to acquire shared lock on daemon addresses registry.
2024-11-12T08:24:15.363+0200 [DEBUG] [org.gradle.cache.internal.DefaultFileLockManager] Lock acquired on daemon addresses registry.
2024-11-12T08:24:15.364+0200 [DEBUG] [org.gradle.cache.internal.DefaultFileLockManager] Releasing lock on daemon addresses registry.
2024-11-12T08:24:15.407+0200 [DEBUG] [org.gradle.cache.internal.DefaultFileLockManager] Waiting to acquire shared lock on daemon addresses registry.
2024-11-12T08:24:15.408+0200 [DEBUG] [org.gradle.cache.internal.DefaultFileLockManager] Lock acquired on daemon addresses registry.
2024-11-12T08:24:15.410+0200 [DEBUG] [org.gradle.cache.internal.DefaultFileLockManager] Releasing lock on daemon addresses registry.
2024-11-12T08:24:25.160+0200 [DEBUG] [org.gradle.cache.internal.DefaultFileLockManager] Waiting to acquire shared lock on daemon addresses registry.
2024-11-12T08:24:25.161+0200 [DEBUG] [org.gradle.cache.internal.DefaultFileLockManager] Lock acquired on daemon addresses registry.
2024-11-12T08:24:25.162+0200 [DEBUG] [org.gradle.cache.internal.DefaultFileLockManager] Releasing lock on daemon addresses registry.
2024-11-12T08:24:25.165+0200 [DEBUG] [org.gradle.cache.internal.DefaultFileLockManager] Waiting to acquire shared lock on daemon addresses registry.
2024-11-12T08:24:25.165+0200 [DEBUG] [org.gradle.cache.internal.DefaultFileLockManager] Lock acquired on daemon addresses registry.
2024-11-12T08:24:25.167+0200 [DEBUG] [org.gradle.cache.internal.DefaultFileLockManager] Releasing lock on daemon addresses registry.
2024-11-12T08:24:25.169+0200 [DEBUG] [org.gradle.cache.internal.DefaultFileLockManager] Waiting to acquire shared lock on daemon addresses registry.
2024-11-12T08:24:25.169+0200 [DEBUG] [org.gradle.cache.internal.DefaultFileLockManager] Lock acquired on daemon addresses registry.
2024-11-12T08:24:25.174+0200 [DEBUG] [org.gradle.cache.internal.DefaultFileLockManager] Releasing lock on daemon addresses registry.
2024-11-12T08:24:30.361+0200 [DEBUG] [org.gradle.process.internal.health.memory.DefaultMemoryManager] 409155993 physical memory requested, 289021952 free
2024-11-12T08:24:30.362+0200 [DEBUG] [org.gradle.workers.internal.WorkerDaemonExpiration] Will attempt to release 390 of memory
2024-11-12T08:24:30.376+0200 [DEBUG] [org.gradle.process.internal.health.memory.DefaultMemoryManager] 409155993 physical memory requested, 0 released, 289021952 free
2024-11-12T08:24:35.181+0200 [DEBUG] [org.gradle.cache.internal.DefaultFileLockManager] Waiting to acquire shared lock on daemon addresses registry.
2024-11-12T08:24:35.181+0200 [DEBUG] [org.gradle.cache.internal.DefaultFileLockManager] Lock acquired on daemon addresses registry.
2024-11-12T08:24:35.184+0200 [DEBUG] [org.gradle.cache.internal.DefaultFileLockManager] Releasing lock on daemon addresses registry.
2024-11-12T08:24:35.233+0200 [DEBUG] [org.gradle.cache.internal.DefaultFileLockManager] Waiting to acquire shared lock on daemon addresses registry.
2024-11-12T08:24:35.233+0200 [DEBUG] [org.gradle.cache.internal.DefaultFileLockManager] Lock acquired on daemon addresses registry.
2024-11-12T08:24:35.234+0200 [DEBUG] [org.gradle.cache.internal.DefaultFileLockManager] Releasing lock on daemon addresses registry.
2024-11-12T08:24:35.235+0200 [DEBUG] [org.gradle.cache.internal.DefaultFileLockManager] Waiting to acquire shared lock on daemon addresses registry.
2024-11-12T08:24:35.236+0200 [DEBUG] [org.gradle.cache.internal.DefaultFileLockManager] Lock acquired on daemon addresses registry.
2024-11-12T08:24:35.237+0200 [DEBUG] [org.gradle.cache.internal.DefaultFileLockManager] Releasing lock on daemon addresses registry.
2024-11-12T08:24:35.322+0200 [DEBUG] [org.gradle.process.internal.health.memory.DefaultMemoryManager] 409155993 physical memory requested, 366465024 free
2024-11-12T08:24:35.324+0200 [DEBUG] [org.gradle.workers.internal.WorkerDaemonExpiration] Will attempt to release 390 of memory
2024-11-12T08:24:35.324+0200 [DEBUG] [org.gradle.process.internal.health.memory.DefaultMemoryManager] 409155993 physical memory requested, 0 released, 366465024 free
2024-11-12T08:24:40.324+0200 [DEBUG] [org.gradle.process.internal.health.memory.DefaultMemoryManager] 409155993 physical memory requested, 316841984 free
2024-11-12T08:24:40.328+0200 [DEBUG] [org.gradle.workers.internal.WorkerDaemonExpiration] Will attempt to release 390 of memory
2024-11-12T08:24:40.329+0200 [DEBUG] [org.gradle.process.internal.health.memory.DefaultMemoryManager] 409155993 physical memory requested, 0 released, 316841984 free
2024-11-12T08:24:45.148+0200 [DEBUG] [org.gradle.cache.internal.DefaultFileLockManager] Waiting to acquire shared lock on daemon addresses registry.
2024-11-12T08:24:45.149+0200 [DEBUG] [org.gradle.cache.internal.DefaultFileLockManager] Lock acquired on daemon addresses registry.
2024-11-12T08:24:45.150+0200 [DEBUG] [org.gradle.cache.internal.DefaultFileLockManager] Releasing lock on daemon addresses registry.
2024-11-12T08:24:45.152+0200 [DEBUG] [org.gradle.cache.internal.DefaultFileLockManager] Waiting to acquire shared lock on daemon addresses registry.
2024-11-12T08:24:45.152+0200 [DEBUG] [org.gradle.cache.internal.DefaultFileLockManager] Lock acquired on daemon addresses registry.
2024-11-12T08:24:45.154+0200 [DEBUG] [org.gradle.cache.internal.DefaultFileLockManager] Releasing lock on daemon addresses registry.
2024-11-12T08:24:45.155+0200 [DEBUG] [org.gradle.cache.internal.DefaultFileLockManager] Waiting to acquire shared lock on daemon addresses registry.
2024-11-12T08:24:45.156+0200 [DEBUG] [org.gradle.cache.internal.DefaultFileLockManager] Lock acquired on daemon addresses registry.
2024-11-12T08:24:45.157+0200 [DEBUG] [org.gradle.cache.internal.DefaultFileLockManager] Releasing lock on daemon addresses registry.
2024-11-12T08:24:55.160+0200 [DEBUG] [org.gradle.cache.internal.DefaultFileLockManager] Waiting to acquire shared lock on daemon addresses registry.
2024-11-12T08:24:55.161+0200 [DEBUG] [org.gradle.cache.internal.DefaultFileLockManager] Lock acquired on daemon addresses registry.
2024-11-12T08:24:55.184+0200 [DEBUG] [org.gradle.cache.internal.DefaultFileLockManager] Releasing lock on daemon addresses registry.
2024-11-12T08:24:55.189+0200 [DEBUG] [org.gradle.cache.internal.DefaultFileLockManager] Waiting to acquire shared lock on daemon addresses registry.
2024-11-12T08:24:55.189+0200 [DEBUG] [org.gradle.cache.internal.DefaultFileLockManager] Lock acquired on daemon addresses registry.
2024-11-12T08:24:55.189+0200 [DEBUG] [org.gradle.cache.internal.DefaultFileLockManager] Releasing lock on daemon addresses registry.
2024-11-12T08:24:55.190+0200 [DEBUG] [org.gradle.cache.internal.DefaultFileLockManager] Waiting to acquire shared lock on daemon addresses registry.
2024-11-12T08:24:55.191+0200 [DEBUG] [org.gradle.cache.internal.DefaultFileLockManager] Lock acquired on daemon addresses registry.
2024-11-12T08:24:55.191+0200 [DEBUG] [org.gradle.cache.internal.DefaultFileLockManager] Releasing lock on daemon addresses registry.
2024-11-12T08:25:05.154+0200 [DEBUG] [org.gradle.cache.internal.DefaultFileLockManager] Waiting to acquire shared lock on daemon addresses registry.
2024-11-12T08:25:05.155+0200 [DEBUG] [org.gradle.cache.internal.DefaultFileLockManager] Lock acquired on daemon addresses registry.
2024-11-12T08:25:05.156+0200 [DEBUG] [org.gradle.cache.internal.DefaultFileLockManager] Releasing lock on daemon addresses registry.
2024-11-12T08:25:05.158+0200 [DEBUG] [org.gradle.cache.internal.DefaultFileLockManager] Waiting to acquire shared lock on daemon addresses registry.
2024-11-12T08:25:05.158+0200 [DEBUG] [org.gradle.cache.internal.DefaultFileLockManager] Lock acquired on daemon addresses registry.
2024-11-12T08:25:05.159+0200 [DEBUG] [org.gradle.cache.internal.DefaultFileLockManager] Releasing lock on daemon addresses registry.
2024-11-12T08:25:05.162+0200 [DEBUG] [org.gradle.cache.internal.DefaultFileLockManager] Waiting to acquire shared lock on daemon addresses registry.
2024-11-12T08:25:05.163+0200 [DEBUG] [org.gradle.cache.internal.DefaultFileLockManager] Lock acquired on daemon addresses registry.
2024-11-12T08:25:05.163+0200 [DEBUG] [org.gradle.cache.internal.DefaultFileLockManager] Releasing lock on daemon addresses registry.
2024-11-12T08:25:05.319+0200 [DEBUG] [org.gradle.process.internal.health.memory.DefaultMemoryManager] 409155993 physical memory requested, 391471104 free
2024-11-12T08:25:05.320+0200 [DEBUG] [org.gradle.workers.internal.WorkerDaemonExpiration] Will attempt to release 390 of memory
2024-11-12T08:25:05.320+0200 [DEBUG] [org.gradle.process.internal.health.memory.DefaultMemoryManager] 409155993 physical memory requested, 0 released, 391471104 free
2024-11-12T08:25:10.747+0200 [DEBUG] [org.gradle.process.internal.health.memory.DefaultMemoryManager] 409155993 physical memory requested, 222117888 free
2024-11-12T08:25:10.747+0200 [DEBUG] [org.gradle.workers.internal.WorkerDaemonExpiration] Will attempt to release 390 of memory
2024-11-12T08:25:10.747+0200 [DEBUG] [org.gradle.process.internal.health.memory.DefaultMemoryManager] 409155993 physical memory requested, 0 released, 222117888 free
2024-11-12T08:25:15.282+0200 [DEBUG] [org.gradle.cache.internal.DefaultFileLockManager] Waiting to acquire shared lock on daemon addresses registry.
2024-11-12T08:25:15.283+0200 [DEBUG] [org.gradle.cache.internal.DefaultFileLockManager] Lock acquired on daemon addresses registry.
2024-11-12T08:25:15.286+0200 [DEBUG] [org.gradle.cache.internal.DefaultFileLockManager] Releasing lock on daemon addresses registry.
2024-11-12T08:25:15.347+0200 [DEBUG] [org.gradle.cache.internal.DefaultFileLockManager] Waiting to acquire shared lock on daemon addresses registry.
2024-11-12T08:25:15.349+0200 [DEBUG] [org.gradle.cache.internal.DefaultFileLockManager] Lock acquired on daemon addresses registry.
2024-11-12T08:25:15.354+0200 [DEBUG] [org.gradle.cache.internal.DefaultFileLockManager] Releasing lock on daemon addresses registry.
2024-11-12T08:25:15.370+0200 [DEBUG] [org.gradle.cache.internal.DefaultFileLockManager] Waiting to acquire shared lock on daemon addresses registry.
2024-11-12T08:25:15.371+0200 [DEBUG] [org.gradle.cache.internal.DefaultFileLockManager] Lock acquired on daemon addresses registry.
2024-11-12T08:25:15.371+0200 [DEBUG] [org.gradle.cache.internal.DefaultFileLockManager] Releasing lock on daemon addresses registry.
2024-11-12T08:25:15.413+0200 [DEBUG] [org.gradle.process.internal.health.memory.DefaultMemoryManager] 409155993 physical memory requested, 189116416 free
2024-11-12T08:25:15.419+0200 [DEBUG] [org.gradle.workers.internal.WorkerDaemonExpiration] Will attempt to release 390 of memory
2024-11-12T08:25:15.419+0200 [DEBUG] [org.gradle.process.internal.health.memory.DefaultMemoryManager] 409155993 physical memory requested, 0 released, 189116416 free
2024-11-12T08:25:20.593+0200 [DEBUG] [org.gradle.process.internal.health.memory.DefaultMemoryManager] 409155993 physical memory requested, 354361344 free
2024-11-12T08:25:20.611+0200 [DEBUG] [org.gradle.workers.internal.WorkerDaemonExpiration] Will attempt to release 390 of memory
2024-11-12T08:25:20.839+0200 [DEBUG] [org.gradle.process.internal.health.memory.DefaultMemoryManager] 409155993 physical memory requested, 0 released, 354361344 free
2024-11-12T08:25:25.262+0200 [DEBUG] [org.gradle.process.internal.health.memory.DefaultMemoryManager] 409155993 physical memory requested, 359952384 free
2024-11-12T08:25:25.263+0200 [DEBUG] [org.gradle.workers.internal.WorkerDaemonExpiration] Will attempt to release 390 of memory
2024-11-12T08:25:25.263+0200 [DEBUG] [org.gradle.process.internal.health.memory.DefaultMemoryManager] 409155993 physical memory requested, 0 released, 359952384 free
2024-11-12T08:25:25.305+0200 [DEBUG] [org.gradle.cache.internal.DefaultFileLockManager] Waiting to acquire shared lock on daemon addresses registry.
2024-11-12T08:25:25.305+0200 [DEBUG] [org.gradle.cache.internal.DefaultFileLockManager] Lock acquired on daemon addresses registry.
2024-11-12T08:25:25.323+0200 [DEBUG] [org.gradle.cache.internal.DefaultFileLockManager] Releasing lock on daemon addresses registry.
2024-11-12T08:25:25.328+0200 [DEBUG] [org.gradle.cache.internal.DefaultFileLockManager] Waiting to acquire shared lock on daemon addresses registry.
2024-11-12T08:25:25.328+0200 [DEBUG] [org.gradle.cache.internal.DefaultFileLockManager] Lock acquired on daemon addresses registry.
2024-11-12T08:25:25.329+0200 [DEBUG] [org.gradle.cache.internal.DefaultFileLockManager] Releasing lock on daemon addresses registry.
2024-11-12T08:25:25.370+0200 [DEBUG] [org.gradle.cache.internal.DefaultFileLockManager] Waiting to acquire shared lock on daemon addresses registry.
2024-11-12T08:25:25.371+0200 [DEBUG] [org.gradle.cache.internal.DefaultFileLockManager] Lock acquired on daemon addresses registry.
2024-11-12T08:25:25.433+0200 [DEBUG] [org.gradle.cache.internal.DefaultFileLockManager] Releasing lock on daemon addresses registry.
2024-11-12T08:25:30.255+0200 [DEBUG] [org.gradle.process.internal.health.memory.DefaultMemoryManager] 409155993 physical memory requested, 303972352 free
2024-11-12T08:25:30.255+0200 [DEBUG] [org.gradle.workers.internal.WorkerDaemonExpiration] Will attempt to release 390 of memory
2024-11-12T08:25:30.255+0200 [DEBUG] [org.gradle.process.internal.health.memory.DefaultMemoryManager] 409155993 physical memory requested, 0 released, 303972352 free
2024-11-12T08:25:35.399+0200 [DEBUG] [org.gradle.cache.internal.DefaultFileLockManager] Waiting to acquire shared lock on daemon addresses registry.
2024-11-12T08:25:35.589+0200 [DEBUG] [org.gradle.cache.internal.DefaultFileLockManager] Lock acquired on daemon addresses registry.
2024-11-12T08:25:35.411+0200 [DEBUG] [org.gradle.process.internal.health.memory.DefaultMemoryManager] 409155993 physical memory requested, 266428416 free
2024-11-12T08:25:35.619+0200 [DEBUG] [org.gradle.cache.internal.DefaultFileLockManager] Releasing lock on daemon addresses registry.
2024-11-12T08:25:35.622+0200 [DEBUG] [org.gradle.workers.internal.WorkerDaemonExpiration] Will attempt to release 390 of memory
2024-11-12T08:25:35.624+0200 [DEBUG] [org.gradle.process.internal.health.memory.DefaultMemoryManager] 409155993 physical memory requested, 0 released, 266428416 free
2024-11-12T08:25:35.784+0200 [DEBUG] [org.gradle.cache.internal.DefaultFileLockManager] Waiting to acquire shared lock on daemon addresses registry.
2024-11-12T08:25:36.069+0200 [DEBUG] [org.gradle.cache.internal.DefaultFileLockManager] Lock acquired on daemon addresses registry.
2024-11-12T08:25:36.178+0200 [DEBUG] [org.gradle.cache.internal.DefaultFileLockManager] Releasing lock on daemon addresses registry.
2024-11-12T08:25:36.188+0200 [DEBUG] [org.gradle.cache.internal.DefaultFileLockManager] Waiting to acquire shared lock on daemon addresses registry.
2024-11-12T08:25:36.189+0200 [DEBUG] [org.gradle.cache.internal.DefaultFileLockManager] Lock acquired on daemon addresses registry.
2024-11-12T08:25:36.199+0200 [DEBUG] [org.gradle.cache.internal.DefaultFileLockManager] Releasing lock on daemon addresses registry.
2024-11-12T08:25:40.251+0200 [DEBUG] [org.gradle.process.internal.health.memory.DefaultMemoryManager] 409155993 physical memory requested, 354807808 free
2024-11-12T08:25:40.252+0200 [DEBUG] [org.gradle.workers.internal.WorkerDaemonExpiration] Will attempt to release 390 of memory
2024-11-12T08:25:40.253+0200 [DEBUG] [org.gradle.process.internal.health.memory.DefaultMemoryManager] 409155993 physical memory requested, 0 released, 354807808 free
2024-11-12T08:25:45.163+0200 [DEBUG] [org.gradle.cache.internal.DefaultFileLockManager] Waiting to acquire shared lock on daemon addresses registry.
2024-11-12T08:25:45.163+0200 [DEBUG] [org.gradle.cache.internal.DefaultFileLockManager] Lock acquired on daemon addresses registry.
2024-11-12T08:25:45.164+0200 [DEBUG] [org.gradle.cache.internal.DefaultFileLockManager] Releasing lock on daemon addresses registry.
2024-11-12T08:25:45.167+0200 [DEBUG] [org.gradle.cache.internal.DefaultFileLockManager] Waiting to acquire shared lock on daemon addresses registry.
2024-11-12T08:25:45.169+0200 [DEBUG] [org.gradle.cache.internal.DefaultFileLockManager] Lock acquired on daemon addresses registry.
2024-11-12T08:25:45.169+0200 [DEBUG] [org.gradle.cache.internal.DefaultFileLockManager] Releasing lock on daemon addresses registry.
2024-11-12T08:25:45.172+0200 [DEBUG] [org.gradle.cache.internal.DefaultFileLockManager] Waiting to acquire shared lock on daemon addresses registry.
2024-11-12T08:25:45.173+0200 [DEBUG] [org.gradle.cache.internal.DefaultFileLockManager] Lock acquired on daemon addresses registry.
2024-11-12T08:25:45.174+0200 [DEBUG] [org.gradle.cache.internal.DefaultFileLockManager] Releasing lock on daemon addresses registry.
2024-11-12T08:25:50.240+0200 [DEBUG] [org.gradle.process.internal.health.memory.DefaultMemoryManager] 409155993 physical memory requested, 393703424 free
2024-11-12T08:25:50.241+0200 [DEBUG] [org.gradle.workers.internal.WorkerDaemonExpiration] Will attempt to release 390 of memory
2024-11-12T08:25:50.241+0200 [DEBUG] [org.gradle.process.internal.health.memory.DefaultMemoryManager] 409155993 physical memory requested, 0 released, 393703424 free
2024-11-12T08:25:55.348+0200 [DEBUG] [org.gradle.cache.internal.DefaultFileLockManager] Waiting to acquire shared lock on daemon addresses registry.
2024-11-12T08:25:55.350+0200 [DEBUG] [org.gradle.cache.internal.DefaultFileLockManager] Lock acquired on daemon addresses registry.
2024-11-12T08:25:55.354+0200 [DEBUG] [org.gradle.cache.internal.DefaultFileLockManager] Releasing lock on daemon addresses registry.
2024-11-12T08:25:55.361+0200 [DEBUG] [org.gradle.cache.internal.DefaultFileLockManager] Waiting to acquire shared lock on daemon addresses registry.
2024-11-12T08:25:55.361+0200 [DEBUG] [org.gradle.process.internal.health.memory.DefaultMemoryManager] 409155993 physical memory requested, 247377920 free
2024-11-12T08:25:55.362+0200 [DEBUG] [org.gradle.workers.internal.WorkerDaemonExpiration] Will attempt to release 390 of memory
2024-11-12T08:25:55.362+0200 [DEBUG] [org.gradle.process.internal.health.memory.DefaultMemoryManager] 409155993 physical memory requested, 0 released, 247377920 free
2024-11-12T08:25:55.363+0200 [DEBUG] [org.gradle.cache.internal.DefaultFileLockManager] Lock acquired on daemon addresses registry.
2024-11-12T08:25:55.363+0200 [DEBUG] [org.gradle.cache.internal.DefaultFileLockManager] Releasing lock on daemon addresses registry.
2024-11-12T08:25:55.365+0200 [DEBUG] [org.gradle.cache.internal.DefaultFileLockManager] Waiting to acquire shared lock on daemon addresses registry.
2024-11-12T08:25:55.365+0200 [DEBUG] [org.gradle.cache.internal.DefaultFileLockManager] Lock acquired on daemon addresses registry.
2024-11-12T08:25:55.367+0200 [DEBUG] [org.gradle.cache.internal.DefaultFileLockManager] Releasing lock on daemon addresses registry.
2024-11-12T08:26:00.280+0200 [DEBUG] [org.gradle.process.internal.health.memory.DefaultMemoryManager] 409155993 physical memory requested, 344764416 free
2024-11-12T08:26:00.281+0200 [DEBUG] [org.gradle.workers.internal.WorkerDaemonExpiration] Will attempt to release 390 of memory
2024-11-12T08:26:00.281+0200 [DEBUG] [org.gradle.process.internal.health.memory.DefaultMemoryManager] 409155993 physical memory requested, 0 released, 344764416 free
2024-11-12T08:26:05.166+0200 [DEBUG] [org.gradle.cache.internal.DefaultFileLockManager] Waiting to acquire shared lock on daemon addresses registry.
2024-11-12T08:26:05.168+0200 [DEBUG] [org.gradle.cache.internal.DefaultFileLockManager] Lock acquired on daemon addresses registry.
2024-11-12T08:26:05.170+0200 [DEBUG] [org.gradle.cache.internal.DefaultFileLockManager] Releasing lock on daemon addresses registry.
2024-11-12T08:26:05.175+0200 [DEBUG] [org.gradle.cache.internal.DefaultFileLockManager] Waiting to acquire shared lock on daemon addresses registry.
2024-11-12T08:26:05.175+0200 [DEBUG] [org.gradle.cache.internal.DefaultFileLockManager] Lock acquired on daemon addresses registry.
2024-11-12T08:26:05.176+0200 [DEBUG] [org.gradle.cache.internal.DefaultFileLockManager] Releasing lock on daemon addresses registry.
2024-11-12T08:26:05.177+0200 [DEBUG] [org.gradle.cache.internal.DefaultFileLockManager] Waiting to acquire shared lock on daemon addresses registry.
2024-11-12T08:26:05.177+0200 [DEBUG] [org.gradle.cache.internal.DefaultFileLockManager] Lock acquired on daemon addresses registry.
2024-11-12T08:26:05.177+0200 [DEBUG] [org.gradle.cache.internal.DefaultFileLockManager] Releasing lock on daemon addresses registry.
2024-11-12T08:26:05.250+0200 [DEBUG] [org.gradle.process.internal.health.memory.DefaultMemoryManager] 409155993 physical memory requested, 329826304 free
2024-11-12T08:26:05.250+0200 [DEBUG] [org.gradle.workers.internal.WorkerDaemonExpiration] Will attempt to release 390 of memory
2024-11-12T08:26:05.251+0200 [DEBUG] [org.gradle.process.internal.health.memory.DefaultMemoryManager] 409155993 physical memory requested, 0 released, 329826304 free
2024-11-12T08:26:10.598+0200 [DEBUG] [org.gradle.process.internal.health.memory.DefaultMemoryManager] 409155993 physical memory requested, 390758400 free
2024-11-12T08:26:10.722+0200 [DEBUG] [org.gradle.workers.internal.WorkerDaemonExpiration] Will attempt to release 390 of memory
2024-11-12T08:26:10.723+0200 [DEBUG] [org.gradle.process.internal.health.memory.DefaultMemoryManager] 409155993 physical memory requested, 0 released, 390758400 free
2024-11-12T08:26:15.161+0200 [DEBUG] [org.gradle.cache.internal.DefaultFileLockManager] Waiting to acquire shared lock on daemon addresses registry.
2024-11-12T08:26:15.162+0200 [DEBUG] [org.gradle.cache.internal.DefaultFileLockManager] Lock acquired on daemon addresses registry.
2024-11-12T08:26:15.165+0200 [DEBUG] [org.gradle.cache.internal.DefaultFileLockManager] Releasing lock on daemon addresses registry.
2024-11-12T08:26:15.168+0200 [DEBUG] [org.gradle.cache.internal.DefaultFileLockManager] Waiting to acquire shared lock on daemon addresses registry.
2024-11-12T08:26:15.169+0200 [DEBUG] [org.gradle.cache.internal.DefaultFileLockManager] Lock acquired on daemon addresses registry.
2024-11-12T08:26:15.171+0200 [DEBUG] [org.gradle.cache.internal.DefaultFileLockManager] Releasing lock on daemon addresses registry.
2024-11-12T08:26:15.173+0200 [DEBUG] [org.gradle.cache.internal.DefaultFileLockManager] Waiting to acquire shared lock on daemon addresses registry.
2024-11-12T08:26:15.173+0200 [DEBUG] [org.gradle.cache.internal.DefaultFileLockManager] Lock acquired on daemon addresses registry.
2024-11-12T08:26:15.174+0200 [DEBUG] [org.gradle.cache.internal.DefaultFileLockManager] Releasing lock on daemon addresses registry.
2024-11-12T08:26:25.180+0200 [DEBUG] [org.gradle.cache.internal.DefaultFileLockManager] Waiting to acquire shared lock on daemon addresses registry.
2024-11-12T08:26:25.181+0200 [DEBUG] [org.gradle.cache.internal.DefaultFileLockManager] Lock acquired on daemon addresses registry.
2024-11-12T08:26:25.182+0200 [DEBUG] [org.gradle.cache.internal.DefaultFileLockManager] Releasing lock on daemon addresses registry.
2024-11-12T08:26:25.184+0200 [DEBUG] [org.gradle.cache.internal.DefaultFileLockManager] Waiting to acquire shared lock on daemon addresses registry.
2024-11-12T08:26:25.184+0200 [DEBUG] [org.gradle.cache.internal.DefaultFileLockManager] Lock acquired on daemon addresses registry.
2024-11-12T08:26:25.186+0200 [DEBUG] [org.gradle.cache.internal.DefaultFileLockManager] Releasing lock on daemon addresses registry.
2024-11-12T08:26:25.187+0200 [DEBUG] [org.gradle.cache.internal.DefaultFileLockManager] Waiting to acquire shared lock on daemon addresses registry.
2024-11-12T08:26:25.188+0200 [DEBUG] [org.gradle.cache.internal.DefaultFileLockManager] Lock acquired on daemon addresses registry.
2024-11-12T08:26:25.188+0200 [DEBUG] [org.gradle.cache.internal.DefaultFileLockManager] Releasing lock on daemon addresses registry.
2024-11-12T08:26:25.279+0200 [DEBUG] [org.gradle.process.internal.health.memory.DefaultMemoryManager] 409155993 physical memory requested, 293801984 free
2024-11-12T08:26:25.280+0200 [DEBUG] [org.gradle.workers.internal.WorkerDaemonExpiration] Will attempt to release 390 of memory
2024-11-12T08:26:25.280+0200 [DEBUG] [org.gradle.process.internal.health.memory.DefaultMemoryManager] 409155993 physical memory requested, 0 released, 293801984 free
2024-11-12T08:26:35.150+0200 [DEBUG] [org.gradle.cache.internal.DefaultFileLockManager] Waiting to acquire shared lock on daemon addresses registry.
2024-11-12T08:26:35.151+0200 [DEBUG] [org.gradle.cache.internal.DefaultFileLockManager] Lock acquired on daemon addresses registry.
2024-11-12T08:26:35.152+0200 [DEBUG] [org.gradle.cache.internal.DefaultFileLockManager] Releasing lock on daemon addresses registry.
2024-11-12T08:26:35.154+0200 [DEBUG] [org.gradle.cache.internal.DefaultFileLockManager] Waiting to acquire shared lock on daemon addresses registry.
2024-11-12T08:26:35.154+0200 [DEBUG] [org.gradle.cache.internal.DefaultFileLockManager] Lock acquired on daemon addresses registry.
2024-11-12T08:26:35.155+0200 [DEBUG] [org.gradle.cache.internal.DefaultFileLockManager] Releasing lock on daemon addresses registry.
2024-11-12T08:26:35.157+0200 [DEBUG] [org.gradle.cache.internal.DefaultFileLockManager] Waiting to acquire shared lock on daemon addresses registry.
2024-11-12T08:26:35.157+0200 [DEBUG] [org.gradle.cache.internal.DefaultFileLockManager] Lock acquired on daemon addresses registry.
2024-11-12T08:26:35.157+0200 [DEBUG] [org.gradle.cache.internal.DefaultFileLockManager] Releasing lock on daemon addresses registry.
2024-11-12T08:26:35.247+0200 [DEBUG] [org.gradle.process.internal.health.memory.DefaultMemoryManager] 409155993 physical memory requested, 358625280 free
2024-11-12T08:26:35.247+0200 [DEBUG] [org.gradle.workers.internal.WorkerDaemonExpiration] Will attempt to release 390 of memory
2024-11-12T08:26:35.248+0200 [DEBUG] [org.gradle.process.internal.health.memory.DefaultMemoryManager] 409155993 physical memory requested, 0 released, 358625280 free
2024-11-12T08:26:45.155+0200 [DEBUG] [org.gradle.cache.internal.DefaultFileLockManager] Waiting to acquire shared lock on daemon addresses registry.
2024-11-12T08:26:45.158+0200 [DEBUG] [org.gradle.cache.internal.DefaultFileLockManager] Lock acquired on daemon addresses registry.
2024-11-12T08:26:45.159+0200 [DEBUG] [org.gradle.cache.internal.DefaultFileLockManager] Releasing lock on daemon addresses registry.
2024-11-12T08:26:45.162+0200 [DEBUG] [org.gradle.cache.internal.DefaultFileLockManager] Waiting to acquire shared lock on daemon addresses registry.
2024-11-12T08:26:45.163+0200 [DEBUG] [org.gradle.cache.internal.DefaultFileLockManager] Lock acquired on daemon addresses registry.
2024-11-12T08:26:45.163+0200 [DEBUG] [org.gradle.cache.internal.DefaultFileLockManager] Releasing lock on daemon addresses registry.
2024-11-12T08:26:45.165+0200 [DEBUG] [org.gradle.cache.internal.DefaultFileLockManager] Waiting to acquire shared lock on daemon addresses registry.
2024-11-12T08:26:45.165+0200 [DEBUG] [org.gradle.cache.internal.DefaultFileLockManager] Lock acquired on daemon addresses registry.
2024-11-12T08:26:45.166+0200 [DEBUG] [org.gradle.cache.internal.DefaultFileLockManager] Releasing lock on daemon addresses registry.
2024-11-12T08:26:50.251+0200 [DEBUG] [org.gradle.process.internal.health.memory.DefaultMemoryManager] 409155993 physical memory requested, 381829120 free
2024-11-12T08:26:50.251+0200 [DEBUG] [org.gradle.workers.internal.WorkerDaemonExpiration] Will attempt to release 390 of memory
2024-11-12T08:26:50.252+0200 [DEBUG] [org.gradle.process.internal.health.memory.DefaultMemoryManager] 409155993 physical memory requested, 0 released, 381829120 free
2024-11-12T08:26:55.354+0200 [DEBUG] [org.gradle.cache.internal.DefaultFileLockManager] Waiting to acquire shared lock on daemon addresses registry.
2024-11-12T08:26:55.355+0200 [DEBUG] [org.gradle.cache.internal.DefaultFileLockManager] Lock acquired on daemon addresses registry.
2024-11-12T08:26:55.356+0200 [DEBUG] [org.gradle.cache.internal.DefaultFileLockManager] Releasing lock on daemon addresses registry.
2024-11-12T08:26:55.363+0200 [DEBUG] [org.gradle.cache.internal.DefaultFileLockManager] Waiting to acquire shared lock on daemon addresses registry.
2024-11-12T08:26:55.363+0200 [DEBUG] [org.gradle.cache.internal.DefaultFileLockManager] Lock acquired on daemon addresses registry.
2024-11-12T08:26:55.431+0200 [DEBUG] [org.gradle.process.internal.health.memory.DefaultMemoryManager] 409155993 physical memory requested, 245497856 free
2024-11-12T08:26:55.515+0200 [DEBUG] [org.gradle.workers.internal.WorkerDaemonExpiration] Will attempt to release 390 of memory
2024-11-12T08:26:55.515+0200 [DEBUG] [org.gradle.process.internal.health.memory.DefaultMemoryManager] 409155993 physical memory requested, 0 released, 245497856 free
2024-11-12T08:26:55.474+0200 [DEBUG] [org.gradle.cache.internal.DefaultFileLockManager] Releasing lock on daemon addresses registry.
2024-11-12T08:26:55.562+0200 [DEBUG] [org.gradle.cache.internal.DefaultFileLockManager] Waiting to acquire shared lock on daemon addresses registry.
2024-11-12T08:26:55.563+0200 [DEBUG] [org.gradle.cache.internal.DefaultFileLockManager] Lock acquired on daemon addresses registry.
2024-11-12T08:26:55.566+0200 [DEBUG] [org.gradle.cache.internal.DefaultFileLockManager] Releasing lock on daemon addresses registry.
2024-11-12T08:27:05.148+0200 [DEBUG] [org.gradle.cache.internal.DefaultFileLockManager] Waiting to acquire shared lock on daemon addresses registry.
2024-11-12T08:27:05.149+0200 [DEBUG] [org.gradle.cache.internal.DefaultFileLockManager] Lock acquired on daemon addresses registry.
2024-11-12T08:27:05.151+0200 [DEBUG] [org.gradle.cache.internal.DefaultFileLockManager] Releasing lock on daemon addresses registry.
2024-11-12T08:27:05.156+0200 [DEBUG] [org.gradle.cache.internal.DefaultFileLockManager] Waiting to acquire shared lock on daemon addresses registry.
2024-11-12T08:27:05.158+0200 [DEBUG] [org.gradle.cache.internal.DefaultFileLockManager] Lock acquired on daemon addresses registry.
2024-11-12T08:27:05.159+0200 [DEBUG] [org.gradle.cache.internal.DefaultFileLockManager] Releasing lock on daemon addresses registry.
2024-11-12T08:27:05.168+0200 [DEBUG] [org.gradle.cache.internal.DefaultFileLockManager] Waiting to acquire shared lock on daemon addresses registry.
2024-11-12T08:27:05.168+0200 [DEBUG] [org.gradle.cache.internal.DefaultFileLockManager] Lock acquired on daemon addresses registry.
2024-11-12T08:27:05.170+0200 [DEBUG] [org.gradle.cache.internal.DefaultFileLockManager] Releasing lock on daemon addresses registry.
2024-11-12T08:27:15.160+0200 [DEBUG] [org.gradle.cache.internal.DefaultFileLockManager] Waiting to acquire shared lock on daemon addresses registry.
2024-11-12T08:27:15.163+0200 [DEBUG] [org.gradle.cache.internal.DefaultFileLockManager] Lock acquired on daemon addresses registry.
2024-11-12T08:27:15.165+0200 [DEBUG] [org.gradle.cache.internal.DefaultFileLockManager] Releasing lock on daemon addresses registry.
2024-11-12T08:27:15.169+0200 [DEBUG] [org.gradle.cache.internal.DefaultFileLockManager] Waiting to acquire shared lock on daemon addresses registry.
2024-11-12T08:27:15.169+0200 [DEBUG] [org.gradle.cache.internal.DefaultFileLockManager] Lock acquired on daemon addresses registry.
2024-11-12T08:27:15.171+0200 [DEBUG] [org.gradle.cache.internal.DefaultFileLockManager] Releasing lock on daemon addresses registry.
2024-11-12T08:27:15.173+0200 [DEBUG] [org.gradle.cache.internal.DefaultFileLockManager] Waiting to acquire shared lock on daemon addresses registry.
2024-11-12T08:27:15.174+0200 [DEBUG] [org.gradle.cache.internal.DefaultFileLockManager] Lock acquired on daemon addresses registry.
2024-11-12T08:27:15.174+0200 [DEBUG] [org.gradle.cache.internal.DefaultFileLockManager] Releasing lock on daemon addresses registry.
2024-11-12T08:27:15.245+0200 [DEBUG] [org.gradle.process.internal.health.memory.DefaultMemoryManager] 409155993 physical memory requested, 403877888 free
2024-11-12T08:27:15.246+0200 [DEBUG] [org.gradle.workers.internal.WorkerDaemonExpiration] Will attempt to release 390 of memory
2024-11-12T08:27:15.247+0200 [DEBUG] [org.gradle.process.internal.health.memory.DefaultMemoryManager] 409155993 physical memory requested, 0 released, 403877888 free
2024-11-12T08:27:20.260+0200 [DEBUG] [org.gradle.process.internal.health.memory.DefaultMemoryManager] 409155993 physical memory requested, 298364928 free
2024-11-12T08:27:20.261+0200 [DEBUG] [org.gradle.workers.internal.WorkerDaemonExpiration] Will attempt to release 390 of memory
2024-11-12T08:27:20.261+0200 [DEBUG] [org.gradle.process.internal.health.memory.DefaultMemoryManager] 409155993 physical memory requested, 0 released, 298364928 free
2024-11-12T08:27:25.725+0200 [DEBUG] [org.gradle.process.internal.health.memory.DefaultMemoryManager] 409155993 physical memory requested, 281067520 free
2024-11-12T08:27:25.730+0200 [DEBUG] [org.gradle.workers.internal.WorkerDaemonExpiration] Will attempt to release 390 of memory
2024-11-12T08:27:25.731+0200 [DEBUG] [org.gradle.process.internal.health.memory.DefaultMemoryManager] 409155993 physical memory requested, 0 released, 281067520 free
2024-11-12T08:27:25.732+0200 [DEBUG] [org.gradle.cache.internal.DefaultFileLockManager] Waiting to acquire shared lock on daemon addresses registry.
2024-11-12T08:27:25.904+0200 [DEBUG] [org.gradle.cache.internal.DefaultFileLockManager] Lock acquired on daemon addresses registry.
2024-11-12T08:27:26.073+0200 [DEBUG] [org.gradle.cache.internal.DefaultFileLockManager] Releasing lock on daemon addresses registry.
2024-11-12T08:27:26.103+0200 [DEBUG] [org.gradle.cache.internal.DefaultFileLockManager] Waiting to acquire shared lock on daemon addresses registry.
2024-11-12T08:27:26.188+0200 [DEBUG] [org.gradle.cache.internal.DefaultFileLockManager] Lock acquired on daemon addresses registry.
2024-11-12T08:27:26.189+0200 [DEBUG] [org.gradle.cache.internal.DefaultFileLockManager] Releasing lock on daemon addresses registry.
2024-11-12T08:27:26.205+0200 [DEBUG] [org.gradle.cache.internal.DefaultFileLockManager] Waiting to acquire shared lock on daemon addresses registry.
2024-11-12T08:27:26.234+0200 [DEBUG] [org.gradle.cache.internal.DefaultFileLockManager] Lock acquired on daemon addresses registry.
2024-11-12T08:27:26.235+0200 [DEBUG] [org.gradle.cache.internal.DefaultFileLockManager] Releasing lock on daemon addresses registry.
2024-11-12T08:27:35.165+0200 [DEBUG] [org.gradle.cache.internal.DefaultFileLockManager] Waiting to acquire shared lock on daemon addresses registry.
2024-11-12T08:27:35.166+0200 [DEBUG] [org.gradle.cache.internal.DefaultFileLockManager] Lock acquired on daemon addresses registry.
2024-11-12T08:27:35.181+0200 [DEBUG] [org.gradle.cache.internal.DefaultFileLockManager] Releasing lock on daemon addresses registry.
2024-11-12T08:27:35.184+0200 [DEBUG] [org.gradle.cache.internal.DefaultFileLockManager] Waiting to acquire shared lock on daemon addresses registry.
2024-11-12T08:27:35.184+0200 [DEBUG] [org.gradle.cache.internal.DefaultFileLockManager] Lock acquired on daemon addresses registry.
2024-11-12T08:27:35.185+0200 [DEBUG] [org.gradle.cache.internal.DefaultFileLockManager] Releasing lock on daemon addresses registry.
2024-11-12T08:27:35.186+0200 [DEBUG] [org.gradle.cache.internal.DefaultFileLockManager] Waiting to acquire shared lock on daemon addresses registry.
2024-11-12T08:27:35.207+0200 [DEBUG] [org.gradle.cache.internal.DefaultFileLockManager] Lock acquired on daemon addresses registry.
2024-11-12T08:27:35.252+0200 [DEBUG] [org.gradle.cache.internal.DefaultFileLockManager] Releasing lock on daemon addresses registry.
2024-11-12T08:27:45.161+0200 [DEBUG] [org.gradle.cache.internal.DefaultFileLockManager] Waiting to acquire shared lock on daemon addresses registry.
2024-11-12T08:27:45.164+0200 [DEBUG] [org.gradle.cache.internal.DefaultFileLockManager] Lock acquired on daemon addresses registry.
2024-11-12T08:27:45.165+0200 [DEBUG] [org.gradle.cache.internal.DefaultFileLockManager] Releasing lock on daemon addresses registry.
2024-11-12T08:27:45.168+0200 [DEBUG] [org.gradle.cache.internal.DefaultFileLockManager] Waiting to acquire shared lock on daemon addresses registry.
2024-11-12T08:27:45.170+0200 [DEBUG] [org.gradle.cache.internal.DefaultFileLockManager] Lock acquired on daemon addresses registry.
2024-11-12T08:27:45.173+0200 [DEBUG] [org.gradle.cache.internal.DefaultFileLockManager] Releasing lock on daemon addresses registry.
2024-11-12T08:27:45.186+0200 [DEBUG] [org.gradle.cache.internal.DefaultFileLockManager] Waiting to acquire shared lock on daemon addresses registry.
2024-11-12T08:27:45.186+0200 [DEBUG] [org.gradle.cache.internal.DefaultFileLockManager] Lock acquired on daemon addresses registry.
2024-11-12T08:27:45.190+0200 [DEBUG] [org.gradle.cache.internal.DefaultFileLockManager] Releasing lock on daemon addresses registry.
2024-11-12T08:27:45.242+0200 [DEBUG] [org.gradle.process.internal.health.memory.DefaultMemoryManager] 409155993 physical memory requested, 353091584 free
2024-11-12T08:27:45.242+0200 [DEBUG] [org.gradle.workers.internal.WorkerDaemonExpiration] Will attempt to release 390 of memory
2024-11-12T08:27:45.243+0200 [DEBUG] [org.gradle.process.internal.health.memory.DefaultMemoryManager] 409155993 physical memory requested, 0 released, 353091584 free
2024-11-12T08:27:50.258+0200 [DEBUG] [org.gradle.process.internal.health.memory.DefaultMemoryManager] 409155993 physical memory requested, 285122560 free
2024-11-12T08:27:50.258+0200 [DEBUG] [org.gradle.workers.internal.WorkerDaemonExpiration] Will attempt to release 390 of memory
2024-11-12T08:27:50.259+0200 [DEBUG] [org.gradle.process.internal.health.memory.DefaultMemoryManager] 409155993 physical memory requested, 0 released, 285122560 free
2024-11-12T08:27:55.152+0200 [DEBUG] [org.gradle.cache.internal.DefaultFileLockManager] Waiting to acquire shared lock on daemon addresses registry.
2024-11-12T08:27:55.153+0200 [DEBUG] [org.gradle.cache.internal.DefaultFileLockManager] Lock acquired on daemon addresses registry.
2024-11-12T08:27:55.153+0200 [DEBUG] [org.gradle.cache.internal.DefaultFileLockManager] Releasing lock on daemon addresses registry.
2024-11-12T08:27:55.155+0200 [DEBUG] [org.gradle.cache.internal.DefaultFileLockManager] Waiting to acquire shared lock on daemon addresses registry.
2024-11-12T08:27:55.155+0200 [DEBUG] [org.gradle.cache.internal.DefaultFileLockManager] Lock acquired on daemon addresses registry.
2024-11-12T08:27:55.155+0200 [DEBUG] [org.gradle.cache.internal.DefaultFileLockManager] Releasing lock on daemon addresses registry.
2024-11-12T08:27:55.158+0200 [DEBUG] [org.gradle.cache.internal.DefaultFileLockManager] Waiting to acquire shared lock on daemon addresses registry.
2024-11-12T08:27:55.158+0200 [DEBUG] [org.gradle.cache.internal.DefaultFileLockManager] Lock acquired on daemon addresses registry.
2024-11-12T08:27:55.166+0200 [DEBUG] [org.gradle.cache.internal.DefaultFileLockManager] Releasing lock on daemon addresses registry.
2024-11-12T08:27:55.253+0200 [DEBUG] [org.gradle.process.internal.health.memory.DefaultMemoryManager] 409155993 physical memory requested, 363098112 free
2024-11-12T08:27:55.253+0200 [DEBUG] [org.gradle.workers.internal.WorkerDaemonExpiration] Will attempt to release 390 of memory
2024-11-12T08:27:55.254+0200 [DEBUG] [org.gradle.process.internal.health.memory.DefaultMemoryManager] 409155993 physical memory requested, 0 released, 363098112 free
2024-11-12T08:28:00.262+0200 [DEBUG] [org.gradle.process.internal.health.memory.DefaultMemoryManager] 409155993 physical memory requested, 215117824 free
2024-11-12T08:28:00.263+0200 [DEBUG] [org.gradle.workers.internal.WorkerDaemonExpiration] Will attempt to release 390 of memory
2024-11-12T08:28:00.263+0200 [DEBUG] [org.gradle.process.internal.health.memory.DefaultMemoryManager] 409155993 physical memory requested, 0 released, 215117824 free
2024-11-12T08:28:05.205+0200 [DEBUG] [org.gradle.cache.internal.DefaultFileLockManager] Waiting to acquire shared lock on daemon addresses registry.
2024-11-12T08:28:05.220+0200 [DEBUG] [org.gradle.cache.internal.DefaultFileLockManager] Lock acquired on daemon addresses registry.
2024-11-12T08:28:05.265+0200 [DEBUG] [org.gradle.cache.internal.DefaultFileLockManager] Releasing lock on daemon addresses registry.
2024-11-12T08:28:05.284+0200 [DEBUG] [org.gradle.cache.internal.DefaultFileLockManager] Waiting to acquire shared lock on daemon addresses registry.
2024-11-12T08:28:05.284+0200 [DEBUG] [org.gradle.cache.internal.DefaultFileLockManager] Lock acquired on daemon addresses registry.
2024-11-12T08:28:05.285+0200 [DEBUG] [org.gradle.cache.internal.DefaultFileLockManager] Releasing lock on daemon addresses registry.
2024-11-12T08:28:05.287+0200 [DEBUG] [org.gradle.cache.internal.DefaultFileLockManager] Waiting to acquire shared lock on daemon addresses registry.
2024-11-12T08:28:05.287+0200 [DEBUG] [org.gradle.cache.internal.DefaultFileLockManager] Lock acquired on daemon addresses registry.
2024-11-12T08:28:05.287+0200 [DEBUG] [org.gradle.cache.internal.DefaultFileLockManager] Releasing lock on daemon addresses registry.
2024-11-12T08:28:15.182+0200 [DEBUG] [org.gradle.cache.internal.DefaultFileLockManager] Waiting to acquire shared lock on daemon addresses registry.
2024-11-12T08:28:15.197+0200 [DEBUG] [org.gradle.cache.internal.DefaultFileLockManager] Lock acquired on daemon addresses registry.
2024-11-12T08:28:15.214+0200 [DEBUG] [org.gradle.cache.internal.DefaultFileLockManager] Releasing lock on daemon addresses registry.
2024-11-12T08:28:15.235+0200 [DEBUG] [org.gradle.cache.internal.DefaultFileLockManager] Waiting to acquire shared lock on daemon addresses registry.
2024-11-12T08:28:15.266+0200 [DEBUG] [org.gradle.cache.internal.DefaultFileLockManager] Lock acquired on daemon addresses registry.
2024-11-12T08:28:15.267+0200 [DEBUG] [org.gradle.cache.internal.DefaultFileLockManager] Releasing lock on daemon addresses registry.
2024-11-12T08:28:15.279+0200 [DEBUG] [org.gradle.process.internal.health.memory.DefaultMemoryManager] 409155993 physical memory requested, 408125440 free
2024-11-12T08:28:15.323+0200 [DEBUG] [org.gradle.workers.internal.WorkerDaemonExpiration] Will attempt to release 390 of memory
2024-11-12T08:28:15.325+0200 [DEBUG] [org.gradle.process.internal.health.memory.DefaultMemoryManager] 409155993 physical memory requested, 0 released, 408125440 free
2024-11-12T08:28:15.301+0200 [DEBUG] [org.gradle.cache.internal.DefaultFileLockManager] Waiting to acquire shared lock on daemon addresses registry.
2024-11-12T08:28:15.367+0200 [DEBUG] [org.gradle.cache.internal.DefaultFileLockManager] Lock acquired on daemon addresses registry.
2024-11-12T08:28:15.368+0200 [DEBUG] [org.gradle.cache.internal.DefaultFileLockManager] Releasing lock on daemon addresses registry.
2024-11-12T08:28:20.275+0200 [DEBUG] [org.gradle.process.internal.health.memory.DefaultMemoryManager] 409155993 physical memory requested, 244310016 free
2024-11-12T08:28:20.277+0200 [DEBUG] [org.gradle.workers.internal.WorkerDaemonExpiration] Will attempt to release 390 of memory
2024-11-12T08:28:20.277+0200 [DEBUG] [org.gradle.process.internal.health.memory.DefaultMemoryManager] 409155993 physical memory requested, 0 released, 244310016 free
2024-11-12T08:28:25.158+0200 [DEBUG] [org.gradle.cache.internal.DefaultFileLockManager] Waiting to acquire shared lock on daemon addresses registry.
2024-11-12T08:28:25.158+0200 [DEBUG] [org.gradle.cache.internal.DefaultFileLockManager] Lock acquired on daemon addresses registry.
2024-11-12T08:28:25.159+0200 [DEBUG] [org.gradle.cache.internal.DefaultFileLockManager] Releasing lock on daemon addresses registry.
2024-11-12T08:28:25.164+0200 [DEBUG] [org.gradle.cache.internal.DefaultFileLockManager] Waiting to acquire shared lock on daemon addresses registry.
2024-11-12T08:28:25.164+0200 [DEBUG] [org.gradle.cache.internal.DefaultFileLockManager] Lock acquired on daemon addresses registry.
2024-11-12T08:28:25.169+0200 [DEBUG] [org.gradle.cache.internal.DefaultFileLockManager] Releasing lock on daemon addresses registry.
2024-11-12T08:28:25.171+0200 [DEBUG] [org.gradle.cache.internal.DefaultFileLockManager] Waiting to acquire shared lock on daemon addresses registry.
2024-11-12T08:28:25.173+0200 [DEBUG] [org.gradle.cache.internal.DefaultFileLockManager] Lock acquired on daemon addresses registry.
2024-11-12T08:28:25.175+0200 [DEBUG] [org.gradle.cache.internal.DefaultFileLockManager] Releasing lock on daemon addresses registry.
2024-11-12T08:28:35.154+0200 [DEBUG] [org.gradle.cache.internal.DefaultFileLockManager] Waiting to acquire shared lock on daemon addresses registry.
2024-11-12T08:28:35.155+0200 [DEBUG] [org.gradle.cache.internal.DefaultFileLockManager] Lock acquired on daemon addresses registry.
2024-11-12T08:28:35.156+0200 [DEBUG] [org.gradle.cache.internal.DefaultFileLockManager] Releasing lock on daemon addresses registry.
2024-11-12T08:28:35.159+0200 [DEBUG] [org.gradle.cache.internal.DefaultFileLockManager] Waiting to acquire shared lock on daemon addresses registry.
2024-11-12T08:28:35.160+0200 [DEBUG] [org.gradle.cache.internal.DefaultFileLockManager] Lock acquired on daemon addresses registry.
2024-11-12T08:28:35.162+0200 [DEBUG] [org.gradle.cache.internal.DefaultFileLockManager] Releasing lock on daemon addresses registry.
2024-11-12T08:28:35.164+0200 [DEBUG] [org.gradle.cache.internal.DefaultFileLockManager] Waiting to acquire shared lock on daemon addresses registry.
2024-11-12T08:28:35.165+0200 [DEBUG] [org.gradle.cache.internal.DefaultFileLockManager] Lock acquired on daemon addresses registry.
2024-11-12T08:28:35.166+0200 [DEBUG] [org.gradle.cache.internal.DefaultFileLockManager] Releasing lock on daemon addresses registry.
2024-11-12T08:28:35.254+0200 [DEBUG] [org.gradle.process.internal.health.memory.DefaultMemoryManager] 409155993 physical memory requested, 368447488 free
2024-11-12T08:28:35.254+0200 [DEBUG] [org.gradle.workers.internal.WorkerDaemonExpiration] Will attempt to release 390 of memory
2024-11-12T08:28:35.254+0200 [DEBUG] [org.gradle.process.internal.health.memory.DefaultMemoryManager] 409155993 physical memory requested, 0 released, 368447488 free
2024-11-12T08:28:45.161+0200 [DEBUG] [org.gradle.cache.internal.DefaultFileLockManager] Waiting to acquire shared lock on daemon addresses registry.
2024-11-12T08:28:45.162+0200 [DEBUG] [org.gradle.cache.internal.DefaultFileLockManager] Lock acquired on daemon addresses registry.
2024-11-12T08:28:45.163+0200 [DEBUG] [org.gradle.cache.internal.DefaultFileLockManager] Releasing lock on daemon addresses registry.
2024-11-12T08:28:45.166+0200 [DEBUG] [org.gradle.cache.internal.DefaultFileLockManager] Waiting to acquire shared lock on daemon addresses registry.
2024-11-12T08:28:45.166+0200 [DEBUG] [org.gradle.cache.internal.DefaultFileLockManager] Lock acquired on daemon addresses registry.
2024-11-12T08:28:45.167+0200 [DEBUG] [org.gradle.cache.internal.DefaultFileLockManager] Releasing lock on daemon addresses registry.
2024-11-12T08:28:45.169+0200 [DEBUG] [org.gradle.cache.internal.DefaultFileLockManager] Waiting to acquire shared lock on daemon addresses registry.
2024-11-12T08:28:45.170+0200 [DEBUG] [org.gradle.cache.internal.DefaultFileLockManager] Lock acquired on daemon addresses registry.
2024-11-12T08:28:45.170+0200 [DEBUG] [org.gradle.cache.internal.DefaultFileLockManager] Releasing lock on daemon addresses registry.
2024-11-12T08:28:55.181+0200 [DEBUG] [org.gradle.cache.internal.DefaultFileLockManager] Waiting to acquire shared lock on daemon addresses registry.
2024-11-12T08:28:55.182+0200 [DEBUG] [org.gradle.cache.internal.DefaultFileLockManager] Lock acquired on daemon addresses registry.
2024-11-12T08:28:55.183+0200 [DEBUG] [org.gradle.cache.internal.DefaultFileLockManager] Releasing lock on daemon addresses registry.
2024-11-12T08:28:55.185+0200 [DEBUG] [org.gradle.cache.internal.DefaultFileLockManager] Waiting to acquire shared lock on daemon addresses registry.
2024-11-12T08:28:55.187+0200 [DEBUG] [org.gradle.cache.internal.DefaultFileLockManager] Lock acquired on daemon addresses registry.
2024-11-12T08:28:55.188+0200 [DEBUG] [org.gradle.cache.internal.DefaultFileLockManager] Releasing lock on daemon addresses registry.
2024-11-12T08:28:55.191+0200 [DEBUG] [org.gradle.cache.internal.DefaultFileLockManager] Waiting to acquire shared lock on daemon addresses registry.
2024-11-12T08:28:55.191+0200 [DEBUG] [org.gradle.cache.internal.DefaultFileLockManager] Lock acquired on daemon addresses registry.
2024-11-12T08:28:55.193+0200 [DEBUG] [org.gradle.cache.internal.DefaultFileLockManager] Releasing lock on daemon addresses registry.
2024-11-12T08:28:55.334+0200 [DEBUG] [org.gradle.process.internal.health.memory.DefaultMemoryManager] 409155993 physical memory requested, 206606336 free
2024-11-12T08:28:55.335+0200 [DEBUG] [org.gradle.workers.internal.WorkerDaemonExpiration] Will attempt to release 390 of memory
2024-11-12T08:28:55.335+0200 [DEBUG] [org.gradle.process.internal.health.memory.DefaultMemoryManager] 409155993 physical memory requested, 0 released, 206606336 free
2024-11-12T08:29:00.378+0200 [DEBUG] [org.gradle.process.internal.health.memory.DefaultMemoryManager] 409155993 physical memory requested, 244768768 free
2024-11-12T08:29:00.485+0200 [DEBUG] [org.gradle.workers.internal.WorkerDaemonExpiration] Will attempt to release 390 of memory
2024-11-12T08:29:00.485+0200 [DEBUG] [org.gradle.process.internal.health.memory.DefaultMemoryManager] 409155993 physical memory requested, 0 released, 244768768 free
2024-11-12T08:29:05.173+0200 [DEBUG] [org.gradle.cache.internal.DefaultFileLockManager] Waiting to acquire shared lock on daemon addresses registry.
2024-11-12T08:29:05.175+0200 [DEBUG] [org.gradle.cache.internal.DefaultFileLockManager] Lock acquired on daemon addresses registry.
2024-11-12T08:29:05.177+0200 [DEBUG] [org.gradle.cache.internal.DefaultFileLockManager] Releasing lock on daemon addresses registry.
2024-11-12T08:29:05.193+0200 [DEBUG] [org.gradle.cache.internal.DefaultFileLockManager] Waiting to acquire shared lock on daemon addresses registry.
2024-11-12T08:29:05.194+0200 [DEBUG] [org.gradle.cache.internal.DefaultFileLockManager] Lock acquired on daemon addresses registry.
2024-11-12T08:29:05.196+0200 [DEBUG] [org.gradle.cache.internal.DefaultFileLockManager] Releasing lock on daemon addresses registry.
2024-11-12T08:29:05.205+0200 [DEBUG] [org.gradle.cache.internal.DefaultFileLockManager] Waiting to acquire shared lock on daemon addresses registry.
2024-11-12T08:29:05.213+0200 [DEBUG] [org.gradle.cache.internal.DefaultFileLockManager] Lock acquired on daemon addresses registry.
2024-11-12T08:29:05.227+0200 [DEBUG] [org.gradle.cache.internal.DefaultFileLockManager] Releasing lock on daemon addresses registry.
2024-11-12T08:29:05.269+0200 [DEBUG] [org.gradle.process.internal.health.memory.DefaultMemoryManager] 409155993 physical memory requested, 406421504 free
2024-11-12T08:29:05.269+0200 [DEBUG] [org.gradle.workers.internal.WorkerDaemonExpiration] Will attempt to release 390 of memory
2024-11-12T08:29:05.269+0200 [DEBUG] [org.gradle.process.internal.health.memory.DefaultMemoryManager] 409155993 physical memory requested, 0 released, 406421504 free
2024-11-12T08:29:10.252+0200 [DEBUG] [org.gradle.process.internal.health.memory.DefaultMemoryManager] 409155993 physical memory requested, 249860096 free
2024-11-12T08:29:10.282+0200 [DEBUG] [org.gradle.workers.internal.WorkerDaemonExpiration] Will attempt to release 390 of memory
2024-11-12T08:29:10.331+0200 [DEBUG] [org.gradle.process.internal.health.memory.DefaultMemoryManager] 409155993 physical memory requested, 0 released, 249860096 free
2024-11-12T08:29:15.159+0200 [DEBUG] [org.gradle.cache.internal.DefaultFileLockManager] Waiting to acquire shared lock on daemon addresses registry.
2024-11-12T08:29:15.160+0200 [DEBUG] [org.gradle.cache.internal.DefaultFileLockManager] Lock acquired on daemon addresses registry.
2024-11-12T08:29:15.163+0200 [DEBUG] [org.gradle.cache.internal.DefaultFileLockManager] Releasing lock on daemon addresses registry.
2024-11-12T08:29:15.167+0200 [DEBUG] [org.gradle.cache.internal.DefaultFileLockManager] Waiting to acquire shared lock on daemon addresses registry.
2024-11-12T08:29:15.167+0200 [DEBUG] [org.gradle.cache.internal.DefaultFileLockManager] Lock acquired on daemon addresses registry.
2024-11-12T08:29:15.168+0200 [DEBUG] [org.gradle.cache.internal.DefaultFileLockManager] Releasing lock on daemon addresses registry.
2024-11-12T08:29:15.171+0200 [DEBUG] [org.gradle.cache.internal.DefaultFileLockManager] Waiting to acquire shared lock on daemon addresses registry.
2024-11-12T08:29:15.172+0200 [DEBUG] [org.gradle.cache.internal.DefaultFileLockManager] Lock acquired on daemon addresses registry.
2024-11-12T08:29:15.172+0200 [DEBUG] [org.gradle.cache.internal.DefaultFileLockManager] Releasing lock on daemon addresses registry.
2024-11-12T08:29:25.146+0200 [DEBUG] [org.gradle.cache.internal.DefaultFileLockManager] Waiting to acquire shared lock on daemon addresses registry.
2024-11-12T08:29:25.147+0200 [DEBUG] [org.gradle.cache.internal.DefaultFileLockManager] Lock acquired on daemon addresses registry.
2024-11-12T08:29:25.147+0200 [DEBUG] [org.gradle.cache.internal.DefaultFileLockManager] Releasing lock on daemon addresses registry.
2024-11-12T08:29:25.151+0200 [DEBUG] [org.gradle.cache.internal.DefaultFileLockManager] Waiting to acquire shared lock on daemon addresses registry.
2024-11-12T08:29:25.152+0200 [DEBUG] [org.gradle.cache.internal.DefaultFileLockManager] Lock acquired on daemon addresses registry.
2024-11-12T08:29:25.152+0200 [DEBUG] [org.gradle.cache.internal.DefaultFileLockManager] Releasing lock on daemon addresses registry.
2024-11-12T08:29:25.154+0200 [DEBUG] [org.gradle.cache.internal.DefaultFileLockManager] Waiting to acquire shared lock on daemon addresses registry.
2024-11-12T08:29:25.154+0200 [DEBUG] [org.gradle.cache.internal.DefaultFileLockManager] Lock acquired on daemon addresses registry.
2024-11-12T08:29:25.155+0200 [DEBUG] [org.gradle.cache.internal.DefaultFileLockManager] Releasing lock on daemon addresses registry.
2024-11-12T08:29:35.161+0200 [DEBUG] [org.gradle.cache.internal.DefaultFileLockManager] Waiting to acquire shared lock on daemon addresses registry.
2024-11-12T08:29:35.162+0200 [DEBUG] [org.gradle.cache.internal.DefaultFileLockManager] Lock acquired on daemon addresses registry.
2024-11-12T08:29:35.162+0200 [DEBUG] [org.gradle.cache.internal.DefaultFileLockManager] Releasing lock on daemon addresses registry.
2024-11-12T08:29:35.164+0200 [DEBUG] [org.gradle.cache.internal.DefaultFileLockManager] Waiting to acquire shared lock on daemon addresses registry.
2024-11-12T08:29:35.165+0200 [DEBUG] [org.gradle.cache.internal.DefaultFileLockManager] Lock acquired on daemon addresses registry.
2024-11-12T08:29:35.165+0200 [DEBUG] [org.gradle.cache.internal.DefaultFileLockManager] Releasing lock on daemon addresses registry.
2024-11-12T08:29:35.166+0200 [DEBUG] [org.gradle.cache.internal.DefaultFileLockManager] Waiting to acquire shared lock on daemon addresses registry.
2024-11-12T08:29:35.169+0200 [DEBUG] [org.gradle.cache.internal.DefaultFileLockManager] Lock acquired on daemon addresses registry.
2024-11-12T08:29:35.170+0200 [DEBUG] [org.gradle.cache.internal.DefaultFileLockManager] Releasing lock on daemon addresses registry.
2024-11-12T08:29:40.241+0200 [DEBUG] [org.gradle.process.internal.health.memory.DefaultMemoryManager] 409155993 physical memory requested, 380231680 free
2024-11-12T08:29:40.475+0200 [DEBUG] [org.gradle.workers.internal.WorkerDaemonExpiration] Will attempt to release 390 of memory
2024-11-12T08:29:40.540+0200 [DEBUG] [org.gradle.process.internal.health.memory.DefaultMemoryManager] 409155993 physical memory requested, 0 released, 380231680 free
2024-11-12T08:29:45.627+0200 [DEBUG] [org.gradle.cache.internal.DefaultFileLockManager] Waiting to acquire shared lock on daemon addresses registry.
2024-11-12T08:29:45.627+0200 [DEBUG] [org.gradle.cache.internal.DefaultFileLockManager] Lock acquired on daemon addresses registry.
2024-11-12T08:29:45.628+0200 [DEBUG] [org.gradle.cache.internal.DefaultFileLockManager] Releasing lock on daemon addresses registry.
2024-11-12T08:29:45.630+0200 [DEBUG] [org.gradle.cache.internal.DefaultFileLockManager] Waiting to acquire shared lock on daemon addresses registry.
2024-11-12T08:29:45.630+0200 [DEBUG] [org.gradle.cache.internal.DefaultFileLockManager] Lock acquired on daemon addresses registry.
2024-11-12T08:29:45.632+0200 [DEBUG] [org.gradle.cache.internal.DefaultFileLockManager] Releasing lock on daemon addresses registry.
2024-11-12T08:29:45.633+0200 [DEBUG] [org.gradle.process.internal.health.memory.DefaultMemoryManager] 409155993 physical memory requested, 232390656 free
2024-11-12T08:29:45.634+0200 [DEBUG] [org.gradle.workers.internal.WorkerDaemonExpiration] Will attempt to release 390 of memory
2024-11-12T08:29:45.634+0200 [DEBUG] [org.gradle.process.internal.health.memory.DefaultMemoryManager] 409155993 physical memory requested, 0 released, 232390656 free
2024-11-12T08:29:45.634+0200 [DEBUG] [org.gradle.cache.internal.DefaultFileLockManager] Waiting to acquire shared lock on daemon addresses registry.
2024-11-12T08:29:45.634+0200 [DEBUG] [org.gradle.cache.internal.DefaultFileLockManager] Lock acquired on daemon addresses registry.
2024-11-12T08:29:45.634+0200 [DEBUG] [org.gradle.cache.internal.DefaultFileLockManager] Releasing lock on daemon addresses registry.
2024-11-12T08:29:50.248+0200 [DEBUG] [org.gradle.process.internal.health.memory.DefaultMemoryManager] 409155993 physical memory requested, 225411072 free
2024-11-12T08:29:50.248+0200 [DEBUG] [org.gradle.workers.internal.WorkerDaemonExpiration] Will attempt to release 390 of memory
2024-11-12T08:29:50.249+0200 [DEBUG] [org.gradle.process.internal.health.memory.DefaultMemoryManager] 409155993 physical memory requested, 0 released, 225411072 free
2024-11-12T08:29:55.165+0200 [DEBUG] [org.gradle.cache.internal.DefaultFileLockManager] Waiting to acquire shared lock on daemon addresses registry.
2024-11-12T08:29:55.168+0200 [DEBUG] [org.gradle.cache.internal.DefaultFileLockManager] Lock acquired on daemon addresses registry.
2024-11-12T08:29:55.170+0200 [DEBUG] [org.gradle.cache.internal.DefaultFileLockManager] Releasing lock on daemon addresses registry.
2024-11-12T08:29:55.172+0200 [DEBUG] [org.gradle.cache.internal.DefaultFileLockManager] Waiting to acquire shared lock on daemon addresses registry.
2024-11-12T08:29:55.173+0200 [DEBUG] [org.gradle.cache.internal.DefaultFileLockManager] Lock acquired on daemon addresses registry.
2024-11-12T08:29:55.173+0200 [DEBUG] [org.gradle.cache.internal.DefaultFileLockManager] Releasing lock on daemon addresses registry.
2024-11-12T08:29:55.174+0200 [DEBUG] [org.gradle.cache.internal.DefaultFileLockManager] Waiting to acquire shared lock on daemon addresses registry.
2024-11-12T08:29:55.176+0200 [DEBUG] [org.gradle.cache.internal.DefaultFileLockManager] Lock acquired on daemon addresses registry.
2024-11-12T08:29:55.176+0200 [DEBUG] [org.gradle.cache.internal.DefaultFileLockManager] Releasing lock on daemon addresses registry.
2024-11-12T08:29:55.252+0200 [DEBUG] [org.gradle.process.internal.health.memory.DefaultMemoryManager] 409155993 physical memory requested, 346071040 free
2024-11-12T08:29:55.253+0200 [DEBUG] [org.gradle.workers.internal.WorkerDaemonExpiration] Will attempt to release 390 of memory
2024-11-12T08:29:55.253+0200 [DEBUG] [org.gradle.process.internal.health.memory.DefaultMemoryManager] 409155993 physical memory requested, 0 released, 346071040 free
2024-11-12T08:30:00.259+0200 [DEBUG] [org.gradle.process.internal.health.memory.DefaultMemoryManager] 409155993 physical memory requested, 395829248 free
2024-11-12T08:30:00.259+0200 [DEBUG] [org.gradle.workers.internal.WorkerDaemonExpiration] Will attempt to release 390 of memory
2024-11-12T08:30:00.260+0200 [DEBUG] [org.gradle.process.internal.health.memory.DefaultMemoryManager] 409155993 physical memory requested, 0 released, 395829248 free
2024-11-12T08:30:05.160+0200 [DEBUG] [org.gradle.cache.internal.DefaultFileLockManager] Waiting to acquire shared lock on daemon addresses registry.
2024-11-12T08:30:05.162+0200 [DEBUG] [org.gradle.cache.internal.DefaultFileLockManager] Lock acquired on daemon addresses registry.
2024-11-12T08:30:05.163+0200 [DEBUG] [org.gradle.cache.internal.DefaultFileLockManager] Releasing lock on daemon addresses registry.
2024-11-12T08:30:05.175+0200 [DEBUG] [org.gradle.cache.internal.DefaultFileLockManager] Waiting to acquire shared lock on daemon addresses registry.
2024-11-12T08:30:05.177+0200 [DEBUG] [org.gradle.cache.internal.DefaultFileLockManager] Lock acquired on daemon addresses registry.
2024-11-12T08:30:05.178+0200 [DEBUG] [org.gradle.cache.internal.DefaultFileLockManager] Releasing lock on daemon addresses registry.
2024-11-12T08:30:05.182+0200 [DEBUG] [org.gradle.cache.internal.DefaultFileLockManager] Waiting to acquire shared lock on daemon addresses registry.
2024-11-12T08:30:05.183+0200 [DEBUG] [org.gradle.cache.internal.DefaultFileLockManager] Lock acquired on daemon addresses registry.
2024-11-12T08:30:05.183+0200 [DEBUG] [org.gradle.cache.internal.DefaultFileLockManager] Releasing lock on daemon addresses registry.
2024-11-12T08:30:05.242+0200 [DEBUG] [org.gradle.process.internal.health.memory.DefaultMemoryManager] 409155993 physical memory requested, 391979008 free
2024-11-12T08:30:05.243+0200 [DEBUG] [org.gradle.workers.internal.WorkerDaemonExpiration] Will attempt to release 390 of memory
2024-11-12T08:30:05.243+0200 [DEBUG] [org.gradle.process.internal.health.memory.DefaultMemoryManager] 409155993 physical memory requested, 0 released, 391979008 free
2024-11-12T08:30:10.251+0200 [DEBUG] [org.gradle.process.internal.health.memory.DefaultMemoryManager] 409155993 physical memory requested, 383500288 free
2024-11-12T08:30:10.251+0200 [DEBUG] [org.gradle.workers.internal.WorkerDaemonExpiration] Will attempt to release 390 of memory
2024-11-12T08:30:10.251+0200 [DEBUG] [org.gradle.process.internal.health.memory.DefaultMemoryManager] 409155993 physical memory requested, 0 released, 383500288 free
2024-11-12T08:30:15.167+0200 [DEBUG] [org.gradle.cache.internal.DefaultFileLockManager] Waiting to acquire shared lock on daemon addresses registry.
2024-11-12T08:30:15.167+0200 [DEBUG] [org.gradle.cache.internal.DefaultFileLockManager] Lock acquired on daemon addresses registry.
2024-11-12T08:30:15.168+0200 [DEBUG] [org.gradle.cache.internal.DefaultFileLockManager] Releasing lock on daemon addresses registry.
2024-11-12T08:30:15.173+0200 [DEBUG] [org.gradle.cache.internal.DefaultFileLockManager] Waiting to acquire shared lock on daemon addresses registry.
2024-11-12T08:30:15.174+0200 [DEBUG] [org.gradle.cache.internal.DefaultFileLockManager] Lock acquired on daemon addresses registry.
2024-11-12T08:30:15.175+0200 [DEBUG] [org.gradle.cache.internal.DefaultFileLockManager] Releasing lock on daemon addresses registry.
2024-11-12T08:30:15.180+0200 [DEBUG] [org.gradle.cache.internal.DefaultFileLockManager] Waiting to acquire shared lock on daemon addresses registry.
2024-11-12T08:30:15.180+0200 [DEBUG] [org.gradle.cache.internal.DefaultFileLockManager] Lock acquired on daemon addresses registry.
2024-11-12T08:30:15.181+0200 [DEBUG] [org.gradle.cache.internal.DefaultFileLockManager] Releasing lock on daemon addresses registry.
2024-11-12T08:30:15.246+0200 [DEBUG] [org.gradle.process.internal.health.memory.DefaultMemoryManager] 409155993 physical memory requested, 353673216 free
2024-11-12T08:30:15.247+0200 [DEBUG] [org.gradle.workers.internal.WorkerDaemonExpiration] Will attempt to release 390 of memory
2024-11-12T08:30:15.247+0200 [DEBUG] [org.gradle.process.internal.health.memory.DefaultMemoryManager] 409155993 physical memory requested, 0 released, 353673216 free
2024-11-12T08:30:25.151+0200 [DEBUG] [org.gradle.cache.internal.DefaultFileLockManager] Waiting to acquire shared lock on daemon addresses registry.
2024-11-12T08:30:25.154+0200 [DEBUG] [org.gradle.cache.internal.DefaultFileLockManager] Lock acquired on daemon addresses registry.
2024-11-12T08:30:25.156+0200 [DEBUG] [org.gradle.cache.internal.DefaultFileLockManager] Releasing lock on daemon addresses registry.
2024-11-12T08:30:25.158+0200 [DEBUG] [org.gradle.cache.internal.DefaultFileLockManager] Waiting to acquire shared lock on daemon addresses registry.
2024-11-12T08:30:25.159+0200 [DEBUG] [org.gradle.cache.internal.DefaultFileLockManager] Lock acquired on daemon addresses registry.
2024-11-12T08:30:25.160+0200 [DEBUG] [org.gradle.cache.internal.DefaultFileLockManager] Releasing lock on daemon addresses registry.
2024-11-12T08:30:25.162+0200 [DEBUG] [org.gradle.cache.internal.DefaultFileLockManager] Waiting to acquire shared lock on daemon addresses registry.
2024-11-12T08:30:25.162+0200 [DEBUG] [org.gradle.cache.internal.DefaultFileLockManager] Lock acquired on daemon addresses registry.
2024-11-12T08:30:25.163+0200 [DEBUG] [org.gradle.cache.internal.DefaultFileLockManager] Releasing lock on daemon addresses registry.
2024-11-12T08:30:25.251+0200 [DEBUG] [org.gradle.process.internal.health.memory.DefaultMemoryManager] 409155993 physical memory requested, 324284416 free
2024-11-12T08:30:25.251+0200 [DEBUG] [org.gradle.workers.internal.WorkerDaemonExpiration] Will attempt to release 390 of memory
2024-11-12T08:30:25.251+0200 [DEBUG] [org.gradle.process.internal.health.memory.DefaultMemoryManager] 409155993 physical memory requested, 0 released, 324284416 free
2024-11-12T08:30:30.246+0200 [DEBUG] [org.gradle.process.internal.health.memory.DefaultMemoryManager] 409155993 physical memory requested, 386576384 free
2024-11-12T08:30:30.246+0200 [DEBUG] [org.gradle.workers.internal.WorkerDaemonExpiration] Will attempt to release 390 of memory
2024-11-12T08:30:30.246+0200 [DEBUG] [org.gradle.process.internal.health.memory.DefaultMemoryManager] 409155993 physical memory requested, 0 released, 386576384 free
2024-11-12T08:30:35.153+0200 [DEBUG] [org.gradle.cache.internal.DefaultFileLockManager] Waiting to acquire shared lock on daemon addresses registry.
2024-11-12T08:30:35.154+0200 [DEBUG] [org.gradle.cache.internal.DefaultFileLockManager] Lock acquired on daemon addresses registry.
2024-11-12T08:30:35.155+0200 [DEBUG] [org.gradle.cache.internal.DefaultFileLockManager] Releasing lock on daemon addresses registry.
2024-11-12T08:30:35.157+0200 [DEBUG] [org.gradle.cache.internal.DefaultFileLockManager] Waiting to acquire shared lock on daemon addresses registry.
2024-11-12T08:30:35.157+0200 [DEBUG] [org.gradle.cache.internal.DefaultFileLockManager] Lock acquired on daemon addresses registry.
2024-11-12T08:30:35.158+0200 [DEBUG] [org.gradle.cache.internal.DefaultFileLockManager] Releasing lock on daemon addresses registry.
2024-11-12T08:30:35.160+0200 [DEBUG] [org.gradle.cache.internal.DefaultFileLockManager] Waiting to acquire shared lock on daemon addresses registry.
2024-11-12T08:30:35.160+0200 [DEBUG] [org.gradle.cache.internal.DefaultFileLockManager] Lock acquired on daemon addresses registry.
2024-11-12T08:30:35.161+0200 [DEBUG] [org.gradle.cache.internal.DefaultFileLockManager] Releasing lock on daemon addresses registry.
2024-11-12T08:30:45.179+0200 [DEBUG] [org.gradle.cache.internal.DefaultFileLockManager] Waiting to acquire shared lock on daemon addresses registry.
2024-11-12T08:30:45.181+0200 [DEBUG] [org.gradle.cache.internal.DefaultFileLockManager] Lock acquired on daemon addresses registry.
2024-11-12T08:30:45.193+0200 [DEBUG] [org.gradle.cache.internal.DefaultFileLockManager] Releasing lock on daemon addresses registry.
2024-11-12T08:30:45.203+0200 [DEBUG] [org.gradle.cache.internal.DefaultFileLockManager] Waiting to acquire shared lock on daemon addresses registry.
2024-11-12T08:30:45.205+0200 [DEBUG] [org.gradle.cache.internal.DefaultFileLockManager] Lock acquired on daemon addresses registry.
2024-11-12T08:30:45.206+0200 [DEBUG] [org.gradle.cache.internal.DefaultFileLockManager] Releasing lock on daemon addresses registry.
2024-11-12T08:30:45.225+0200 [DEBUG] [org.gradle.cache.internal.DefaultFileLockManager] Waiting to acquire shared lock on daemon addresses registry.
2024-11-12T08:30:45.226+0200 [DEBUG] [org.gradle.cache.internal.DefaultFileLockManager] Lock acquired on daemon addresses registry.
2024-11-12T08:30:45.227+0200 [DEBUG] [org.gradle.cache.internal.DefaultFileLockManager] Releasing lock on daemon addresses registry.
2024-11-12T08:30:45.259+0200 [DEBUG] [org.gradle.process.internal.health.memory.DefaultMemoryManager] 409155993 physical memory requested, 267468800 free
2024-11-12T08:30:45.260+0200 [DEBUG] [org.gradle.workers.internal.WorkerDaemonExpiration] Will attempt to release 390 of memory
2024-11-12T08:30:45.264+0200 [DEBUG] [org.gradle.process.internal.health.memory.DefaultMemoryManager] 409155993 physical memory requested, 0 released, 267468800 free
2024-11-12T08:30:50.261+0200 [DEBUG] [org.gradle.process.internal.health.memory.DefaultMemoryManager] 409155993 physical memory requested, 295526400 free
2024-11-12T08:30:50.264+0200 [DEBUG] [org.gradle.workers.internal.WorkerDaemonExpiration] Will attempt to release 390 of memory
2024-11-12T08:30:50.265+0200 [DEBUG] [org.gradle.process.internal.health.memory.DefaultMemoryManager] 409155993 physical memory requested, 0 released, 295526400 free
2024-11-12T08:30:55.159+0200 [DEBUG] [org.gradle.cache.internal.DefaultFileLockManager] Waiting to acquire shared lock on daemon addresses registry.
2024-11-12T08:30:55.159+0200 [DEBUG] [org.gradle.cache.internal.DefaultFileLockManager] Lock acquired on daemon addresses registry.
2024-11-12T08:30:55.160+0200 [DEBUG] [org.gradle.cache.internal.DefaultFileLockManager] Releasing lock on daemon addresses registry.
2024-11-12T08:30:55.162+0200 [DEBUG] [org.gradle.cache.internal.DefaultFileLockManager] Waiting to acquire shared lock on daemon addresses registry.
2024-11-12T08:30:55.163+0200 [DEBUG] [org.gradle.cache.internal.DefaultFileLockManager] Lock acquired on daemon addresses registry.
2024-11-12T08:30:55.163+0200 [DEBUG] [org.gradle.cache.internal.DefaultFileLockManager] Releasing lock on daemon addresses registry.
2024-11-12T08:30:55.164+0200 [DEBUG] [org.gradle.cache.internal.DefaultFileLockManager] Waiting to acquire shared lock on daemon addresses registry.
2024-11-12T08:30:55.165+0200 [DEBUG] [org.gradle.cache.internal.DefaultFileLockManager] Lock acquired on daemon addresses registry.
2024-11-12T08:30:55.166+0200 [DEBUG] [org.gradle.cache.internal.DefaultFileLockManager] Releasing lock on daemon addresses registry.
2024-11-12T08:30:55.244+0200 [DEBUG] [org.gradle.process.internal.health.memory.DefaultMemoryManager] 409155993 physical memory requested, 328704000 free
2024-11-12T08:30:55.244+0200 [DEBUG] [org.gradle.workers.internal.WorkerDaemonExpiration] Will attempt to release 390 of memory
2024-11-12T08:30:55.245+0200 [DEBUG] [org.gradle.process.internal.health.memory.DefaultMemoryManager] 409155993 physical memory requested, 0 released, 328704000 free
2024-11-12T08:31:00.248+0200 [DEBUG] [org.gradle.process.internal.health.memory.DefaultMemoryManager] 409155993 physical memory requested, 312061952 free
2024-11-12T08:31:00.248+0200 [DEBUG] [org.gradle.workers.internal.WorkerDaemonExpiration] Will attempt to release 390 of memory
2024-11-12T08:31:00.249+0200 [DEBUG] [org.gradle.process.internal.health.memory.DefaultMemoryManager] 409155993 physical memory requested, 0 released, 312061952 free
2024-11-12T08:31:05.182+0200 [DEBUG] [org.gradle.cache.internal.DefaultFileLockManager] Waiting to acquire shared lock on daemon addresses registry.
2024-11-12T08:31:05.309+0200 [DEBUG] [org.gradle.cache.internal.DefaultFileLockManager] Lock acquired on daemon addresses registry.
2024-11-12T08:31:05.386+0200 [DEBUG] [org.gradle.process.internal.health.memory.DefaultMemoryManager] 409155993 physical memory requested, 226107392 free
2024-11-12T08:31:05.393+0200 [DEBUG] [org.gradle.workers.internal.WorkerDaemonExpiration] Will attempt to release 390 of memory
2024-11-12T08:31:05.393+0200 [DEBUG] [org.gradle.process.internal.health.memory.DefaultMemoryManager] 409155993 physical memory requested, 0 released, 226107392 free
2024-11-12T08:31:05.636+0200 [DEBUG] [org.gradle.cache.internal.DefaultFileLockManager] Releasing lock on daemon addresses registry.
2024-11-12T08:31:06.093+0200 [DEBUG] [org.gradle.cache.internal.DefaultFileLockManager] Waiting to acquire shared lock on daemon addresses registry.
2024-11-12T08:31:06.093+0200 [DEBUG] [org.gradle.cache.internal.DefaultFileLockManager] Lock acquired on daemon addresses registry.
2024-11-12T08:31:06.122+0200 [DEBUG] [org.gradle.cache.internal.DefaultFileLockManager] Releasing lock on daemon addresses registry.
2024-11-12T08:31:06.123+0200 [DEBUG] [org.gradle.cache.internal.DefaultFileLockManager] Waiting to acquire shared lock on daemon addresses registry.
2024-11-12T08:31:06.169+0200 [DEBUG] [org.gradle.cache.internal.DefaultFileLockManager] Lock acquired on daemon addresses registry.
2024-11-12T08:31:07.814+0200 [DEBUG] [org.gradle.cache.internal.DefaultFileLockManager] Releasing lock on daemon addresses registry.
2024-11-12T08:31:10.652+0200 [DEBUG] [org.gradle.process.internal.health.memory.DefaultMemoryManager] 409155993 physical memory requested, 294916096 free
2024-11-12T08:31:10.653+0200 [DEBUG] [org.gradle.workers.internal.WorkerDaemonExpiration] Will attempt to release 390 of memory
2024-11-12T08:31:10.653+0200 [DEBUG] [org.gradle.process.internal.health.memory.DefaultMemoryManager] 409155993 physical memory requested, 0 released, 294916096 free
2024-11-12T08:31:15.162+0200 [DEBUG] [org.gradle.cache.internal.DefaultFileLockManager] Waiting to acquire shared lock on daemon addresses registry.
2024-11-12T08:31:15.162+0200 [DEBUG] [org.gradle.cache.internal.DefaultFileLockManager] Lock acquired on daemon addresses registry.
2024-11-12T08:31:15.163+0200 [DEBUG] [org.gradle.cache.internal.DefaultFileLockManager] Releasing lock on daemon addresses registry.
2024-11-12T08:31:15.165+0200 [DEBUG] [org.gradle.cache.internal.DefaultFileLockManager] Waiting to acquire shared lock on daemon addresses registry.
2024-11-12T08:31:15.166+0200 [DEBUG] [org.gradle.cache.internal.DefaultFileLockManager] Lock acquired on daemon addresses registry.
2024-11-12T08:31:15.168+0200 [DEBUG] [org.gradle.cache.internal.DefaultFileLockManager] Releasing lock on daemon addresses registry.
2024-11-12T08:31:15.169+0200 [DEBUG] [org.gradle.cache.internal.DefaultFileLockManager] Waiting to acquire shared lock on daemon addresses registry.
2024-11-12T08:31:15.170+0200 [DEBUG] [org.gradle.cache.internal.DefaultFileLockManager] Lock acquired on daemon addresses registry.
2024-11-12T08:31:15.170+0200 [DEBUG] [org.gradle.cache.internal.DefaultFileLockManager] Releasing lock on daemon addresses registry.
2024-11-12T08:31:25.158+0200 [DEBUG] [org.gradle.cache.internal.DefaultFileLockManager] Waiting to acquire shared lock on daemon addresses registry.
2024-11-12T08:31:25.158+0200 [DEBUG] [org.gradle.cache.internal.DefaultFileLockManager] Lock acquired on daemon addresses registry.
2024-11-12T08:31:25.160+0200 [DEBUG] [org.gradle.cache.internal.DefaultFileLockManager] Releasing lock on daemon addresses registry.
2024-11-12T08:31:25.161+0200 [DEBUG] [org.gradle.cache.internal.DefaultFileLockManager] Waiting to acquire shared lock on daemon addresses registry.
2024-11-12T08:31:25.162+0200 [DEBUG] [org.gradle.cache.internal.DefaultFileLockManager] Lock acquired on daemon addresses registry.
2024-11-12T08:31:25.163+0200 [DEBUG] [org.gradle.cache.internal.DefaultFileLockManager] Releasing lock on daemon addresses registry.
2024-11-12T08:31:25.164+0200 [DEBUG] [org.gradle.cache.internal.DefaultFileLockManager] Waiting to acquire shared lock on daemon addresses registry.
2024-11-12T08:31:25.164+0200 [DEBUG] [org.gradle.cache.internal.DefaultFileLockManager] Lock acquired on daemon addresses registry.
2024-11-12T08:31:25.165+0200 [DEBUG] [org.gradle.cache.internal.DefaultFileLockManager] Releasing lock on daemon addresses registry.
2024-11-12T08:31:25.241+0200 [DEBUG] [org.gradle.process.internal.health.memory.DefaultMemoryManager] 409155993 physical memory requested, 325156864 free
2024-11-12T08:31:25.242+0200 [DEBUG] [org.gradle.workers.internal.WorkerDaemonExpiration] Will attempt to release 390 of memory
2024-11-12T08:31:25.243+0200 [DEBUG] [org.gradle.process.internal.health.memory.DefaultMemoryManager] 409155993 physical memory requested, 0 released, 325156864 free
2024-11-12T08:31:30.436+0200 [DEBUG] [org.gradle.process.internal.health.memory.DefaultMemoryManager] 409155993 physical memory requested, 229015552 free
2024-11-12T08:31:30.437+0200 [DEBUG] [org.gradle.workers.internal.WorkerDaemonExpiration] Will attempt to release 390 of memory
2024-11-12T08:31:30.438+0200 [DEBUG] [org.gradle.process.internal.health.memory.DefaultMemoryManager] 409155993 physical memory requested, 0 released, 229015552 free
2024-11-12T08:31:35.148+0200 [DEBUG] [org.gradle.cache.internal.DefaultFileLockManager] Waiting to acquire shared lock on daemon addresses registry.
2024-11-12T08:31:35.148+0200 [DEBUG] [org.gradle.cache.internal.DefaultFileLockManager] Lock acquired on daemon addresses registry.
2024-11-12T08:31:35.185+0200 [DEBUG] [org.gradle.cache.internal.DefaultFileLockManager] Releasing lock on daemon addresses registry.
2024-11-12T08:31:35.287+0200 [DEBUG] [org.gradle.cache.internal.DefaultFileLockManager] Waiting to acquire shared lock on daemon addresses registry.
2024-11-12T08:31:35.287+0200 [DEBUG] [org.gradle.cache.internal.DefaultFileLockManager] Lock acquired on daemon addresses registry.
2024-11-12T08:31:35.319+0200 [DEBUG] [org.gradle.cache.internal.DefaultFileLockManager] Releasing lock on daemon addresses registry.
2024-11-12T08:31:35.339+0200 [DEBUG] [org.gradle.cache.internal.DefaultFileLockManager] Waiting to acquire shared lock on daemon addresses registry.
2024-11-12T08:31:35.353+0200 [DEBUG] [org.gradle.cache.internal.DefaultFileLockManager] Lock acquired on daemon addresses registry.
2024-11-12T08:31:35.354+0200 [DEBUG] [org.gradle.cache.internal.DefaultFileLockManager] Releasing lock on daemon addresses registry.
2024-11-12T08:31:40.246+0200 [DEBUG] [org.gradle.process.internal.health.memory.DefaultMemoryManager] 409155993 physical memory requested, 381992960 free
2024-11-12T08:31:40.249+0200 [DEBUG] [org.gradle.workers.internal.WorkerDaemonExpiration] Will attempt to release 390 of memory
2024-11-12T08:31:40.249+0200 [DEBUG] [org.gradle.process.internal.health.memory.DefaultMemoryManager] 409155993 physical memory requested, 0 released, 381992960 free
2024-11-12T08:31:45.153+0200 [DEBUG] [org.gradle.cache.internal.DefaultFileLockManager] Waiting to acquire shared lock on daemon addresses registry.
2024-11-12T08:31:45.153+0200 [DEBUG] [org.gradle.cache.internal.DefaultFileLockManager] Lock acquired on daemon addresses registry.
2024-11-12T08:31:45.154+0200 [DEBUG] [org.gradle.cache.internal.DefaultFileLockManager] Releasing lock on daemon addresses registry.
2024-11-12T08:31:45.156+0200 [DEBUG] [org.gradle.cache.internal.DefaultFileLockManager] Waiting to acquire shared lock on daemon addresses registry.
2024-11-12T08:31:45.158+0200 [DEBUG] [org.gradle.cache.internal.DefaultFileLockManager] Lock acquired on daemon addresses registry.
2024-11-12T08:31:45.159+0200 [DEBUG] [org.gradle.cache.internal.DefaultFileLockManager] Releasing lock on daemon addresses registry.
2024-11-12T08:31:45.160+0200 [DEBUG] [org.gradle.cache.internal.DefaultFileLockManager] Waiting to acquire shared lock on daemon addresses registry.
2024-11-12T08:31:45.160+0200 [DEBUG] [org.gradle.cache.internal.DefaultFileLockManager] Lock acquired on daemon addresses registry.
2024-11-12T08:31:45.160+0200 [DEBUG] [org.gradle.cache.internal.DefaultFileLockManager] Releasing lock on daemon addresses registry.
2024-11-12T08:31:45.239+0200 [DEBUG] [org.gradle.process.internal.health.memory.DefaultMemoryManager] 409155993 physical memory requested, 312291328 free
2024-11-12T08:31:45.239+0200 [DEBUG] [org.gradle.workers.internal.WorkerDaemonExpiration] Will attempt to release 390 of memory
2024-11-12T08:31:45.239+0200 [DEBUG] [org.gradle.process.internal.health.memory.DefaultMemoryManager] 409155993 physical memory requested, 0 released, 312291328 free
2024-11-12T08:31:50.245+0200 [DEBUG] [org.gradle.process.internal.health.memory.DefaultMemoryManager] 409155993 physical memory requested, 393711616 free
2024-11-12T08:31:50.246+0200 [DEBUG] [org.gradle.workers.internal.WorkerDaemonExpiration] Will attempt to release 390 of memory
2024-11-12T08:31:50.247+0200 [DEBUG] [org.gradle.process.internal.health.memory.DefaultMemoryManager] 409155993 physical memory requested, 0 released, 393711616 free
2024-11-12T08:31:55.151+0200 [DEBUG] [org.gradle.cache.internal.DefaultFileLockManager] Waiting to acquire shared lock on daemon addresses registry.
2024-11-12T08:31:55.151+0200 [DEBUG] [org.gradle.cache.internal.DefaultFileLockManager] Lock acquired on daemon addresses registry.
2024-11-12T08:31:55.151+0200 [DEBUG] [org.gradle.cache.internal.DefaultFileLockManager] Releasing lock on daemon addresses registry.
2024-11-12T08:31:55.153+0200 [DEBUG] [org.gradle.cache.internal.DefaultFileLockManager] Waiting to acquire shared lock on daemon addresses registry.
2024-11-12T08:31:55.153+0200 [DEBUG] [org.gradle.cache.internal.DefaultFileLockManager] Lock acquired on daemon addresses registry.
2024-11-12T08:31:55.154+0200 [DEBUG] [org.gradle.cache.internal.DefaultFileLockManager] Releasing lock on daemon addresses registry.
2024-11-12T08:31:55.156+0200 [DEBUG] [org.gradle.cache.internal.DefaultFileLockManager] Waiting to acquire shared lock on daemon addresses registry.
2024-11-12T08:31:55.156+0200 [DEBUG] [org.gradle.cache.internal.DefaultFileLockManager] Lock acquired on daemon addresses registry.
2024-11-12T08:31:55.156+0200 [DEBUG] [org.gradle.cache.internal.DefaultFileLockManager] Releasing lock on daemon addresses registry.
2024-11-12T08:32:05.150+0200 [DEBUG] [org.gradle.cache.internal.DefaultFileLockManager] Waiting to acquire shared lock on daemon addresses registry.
2024-11-12T08:32:05.151+0200 [DEBUG] [org.gradle.cache.internal.DefaultFileLockManager] Lock acquired on daemon addresses registry.
2024-11-12T08:32:05.154+0200 [DEBUG] [org.gradle.cache.internal.DefaultFileLockManager] Releasing lock on daemon addresses registry.
2024-11-12T08:32:05.156+0200 [DEBUG] [org.gradle.cache.internal.DefaultFileLockManager] Waiting to acquire shared lock on daemon addresses registry.
2024-11-12T08:32:05.157+0200 [DEBUG] [org.gradle.cache.internal.DefaultFileLockManager] Lock acquired on daemon addresses registry.
2024-11-12T08:32:05.158+0200 [DEBUG] [org.gradle.cache.internal.DefaultFileLockManager] Releasing lock on daemon addresses registry.
2024-11-12T08:32:05.161+0200 [DEBUG] [org.gradle.cache.internal.DefaultFileLockManager] Waiting to acquire shared lock on daemon addresses registry.
2024-11-12T08:32:05.161+0200 [DEBUG] [org.gradle.cache.internal.DefaultFileLockManager] Lock acquired on daemon addresses registry.
2024-11-12T08:32:05.162+0200 [DEBUG] [org.gradle.cache.internal.DefaultFileLockManager] Releasing lock on daemon addresses registry.
2024-11-12T08:32:10.251+0200 [DEBUG] [org.gradle.process.internal.health.memory.DefaultMemoryManager] 409155993 physical memory requested, 355078144 free
2024-11-12T08:32:10.251+0200 [DEBUG] [org.gradle.workers.internal.WorkerDaemonExpiration] Will attempt to release 390 of memory
2024-11-12T08:32:10.251+0200 [DEBUG] [org.gradle.process.internal.health.memory.DefaultMemoryManager] 409155993 physical memory requested, 0 released, 355078144 free
2024-11-12T08:32:15.216+0200 [DEBUG] [org.gradle.cache.internal.DefaultFileLockManager] Waiting to acquire shared lock on daemon addresses registry.
2024-11-12T08:32:15.217+0200 [DEBUG] [org.gradle.cache.internal.DefaultFileLockManager] Lock acquired on daemon addresses registry.
2024-11-12T08:32:15.220+0200 [DEBUG] [org.gradle.cache.internal.DefaultFileLockManager] Releasing lock on daemon addresses registry.
2024-11-12T08:32:15.224+0200 [DEBUG] [org.gradle.cache.internal.DefaultFileLockManager] Waiting to acquire shared lock on daemon addresses registry.
2024-11-12T08:32:15.225+0200 [DEBUG] [org.gradle.cache.internal.DefaultFileLockManager] Lock acquired on daemon addresses registry.
2024-11-12T08:32:15.226+0200 [DEBUG] [org.gradle.cache.internal.DefaultFileLockManager] Releasing lock on daemon addresses registry.
2024-11-12T08:32:15.232+0200 [DEBUG] [org.gradle.cache.internal.DefaultFileLockManager] Waiting to acquire shared lock on daemon addresses registry.
2024-11-12T08:32:15.232+0200 [DEBUG] [org.gradle.cache.internal.DefaultFileLockManager] Lock acquired on daemon addresses registry.
2024-11-12T08:32:15.235+0200 [DEBUG] [org.gradle.cache.internal.DefaultFileLockManager] Releasing lock on daemon addresses registry.
2024-11-12T08:32:15.415+0200 [DEBUG] [org.gradle.process.internal.health.memory.DefaultMemoryManager] 409155993 physical memory requested, 342458368 free
2024-11-12T08:32:15.415+0200 [DEBUG] [org.gradle.workers.internal.WorkerDaemonExpiration] Will attempt to release 390 of memory
2024-11-12T08:32:15.416+0200 [DEBUG] [org.gradle.process.internal.health.memory.DefaultMemoryManager] 409155993 physical memory requested, 0 released, 342458368 free
2024-11-12T08:32:20.468+0200 [DEBUG] [org.gradle.process.internal.health.memory.DefaultMemoryManager] 409155993 physical memory requested, 269000704 free
2024-11-12T08:32:20.469+0200 [DEBUG] [org.gradle.workers.internal.WorkerDaemonExpiration] Will attempt to release 390 of memory
2024-11-12T08:32:20.469+0200 [DEBUG] [org.gradle.process.internal.health.memory.DefaultMemoryManager] 409155993 physical memory requested, 0 released, 269000704 free
2024-11-12T08:32:25.170+0200 [DEBUG] [org.gradle.cache.internal.DefaultFileLockManager] Waiting to acquire shared lock on daemon addresses registry.
2024-11-12T08:32:25.172+0200 [DEBUG] [org.gradle.cache.internal.DefaultFileLockManager] Lock acquired on daemon addresses registry.
2024-11-12T08:32:25.174+0200 [DEBUG] [org.gradle.cache.internal.DefaultFileLockManager] Releasing lock on daemon addresses registry.
2024-11-12T08:32:25.185+0200 [DEBUG] [org.gradle.cache.internal.DefaultFileLockManager] Waiting to acquire shared lock on daemon addresses registry.
2024-11-12T08:32:25.185+0200 [DEBUG] [org.gradle.cache.internal.DefaultFileLockManager] Lock acquired on daemon addresses registry.
2024-11-12T08:32:25.186+0200 [DEBUG] [org.gradle.cache.internal.DefaultFileLockManager] Releasing lock on daemon addresses registry.
2024-11-12T08:32:25.187+0200 [DEBUG] [org.gradle.cache.internal.DefaultFileLockManager] Waiting to acquire shared lock on daemon addresses registry.
2024-11-12T08:32:25.187+0200 [DEBUG] [org.gradle.cache.internal.DefaultFileLockManager] Lock acquired on daemon addresses registry.
2024-11-12T08:32:25.188+0200 [DEBUG] [org.gradle.cache.internal.DefaultFileLockManager] Releasing lock on daemon addresses registry.
2024-11-12T08:32:25.253+0200 [DEBUG] [org.gradle.process.internal.health.memory.DefaultMemoryManager] 409155993 physical memory requested, 309719040 free
2024-11-12T08:32:25.255+0200 [DEBUG] [org.gradle.workers.internal.WorkerDaemonExpiration] Will attempt to release 390 of memory
2024-11-12T08:32:25.255+0200 [DEBUG] [org.gradle.process.internal.health.memory.DefaultMemoryManager] 409155993 physical memory requested, 0 released, 309719040 free
2024-11-12T08:32:30.290+0200 [DEBUG] [org.gradle.process.internal.health.memory.DefaultMemoryManager] 409155993 physical memory requested, 235700224 free
2024-11-12T08:32:30.326+0200 [DEBUG] [org.gradle.workers.internal.WorkerDaemonExpiration] Will attempt to release 390 of memory
2024-11-12T08:32:30.326+0200 [DEBUG] [org.gradle.process.internal.health.memory.DefaultMemoryManager] 409155993 physical memory requested, 0 released, 235700224 free
2024-11-12T08:32:35.159+0200 [DEBUG] [org.gradle.cache.internal.DefaultFileLockManager] Waiting to acquire shared lock on daemon addresses registry.
2024-11-12T08:32:35.159+0200 [DEBUG] [org.gradle.cache.internal.DefaultFileLockManager] Lock acquired on daemon addresses registry.
2024-11-12T08:32:35.162+0200 [DEBUG] [org.gradle.cache.internal.DefaultFileLockManager] Releasing lock on daemon addresses registry.
2024-11-12T08:32:35.164+0200 [DEBUG] [org.gradle.cache.internal.DefaultFileLockManager] Waiting to acquire shared lock on daemon addresses registry.
2024-11-12T08:32:35.164+0200 [DEBUG] [org.gradle.cache.internal.DefaultFileLockManager] Lock acquired on daemon addresses registry.
2024-11-12T08:32:35.165+0200 [DEBUG] [org.gradle.cache.internal.DefaultFileLockManager] Releasing lock on daemon addresses registry.
2024-11-12T08:32:35.168+0200 [DEBUG] [org.gradle.cache.internal.DefaultFileLockManager] Waiting to acquire shared lock on daemon addresses registry.
2024-11-12T08:32:35.168+0200 [DEBUG] [org.gradle.cache.internal.DefaultFileLockManager] Lock acquired on daemon addresses registry.
2024-11-12T08:32:35.168+0200 [DEBUG] [org.gradle.cache.internal.DefaultFileLockManager] Releasing lock on daemon addresses registry.
2024-11-12T08:32:40.353+0200 [DEBUG] [org.gradle.process.internal.health.memory.DefaultMemoryManager] 409155993 physical memory requested, 227479552 free
2024-11-12T08:32:40.354+0200 [DEBUG] [org.gradle.workers.internal.WorkerDaemonExpiration] Will attempt to release 390 of memory
2024-11-12T08:32:40.354+0200 [DEBUG] [org.gradle.process.internal.health.memory.DefaultMemoryManager] 409155993 physical memory requested, 0 released, 227479552 free
2024-11-12T08:32:45.193+0200 [DEBUG] [org.gradle.cache.internal.DefaultFileLockManager] Waiting to acquire shared lock on daemon addresses registry.
2024-11-12T08:32:45.209+0200 [DEBUG] [org.gradle.cache.internal.DefaultFileLockManager] Lock acquired on daemon addresses registry.
2024-11-12T08:32:45.239+0200 [DEBUG] [org.gradle.cache.internal.DefaultFileLockManager] Releasing lock on daemon addresses registry.
2024-11-12T08:32:45.256+0200 [DEBUG] [org.gradle.process.internal.health.memory.DefaultMemoryManager] 409155993 physical memory requested, 360017920 free
2024-11-12T08:32:45.290+0200 [DEBUG] [org.gradle.workers.internal.WorkerDaemonExpiration] Will attempt to release 390 of memory
2024-11-12T08:32:45.290+0200 [DEBUG] [org.gradle.process.internal.health.memory.DefaultMemoryManager] 409155993 physical memory requested, 0 released, 360017920 free
2024-11-12T08:32:45.323+0200 [DEBUG] [org.gradle.cache.internal.DefaultFileLockManager] Waiting to acquire shared lock on daemon addresses registry.
2024-11-12T08:32:45.324+0200 [DEBUG] [org.gradle.cache.internal.DefaultFileLockManager] Lock acquired on daemon addresses registry.
2024-11-12T08:32:45.324+0200 [DEBUG] [org.gradle.cache.internal.DefaultFileLockManager] Releasing lock on daemon addresses registry.
2024-11-12T08:32:45.326+0200 [DEBUG] [org.gradle.cache.internal.DefaultFileLockManager] Waiting to acquire shared lock on daemon addresses registry.
2024-11-12T08:32:45.326+0200 [DEBUG] [org.gradle.cache.internal.DefaultFileLockManager] Lock acquired on daemon addresses registry.
2024-11-12T08:32:45.327+0200 [DEBUG] [org.gradle.cache.internal.DefaultFileLockManager] Releasing lock on daemon addresses registry.
2024-11-12T08:32:50.257+0200 [DEBUG] [org.gradle.process.internal.health.memory.DefaultMemoryManager] 409155993 physical memory requested, 302170112 free
2024-11-12T08:32:50.258+0200 [DEBUG] [org.gradle.workers.internal.WorkerDaemonExpiration] Will attempt to release 390 of memory
2024-11-12T08:32:50.258+0200 [DEBUG] [org.gradle.process.internal.health.memory.DefaultMemoryManager] 409155993 physical memory requested, 0 released, 302170112 free
2024-11-12T08:32:55.515+0200 [DEBUG] [org.gradle.process.internal.health.memory.DefaultMemoryManager] 409155993 physical memory requested, 232681472 free
2024-11-12T08:32:55.516+0200 [DEBUG] [org.gradle.workers.internal.WorkerDaemonExpiration] Will attempt to release 390 of memory
2024-11-12T08:32:55.516+0200 [DEBUG] [org.gradle.process.internal.health.memory.DefaultMemoryManager] 409155993 physical memory requested, 0 released, 232681472 free
2024-11-12T08:32:55.517+0200 [DEBUG] [org.gradle.cache.internal.DefaultFileLockManager] Waiting to acquire shared lock on daemon addresses registry.
2024-11-12T08:32:55.517+0200 [DEBUG] [org.gradle.cache.internal.DefaultFileLockManager] Lock acquired on daemon addresses registry.
2024-11-12T08:32:55.518+0200 [DEBUG] [org.gradle.cache.internal.DefaultFileLockManager] Releasing lock on daemon addresses registry.
2024-11-12T08:32:55.521+0200 [DEBUG] [org.gradle.cache.internal.DefaultFileLockManager] Waiting to acquire shared lock on daemon addresses registry.
2024-11-12T08:32:55.523+0200 [DEBUG] [org.gradle.cache.internal.DefaultFileLockManager] Lock acquired on daemon addresses registry.
2024-11-12T08:32:55.523+0200 [DEBUG] [org.gradle.cache.internal.DefaultFileLockManager] Releasing lock on daemon addresses registry.
2024-11-12T08:32:55.525+0200 [DEBUG] [org.gradle.cache.internal.DefaultFileLockManager] Waiting to acquire shared lock on daemon addresses registry.
2024-11-12T08:32:55.525+0200 [DEBUG] [org.gradle.cache.internal.DefaultFileLockManager] Lock acquired on daemon addresses registry.
2024-11-12T08:32:55.526+0200 [DEBUG] [org.gradle.cache.internal.DefaultFileLockManager] Releasing lock on daemon addresses registry.
2024-11-12T08:33:00.251+0200 [DEBUG] [org.gradle.process.internal.health.memory.DefaultMemoryManager] 409155993 physical memory requested, 150409216 free
2024-11-12T08:33:00.251+0200 [DEBUG] [org.gradle.workers.internal.WorkerDaemonExpiration] Will attempt to release 390 of memory
2024-11-12T08:33:00.251+0200 [DEBUG] [org.gradle.process.internal.health.memory.DefaultMemoryManager] 409155993 physical memory requested, 0 released, 150409216 free
2024-11-12T08:33:05.155+0200 [DEBUG] [org.gradle.cache.internal.DefaultFileLockManager] Waiting to acquire shared lock on daemon addresses registry.
2024-11-12T08:33:05.156+0200 [DEBUG] [org.gradle.cache.internal.DefaultFileLockManager] Lock acquired on daemon addresses registry.
2024-11-12T08:33:05.157+0200 [DEBUG] [org.gradle.cache.internal.DefaultFileLockManager] Releasing lock on daemon addresses registry.
2024-11-12T08:33:05.161+0200 [DEBUG] [org.gradle.cache.internal.DefaultFileLockManager] Waiting to acquire shared lock on daemon addresses registry.
2024-11-12T08:33:05.162+0200 [DEBUG] [org.gradle.cache.internal.DefaultFileLockManager] Lock acquired on daemon addresses registry.
2024-11-12T08:33:05.163+0200 [DEBUG] [org.gradle.cache.internal.DefaultFileLockManager] Releasing lock on daemon addresses registry.
2024-11-12T08:33:05.164+0200 [DEBUG] [org.gradle.cache.internal.DefaultFileLockManager] Waiting to acquire shared lock on daemon addresses registry.
2024-11-12T08:33:05.165+0200 [DEBUG] [org.gradle.cache.internal.DefaultFileLockManager] Lock acquired on daemon addresses registry.
2024-11-12T08:33:05.165+0200 [DEBUG] [org.gradle.cache.internal.DefaultFileLockManager] Releasing lock on daemon addresses registry.
2024-11-12T08:33:05.256+0200 [DEBUG] [org.gradle.process.internal.health.memory.DefaultMemoryManager] 409155993 physical memory requested, 271704064 free
2024-11-12T08:33:05.261+0200 [DEBUG] [org.gradle.workers.internal.WorkerDaemonExpiration] Will attempt to release 390 of memory
2024-11-12T08:33:05.262+0200 [DEBUG] [org.gradle.process.internal.health.memory.DefaultMemoryManager] 409155993 physical memory requested, 0 released, 271704064 free
2024-11-12T08:33:15.149+0200 [DEBUG] [org.gradle.cache.internal.DefaultFileLockManager] Waiting to acquire shared lock on daemon addresses registry.
2024-11-12T08:33:15.150+0200 [DEBUG] [org.gradle.cache.internal.DefaultFileLockManager] Lock acquired on daemon addresses registry.
2024-11-12T08:33:15.151+0200 [DEBUG] [org.gradle.cache.internal.DefaultFileLockManager] Releasing lock on daemon addresses registry.
2024-11-12T08:33:15.153+0200 [DEBUG] [org.gradle.cache.internal.DefaultFileLockManager] Waiting to acquire shared lock on daemon addresses registry.
2024-11-12T08:33:15.153+0200 [DEBUG] [org.gradle.cache.internal.DefaultFileLockManager] Lock acquired on daemon addresses registry.
2024-11-12T08:33:15.153+0200 [DEBUG] [org.gradle.cache.internal.DefaultFileLockManager] Releasing lock on daemon addresses registry.
2024-11-12T08:33:15.155+0200 [DEBUG] [org.gradle.cache.internal.DefaultFileLockManager] Waiting to acquire shared lock on daemon addresses registry.
2024-11-12T08:33:15.156+0200 [DEBUG] [org.gradle.cache.internal.DefaultFileLockManager] Lock acquired on daemon addresses registry.
2024-11-12T08:33:15.156+0200 [DEBUG] [org.gradle.cache.internal.DefaultFileLockManager] Releasing lock on daemon addresses registry.
2024-11-12T08:33:15.260+0200 [DEBUG] [org.gradle.process.internal.health.memory.DefaultMemoryManager] 409155993 physical memory requested, 359280640 free
2024-11-12T08:33:15.261+0200 [DEBUG] [org.gradle.workers.internal.WorkerDaemonExpiration] Will attempt to release 390 of memory
2024-11-12T08:33:15.261+0200 [DEBUG] [org.gradle.process.internal.health.memory.DefaultMemoryManager] 409155993 physical memory requested, 0 released, 359280640 free
2024-11-12T08:33:20.252+0200 [DEBUG] [org.gradle.process.internal.health.memory.DefaultMemoryManager] 409155993 physical memory requested, 280924160 free
2024-11-12T08:33:20.253+0200 [DEBUG] [org.gradle.workers.internal.WorkerDaemonExpiration] Will attempt to release 390 of memory
2024-11-12T08:33:20.254+0200 [DEBUG] [org.gradle.process.internal.health.memory.DefaultMemoryManager] 409155993 physical memory requested, 0 released, 280924160 free
2024-11-12T08:33:25.161+0200 [DEBUG] [org.gradle.cache.internal.DefaultFileLockManager] Waiting to acquire shared lock on daemon addresses registry.
2024-11-12T08:33:25.161+0200 [DEBUG] [org.gradle.cache.internal.DefaultFileLockManager] Lock acquired on daemon addresses registry.
2024-11-12T08:33:25.225+0200 [DEBUG] [org.gradle.cache.internal.DefaultFileLockManager] Releasing lock on daemon addresses registry.
2024-11-12T08:33:25.227+0200 [DEBUG] [org.gradle.cache.internal.DefaultFileLockManager] Waiting to acquire shared lock on daemon addresses registry.
2024-11-12T08:33:25.227+0200 [DEBUG] [org.gradle.cache.internal.DefaultFileLockManager] Lock acquired on daemon addresses registry.
2024-11-12T08:33:25.228+0200 [DEBUG] [org.gradle.cache.internal.DefaultFileLockManager] Releasing lock on daemon addresses registry.
2024-11-12T08:33:25.228+0200 [DEBUG] [org.gradle.cache.internal.DefaultFileLockManager] Waiting to acquire shared lock on daemon addresses registry.
2024-11-12T08:33:25.229+0200 [DEBUG] [org.gradle.cache.internal.DefaultFileLockManager] Lock acquired on daemon addresses registry.
2024-11-12T08:33:25.229+0200 [DEBUG] [org.gradle.cache.internal.DefaultFileLockManager] Releasing lock on daemon addresses registry.
2024-11-12T08:33:25.261+0200 [DEBUG] [org.gradle.process.internal.health.memory.DefaultMemoryManager] 409155993 physical memory requested, 302497792 free
2024-11-12T08:33:25.262+0200 [DEBUG] [org.gradle.workers.internal.WorkerDaemonExpiration] Will attempt to release 390 of memory
2024-11-12T08:33:25.262+0200 [DEBUG] [org.gradle.process.internal.health.memory.DefaultMemoryManager] 409155993 physical memory requested, 0 released, 302497792 free
2024-11-12T08:33:30.239+0200 [DEBUG] [org.gradle.process.internal.health.memory.DefaultMemoryManager] 409155993 physical memory requested, 316289024 free
2024-11-12T08:33:30.240+0200 [DEBUG] [org.gradle.workers.internal.WorkerDaemonExpiration] Will attempt to release 390 of memory
2024-11-12T08:33:30.240+0200 [DEBUG] [org.gradle.process.internal.health.memory.DefaultMemoryManager] 409155993 physical memory requested, 0 released, 316289024 free
2024-11-12T08:33:35.163+0200 [DEBUG] [org.gradle.cache.internal.DefaultFileLockManager] Waiting to acquire shared lock on daemon addresses registry.
2024-11-12T08:33:35.164+0200 [DEBUG] [org.gradle.cache.internal.DefaultFileLockManager] Lock acquired on daemon addresses registry.
2024-11-12T08:33:35.164+0200 [DEBUG] [org.gradle.cache.internal.DefaultFileLockManager] Releasing lock on daemon addresses registry.
2024-11-12T08:33:35.165+0200 [DEBUG] [org.gradle.cache.internal.DefaultFileLockManager] Waiting to acquire shared lock on daemon addresses registry.
2024-11-12T08:33:35.165+0200 [DEBUG] [org.gradle.cache.internal.DefaultFileLockManager] Lock acquired on daemon addresses registry.
2024-11-12T08:33:35.165+0200 [DEBUG] [org.gradle.cache.internal.DefaultFileLockManager] Releasing lock on daemon addresses registry.
2024-11-12T08:33:35.166+0200 [DEBUG] [org.gradle.cache.internal.DefaultFileLockManager] Waiting to acquire shared lock on daemon addresses registry.
2024-11-12T08:33:35.166+0200 [DEBUG] [org.gradle.cache.internal.DefaultFileLockManager] Lock acquired on daemon addresses registry.
2024-11-12T08:33:35.166+0200 [DEBUG] [org.gradle.cache.internal.DefaultFileLockManager] Releasing lock on daemon addresses registry.
2024-11-12T08:33:35.246+0200 [DEBUG] [org.gradle.process.internal.health.memory.DefaultMemoryManager] 409155993 physical memory requested, 300183552 free
2024-11-12T08:33:35.246+0200 [DEBUG] [org.gradle.workers.internal.WorkerDaemonExpiration] Will attempt to release 390 of memory
2024-11-12T08:33:35.247+0200 [DEBUG] [org.gradle.process.internal.health.memory.DefaultMemoryManager] 409155993 physical memory requested, 0 released, 300183552 free
2024-11-12T08:33:40.248+0200 [DEBUG] [org.gradle.process.internal.health.memory.DefaultMemoryManager] 409155993 physical memory requested, 322076672 free
2024-11-12T08:33:40.249+0200 [DEBUG] [org.gradle.workers.internal.WorkerDaemonExpiration] Will attempt to release 390 of memory
2024-11-12T08:33:40.249+0200 [DEBUG] [org.gradle.process.internal.health.memory.DefaultMemoryManager] 409155993 physical memory requested, 0 released, 322076672 free
2024-11-12T08:33:45.158+0200 [DEBUG] [org.gradle.cache.internal.DefaultFileLockManager] Waiting to acquire shared lock on daemon addresses registry.
2024-11-12T08:33:45.159+0200 [DEBUG] [org.gradle.cache.internal.DefaultFileLockManager] Lock acquired on daemon addresses registry.
2024-11-12T08:33:45.160+0200 [DEBUG] [org.gradle.cache.internal.DefaultFileLockManager] Releasing lock on daemon addresses registry.
2024-11-12T08:33:45.163+0200 [DEBUG] [org.gradle.cache.internal.DefaultFileLockManager] Waiting to acquire shared lock on daemon addresses registry.
2024-11-12T08:33:45.163+0200 [DEBUG] [org.gradle.cache.internal.DefaultFileLockManager] Lock acquired on daemon addresses registry.
2024-11-12T08:33:45.163+0200 [DEBUG] [org.gradle.cache.internal.DefaultFileLockManager] Releasing lock on daemon addresses registry.
2024-11-12T08:33:45.166+0200 [DEBUG] [org.gradle.cache.internal.DefaultFileLockManager] Waiting to acquire shared lock on daemon addresses registry.
2024-11-12T08:33:45.166+0200 [DEBUG] [org.gradle.cache.internal.DefaultFileLockManager] Lock acquired on daemon addresses registry.
2024-11-12T08:33:45.167+0200 [DEBUG] [org.gradle.cache.internal.DefaultFileLockManager] Releasing lock on daemon addresses registry.
2024-11-12T08:33:45.239+0200 [DEBUG] [org.gradle.process.internal.health.memory.DefaultMemoryManager] 409155993 physical memory requested, 275091456 free
2024-11-12T08:33:45.239+0200 [DEBUG] [org.gradle.workers.internal.WorkerDaemonExpiration] Will attempt to release 390 of memory
2024-11-12T08:33:45.239+0200 [DEBUG] [org.gradle.process.internal.health.memory.DefaultMemoryManager] 409155993 physical memory requested, 0 released, 275091456 free
2024-11-12T08:33:50.251+0200 [DEBUG] [org.gradle.process.internal.health.memory.DefaultMemoryManager] 409155993 physical memory requested, 268767232 free
2024-11-12T08:33:50.251+0200 [DEBUG] [org.gradle.workers.internal.WorkerDaemonExpiration] Will attempt to release 390 of memory
2024-11-12T08:33:50.251+0200 [DEBUG] [org.gradle.process.internal.health.memory.DefaultMemoryManager] 409155993 physical memory requested, 0 released, 268767232 free
2024-11-12T08:33:55.152+0200 [DEBUG] [org.gradle.cache.internal.DefaultFileLockManager] Waiting to acquire shared lock on daemon addresses registry.
2024-11-12T08:33:55.153+0200 [DEBUG] [org.gradle.cache.internal.DefaultFileLockManager] Lock acquired on daemon addresses registry.
2024-11-12T08:33:55.153+0200 [DEBUG] [org.gradle.cache.internal.DefaultFileLockManager] Releasing lock on daemon addresses registry.
2024-11-12T08:33:55.155+0200 [DEBUG] [org.gradle.cache.internal.DefaultFileLockManager] Waiting to acquire shared lock on daemon addresses registry.
2024-11-12T08:33:55.155+0200 [DEBUG] [org.gradle.cache.internal.DefaultFileLockManager] Lock acquired on daemon addresses registry.
2024-11-12T08:33:55.156+0200 [DEBUG] [org.gradle.cache.internal.DefaultFileLockManager] Releasing lock on daemon addresses registry.
2024-11-12T08:33:55.162+0200 [DEBUG] [org.gradle.cache.internal.DefaultFileLockManager] Waiting to acquire shared lock on daemon addresses registry.
2024-11-12T08:33:55.163+0200 [DEBUG] [org.gradle.cache.internal.DefaultFileLockManager] Lock acquired on daemon addresses registry.
2024-11-12T08:33:55.163+0200 [DEBUG] [org.gradle.cache.internal.DefaultFileLockManager] Releasing lock on daemon addresses registry.
2024-11-12T08:33:55.248+0200 [DEBUG] [org.gradle.process.internal.health.memory.DefaultMemoryManager] 409155993 physical memory requested, 260104192 free
2024-11-12T08:33:55.248+0200 [DEBUG] [org.gradle.workers.internal.WorkerDaemonExpiration] Will attempt to release 390 of memory
2024-11-12T08:33:55.248+0200 [DEBUG] [org.gradle.process.internal.health.memory.DefaultMemoryManager] 409155993 physical memory requested, 0 released, 260104192 free
2024-11-12T08:34:00.281+0200 [DEBUG] [org.gradle.process.internal.health.memory.DefaultMemoryManager] 409155993 physical memory requested, 190279680 free
2024-11-12T08:34:00.282+0200 [DEBUG] [org.gradle.workers.internal.WorkerDaemonExpiration] Will attempt to release 390 of memory
2024-11-12T08:34:00.282+0200 [DEBUG] [org.gradle.process.internal.health.memory.DefaultMemoryManager] 409155993 physical memory requested, 0 released, 190279680 free
2024-11-12T08:34:05.154+0200 [DEBUG] [org.gradle.cache.internal.DefaultFileLockManager] Waiting to acquire shared lock on daemon addresses registry.
2024-11-12T08:34:05.155+0200 [DEBUG] [org.gradle.cache.internal.DefaultFileLockManager] Lock acquired on daemon addresses registry.
2024-11-12T08:34:05.155+0200 [DEBUG] [org.gradle.cache.internal.DefaultFileLockManager] Releasing lock on daemon addresses registry.
2024-11-12T08:34:05.157+0200 [DEBUG] [org.gradle.cache.internal.DefaultFileLockManager] Waiting to acquire shared lock on daemon addresses registry.
2024-11-12T08:34:05.158+0200 [DEBUG] [org.gradle.cache.internal.DefaultFileLockManager] Lock acquired on daemon addresses registry.
2024-11-12T08:34:05.158+0200 [DEBUG] [org.gradle.cache.internal.DefaultFileLockManager] Releasing lock on daemon addresses registry.
2024-11-12T08:34:05.169+0200 [DEBUG] [org.gradle.cache.internal.DefaultFileLockManager] Waiting to acquire shared lock on daemon addresses registry.
2024-11-12T08:34:05.170+0200 [DEBUG] [org.gradle.cache.internal.DefaultFileLockManager] Lock acquired on daemon addresses registry.
2024-11-12T08:34:05.170+0200 [DEBUG] [org.gradle.cache.internal.DefaultFileLockManager] Releasing lock on daemon addresses registry.
2024-11-12T08:34:05.253+0200 [DEBUG] [org.gradle.process.internal.health.memory.DefaultMemoryManager] 409155993 physical memory requested, 241913856 free
2024-11-12T08:34:05.253+0200 [DEBUG] [org.gradle.workers.internal.WorkerDaemonExpiration] Will attempt to release 390 of memory
2024-11-12T08:34:05.253+0200 [DEBUG] [org.gradle.process.internal.health.memory.DefaultMemoryManager] 409155993 physical memory requested, 0 released, 241913856 free
2024-11-12T08:34:10.254+0200 [DEBUG] [org.gradle.process.internal.health.memory.DefaultMemoryManager] 409155993 physical memory requested, 352464896 free
2024-11-12T08:34:10.254+0200 [DEBUG] [org.gradle.workers.internal.WorkerDaemonExpiration] Will attempt to release 390 of memory
2024-11-12T08:34:10.254+0200 [DEBUG] [org.gradle.process.internal.health.memory.DefaultMemoryManager] 409155993 physical memory requested, 0 released, 352464896 free
2024-11-12T08:34:15.161+0200 [DEBUG] [org.gradle.cache.internal.DefaultFileLockManager] Waiting to acquire shared lock on daemon addresses registry.
2024-11-12T08:34:15.161+0200 [DEBUG] [org.gradle.cache.internal.DefaultFileLockManager] Lock acquired on daemon addresses registry.
2024-11-12T08:34:15.162+0200 [DEBUG] [org.gradle.cache.internal.DefaultFileLockManager] Releasing lock on daemon addresses registry.
2024-11-12T08:34:15.165+0200 [DEBUG] [org.gradle.cache.internal.DefaultFileLockManager] Waiting to acquire shared lock on daemon addresses registry.
2024-11-12T08:34:15.165+0200 [DEBUG] [org.gradle.cache.internal.DefaultFileLockManager] Lock acquired on daemon addresses registry.
2024-11-12T08:34:15.166+0200 [DEBUG] [org.gradle.cache.internal.DefaultFileLockManager] Releasing lock on daemon addresses registry.
2024-11-12T08:34:15.167+0200 [DEBUG] [org.gradle.cache.internal.DefaultFileLockManager] Waiting to acquire shared lock on daemon addresses registry.
2024-11-12T08:34:15.167+0200 [DEBUG] [org.gradle.cache.internal.DefaultFileLockManager] Lock acquired on daemon addresses registry.
2024-11-12T08:34:15.168+0200 [DEBUG] [org.gradle.cache.internal.DefaultFileLockManager] Releasing lock on daemon addresses registry.
2024-11-12T08:34:15.245+0200 [DEBUG] [org.gradle.process.internal.health.memory.DefaultMemoryManager] 409155993 physical memory requested, 389840896 free
2024-11-12T08:34:15.245+0200 [DEBUG] [org.gradle.workers.internal.WorkerDaemonExpiration] Will attempt to release 390 of memory
2024-11-12T08:34:15.245+0200 [DEBUG] [org.gradle.process.internal.health.memory.DefaultMemoryManager] 409155993 physical memory requested, 0 released, 389840896 free
2024-11-12T08:34:20.243+0200 [DEBUG] [org.gradle.process.internal.health.memory.DefaultMemoryManager] 409155993 physical memory requested, 299085824 free
2024-11-12T08:34:20.243+0200 [DEBUG] [org.gradle.workers.internal.WorkerDaemonExpiration] Will attempt to release 390 of memory
2024-11-12T08:34:20.243+0200 [DEBUG] [org.gradle.process.internal.health.memory.DefaultMemoryManager] 409155993 physical memory requested, 0 released, 299085824 free
2024-11-12T08:34:25.161+0200 [DEBUG] [org.gradle.cache.internal.DefaultFileLockManager] Waiting to acquire shared lock on daemon addresses registry.
2024-11-12T08:34:25.161+0200 [DEBUG] [org.gradle.cache.internal.DefaultFileLockManager] Lock acquired on daemon addresses registry.
2024-11-12T08:34:25.162+0200 [DEBUG] [org.gradle.cache.internal.DefaultFileLockManager] Releasing lock on daemon addresses registry.
2024-11-12T08:34:25.164+0200 [DEBUG] [org.gradle.cache.internal.DefaultFileLockManager] Waiting to acquire shared lock on daemon addresses registry.
2024-11-12T08:34:25.165+0200 [DEBUG] [org.gradle.cache.internal.DefaultFileLockManager] Lock acquired on daemon addresses registry.
2024-11-12T08:34:25.166+0200 [DEBUG] [org.gradle.cache.internal.DefaultFileLockManager] Releasing lock on daemon addresses registry.
2024-11-12T08:34:25.167+0200 [DEBUG] [org.gradle.cache.internal.DefaultFileLockManager] Waiting to acquire shared lock on daemon addresses registry.
2024-11-12T08:34:25.168+0200 [DEBUG] [org.gradle.cache.internal.DefaultFileLockManager] Lock acquired on daemon addresses registry.
2024-11-12T08:34:25.168+0200 [DEBUG] [org.gradle.cache.internal.DefaultFileLockManager] Releasing lock on daemon addresses registry.
2024-11-12T08:34:25.244+0200 [DEBUG] [org.gradle.process.internal.health.memory.DefaultMemoryManager] 409155993 physical memory requested, 293998592 free
2024-11-12T08:34:25.244+0200 [DEBUG] [org.gradle.workers.internal.WorkerDaemonExpiration] Will attempt to release 390 of memory
2024-11-12T08:34:25.246+0200 [DEBUG] [org.gradle.process.internal.health.memory.DefaultMemoryManager] 409155993 physical memory requested, 0 released, 293998592 free
2024-11-12T08:34:30.250+0200 [DEBUG] [org.gradle.process.internal.health.memory.DefaultMemoryManager] 409155993 physical memory requested, 370122752 free
2024-11-12T08:34:30.252+0200 [DEBUG] [org.gradle.workers.internal.WorkerDaemonExpiration] Will attempt to release 390 of memory
2024-11-12T08:34:30.252+0200 [DEBUG] [org.gradle.process.internal.health.memory.DefaultMemoryManager] 409155993 physical memory requested, 0 released, 370122752 free
2024-11-12T08:34:35.162+0200 [DEBUG] [org.gradle.cache.internal.DefaultFileLockManager] Waiting to acquire shared lock on daemon addresses registry.
2024-11-12T08:34:35.163+0200 [DEBUG] [org.gradle.cache.internal.DefaultFileLockManager] Lock acquired on daemon addresses registry.
2024-11-12T08:34:35.164+0200 [DEBUG] [org.gradle.cache.internal.DefaultFileLockManager] Releasing lock on daemon addresses registry.
2024-11-12T08:34:35.168+0200 [DEBUG] [org.gradle.cache.internal.DefaultFileLockManager] Waiting to acquire shared lock on daemon addresses registry.
2024-11-12T08:34:35.168+0200 [DEBUG] [org.gradle.cache.internal.DefaultFileLockManager] Lock acquired on daemon addresses registry.
2024-11-12T08:34:35.169+0200 [DEBUG] [org.gradle.cache.internal.DefaultFileLockManager] Releasing lock on daemon addresses registry.
2024-11-12T08:34:35.170+0200 [DEBUG] [org.gradle.cache.internal.DefaultFileLockManager] Waiting to acquire shared lock on daemon addresses registry.
2024-11-12T08:34:35.172+0200 [DEBUG] [org.gradle.cache.internal.DefaultFileLockManager] Lock acquired on daemon addresses registry.
2024-11-12T08:34:35.174+0200 [DEBUG] [org.gradle.cache.internal.DefaultFileLockManager] Releasing lock on daemon addresses registry.
2024-11-12T08:34:35.259+0200 [DEBUG] [org.gradle.process.internal.health.memory.DefaultMemoryManager] 409155993 physical memory requested, 283918336 free
2024-11-12T08:34:35.262+0200 [DEBUG] [org.gradle.workers.internal.WorkerDaemonExpiration] Will attempt to release 390 of memory
2024-11-12T08:34:35.262+0200 [DEBUG] [org.gradle.process.internal.health.memory.DefaultMemoryManager] 409155993 physical memory requested, 0 released, 283918336 free
2024-11-12T08:34:45.483+0200 [DEBUG] [org.gradle.cache.internal.DefaultFileLockManager] Waiting to acquire shared lock on daemon addresses registry.
2024-11-12T08:34:45.483+0200 [DEBUG] [org.gradle.cache.internal.DefaultFileLockManager] Lock acquired on daemon addresses registry.
2024-11-12T08:34:45.484+0200 [DEBUG] [org.gradle.cache.internal.DefaultFileLockManager] Releasing lock on daemon addresses registry.
2024-11-12T08:34:45.487+0200 [DEBUG] [org.gradle.cache.internal.DefaultFileLockManager] Waiting to acquire shared lock on daemon addresses registry.
2024-11-12T08:34:45.488+0200 [DEBUG] [org.gradle.cache.internal.DefaultFileLockManager] Lock acquired on daemon addresses registry.
2024-11-12T08:34:45.488+0200 [DEBUG] [org.gradle.cache.internal.DefaultFileLockManager] Releasing lock on daemon addresses registry.
2024-11-12T08:34:45.492+0200 [DEBUG] [org.gradle.cache.internal.DefaultFileLockManager] Waiting to acquire shared lock on daemon addresses registry.
2024-11-12T08:34:45.492+0200 [DEBUG] [org.gradle.cache.internal.DefaultFileLockManager] Lock acquired on daemon addresses registry.
2024-11-12T08:34:45.493+0200 [DEBUG] [org.gradle.cache.internal.DefaultFileLockManager] Releasing lock on daemon addresses registry.
2024-11-12T08:34:55.148+0200 [DEBUG] [org.gradle.cache.internal.DefaultFileLockManager] Waiting to acquire shared lock on daemon addresses registry.
2024-11-12T08:34:55.148+0200 [DEBUG] [org.gradle.cache.internal.DefaultFileLockManager] Lock acquired on daemon addresses registry.
2024-11-12T08:34:55.149+0200 [DEBUG] [org.gradle.cache.internal.DefaultFileLockManager] Releasing lock on daemon addresses registry.
2024-11-12T08:34:55.150+0200 [DEBUG] [org.gradle.cache.internal.DefaultFileLockManager] Waiting to acquire shared lock on daemon addresses registry.
2024-11-12T08:34:55.150+0200 [DEBUG] [org.gradle.cache.internal.DefaultFileLockManager] Lock acquired on daemon addresses registry.
2024-11-12T08:34:55.151+0200 [DEBUG] [org.gradle.cache.internal.DefaultFileLockManager] Releasing lock on daemon addresses registry.
2024-11-12T08:34:55.151+0200 [DEBUG] [org.gradle.cache.internal.DefaultFileLockManager] Waiting to acquire shared lock on daemon addresses registry.
2024-11-12T08:34:55.152+0200 [DEBUG] [org.gradle.cache.internal.DefaultFileLockManager] Lock acquired on daemon addresses registry.
2024-11-12T08:34:55.152+0200 [DEBUG] [org.gradle.cache.internal.DefaultFileLockManager] Releasing lock on daemon addresses registry.
2024-11-12T08:35:05.160+0200 [DEBUG] [org.gradle.cache.internal.DefaultFileLockManager] Waiting to acquire shared lock on daemon addresses registry.
2024-11-12T08:35:05.160+0200 [DEBUG] [org.gradle.cache.internal.DefaultFileLockManager] Lock acquired on daemon addresses registry.
2024-11-12T08:35:05.160+0200 [DEBUG] [org.gradle.cache.internal.DefaultFileLockManager] Releasing lock on daemon addresses registry.
2024-11-12T08:35:05.162+0200 [DEBUG] [org.gradle.cache.internal.DefaultFileLockManager] Waiting to acquire shared lock on daemon addresses registry.
2024-11-12T08:35:05.162+0200 [DEBUG] [org.gradle.cache.internal.DefaultFileLockManager] Lock acquired on daemon addresses registry.
2024-11-12T08:35:05.162+0200 [DEBUG] [org.gradle.cache.internal.DefaultFileLockManager] Releasing lock on daemon addresses registry.
2024-11-12T08:35:05.164+0200 [DEBUG] [org.gradle.cache.internal.DefaultFileLockManager] Waiting to acquire shared lock on daemon addresses registry.
2024-11-12T08:35:05.164+0200 [DEBUG] [org.gradle.cache.internal.DefaultFileLockManager] Lock acquired on daemon addresses registry.
2024-11-12T08:35:05.164+0200 [DEBUG] [org.gradle.cache.internal.DefaultFileLockManager] Releasing lock on daemon addresses registry.
2024-11-12T08:35:05.243+0200 [DEBUG] [org.gradle.process.internal.health.memory.DefaultMemoryManager] 409155993 physical memory requested, 292864000 free
2024-11-12T08:35:05.244+0200 [DEBUG] [org.gradle.workers.internal.WorkerDaemonExpiration] Will attempt to release 390 of memory
2024-11-12T08:35:05.245+0200 [DEBUG] [org.gradle.process.internal.health.memory.DefaultMemoryManager] 409155993 physical memory requested, 0 released, 292864000 free
2024-11-12T08:35:10.250+0200 [DEBUG] [org.gradle.process.internal.health.memory.DefaultMemoryManager] 409155993 physical memory requested, 290758656 free
2024-11-12T08:35:10.250+0200 [DEBUG] [org.gradle.workers.internal.WorkerDaemonExpiration] Will attempt to release 390 of memory
2024-11-12T08:35:10.250+0200 [DEBUG] [org.gradle.process.internal.health.memory.DefaultMemoryManager] 409155993 physical memory requested, 0 released, 290758656 free
2024-11-12T08:35:15.408+0200 [DEBUG] [org.gradle.cache.internal.DefaultFileLockManager] Waiting to acquire shared lock on daemon addresses registry.
2024-11-12T08:35:15.408+0200 [DEBUG] [org.gradle.cache.internal.DefaultFileLockManager] Lock acquired on daemon addresses registry.
2024-11-12T08:35:15.410+0200 [DEBUG] [org.gradle.cache.internal.DefaultFileLockManager] Releasing lock on daemon addresses registry.
2024-11-12T08:35:15.413+0200 [DEBUG] [org.gradle.cache.internal.DefaultFileLockManager] Waiting to acquire shared lock on daemon addresses registry.
2024-11-12T08:35:15.413+0200 [DEBUG] [org.gradle.cache.internal.DefaultFileLockManager] Lock acquired on daemon addresses registry.
2024-11-12T08:35:15.414+0200 [DEBUG] [org.gradle.cache.internal.DefaultFileLockManager] Releasing lock on daemon addresses registry.
2024-11-12T08:35:15.428+0200 [DEBUG] [org.gradle.cache.internal.DefaultFileLockManager] Waiting to acquire shared lock on daemon addresses registry.
2024-11-12T08:35:15.429+0200 [DEBUG] [org.gradle.cache.internal.DefaultFileLockManager] Lock acquired on daemon addresses registry.
2024-11-12T08:35:15.431+0200 [DEBUG] [org.gradle.cache.internal.DefaultFileLockManager] Releasing lock on daemon addresses registry.
2024-11-12T08:35:15.630+0200 [DEBUG] [org.gradle.process.internal.health.memory.DefaultMemoryManager] 409155993 physical memory requested, 265289728 free
2024-11-12T08:35:15.632+0200 [DEBUG] [org.gradle.workers.internal.WorkerDaemonExpiration] Will attempt to release 390 of memory
2024-11-12T08:35:15.633+0200 [DEBUG] [org.gradle.process.internal.health.memory.DefaultMemoryManager] 409155993 physical memory requested, 0 released, 265289728 free
2024-11-12T08:35:20.252+0200 [DEBUG] [org.gradle.process.internal.health.memory.DefaultMemoryManager] 409155993 physical memory requested, 297218048 free
2024-11-12T08:35:20.252+0200 [DEBUG] [org.gradle.workers.internal.WorkerDaemonExpiration] Will attempt to release 390 of memory
2024-11-12T08:35:20.252+0200 [DEBUG] [org.gradle.process.internal.health.memory.DefaultMemoryManager] 409155993 physical memory requested, 0 released, 297218048 free
2024-11-12T08:35:25.153+0200 [DEBUG] [org.gradle.cache.internal.DefaultFileLockManager] Waiting to acquire shared lock on daemon addresses registry.
2024-11-12T08:35:25.154+0200 [DEBUG] [org.gradle.cache.internal.DefaultFileLockManager] Lock acquired on daemon addresses registry.
2024-11-12T08:35:25.154+0200 [DEBUG] [org.gradle.cache.internal.DefaultFileLockManager] Releasing lock on daemon addresses registry.
2024-11-12T08:35:25.155+0200 [DEBUG] [org.gradle.cache.internal.DefaultFileLockManager] Waiting to acquire shared lock on daemon addresses registry.
2024-11-12T08:35:25.155+0200 [DEBUG] [org.gradle.cache.internal.DefaultFileLockManager] Lock acquired on daemon addresses registry.
2024-11-12T08:35:25.156+0200 [DEBUG] [org.gradle.cache.internal.DefaultFileLockManager] Releasing lock on daemon addresses registry.
2024-11-12T08:35:25.156+0200 [DEBUG] [org.gradle.cache.internal.DefaultFileLockManager] Waiting to acquire shared lock on daemon addresses registry.
2024-11-12T08:35:25.157+0200 [DEBUG] [org.gradle.cache.internal.DefaultFileLockManager] Lock acquired on daemon addresses registry.
2024-11-12T08:35:25.158+0200 [DEBUG] [org.gradle.cache.internal.DefaultFileLockManager] Releasing lock on daemon addresses registry.
2024-11-12T08:35:25.250+0200 [DEBUG] [org.gradle.process.internal.health.memory.DefaultMemoryManager] 409155993 physical memory requested, 295350272 free
2024-11-12T08:35:25.250+0200 [DEBUG] [org.gradle.workers.internal.WorkerDaemonExpiration] Will attempt to release 390 of memory
2024-11-12T08:35:25.251+0200 [DEBUG] [org.gradle.process.internal.health.memory.DefaultMemoryManager] 409155993 physical memory requested, 0 released, 295350272 free
2024-11-12T08:35:35.159+0200 [DEBUG] [org.gradle.cache.internal.DefaultFileLockManager] Waiting to acquire shared lock on daemon addresses registry.
2024-11-12T08:35:35.159+0200 [DEBUG] [org.gradle.cache.internal.DefaultFileLockManager] Lock acquired on daemon addresses registry.
2024-11-12T08:35:35.162+0200 [DEBUG] [org.gradle.cache.internal.DefaultFileLockManager] Releasing lock on daemon addresses registry.
2024-11-12T08:35:35.166+0200 [DEBUG] [org.gradle.cache.internal.DefaultFileLockManager] Waiting to acquire shared lock on daemon addresses registry.
2024-11-12T08:35:35.166+0200 [DEBUG] [org.gradle.cache.internal.DefaultFileLockManager] Lock acquired on daemon addresses registry.
2024-11-12T08:35:35.167+0200 [DEBUG] [org.gradle.cache.internal.DefaultFileLockManager] Releasing lock on daemon addresses registry.
2024-11-12T08:35:35.171+0200 [DEBUG] [org.gradle.cache.internal.DefaultFileLockManager] Waiting to acquire shared lock on daemon addresses registry.
2024-11-12T08:35:35.171+0200 [DEBUG] [org.gradle.cache.internal.DefaultFileLockManager] Lock acquired on daemon addresses registry.
2024-11-12T08:35:35.172+0200 [DEBUG] [org.gradle.cache.internal.DefaultFileLockManager] Releasing lock on daemon addresses registry.
2024-11-12T08:35:45.161+0200 [DEBUG] [org.gradle.cache.internal.DefaultFileLockManager] Waiting to acquire shared lock on daemon addresses registry.
2024-11-12T08:35:45.161+0200 [DEBUG] [org.gradle.cache.internal.DefaultFileLockManager] Lock acquired on daemon addresses registry.
2024-11-12T08:35:45.162+0200 [DEBUG] [org.gradle.cache.internal.DefaultFileLockManager] Releasing lock on daemon addresses registry.
2024-11-12T08:35:45.164+0200 [DEBUG] [org.gradle.cache.internal.DefaultFileLockManager] Waiting to acquire shared lock on daemon addresses registry.
2024-11-12T08:35:45.164+0200 [DEBUG] [org.gradle.cache.internal.DefaultFileLockManager] Lock acquired on daemon addresses registry.
2024-11-12T08:35:45.164+0200 [DEBUG] [org.gradle.cache.internal.DefaultFileLockManager] Releasing lock on daemon addresses registry.
2024-11-12T08:35:45.165+0200 [DEBUG] [org.gradle.cache.internal.DefaultFileLockManager] Waiting to acquire shared lock on daemon addresses registry.
2024-11-12T08:35:45.165+0200 [DEBUG] [org.gradle.cache.internal.DefaultFileLockManager] Lock acquired on daemon addresses registry.
2024-11-12T08:35:45.165+0200 [DEBUG] [org.gradle.cache.internal.DefaultFileLockManager] Releasing lock on daemon addresses registry.
2024-11-12T08:35:50.249+0200 [DEBUG] [org.gradle.process.internal.health.memory.DefaultMemoryManager] 409155993 physical memory requested, 392208384 free
2024-11-12T08:35:50.249+0200 [DEBUG] [org.gradle.workers.internal.WorkerDaemonExpiration] Will attempt to release 390 of memory
2024-11-12T08:35:50.250+0200 [DEBUG] [org.gradle.process.internal.health.memory.DefaultMemoryManager] 409155993 physical memory requested, 0 released, 392208384 free
2024-11-12T08:35:55.159+0200 [DEBUG] [org.gradle.cache.internal.DefaultFileLockManager] Waiting to acquire shared lock on daemon addresses registry.
2024-11-12T08:35:55.159+0200 [DEBUG] [org.gradle.cache.internal.DefaultFileLockManager] Lock acquired on daemon addresses registry.
2024-11-12T08:35:55.160+0200 [DEBUG] [org.gradle.cache.internal.DefaultFileLockManager] Releasing lock on daemon addresses registry.
2024-11-12T08:35:55.161+0200 [DEBUG] [org.gradle.cache.internal.DefaultFileLockManager] Waiting to acquire shared lock on daemon addresses registry.
2024-11-12T08:35:55.161+0200 [DEBUG] [org.gradle.cache.internal.DefaultFileLockManager] Lock acquired on daemon addresses registry.
2024-11-12T08:35:55.162+0200 [DEBUG] [org.gradle.cache.internal.DefaultFileLockManager] Releasing lock on daemon addresses registry.
2024-11-12T08:35:55.163+0200 [DEBUG] [org.gradle.cache.internal.DefaultFileLockManager] Waiting to acquire shared lock on daemon addresses registry.
2024-11-12T08:35:55.163+0200 [DEBUG] [org.gradle.cache.internal.DefaultFileLockManager] Lock acquired on daemon addresses registry.
2024-11-12T08:35:55.163+0200 [DEBUG] [org.gradle.cache.internal.DefaultFileLockManager] Releasing lock on daemon addresses registry.
2024-11-12T08:35:55.257+0200 [DEBUG] [org.gradle.process.internal.health.memory.DefaultMemoryManager] 409155993 physical memory requested, 376352768 free
2024-11-12T08:35:55.257+0200 [DEBUG] [org.gradle.workers.internal.WorkerDaemonExpiration] Will attempt to release 390 of memory
2024-11-12T08:35:55.257+0200 [DEBUG] [org.gradle.process.internal.health.memory.DefaultMemoryManager] 409155993 physical memory requested, 0 released, 376352768 free
2024-11-12T08:36:00.286+0200 [DEBUG] [org.gradle.process.internal.health.memory.DefaultMemoryManager] 409155993 physical memory requested, 248410112 free
2024-11-12T08:36:00.287+0200 [DEBUG] [org.gradle.workers.internal.WorkerDaemonExpiration] Will attempt to release 390 of memory
2024-11-12T08:36:00.287+0200 [DEBUG] [org.gradle.process.internal.health.memory.DefaultMemoryManager] 409155993 physical memory requested, 0 released, 248410112 free
2024-11-12T08:36:05.156+0200 [DEBUG] [org.gradle.cache.internal.DefaultFileLockManager] Waiting to acquire shared lock on daemon addresses registry.
2024-11-12T08:36:05.157+0200 [DEBUG] [org.gradle.cache.internal.DefaultFileLockManager] Lock acquired on daemon addresses registry.
2024-11-12T08:36:05.158+0200 [DEBUG] [org.gradle.cache.internal.DefaultFileLockManager] Releasing lock on daemon addresses registry.
2024-11-12T08:36:05.160+0200 [DEBUG] [org.gradle.cache.internal.DefaultFileLockManager] Waiting to acquire shared lock on daemon addresses registry.
2024-11-12T08:36:05.160+0200 [DEBUG] [org.gradle.cache.internal.DefaultFileLockManager] Lock acquired on daemon addresses registry.
2024-11-12T08:36:05.161+0200 [DEBUG] [org.gradle.cache.internal.DefaultFileLockManager] Releasing lock on daemon addresses registry.
2024-11-12T08:36:05.162+0200 [DEBUG] [org.gradle.cache.internal.DefaultFileLockManager] Waiting to acquire shared lock on daemon addresses registry.
2024-11-12T08:36:05.162+0200 [DEBUG] [org.gradle.cache.internal.DefaultFileLockManager] Lock acquired on daemon addresses registry.
2024-11-12T08:36:05.162+0200 [DEBUG] [org.gradle.cache.internal.DefaultFileLockManager] Releasing lock on daemon addresses registry.
2024-11-12T08:36:15.150+0200 [DEBUG] [org.gradle.cache.internal.DefaultFileLockManager] Waiting to acquire shared lock on daemon addresses registry.
2024-11-12T08:36:15.151+0200 [DEBUG] [org.gradle.cache.internal.DefaultFileLockManager] Lock acquired on daemon addresses registry.
2024-11-12T08:36:15.152+0200 [DEBUG] [org.gradle.cache.internal.DefaultFileLockManager] Releasing lock on daemon addresses registry.
2024-11-12T08:36:15.153+0200 [DEBUG] [org.gradle.cache.internal.DefaultFileLockManager] Waiting to acquire shared lock on daemon addresses registry.
2024-11-12T08:36:15.154+0200 [DEBUG] [org.gradle.cache.internal.DefaultFileLockManager] Lock acquired on daemon addresses registry.
2024-11-12T08:36:15.154+0200 [DEBUG] [org.gradle.cache.internal.DefaultFileLockManager] Releasing lock on daemon addresses registry.
2024-11-12T08:36:15.156+0200 [DEBUG] [org.gradle.cache.internal.DefaultFileLockManager] Waiting to acquire shared lock on daemon addresses registry.
2024-11-12T08:36:15.156+0200 [DEBUG] [org.gradle.cache.internal.DefaultFileLockManager] Lock acquired on daemon addresses registry.
2024-11-12T08:36:15.157+0200 [DEBUG] [org.gradle.cache.internal.DefaultFileLockManager] Releasing lock on daemon addresses registry.
2024-11-12T08:36:15.248+0200 [DEBUG] [org.gradle.process.internal.health.memory.DefaultMemoryManager] 409155993 physical memory requested, 369606656 free
2024-11-12T08:36:15.248+0200 [DEBUG] [org.gradle.workers.internal.WorkerDaemonExpiration] Will attempt to release 390 of memory
2024-11-12T08:36:15.248+0200 [DEBUG] [org.gradle.process.internal.health.memory.DefaultMemoryManager] 409155993 physical memory requested, 0 released, 369606656 free
2024-11-12T08:36:20.267+0200 [DEBUG] [org.gradle.process.internal.health.memory.DefaultMemoryManager] 409155993 physical memory requested, 238968832 free
2024-11-12T08:36:20.268+0200 [DEBUG] [org.gradle.workers.internal.WorkerDaemonExpiration] Will attempt to release 390 of memory
2024-11-12T08:36:20.269+0200 [DEBUG] [org.gradle.process.internal.health.memory.DefaultMemoryManager] 409155993 physical memory requested, 0 released, 238968832 free
2024-11-12T08:36:25.382+0200 [DEBUG] [org.gradle.process.internal.health.memory.DefaultMemoryManager] 409155993 physical memory requested, 368656384 free
2024-11-12T08:36:25.391+0200 [DEBUG] [org.gradle.workers.internal.WorkerDaemonExpiration] Will attempt to release 390 of memory
2024-11-12T08:36:25.391+0200 [DEBUG] [org.gradle.process.internal.health.memory.DefaultMemoryManager] 409155993 physical memory requested, 0 released, 368656384 free
2024-11-12T08:36:25.494+0200 [DEBUG] [org.gradle.cache.internal.DefaultFileLockManager] Waiting to acquire shared lock on daemon addresses registry.
2024-11-12T08:36:25.495+0200 [DEBUG] [org.gradle.cache.internal.DefaultFileLockManager] Lock acquired on daemon addresses registry.
2024-11-12T08:36:25.497+0200 [DEBUG] [org.gradle.cache.internal.DefaultFileLockManager] Releasing lock on daemon addresses registry.
2024-11-12T08:36:25.500+0200 [DEBUG] [org.gradle.cache.internal.DefaultFileLockManager] Waiting to acquire shared lock on daemon addresses registry.
2024-11-12T08:36:25.500+0200 [DEBUG] [org.gradle.cache.internal.DefaultFileLockManager] Lock acquired on daemon addresses registry.
2024-11-12T08:36:25.501+0200 [DEBUG] [org.gradle.cache.internal.DefaultFileLockManager] Releasing lock on daemon addresses registry.
2024-11-12T08:36:25.503+0200 [DEBUG] [org.gradle.cache.internal.DefaultFileLockManager] Waiting to acquire shared lock on daemon addresses registry.
2024-11-12T08:36:25.504+0200 [DEBUG] [org.gradle.cache.internal.DefaultFileLockManager] Lock acquired on daemon addresses registry.
2024-11-12T08:36:25.504+0200 [DEBUG] [org.gradle.cache.internal.DefaultFileLockManager] Releasing lock on daemon addresses registry.
2024-11-12T08:36:35.163+0200 [DEBUG] [org.gradle.cache.internal.DefaultFileLockManager] Waiting to acquire shared lock on daemon addresses registry.
2024-11-12T08:36:35.164+0200 [DEBUG] [org.gradle.cache.internal.DefaultFileLockManager] Lock acquired on daemon addresses registry.
2024-11-12T08:36:35.166+0200 [DEBUG] [org.gradle.cache.internal.DefaultFileLockManager] Releasing lock on daemon addresses registry.
2024-11-12T08:36:35.169+0200 [DEBUG] [org.gradle.cache.internal.DefaultFileLockManager] Waiting to acquire shared lock on daemon addresses registry.
2024-11-12T08:36:35.170+0200 [DEBUG] [org.gradle.cache.internal.DefaultFileLockManager] Lock acquired on daemon addresses registry.
2024-11-12T08:36:35.170+0200 [DEBUG] [org.gradle.cache.internal.DefaultFileLockManager] Releasing lock on daemon addresses registry.
2024-11-12T08:36:35.172+0200 [DEBUG] [org.gradle.cache.internal.DefaultFileLockManager] Waiting to acquire shared lock on daemon addresses registry.
2024-11-12T08:36:35.173+0200 [DEBUG] [org.gradle.cache.internal.DefaultFileLockManager] Lock acquired on daemon addresses registry.
2024-11-12T08:36:35.173+0200 [DEBUG] [org.gradle.cache.internal.DefaultFileLockManager] Releasing lock on daemon addresses registry.
2024-11-12T08:36:40.815+0200 [DEBUG] [org.gradle.process.internal.health.memory.DefaultMemoryManager] 409155993 physical memory requested, 303656960 free
2024-11-12T08:36:40.817+0200 [DEBUG] [org.gradle.workers.internal.WorkerDaemonExpiration] Will attempt to release 390 of memory
2024-11-12T08:36:40.829+0200 [DEBUG] [org.gradle.process.internal.health.memory.DefaultMemoryManager] 409155993 physical memory requested, 0 released, 303656960 free
2024-11-12T08:36:45.238+0200 [DEBUG] [org.gradle.cache.internal.DefaultFileLockManager] Waiting to acquire shared lock on daemon addresses registry.
2024-11-12T08:36:45.239+0200 [DEBUG] [org.gradle.cache.internal.DefaultFileLockManager] Lock acquired on daemon addresses registry.
2024-11-12T08:36:45.269+0200 [DEBUG] [org.gradle.cache.internal.DefaultFileLockManager] Releasing lock on daemon addresses registry.
2024-11-12T08:36:45.302+0200 [DEBUG] [org.gradle.cache.internal.DefaultFileLockManager] Waiting to acquire shared lock on daemon addresses registry.
2024-11-12T08:36:45.319+0200 [DEBUG] [org.gradle.cache.internal.DefaultFileLockManager] Lock acquired on daemon addresses registry.
2024-11-12T08:36:45.319+0200 [DEBUG] [org.gradle.cache.internal.DefaultFileLockManager] Releasing lock on daemon addresses registry.
2024-11-12T08:36:45.353+0200 [DEBUG] [org.gradle.cache.internal.DefaultFileLockManager] Waiting to acquire shared lock on daemon addresses registry.
2024-11-12T08:36:45.353+0200 [DEBUG] [org.gradle.cache.internal.DefaultFileLockManager] Lock acquired on daemon addresses registry.
2024-11-12T08:36:45.354+0200 [DEBUG] [org.gradle.cache.internal.DefaultFileLockManager] Releasing lock on daemon addresses registry.
2024-11-12T08:36:55.152+0200 [DEBUG] [org.gradle.cache.internal.DefaultFileLockManager] Waiting to acquire shared lock on daemon addresses registry.
2024-11-12T08:36:55.152+0200 [DEBUG] [org.gradle.cache.internal.DefaultFileLockManager] Lock acquired on daemon addresses registry.
2024-11-12T08:36:55.153+0200 [DEBUG] [org.gradle.cache.internal.DefaultFileLockManager] Releasing lock on daemon addresses registry.
2024-11-12T08:36:55.155+0200 [DEBUG] [org.gradle.cache.internal.DefaultFileLockManager] Waiting to acquire shared lock on daemon addresses registry.
2024-11-12T08:36:55.155+0200 [DEBUG] [org.gradle.cache.internal.DefaultFileLockManager] Lock acquired on daemon addresses registry.
2024-11-12T08:36:55.157+0200 [DEBUG] [org.gradle.cache.internal.DefaultFileLockManager] Releasing lock on daemon addresses registry.
2024-11-12T08:36:55.159+0200 [DEBUG] [org.gradle.cache.internal.DefaultFileLockManager] Waiting to acquire shared lock on daemon addresses registry.
2024-11-12T08:36:55.168+0200 [DEBUG] [org.gradle.cache.internal.DefaultFileLockManager] Lock acquired on daemon addresses registry.
2024-11-12T08:36:55.170+0200 [DEBUG] [org.gradle.cache.internal.DefaultFileLockManager] Releasing lock on daemon addresses registry.
2024-11-12T08:37:05.160+0200 [DEBUG] [org.gradle.cache.internal.DefaultFileLockManager] Waiting to acquire shared lock on daemon addresses registry.
2024-11-12T08:37:05.162+0200 [DEBUG] [org.gradle.cache.internal.DefaultFileLockManager] Lock acquired on daemon addresses registry.
2024-11-12T08:37:05.163+0200 [DEBUG] [org.gradle.cache.internal.DefaultFileLockManager] Releasing lock on daemon addresses registry.
2024-11-12T08:37:05.167+0200 [DEBUG] [org.gradle.cache.internal.DefaultFileLockManager] Waiting to acquire shared lock on daemon addresses registry.
2024-11-12T08:37:05.168+0200 [DEBUG] [org.gradle.cache.internal.DefaultFileLockManager] Lock acquired on daemon addresses registry.
2024-11-12T08:37:05.170+0200 [DEBUG] [org.gradle.cache.internal.DefaultFileLockManager] Releasing lock on daemon addresses registry.
2024-11-12T08:37:05.253+0200 [DEBUG] [org.gradle.process.internal.health.memory.DefaultMemoryManager] 409155993 physical memory requested, 378134528 free
2024-11-12T08:37:05.253+0200 [DEBUG] [org.gradle.workers.internal.WorkerDaemonExpiration] Will attempt to release 390 of memory
2024-11-12T08:37:05.253+0200 [DEBUG] [org.gradle.process.internal.health.memory.DefaultMemoryManager] 409155993 physical memory requested, 0 released, 378134528 free
2024-11-12T08:37:05.401+0200 [DEBUG] [org.gradle.cache.internal.DefaultFileLockManager] Waiting to acquire shared lock on daemon addresses registry.
2024-11-12T08:37:05.464+0200 [DEBUG] [org.gradle.cache.internal.DefaultFileLockManager] Lock acquired on daemon addresses registry.
2024-11-12T08:37:05.464+0200 [DEBUG] [org.gradle.cache.internal.DefaultFileLockManager] Releasing lock on daemon addresses registry.
2024-11-12T08:37:15.161+0200 [DEBUG] [org.gradle.cache.internal.DefaultFileLockManager] Waiting to acquire shared lock on daemon addresses registry.
2024-11-12T08:37:15.161+0200 [DEBUG] [org.gradle.cache.internal.DefaultFileLockManager] Lock acquired on daemon addresses registry.
2024-11-12T08:37:15.162+0200 [DEBUG] [org.gradle.cache.internal.DefaultFileLockManager] Releasing lock on daemon addresses registry.
2024-11-12T08:37:15.163+0200 [DEBUG] [org.gradle.cache.internal.DefaultFileLockManager] Waiting to acquire shared lock on daemon addresses registry.
2024-11-12T08:37:15.164+0200 [DEBUG] [org.gradle.cache.internal.DefaultFileLockManager] Lock acquired on daemon addresses registry.
2024-11-12T08:37:15.164+0200 [DEBUG] [org.gradle.cache.internal.DefaultFileLockManager] Releasing lock on daemon addresses registry.
2024-11-12T08:37:15.167+0200 [DEBUG] [org.gradle.cache.internal.DefaultFileLockManager] Waiting to acquire shared lock on daemon addresses registry.
2024-11-12T08:37:15.168+0200 [DEBUG] [org.gradle.cache.internal.DefaultFileLockManager] Lock acquired on daemon addresses registry.
2024-11-12T08:37:15.169+0200 [DEBUG] [org.gradle.cache.internal.DefaultFileLockManager] Releasing lock on daemon addresses registry.
2024-11-12T08:37:15.246+0200 [DEBUG] [org.gradle.process.internal.health.memory.DefaultMemoryManager] 409155993 physical memory requested, 403619840 free
2024-11-12T08:37:15.247+0200 [DEBUG] [org.gradle.workers.internal.WorkerDaemonExpiration] Will attempt to release 390 of memory
2024-11-12T08:37:15.247+0200 [DEBUG] [org.gradle.process.internal.health.memory.DefaultMemoryManager] 409155993 physical memory requested, 0 released, 403619840 free
2024-11-12T08:37:20.309+0200 [DEBUG] [org.gradle.process.internal.health.memory.DefaultMemoryManager] 409155993 physical memory requested, 334524416 free
2024-11-12T08:37:20.309+0200 [DEBUG] [org.gradle.workers.internal.WorkerDaemonExpiration] Will attempt to release 390 of memory
2024-11-12T08:37:20.317+0200 [DEBUG] [org.gradle.process.internal.health.memory.DefaultMemoryManager] 409155993 physical memory requested, 0 released, 334524416 free
2024-11-12T08:37:25.268+0200 [DEBUG] [org.gradle.process.internal.health.memory.DefaultMemoryManager] 409155993 physical memory requested, 260198400 free
2024-11-12T08:37:25.268+0200 [DEBUG] [org.gradle.workers.internal.WorkerDaemonExpiration] Will attempt to release 390 of memory
2024-11-12T08:37:25.268+0200 [DEBUG] [org.gradle.process.internal.health.memory.DefaultMemoryManager] 409155993 physical memory requested, 0 released, 260198400 free
2024-11-12T08:37:25.309+0200 [DEBUG] [org.gradle.cache.internal.DefaultFileLockManager] Waiting to acquire shared lock on daemon addresses registry.
2024-11-12T08:37:25.313+0200 [DEBUG] [org.gradle.cache.internal.DefaultFileLockManager] Lock acquired on daemon addresses registry.
2024-11-12T08:37:25.319+0200 [DEBUG] [org.gradle.cache.internal.DefaultFileLockManager] Releasing lock on daemon addresses registry.
2024-11-12T08:37:25.325+0200 [DEBUG] [org.gradle.cache.internal.DefaultFileLockManager] Waiting to acquire shared lock on daemon addresses registry.
2024-11-12T08:37:25.327+0200 [DEBUG] [org.gradle.cache.internal.DefaultFileLockManager] Lock acquired on daemon addresses registry.
2024-11-12T08:37:25.328+0200 [DEBUG] [org.gradle.cache.internal.DefaultFileLockManager] Releasing lock on daemon addresses registry.
2024-11-12T08:37:25.331+0200 [DEBUG] [org.gradle.cache.internal.DefaultFileLockManager] Waiting to acquire shared lock on daemon addresses registry.
2024-11-12T08:37:25.332+0200 [DEBUG] [org.gradle.cache.internal.DefaultFileLockManager] Lock acquired on daemon addresses registry.
2024-11-12T08:37:25.333+0200 [DEBUG] [org.gradle.cache.internal.DefaultFileLockManager] Releasing lock on daemon addresses registry.
2024-11-12T08:37:30.246+0200 [DEBUG] [org.gradle.process.internal.health.memory.DefaultMemoryManager] 409155993 physical memory requested, 320749568 free
2024-11-12T08:37:30.247+0200 [DEBUG] [org.gradle.workers.internal.WorkerDaemonExpiration] Will attempt to release 390 of memory
2024-11-12T08:37:30.247+0200 [DEBUG] [org.gradle.process.internal.health.memory.DefaultMemoryManager] 409155993 physical memory requested, 0 released, 320749568 free
2024-11-12T08:37:35.150+0200 [DEBUG] [org.gradle.cache.internal.DefaultFileLockManager] Waiting to acquire shared lock on daemon addresses registry.
2024-11-12T08:37:35.150+0200 [DEBUG] [org.gradle.cache.internal.DefaultFileLockManager] Lock acquired on daemon addresses registry.
2024-11-12T08:37:35.151+0200 [DEBUG] [org.gradle.cache.internal.DefaultFileLockManager] Releasing lock on daemon addresses registry.
2024-11-12T08:37:35.153+0200 [DEBUG] [org.gradle.cache.internal.DefaultFileLockManager] Waiting to acquire shared lock on daemon addresses registry.
2024-11-12T08:37:35.154+0200 [DEBUG] [org.gradle.cache.internal.DefaultFileLockManager] Lock acquired on daemon addresses registry.
2024-11-12T08:37:35.155+0200 [DEBUG] [org.gradle.cache.internal.DefaultFileLockManager] Releasing lock on daemon addresses registry.
2024-11-12T08:37:35.156+0200 [DEBUG] [org.gradle.cache.internal.DefaultFileLockManager] Waiting to acquire shared lock on daemon addresses registry.
2024-11-12T08:37:35.157+0200 [DEBUG] [org.gradle.cache.internal.DefaultFileLockManager] Lock acquired on daemon addresses registry.
2024-11-12T08:37:35.157+0200 [DEBUG] [org.gradle.cache.internal.DefaultFileLockManager] Releasing lock on daemon addresses registry.
2024-11-12T08:37:35.257+0200 [DEBUG] [org.gradle.process.internal.health.memory.DefaultMemoryManager] 409155993 physical memory requested, 286314496 free
2024-11-12T08:37:35.258+0200 [DEBUG] [org.gradle.workers.internal.WorkerDaemonExpiration] Will attempt to release 390 of memory
2024-11-12T08:37:35.259+0200 [DEBUG] [org.gradle.process.internal.health.memory.DefaultMemoryManager] 409155993 physical memory requested, 0 released, 286314496 free
2024-11-12T08:37:40.250+0200 [DEBUG] [org.gradle.process.internal.health.memory.DefaultMemoryManager] 409155993 physical memory requested, 367255552 free
2024-11-12T08:37:40.251+0200 [DEBUG] [org.gradle.workers.internal.WorkerDaemonExpiration] Will attempt to release 390 of memory
2024-11-12T08:37:40.251+0200 [DEBUG] [org.gradle.process.internal.health.memory.DefaultMemoryManager] 409155993 physical memory requested, 0 released, 367255552 free
2024-11-12T08:37:45.248+0200 [DEBUG] [org.gradle.cache.internal.DefaultFileLockManager] Waiting to acquire shared lock on daemon addresses registry.
2024-11-12T08:37:45.248+0200 [DEBUG] [org.gradle.cache.internal.DefaultFileLockManager] Lock acquired on daemon addresses registry.
2024-11-12T08:37:45.258+0200 [DEBUG] [org.gradle.cache.internal.DefaultFileLockManager] Releasing lock on daemon addresses registry.
2024-11-12T08:37:45.282+0200 [DEBUG] [org.gradle.cache.internal.DefaultFileLockManager] Waiting to acquire shared lock on daemon addresses registry.
2024-11-12T08:37:45.283+0200 [DEBUG] [org.gradle.cache.internal.DefaultFileLockManager] Lock acquired on daemon addresses registry.
2024-11-12T08:37:45.284+0200 [DEBUG] [org.gradle.cache.internal.DefaultFileLockManager] Releasing lock on daemon addresses registry.
2024-11-12T08:37:45.286+0200 [DEBUG] [org.gradle.cache.internal.DefaultFileLockManager] Waiting to acquire shared lock on daemon addresses registry.
2024-11-12T08:37:45.286+0200 [DEBUG] [org.gradle.cache.internal.DefaultFileLockManager] Lock acquired on daemon addresses registry.
2024-11-12T08:37:45.287+0200 [DEBUG] [org.gradle.cache.internal.DefaultFileLockManager] Releasing lock on daemon addresses registry.
2024-11-12T08:37:45.288+0200 [DEBUG] [org.gradle.process.internal.health.memory.DefaultMemoryManager] 409155993 physical memory requested, 302387200 free
2024-11-12T08:37:45.290+0200 [DEBUG] [org.gradle.workers.internal.WorkerDaemonExpiration] Will attempt to release 390 of memory
2024-11-12T08:37:45.291+0200 [DEBUG] [org.gradle.process.internal.health.memory.DefaultMemoryManager] 409155993 physical memory requested, 0 released, 302387200 free
2024-11-12T08:37:50.434+0200 [DEBUG] [org.gradle.process.internal.health.memory.DefaultMemoryManager] 409155993 physical memory requested, 267509760 free
2024-11-12T08:37:50.434+0200 [DEBUG] [org.gradle.workers.internal.WorkerDaemonExpiration] Will attempt to release 390 of memory
2024-11-12T08:37:50.435+0200 [DEBUG] [org.gradle.process.internal.health.memory.DefaultMemoryManager] 409155993 physical memory requested, 0 released, 267509760 free
2024-11-12T08:37:55.156+0200 [DEBUG] [org.gradle.cache.internal.DefaultFileLockManager] Waiting to acquire shared lock on daemon addresses registry.
2024-11-12T08:37:55.157+0200 [DEBUG] [org.gradle.cache.internal.DefaultFileLockManager] Lock acquired on daemon addresses registry.
2024-11-12T08:37:55.158+0200 [DEBUG] [org.gradle.cache.internal.DefaultFileLockManager] Releasing lock on daemon addresses registry.
2024-11-12T08:37:55.159+0200 [DEBUG] [org.gradle.cache.internal.DefaultFileLockManager] Waiting to acquire shared lock on daemon addresses registry.
2024-11-12T08:37:55.159+0200 [DEBUG] [org.gradle.cache.internal.DefaultFileLockManager] Lock acquired on daemon addresses registry.
2024-11-12T08:37:55.159+0200 [DEBUG] [org.gradle.cache.internal.DefaultFileLockManager] Releasing lock on daemon addresses registry.
2024-11-12T08:37:55.160+0200 [DEBUG] [org.gradle.cache.internal.DefaultFileLockManager] Waiting to acquire shared lock on daemon addresses registry.
2024-11-12T08:37:55.160+0200 [DEBUG] [org.gradle.cache.internal.DefaultFileLockManager] Lock acquired on daemon addresses registry.
2024-11-12T08:37:55.161+0200 [DEBUG] [org.gradle.cache.internal.DefaultFileLockManager] Releasing lock on daemon addresses registry.
2024-11-12T08:38:00.300+0200 [DEBUG] [org.gradle.process.internal.health.memory.DefaultMemoryManager] 409155993 physical memory requested, 252338176 free
2024-11-12T08:38:00.335+0200 [DEBUG] [org.gradle.workers.internal.WorkerDaemonExpiration] Will attempt to release 390 of memory
2024-11-12T08:38:00.351+0200 [DEBUG] [org.gradle.process.internal.health.memory.DefaultMemoryManager] 409155993 physical memory requested, 0 released, 252338176 free
2024-11-12T08:38:05.169+0200 [DEBUG] [org.gradle.cache.internal.DefaultFileLockManager] Waiting to acquire shared lock on daemon addresses registry.
2024-11-12T08:38:05.169+0200 [DEBUG] [org.gradle.cache.internal.DefaultFileLockManager] Lock acquired on daemon addresses registry.
2024-11-12T08:38:05.170+0200 [DEBUG] [org.gradle.cache.internal.DefaultFileLockManager] Releasing lock on daemon addresses registry.
2024-11-12T08:38:05.174+0200 [DEBUG] [org.gradle.cache.internal.DefaultFileLockManager] Waiting to acquire shared lock on daemon addresses registry.
2024-11-12T08:38:05.188+0200 [DEBUG] [org.gradle.cache.internal.DefaultFileLockManager] Lock acquired on daemon addresses registry.
2024-11-12T08:38:05.189+0200 [DEBUG] [org.gradle.cache.internal.DefaultFileLockManager] Releasing lock on daemon addresses registry.
2024-11-12T08:38:05.208+0200 [DEBUG] [org.gradle.cache.internal.DefaultFileLockManager] Waiting to acquire shared lock on daemon addresses registry.
2024-11-12T08:38:05.209+0200 [DEBUG] [org.gradle.cache.internal.DefaultFileLockManager] Lock acquired on daemon addresses registry.
2024-11-12T08:38:05.212+0200 [DEBUG] [org.gradle.cache.internal.DefaultFileLockManager] Releasing lock on daemon addresses registry.
2024-11-12T08:38:05.252+0200 [DEBUG] [org.gradle.process.internal.health.memory.DefaultMemoryManager] 409155993 physical memory requested, 282411008 free
2024-11-12T08:38:05.252+0200 [DEBUG] [org.gradle.workers.internal.WorkerDaemonExpiration] Will attempt to release 390 of memory
2024-11-12T08:38:05.253+0200 [DEBUG] [org.gradle.process.internal.health.memory.DefaultMemoryManager] 409155993 physical memory requested, 0 released, 282411008 free
2024-11-12T08:38:15.488+0200 [DEBUG] [org.gradle.cache.internal.DefaultFileLockManager] Waiting to acquire shared lock on daemon addresses registry.
2024-11-12T08:38:15.490+0200 [DEBUG] [org.gradle.cache.internal.DefaultFileLockManager] Lock acquired on daemon addresses registry.
2024-11-12T08:38:15.503+0200 [DEBUG] [org.gradle.cache.internal.DefaultFileLockManager] Releasing lock on daemon addresses registry.
2024-11-12T08:38:15.569+0200 [DEBUG] [org.gradle.cache.internal.DefaultFileLockManager] Waiting to acquire shared lock on daemon addresses registry.
2024-11-12T08:38:15.662+0200 [DEBUG] [org.gradle.process.internal.health.memory.DefaultMemoryManager] 409155993 physical memory requested, 370941952 free
2024-11-12T08:38:15.662+0200 [DEBUG] [org.gradle.workers.internal.WorkerDaemonExpiration] Will attempt to release 390 of memory
2024-11-12T08:38:15.665+0200 [DEBUG] [org.gradle.cache.internal.DefaultFileLockManager] Lock acquired on daemon addresses registry.
2024-11-12T08:38:15.703+0200 [DEBUG] [org.gradle.process.internal.health.memory.DefaultMemoryManager] 409155993 physical memory requested, 0 released, 370941952 free
2024-11-12T08:38:15.704+0200 [DEBUG] [org.gradle.cache.internal.DefaultFileLockManager] Releasing lock on daemon addresses registry.
2024-11-12T08:38:15.708+0200 [DEBUG] [org.gradle.cache.internal.DefaultFileLockManager] Waiting to acquire shared lock on daemon addresses registry.
2024-11-12T08:38:15.709+0200 [DEBUG] [org.gradle.cache.internal.DefaultFileLockManager] Lock acquired on daemon addresses registry.
2024-11-12T08:38:15.710+0200 [DEBUG] [org.gradle.cache.internal.DefaultFileLockManager] Releasing lock on daemon addresses registry.
2024-11-12T08:38:20.468+0200 [DEBUG] [org.gradle.process.internal.health.memory.DefaultMemoryManager] 409155993 physical memory requested, 304168960 free
2024-11-12T08:38:20.468+0200 [DEBUG] [org.gradle.workers.internal.WorkerDaemonExpiration] Will attempt to release 390 of memory
2024-11-12T08:38:20.469+0200 [DEBUG] [org.gradle.process.internal.health.memory.DefaultMemoryManager] 409155993 physical memory requested, 0 released, 304168960 free
2024-11-12T08:38:25.163+0200 [DEBUG] [org.gradle.cache.internal.DefaultFileLockManager] Waiting to acquire shared lock on daemon addresses registry.
2024-11-12T08:38:25.163+0200 [DEBUG] [org.gradle.cache.internal.DefaultFileLockManager] Lock acquired on daemon addresses registry.
2024-11-12T08:38:25.167+0200 [DEBUG] [org.gradle.cache.internal.DefaultFileLockManager] Releasing lock on daemon addresses registry.
2024-11-12T08:38:25.172+0200 [DEBUG] [org.gradle.cache.internal.DefaultFileLockManager] Waiting to acquire shared lock on daemon addresses registry.
2024-11-12T08:38:25.172+0200 [DEBUG] [org.gradle.cache.internal.DefaultFileLockManager] Lock acquired on daemon addresses registry.
2024-11-12T08:38:25.175+0200 [DEBUG] [org.gradle.cache.internal.DefaultFileLockManager] Releasing lock on daemon addresses registry.
2024-11-12T08:38:25.178+0200 [DEBUG] [org.gradle.cache.internal.DefaultFileLockManager] Waiting to acquire shared lock on daemon addresses registry.
2024-11-12T08:38:25.178+0200 [DEBUG] [org.gradle.cache.internal.DefaultFileLockManager] Lock acquired on daemon addresses registry.
2024-11-12T08:38:25.179+0200 [DEBUG] [org.gradle.cache.internal.DefaultFileLockManager] Releasing lock on daemon addresses registry.
2024-11-12T08:38:25.425+0200 [DEBUG] [org.gradle.process.internal.health.memory.DefaultMemoryManager] 409155993 physical memory requested, 250925056 free
2024-11-12T08:38:25.427+0200 [DEBUG] [org.gradle.workers.internal.WorkerDaemonExpiration] Will attempt to release 390 of memory
2024-11-12T08:38:25.427+0200 [DEBUG] [org.gradle.process.internal.health.memory.DefaultMemoryManager] 409155993 physical memory requested, 0 released, 250925056 free
2024-11-12T08:38:35.181+0200 [DEBUG] [org.gradle.cache.internal.DefaultFileLockManager] Waiting to acquire shared lock on daemon addresses registry.
2024-11-12T08:38:35.181+0200 [DEBUG] [org.gradle.cache.internal.DefaultFileLockManager] Lock acquired on daemon addresses registry.
2024-11-12T08:38:35.226+0200 [DEBUG] [org.gradle.cache.internal.DefaultFileLockManager] Releasing lock on daemon addresses registry.
2024-11-12T08:38:35.244+0200 [DEBUG] [org.gradle.cache.internal.DefaultFileLockManager] Waiting to acquire shared lock on daemon addresses registry.
2024-11-12T08:38:35.244+0200 [DEBUG] [org.gradle.cache.internal.DefaultFileLockManager] Lock acquired on daemon addresses registry.
2024-11-12T08:38:35.253+0200 [DEBUG] [org.gradle.process.internal.health.memory.DefaultMemoryManager] 409155993 physical memory requested, 322899968 free
2024-11-12T08:38:35.261+0200 [DEBUG] [org.gradle.cache.internal.DefaultFileLockManager] Releasing lock on daemon addresses registry.
2024-11-12T08:38:35.269+0200 [DEBUG] [org.gradle.cache.internal.DefaultFileLockManager] Waiting to acquire shared lock on daemon addresses registry.
2024-11-12T08:38:35.269+0200 [DEBUG] [org.gradle.cache.internal.DefaultFileLockManager] Lock acquired on daemon addresses registry.
2024-11-12T08:38:35.270+0200 [DEBUG] [org.gradle.cache.internal.DefaultFileLockManager] Releasing lock on daemon addresses registry.
2024-11-12T08:38:35.268+0200 [DEBUG] [org.gradle.workers.internal.WorkerDaemonExpiration] Will attempt to release 390 of memory
2024-11-12T08:38:35.298+0200 [DEBUG] [org.gradle.process.internal.health.memory.DefaultMemoryManager] 409155993 physical memory requested, 0 released, 322899968 free
2024-11-12T08:38:45.160+0200 [DEBUG] [org.gradle.cache.internal.DefaultFileLockManager] Waiting to acquire shared lock on daemon addresses registry.
2024-11-12T08:38:45.161+0200 [DEBUG] [org.gradle.cache.internal.DefaultFileLockManager] Lock acquired on daemon addresses registry.
2024-11-12T08:38:45.163+0200 [DEBUG] [org.gradle.cache.internal.DefaultFileLockManager] Releasing lock on daemon addresses registry.
2024-11-12T08:38:45.169+0200 [DEBUG] [org.gradle.cache.internal.DefaultFileLockManager] Waiting to acquire shared lock on daemon addresses registry.
2024-11-12T08:38:45.169+0200 [DEBUG] [org.gradle.cache.internal.DefaultFileLockManager] Lock acquired on daemon addresses registry.
2024-11-12T08:38:45.170+0200 [DEBUG] [org.gradle.cache.internal.DefaultFileLockManager] Releasing lock on daemon addresses registry.
2024-11-12T08:38:45.174+0200 [DEBUG] [org.gradle.cache.internal.DefaultFileLockManager] Waiting to acquire shared lock on daemon addresses registry.
2024-11-12T08:38:45.175+0200 [DEBUG] [org.gradle.cache.internal.DefaultFileLockManager] Lock acquired on daemon addresses registry.
2024-11-12T08:38:45.176+0200 [DEBUG] [org.gradle.cache.internal.DefaultFileLockManager] Releasing lock on daemon addresses registry.
2024-11-12T08:38:45.245+0200 [DEBUG] [org.gradle.process.internal.health.memory.DefaultMemoryManager] 409155993 physical memory requested, 381009920 free
2024-11-12T08:38:45.245+0200 [DEBUG] [org.gradle.workers.internal.WorkerDaemonExpiration] Will attempt to release 390 of memory
2024-11-12T08:38:45.246+0200 [DEBUG] [org.gradle.process.internal.health.memory.DefaultMemoryManager] 409155993 physical memory requested, 0 released, 381009920 free
2024-11-12T08:38:50.262+0200 [DEBUG] [org.gradle.process.internal.health.memory.DefaultMemoryManager] 409155993 physical memory requested, 361205760 free
2024-11-12T08:38:50.262+0200 [DEBUG] [org.gradle.workers.internal.WorkerDaemonExpiration] Will attempt to release 390 of memory
2024-11-12T08:38:50.262+0200 [DEBUG] [org.gradle.process.internal.health.memory.DefaultMemoryManager] 409155993 physical memory requested, 0 released, 361205760 free
2024-11-12T08:38:55.151+0200 [DEBUG] [org.gradle.cache.internal.DefaultFileLockManager] Waiting to acquire shared lock on daemon addresses registry.
2024-11-12T08:38:55.152+0200 [DEBUG] [org.gradle.cache.internal.DefaultFileLockManager] Lock acquired on daemon addresses registry.
2024-11-12T08:38:55.153+0200 [DEBUG] [org.gradle.cache.internal.DefaultFileLockManager] Releasing lock on daemon addresses registry.
2024-11-12T08:38:55.164+0200 [DEBUG] [org.gradle.cache.internal.DefaultFileLockManager] Waiting to acquire shared lock on daemon addresses registry.
2024-11-12T08:38:55.164+0200 [DEBUG] [org.gradle.cache.internal.DefaultFileLockManager] Lock acquired on daemon addresses registry.
2024-11-12T08:38:55.164+0200 [DEBUG] [org.gradle.cache.internal.DefaultFileLockManager] Releasing lock on daemon addresses registry.
2024-11-12T08:38:55.165+0200 [DEBUG] [org.gradle.cache.internal.DefaultFileLockManager] Waiting to acquire shared lock on daemon addresses registry.
2024-11-12T08:38:55.165+0200 [DEBUG] [org.gradle.cache.internal.DefaultFileLockManager] Lock acquired on daemon addresses registry.
2024-11-12T08:38:55.167+0200 [DEBUG] [org.gradle.cache.internal.DefaultFileLockManager] Releasing lock on daemon addresses registry.
2024-11-12T08:38:55.244+0200 [DEBUG] [org.gradle.process.internal.health.memory.DefaultMemoryManager] 409155993 physical memory requested, 357097472 free
2024-11-12T08:38:55.244+0200 [DEBUG] [org.gradle.workers.internal.WorkerDaemonExpiration] Will attempt to release 390 of memory
2024-11-12T08:38:55.245+0200 [DEBUG] [org.gradle.process.internal.health.memory.DefaultMemoryManager] 409155993 physical memory requested, 0 released, 357097472 free
2024-11-12T08:39:00.408+0200 [DEBUG] [org.gradle.process.internal.health.memory.DefaultMemoryManager] 409155993 physical memory requested, 335548416 free
2024-11-12T08:39:00.412+0200 [DEBUG] [org.gradle.workers.internal.WorkerDaemonExpiration] Will attempt to release 390 of memory
2024-11-12T08:39:00.412+0200 [DEBUG] [org.gradle.process.internal.health.memory.DefaultMemoryManager] 409155993 physical memory requested, 0 released, 335548416 free
2024-11-12T08:39:05.174+0200 [DEBUG] [org.gradle.cache.internal.DefaultFileLockManager] Waiting to acquire shared lock on daemon addresses registry.
2024-11-12T08:39:05.176+0200 [DEBUG] [org.gradle.cache.internal.DefaultFileLockManager] Lock acquired on daemon addresses registry.
2024-11-12T08:39:05.178+0200 [DEBUG] [org.gradle.cache.internal.DefaultFileLockManager] Releasing lock on daemon addresses registry.
2024-11-12T08:39:05.183+0200 [DEBUG] [org.gradle.cache.internal.DefaultFileLockManager] Waiting to acquire shared lock on daemon addresses registry.
2024-11-12T08:39:05.184+0200 [DEBUG] [org.gradle.cache.internal.DefaultFileLockManager] Lock acquired on daemon addresses registry.
2024-11-12T08:39:05.184+0200 [DEBUG] [org.gradle.cache.internal.DefaultFileLockManager] Releasing lock on daemon addresses registry.
2024-11-12T08:39:05.186+0200 [DEBUG] [org.gradle.cache.internal.DefaultFileLockManager] Waiting to acquire shared lock on daemon addresses registry.
2024-11-12T08:39:05.186+0200 [DEBUG] [org.gradle.cache.internal.DefaultFileLockManager] Lock acquired on daemon addresses registry.
2024-11-12T08:39:05.187+0200 [DEBUG] [org.gradle.cache.internal.DefaultFileLockManager] Releasing lock on daemon addresses registry.
2024-11-12T08:39:05.291+0200 [DEBUG] [org.gradle.process.internal.health.memory.DefaultMemoryManager] 409155993 physical memory requested, 299012096 free
2024-11-12T08:39:05.291+0200 [DEBUG] [org.gradle.workers.internal.WorkerDaemonExpiration] Will attempt to release 390 of memory
2024-11-12T08:39:05.294+0200 [DEBUG] [org.gradle.process.internal.health.memory.DefaultMemoryManager] 409155993 physical memory requested, 0 released, 299012096 free
2024-11-12T08:39:10.337+0200 [DEBUG] [org.gradle.process.internal.health.memory.DefaultMemoryManager] 409155993 physical memory requested, 278999040 free
2024-11-12T08:39:10.337+0200 [DEBUG] [org.gradle.workers.internal.WorkerDaemonExpiration] Will attempt to release 390 of memory
2024-11-12T08:39:10.337+0200 [DEBUG] [org.gradle.process.internal.health.memory.DefaultMemoryManager] 409155993 physical memory requested, 0 released, 278999040 free
2024-11-12T08:39:15.177+0200 [DEBUG] [org.gradle.cache.internal.DefaultFileLockManager] Waiting to acquire shared lock on daemon addresses registry.
2024-11-12T08:39:15.193+0200 [DEBUG] [org.gradle.cache.internal.DefaultFileLockManager] Lock acquired on daemon addresses registry.
2024-11-12T08:39:15.211+0200 [DEBUG] [org.gradle.cache.internal.DefaultFileLockManager] Releasing lock on daemon addresses registry.
2024-11-12T08:39:15.248+0200 [DEBUG] [org.gradle.cache.internal.DefaultFileLockManager] Waiting to acquire shared lock on daemon addresses registry.
2024-11-12T08:39:15.248+0200 [DEBUG] [org.gradle.cache.internal.DefaultFileLockManager] Lock acquired on daemon addresses registry.
2024-11-12T08:39:15.249+0200 [DEBUG] [org.gradle.cache.internal.DefaultFileLockManager] Releasing lock on daemon addresses registry.
2024-11-12T08:39:15.317+0200 [DEBUG] [org.gradle.cache.internal.DefaultFileLockManager] Waiting to acquire shared lock on daemon addresses registry.
2024-11-12T08:39:15.317+0200 [DEBUG] [org.gradle.cache.internal.DefaultFileLockManager] Lock acquired on daemon addresses registry.
2024-11-12T08:39:15.318+0200 [DEBUG] [org.gradle.cache.internal.DefaultFileLockManager] Releasing lock on daemon addresses registry.
2024-11-12T08:39:20.284+0200 [DEBUG] [org.gradle.process.internal.health.memory.DefaultMemoryManager] 409155993 physical memory requested, 362868736 free
2024-11-12T08:39:20.284+0200 [DEBUG] [org.gradle.workers.internal.WorkerDaemonExpiration] Will attempt to release 390 of memory
2024-11-12T08:39:20.285+0200 [DEBUG] [org.gradle.process.internal.health.memory.DefaultMemoryManager] 409155993 physical memory requested, 0 released, 362868736 free
2024-11-12T08:39:25.173+0200 [DEBUG] [org.gradle.cache.internal.DefaultFileLockManager] Waiting to acquire shared lock on daemon addresses registry.
2024-11-12T08:39:25.174+0200 [DEBUG] [org.gradle.cache.internal.DefaultFileLockManager] Lock acquired on daemon addresses registry.
2024-11-12T08:39:25.209+0200 [DEBUG] [org.gradle.cache.internal.DefaultFileLockManager] Releasing lock on daemon addresses registry.
2024-11-12T08:39:25.216+0200 [DEBUG] [org.gradle.cache.internal.DefaultFileLockManager] Waiting to acquire shared lock on daemon addresses registry.
2024-11-12T08:39:25.217+0200 [DEBUG] [org.gradle.cache.internal.DefaultFileLockManager] Lock acquired on daemon addresses registry.
2024-11-12T08:39:25.218+0200 [DEBUG] [org.gradle.cache.internal.DefaultFileLockManager] Releasing lock on daemon addresses registry.
2024-11-12T08:39:25.221+0200 [DEBUG] [org.gradle.cache.internal.DefaultFileLockManager] Waiting to acquire shared lock on daemon addresses registry.
2024-11-12T08:39:25.222+0200 [DEBUG] [org.gradle.cache.internal.DefaultFileLockManager] Lock acquired on daemon addresses registry.
2024-11-12T08:39:25.224+0200 [DEBUG] [org.gradle.cache.internal.DefaultFileLockManager] Releasing lock on daemon addresses registry.
2024-11-12T08:39:25.255+0200 [DEBUG] [org.gradle.process.internal.health.memory.DefaultMemoryManager] 409155993 physical memory requested, 317313024 free
2024-11-12T08:39:25.255+0200 [DEBUG] [org.gradle.workers.internal.WorkerDaemonExpiration] Will attempt to release 390 of memory
2024-11-12T08:39:25.256+0200 [DEBUG] [org.gradle.process.internal.health.memory.DefaultMemoryManager] 409155993 physical memory requested, 0 released, 317313024 free
2024-11-12T08:39:30.253+0200 [DEBUG] [org.gradle.process.internal.health.memory.DefaultMemoryManager] 409155993 physical memory requested, 404750336 free
2024-11-12T08:39:30.286+0200 [DEBUG] [org.gradle.workers.internal.WorkerDaemonExpiration] Will attempt to release 390 of memory
2024-11-12T08:39:30.286+0200 [DEBUG] [org.gradle.process.internal.health.memory.DefaultMemoryManager] 409155993 physical memory requested, 0 released, 404750336 free
2024-11-12T08:39:35.155+0200 [DEBUG] [org.gradle.cache.internal.DefaultFileLockManager] Waiting to acquire shared lock on daemon addresses registry.
2024-11-12T08:39:35.155+0200 [DEBUG] [org.gradle.cache.internal.DefaultFileLockManager] Lock acquired on daemon addresses registry.
2024-11-12T08:39:35.157+0200 [DEBUG] [org.gradle.cache.internal.DefaultFileLockManager] Releasing lock on daemon addresses registry.
2024-11-12T08:39:35.163+0200 [DEBUG] [org.gradle.cache.internal.DefaultFileLockManager] Waiting to acquire shared lock on daemon addresses registry.
2024-11-12T08:39:35.163+0200 [DEBUG] [org.gradle.cache.internal.DefaultFileLockManager] Lock acquired on daemon addresses registry.
2024-11-12T08:39:35.164+0200 [DEBUG] [org.gradle.cache.internal.DefaultFileLockManager] Releasing lock on daemon addresses registry.
2024-11-12T08:39:35.167+0200 [DEBUG] [org.gradle.cache.internal.DefaultFileLockManager] Waiting to acquire shared lock on daemon addresses registry.
2024-11-12T08:39:35.168+0200 [DEBUG] [org.gradle.cache.internal.DefaultFileLockManager] Lock acquired on daemon addresses registry.
2024-11-12T08:39:35.170+0200 [DEBUG] [org.gradle.cache.internal.DefaultFileLockManager] Releasing lock on daemon addresses registry.
2024-11-12T08:39:40.281+0200 [DEBUG] [org.gradle.process.internal.health.memory.DefaultMemoryManager] 409155993 physical memory requested, 331010048 free
2024-11-12T08:39:40.282+0200 [DEBUG] [org.gradle.workers.internal.WorkerDaemonExpiration] Will attempt to release 390 of memory
2024-11-12T08:39:40.282+0200 [DEBUG] [org.gradle.process.internal.health.memory.DefaultMemoryManager] 409155993 physical memory requested, 0 released, 331010048 free
2024-11-12T08:39:45.194+0200 [DEBUG] [org.gradle.cache.internal.DefaultFileLockManager] Waiting to acquire shared lock on daemon addresses registry.
2024-11-12T08:39:45.195+0200 [DEBUG] [org.gradle.cache.internal.DefaultFileLockManager] Lock acquired on daemon addresses registry.
2024-11-12T08:39:45.196+0200 [DEBUG] [org.gradle.cache.internal.DefaultFileLockManager] Releasing lock on daemon addresses registry.
2024-11-12T08:39:45.198+0200 [DEBUG] [org.gradle.cache.internal.DefaultFileLockManager] Waiting to acquire shared lock on daemon addresses registry.
2024-11-12T08:39:45.198+0200 [DEBUG] [org.gradle.cache.internal.DefaultFileLockManager] Lock acquired on daemon addresses registry.
2024-11-12T08:39:45.200+0200 [DEBUG] [org.gradle.cache.internal.DefaultFileLockManager] Releasing lock on daemon addresses registry.
2024-11-12T08:39:45.201+0200 [DEBUG] [org.gradle.cache.internal.DefaultFileLockManager] Waiting to acquire shared lock on daemon addresses registry.
2024-11-12T08:39:45.202+0200 [DEBUG] [org.gradle.cache.internal.DefaultFileLockManager] Lock acquired on daemon addresses registry.
2024-11-12T08:39:45.203+0200 [DEBUG] [org.gradle.cache.internal.DefaultFileLockManager] Releasing lock on daemon addresses registry.
2024-11-12T08:39:45.252+0200 [DEBUG] [org.gradle.process.internal.health.memory.DefaultMemoryManager] 409155993 physical memory requested, 344707072 free
2024-11-12T08:39:45.252+0200 [DEBUG] [org.gradle.workers.internal.WorkerDaemonExpiration] Will attempt to release 390 of memory
2024-11-12T08:39:45.253+0200 [DEBUG] [org.gradle.process.internal.health.memory.DefaultMemoryManager] 409155993 physical memory requested, 0 released, 344707072 free
2024-11-12T08:39:55.161+0200 [DEBUG] [org.gradle.cache.internal.DefaultFileLockManager] Waiting to acquire shared lock on daemon addresses registry.
2024-11-12T08:39:55.161+0200 [DEBUG] [org.gradle.cache.internal.DefaultFileLockManager] Lock acquired on daemon addresses registry.
2024-11-12T08:39:55.161+0200 [DEBUG] [org.gradle.cache.internal.DefaultFileLockManager] Releasing lock on daemon addresses registry.
2024-11-12T08:39:55.162+0200 [DEBUG] [org.gradle.cache.internal.DefaultFileLockManager] Waiting to acquire shared lock on daemon addresses registry.
2024-11-12T08:39:55.162+0200 [DEBUG] [org.gradle.cache.internal.DefaultFileLockManager] Lock acquired on daemon addresses registry.
2024-11-12T08:39:55.163+0200 [DEBUG] [org.gradle.cache.internal.DefaultFileLockManager] Releasing lock on daemon addresses registry.
2024-11-12T08:39:55.163+0200 [DEBUG] [org.gradle.cache.internal.DefaultFileLockManager] Waiting to acquire shared lock on daemon addresses registry.
2024-11-12T08:39:55.164+0200 [DEBUG] [org.gradle.cache.internal.DefaultFileLockManager] Lock acquired on daemon addresses registry.
2024-11-12T08:39:55.165+0200 [DEBUG] [org.gradle.cache.internal.DefaultFileLockManager] Releasing lock on daemon addresses registry.
2024-11-12T08:40:05.159+0200 [DEBUG] [org.gradle.cache.internal.DefaultFileLockManager] Waiting to acquire shared lock on daemon addresses registry.
2024-11-12T08:40:05.160+0200 [DEBUG] [org.gradle.cache.internal.DefaultFileLockManager] Lock acquired on daemon addresses registry.
2024-11-12T08:40:05.161+0200 [DEBUG] [org.gradle.cache.internal.DefaultFileLockManager] Releasing lock on daemon addresses registry.
2024-11-12T08:40:05.163+0200 [DEBUG] [org.gradle.cache.internal.DefaultFileLockManager] Waiting to acquire shared lock on daemon addresses registry.
2024-11-12T08:40:05.164+0200 [DEBUG] [org.gradle.cache.internal.DefaultFileLockManager] Lock acquired on daemon addresses registry.
2024-11-12T08:40:05.165+0200 [DEBUG] [org.gradle.cache.internal.DefaultFileLockManager] Releasing lock on daemon addresses registry.
2024-11-12T08:40:05.166+0200 [DEBUG] [org.gradle.cache.internal.DefaultFileLockManager] Waiting to acquire shared lock on daemon addresses registry.
2024-11-12T08:40:05.166+0200 [DEBUG] [org.gradle.cache.internal.DefaultFileLockManager] Lock acquired on daemon addresses registry.
2024-11-12T08:40:05.167+0200 [DEBUG] [org.gradle.cache.internal.DefaultFileLockManager] Releasing lock on daemon addresses registry.
2024-11-12T08:40:10.286+0200 [DEBUG] [org.gradle.process.internal.health.memory.DefaultMemoryManager] 409155993 physical memory requested, 310108160 free
2024-11-12T08:40:10.286+0200 [DEBUG] [org.gradle.workers.internal.WorkerDaemonExpiration] Will attempt to release 390 of memory
2024-11-12T08:40:10.286+0200 [DEBUG] [org.gradle.process.internal.health.memory.DefaultMemoryManager] 409155993 physical memory requested, 0 released, 310108160 free
2024-11-12T08:40:15.153+0200 [DEBUG] [org.gradle.cache.internal.DefaultFileLockManager] Waiting to acquire shared lock on daemon addresses registry.
2024-11-12T08:40:15.153+0200 [DEBUG] [org.gradle.cache.internal.DefaultFileLockManager] Lock acquired on daemon addresses registry.
2024-11-12T08:40:15.154+0200 [DEBUG] [org.gradle.cache.internal.DefaultFileLockManager] Releasing lock on daemon addresses registry.
2024-11-12T08:40:15.156+0200 [DEBUG] [org.gradle.cache.internal.DefaultFileLockManager] Waiting to acquire shared lock on daemon addresses registry.
2024-11-12T08:40:15.156+0200 [DEBUG] [org.gradle.cache.internal.DefaultFileLockManager] Lock acquired on daemon addresses registry.
2024-11-12T08:40:15.157+0200 [DEBUG] [org.gradle.cache.internal.DefaultFileLockManager] Releasing lock on daemon addresses registry.
2024-11-12T08:40:15.159+0200 [DEBUG] [org.gradle.cache.internal.DefaultFileLockManager] Waiting to acquire shared lock on daemon addresses registry.
2024-11-12T08:40:15.159+0200 [DEBUG] [org.gradle.cache.internal.DefaultFileLockManager] Lock acquired on daemon addresses registry.
2024-11-12T08:40:15.160+0200 [DEBUG] [org.gradle.cache.internal.DefaultFileLockManager] Releasing lock on daemon addresses registry.
2024-11-12T08:40:25.152+0200 [DEBUG] [org.gradle.cache.internal.DefaultFileLockManager] Waiting to acquire shared lock on daemon addresses registry.
2024-11-12T08:40:25.152+0200 [DEBUG] [org.gradle.cache.internal.DefaultFileLockManager] Lock acquired on daemon addresses registry.
2024-11-12T08:40:25.153+0200 [DEBUG] [org.gradle.cache.internal.DefaultFileLockManager] Releasing lock on daemon addresses registry.
2024-11-12T08:40:25.155+0200 [DEBUG] [org.gradle.cache.internal.DefaultFileLockManager] Waiting to acquire shared lock on daemon addresses registry.
2024-11-12T08:40:25.156+0200 [DEBUG] [org.gradle.cache.internal.DefaultFileLockManager] Lock acquired on daemon addresses registry.
2024-11-12T08:40:25.157+0200 [DEBUG] [org.gradle.cache.internal.DefaultFileLockManager] Releasing lock on daemon addresses registry.
2024-11-12T08:40:25.159+0200 [DEBUG] [org.gradle.cache.internal.DefaultFileLockManager] Waiting to acquire shared lock on daemon addresses registry.
2024-11-12T08:40:25.159+0200 [DEBUG] [org.gradle.cache.internal.DefaultFileLockManager] Lock acquired on daemon addresses registry.
2024-11-12T08:40:25.159+0200 [DEBUG] [org.gradle.cache.internal.DefaultFileLockManager] Releasing lock on daemon addresses registry.
2024-11-12T08:40:35.148+0200 [DEBUG] [org.gradle.cache.internal.DefaultFileLockManager] Waiting to acquire shared lock on daemon addresses registry.
2024-11-12T08:40:35.148+0200 [DEBUG] [org.gradle.cache.internal.DefaultFileLockManager] Lock acquired on daemon addresses registry.
2024-11-12T08:40:35.149+0200 [DEBUG] [org.gradle.cache.internal.DefaultFileLockManager] Releasing lock on daemon addresses registry.
2024-11-12T08:40:35.150+0200 [DEBUG] [org.gradle.cache.internal.DefaultFileLockManager] Waiting to acquire shared lock on daemon addresses registry.
2024-11-12T08:40:35.151+0200 [DEBUG] [org.gradle.cache.internal.DefaultFileLockManager] Lock acquired on daemon addresses registry.
2024-11-12T08:40:35.153+0200 [DEBUG] [org.gradle.cache.internal.DefaultFileLockManager] Releasing lock on daemon addresses registry.
2024-11-12T08:40:35.155+0200 [DEBUG] [org.gradle.cache.internal.DefaultFileLockManager] Waiting to acquire shared lock on daemon addresses registry.
2024-11-12T08:40:35.155+0200 [DEBUG] [org.gradle.cache.internal.DefaultFileLockManager] Lock acquired on daemon addresses registry.
2024-11-12T08:40:35.155+0200 [DEBUG] [org.gradle.cache.internal.DefaultFileLockManager] Releasing lock on daemon addresses registry.
2024-11-12T08:40:40.252+0200 [DEBUG] [org.gradle.process.internal.health.memory.DefaultMemoryManager] 409155993 physical memory requested, 359841792 free
2024-11-12T08:40:40.253+0200 [DEBUG] [org.gradle.workers.internal.WorkerDaemonExpiration] Will attempt to release 390 of memory
2024-11-12T08:40:40.254+0200 [DEBUG] [org.gradle.process.internal.health.memory.DefaultMemoryManager] 409155993 physical memory requested, 0 released, 359841792 free
2024-11-12T08:40:45.465+0200 [DEBUG] [org.gradle.process.internal.health.memory.DefaultMemoryManager] 409155993 physical memory requested, 261742592 free
2024-11-12T08:40:45.465+0200 [DEBUG] [org.gradle.workers.internal.WorkerDaemonExpiration] Will attempt to release 390 of memory
2024-11-12T08:40:45.465+0200 [DEBUG] [org.gradle.process.internal.health.memory.DefaultMemoryManager] 409155993 physical memory requested, 0 released, 261742592 free
2024-11-12T08:40:45.499+0200 [DEBUG] [org.gradle.cache.internal.DefaultFileLockManager] Waiting to acquire shared lock on daemon addresses registry.
2024-11-12T08:40:45.503+0200 [DEBUG] [org.gradle.cache.internal.DefaultFileLockManager] Lock acquired on daemon addresses registry.
2024-11-12T08:40:45.504+0200 [DEBUG] [org.gradle.cache.internal.DefaultFileLockManager] Releasing lock on daemon addresses registry.
2024-11-12T08:40:45.753+0200 [DEBUG] [org.gradle.cache.internal.DefaultFileLockManager] Waiting to acquire shared lock on daemon addresses registry.
2024-11-12T08:40:45.754+0200 [DEBUG] [org.gradle.cache.internal.DefaultFileLockManager] Lock acquired on daemon addresses registry.
2024-11-12T08:40:45.756+0200 [DEBUG] [org.gradle.cache.internal.DefaultFileLockManager] Releasing lock on daemon addresses registry.
2024-11-12T08:40:45.759+0200 [DEBUG] [org.gradle.cache.internal.DefaultFileLockManager] Waiting to acquire shared lock on daemon addresses registry.
2024-11-12T08:40:45.759+0200 [DEBUG] [org.gradle.cache.internal.DefaultFileLockManager] Lock acquired on daemon addresses registry.
2024-11-12T08:40:45.790+0200 [DEBUG] [org.gradle.cache.internal.DefaultFileLockManager] Releasing lock on daemon addresses registry.
2024-11-12T08:40:50.242+0200 [DEBUG] [org.gradle.process.internal.health.memory.DefaultMemoryManager] 409155993 physical memory requested, 371253248 free
2024-11-12T08:40:50.243+0200 [DEBUG] [org.gradle.workers.internal.WorkerDaemonExpiration] Will attempt to release 390 of memory
2024-11-12T08:40:50.243+0200 [DEBUG] [org.gradle.process.internal.health.memory.DefaultMemoryManager] 409155993 physical memory requested, 0 released, 371253248 free
2024-11-12T08:40:55.158+0200 [DEBUG] [org.gradle.cache.internal.DefaultFileLockManager] Waiting to acquire shared lock on daemon addresses registry.
2024-11-12T08:40:55.158+0200 [DEBUG] [org.gradle.cache.internal.DefaultFileLockManager] Lock acquired on daemon addresses registry.
2024-11-12T08:40:55.159+0200 [DEBUG] [org.gradle.cache.internal.DefaultFileLockManager] Releasing lock on daemon addresses registry.
2024-11-12T08:40:55.161+0200 [DEBUG] [org.gradle.cache.internal.DefaultFileLockManager] Waiting to acquire shared lock on daemon addresses registry.
2024-11-12T08:40:55.161+0200 [DEBUG] [org.gradle.cache.internal.DefaultFileLockManager] Lock acquired on daemon addresses registry.
2024-11-12T08:40:55.162+0200 [DEBUG] [org.gradle.cache.internal.DefaultFileLockManager] Releasing lock on daemon addresses registry.
2024-11-12T08:40:55.163+0200 [DEBUG] [org.gradle.cache.internal.DefaultFileLockManager] Waiting to acquire shared lock on daemon addresses registry.
2024-11-12T08:40:55.164+0200 [DEBUG] [org.gradle.cache.internal.DefaultFileLockManager] Lock acquired on daemon addresses registry.
2024-11-12T08:40:55.166+0200 [DEBUG] [org.gradle.cache.internal.DefaultFileLockManager] Releasing lock on daemon addresses registry.
2024-11-12T08:40:55.241+0200 [DEBUG] [org.gradle.process.internal.health.memory.DefaultMemoryManager] 409155993 physical memory requested, 300806144 free
2024-11-12T08:40:55.242+0200 [DEBUG] [org.gradle.workers.internal.WorkerDaemonExpiration] Will attempt to release 390 of memory
2024-11-12T08:40:55.242+0200 [DEBUG] [org.gradle.process.internal.health.memory.DefaultMemoryManager] 409155993 physical memory requested, 0 released, 300806144 free
2024-11-12T08:41:05.216+0200 [DEBUG] [org.gradle.cache.internal.DefaultFileLockManager] Waiting to acquire shared lock on daemon addresses registry.
2024-11-12T08:41:05.298+0200 [DEBUG] [org.gradle.cache.internal.DefaultFileLockManager] Lock acquired on daemon addresses registry.
2024-11-12T08:41:05.337+0200 [DEBUG] [org.gradle.cache.internal.DefaultFileLockManager] Releasing lock on daemon addresses registry.
2024-11-12T08:41:05.374+0200 [DEBUG] [org.gradle.cache.internal.DefaultFileLockManager] Waiting to acquire shared lock on daemon addresses registry.
2024-11-12T08:41:05.391+0200 [DEBUG] [org.gradle.cache.internal.DefaultFileLockManager] Lock acquired on daemon addresses registry.
2024-11-12T08:41:05.392+0200 [DEBUG] [org.gradle.cache.internal.DefaultFileLockManager] Releasing lock on daemon addresses registry.
2024-11-12T08:41:05.392+0200 [DEBUG] [org.gradle.cache.internal.DefaultFileLockManager] Waiting to acquire shared lock on daemon addresses registry.
2024-11-12T08:41:05.393+0200 [DEBUG] [org.gradle.cache.internal.DefaultFileLockManager] Lock acquired on daemon addresses registry.
2024-11-12T08:41:05.393+0200 [DEBUG] [org.gradle.cache.internal.DefaultFileLockManager] Releasing lock on daemon addresses registry.
2024-11-12T08:41:10.247+0200 [DEBUG] [org.gradle.process.internal.health.memory.DefaultMemoryManager] 409155993 physical memory requested, 390160384 free
2024-11-12T08:41:10.275+0200 [DEBUG] [org.gradle.workers.internal.WorkerDaemonExpiration] Will attempt to release 390 of memory
2024-11-12T08:41:10.275+0200 [DEBUG] [org.gradle.process.internal.health.memory.DefaultMemoryManager] 409155993 physical memory requested, 0 released, 390160384 free
2024-11-12T08:41:15.276+0200 [DEBUG] [org.gradle.cache.internal.DefaultFileLockManager] Waiting to acquire shared lock on daemon addresses registry.
2024-11-12T08:41:15.276+0200 [DEBUG] [org.gradle.cache.internal.DefaultFileLockManager] Lock acquired on daemon addresses registry.
2024-11-12T08:41:15.277+0200 [DEBUG] [org.gradle.cache.internal.DefaultFileLockManager] Releasing lock on daemon addresses registry.
2024-11-12T08:41:15.279+0200 [DEBUG] [org.gradle.cache.internal.DefaultFileLockManager] Waiting to acquire shared lock on daemon addresses registry.
2024-11-12T08:41:15.279+0200 [DEBUG] [org.gradle.cache.internal.DefaultFileLockManager] Lock acquired on daemon addresses registry.
2024-11-12T08:41:15.282+0200 [DEBUG] [org.gradle.cache.internal.DefaultFileLockManager] Releasing lock on daemon addresses registry.
2024-11-12T08:41:15.284+0200 [DEBUG] [org.gradle.cache.internal.DefaultFileLockManager] Waiting to acquire shared lock on daemon addresses registry.
2024-11-12T08:41:15.284+0200 [DEBUG] [org.gradle.cache.internal.DefaultFileLockManager] Lock acquired on daemon addresses registry.
2024-11-12T08:41:15.284+0200 [DEBUG] [org.gradle.cache.internal.DefaultFileLockManager] Releasing lock on daemon addresses registry.
2024-11-12T08:41:15.403+0200 [DEBUG] [org.gradle.process.internal.health.memory.DefaultMemoryManager] 409155993 physical memory requested, 331874304 free
2024-11-12T08:41:15.403+0200 [DEBUG] [org.gradle.workers.internal.WorkerDaemonExpiration] Will attempt to release 390 of memory
2024-11-12T08:41:15.405+0200 [DEBUG] [org.gradle.process.internal.health.memory.DefaultMemoryManager] 409155993 physical memory requested, 0 released, 331874304 free
2024-11-12T08:41:20.254+0200 [DEBUG] [org.gradle.process.internal.health.memory.DefaultMemoryManager] 409155993 physical memory requested, 340660224 free
2024-11-12T08:41:20.283+0200 [DEBUG] [org.gradle.workers.internal.WorkerDaemonExpiration] Will attempt to release 390 of memory
2024-11-12T08:41:20.283+0200 [DEBUG] [org.gradle.process.internal.health.memory.DefaultMemoryManager] 409155993 physical memory requested, 0 released, 340660224 free
2024-11-12T08:41:25.160+0200 [DEBUG] [org.gradle.cache.internal.DefaultFileLockManager] Waiting to acquire shared lock on daemon addresses registry.
2024-11-12T08:41:25.160+0200 [DEBUG] [org.gradle.cache.internal.DefaultFileLockManager] Lock acquired on daemon addresses registry.
2024-11-12T08:41:25.162+0200 [DEBUG] [org.gradle.cache.internal.DefaultFileLockManager] Releasing lock on daemon addresses registry.
2024-11-12T08:41:25.166+0200 [DEBUG] [org.gradle.cache.internal.DefaultFileLockManager] Waiting to acquire shared lock on daemon addresses registry.
2024-11-12T08:41:25.167+0200 [DEBUG] [org.gradle.cache.internal.DefaultFileLockManager] Lock acquired on daemon addresses registry.
2024-11-12T08:41:25.167+0200 [DEBUG] [org.gradle.cache.internal.DefaultFileLockManager] Releasing lock on daemon addresses registry.
2024-11-12T08:41:25.170+0200 [DEBUG] [org.gradle.cache.internal.DefaultFileLockManager] Waiting to acquire shared lock on daemon addresses registry.
2024-11-12T08:41:25.171+0200 [DEBUG] [org.gradle.cache.internal.DefaultFileLockManager] Lock acquired on daemon addresses registry.
2024-11-12T08:41:25.172+0200 [DEBUG] [org.gradle.cache.internal.DefaultFileLockManager] Releasing lock on daemon addresses registry.
2024-11-12T08:41:25.252+0200 [DEBUG] [org.gradle.process.internal.health.memory.DefaultMemoryManager] 409155993 physical memory requested, 257490944 free
2024-11-12T08:41:25.253+0200 [DEBUG] [org.gradle.workers.internal.WorkerDaemonExpiration] Will attempt to release 390 of memory
2024-11-12T08:41:25.254+0200 [DEBUG] [org.gradle.process.internal.health.memory.DefaultMemoryManager] 409155993 physical memory requested, 0 released, 257490944 free
2024-11-12T08:41:35.156+0200 [DEBUG] [org.gradle.cache.internal.DefaultFileLockManager] Waiting to acquire shared lock on daemon addresses registry.
2024-11-12T08:41:35.156+0200 [DEBUG] [org.gradle.cache.internal.DefaultFileLockManager] Lock acquired on daemon addresses registry.
2024-11-12T08:41:35.158+0200 [DEBUG] [org.gradle.cache.internal.DefaultFileLockManager] Releasing lock on daemon addresses registry.
2024-11-12T08:41:35.167+0200 [DEBUG] [org.gradle.cache.internal.DefaultFileLockManager] Waiting to acquire shared lock on daemon addresses registry.
2024-11-12T08:41:35.167+0200 [DEBUG] [org.gradle.cache.internal.DefaultFileLockManager] Lock acquired on daemon addresses registry.
2024-11-12T08:41:35.168+0200 [DEBUG] [org.gradle.cache.internal.DefaultFileLockManager] Releasing lock on daemon addresses registry.
2024-11-12T08:41:35.169+0200 [DEBUG] [org.gradle.cache.internal.DefaultFileLockManager] Waiting to acquire shared lock on daemon addresses registry.
2024-11-12T08:41:35.170+0200 [DEBUG] [org.gradle.cache.internal.DefaultFileLockManager] Lock acquired on daemon addresses registry.
2024-11-12T08:41:35.172+0200 [DEBUG] [org.gradle.cache.internal.DefaultFileLockManager] Releasing lock on daemon addresses registry.
2024-11-12T08:41:40.306+0200 [DEBUG] [org.gradle.process.internal.health.memory.DefaultMemoryManager] 409155993 physical memory requested, 367677440 free
2024-11-12T08:41:40.339+0200 [DEBUG] [org.gradle.workers.internal.WorkerDaemonExpiration] Will attempt to release 390 of memory
2024-11-12T08:41:40.339+0200 [DEBUG] [org.gradle.process.internal.health.memory.DefaultMemoryManager] 409155993 physical memory requested, 0 released, 367677440 free
2024-11-12T08:41:45.153+0200 [DEBUG] [org.gradle.cache.internal.DefaultFileLockManager] Waiting to acquire shared lock on daemon addresses registry.
2024-11-12T08:41:45.154+0200 [DEBUG] [org.gradle.cache.internal.DefaultFileLockManager] Lock acquired on daemon addresses registry.
2024-11-12T08:41:45.155+0200 [DEBUG] [org.gradle.cache.internal.DefaultFileLockManager] Releasing lock on daemon addresses registry.
2024-11-12T08:41:45.159+0200 [DEBUG] [org.gradle.cache.internal.DefaultFileLockManager] Waiting to acquire shared lock on daemon addresses registry.
2024-11-12T08:41:45.160+0200 [DEBUG] [org.gradle.cache.internal.DefaultFileLockManager] Lock acquired on daemon addresses registry.
2024-11-12T08:41:45.160+0200 [DEBUG] [org.gradle.cache.internal.DefaultFileLockManager] Releasing lock on daemon addresses registry.
2024-11-12T08:41:45.163+0200 [DEBUG] [org.gradle.cache.internal.DefaultFileLockManager] Waiting to acquire shared lock on daemon addresses registry.
2024-11-12T08:41:45.163+0200 [DEBUG] [org.gradle.cache.internal.DefaultFileLockManager] Lock acquired on daemon addresses registry.
2024-11-12T08:41:45.166+0200 [DEBUG] [org.gradle.cache.internal.DefaultFileLockManager] Releasing lock on daemon addresses registry.
2024-11-12T08:41:50.258+0200 [DEBUG] [org.gradle.process.internal.health.memory.DefaultMemoryManager] 409155993 physical memory requested, 398802944 free
2024-11-12T08:41:50.271+0200 [DEBUG] [org.gradle.workers.internal.WorkerDaemonExpiration] Will attempt to release 390 of memory
2024-11-12T08:41:50.272+0200 [DEBUG] [org.gradle.process.internal.health.memory.DefaultMemoryManager] 409155993 physical memory requested, 0 released, 398802944 free
2024-11-12T08:41:55.307+0200 [DEBUG] [org.gradle.cache.internal.DefaultFileLockManager] Waiting to acquire shared lock on daemon addresses registry.
2024-11-12T08:41:55.311+0200 [DEBUG] [org.gradle.cache.internal.DefaultFileLockManager] Lock acquired on daemon addresses registry.
2024-11-12T08:41:55.326+0200 [DEBUG] [org.gradle.cache.internal.DefaultFileLockManager] Releasing lock on daemon addresses registry.
2024-11-12T08:41:55.329+0200 [DEBUG] [org.gradle.cache.internal.DefaultFileLockManager] Waiting to acquire shared lock on daemon addresses registry.
2024-11-12T08:41:55.329+0200 [DEBUG] [org.gradle.cache.internal.DefaultFileLockManager] Lock acquired on daemon addresses registry.
2024-11-12T08:41:55.335+0200 [DEBUG] [org.gradle.cache.internal.DefaultFileLockManager] Releasing lock on daemon addresses registry.
2024-11-12T08:41:55.337+0200 [DEBUG] [org.gradle.cache.internal.DefaultFileLockManager] Waiting to acquire shared lock on daemon addresses registry.
2024-11-12T08:41:55.338+0200 [DEBUG] [org.gradle.cache.internal.DefaultFileLockManager] Lock acquired on daemon addresses registry.
2024-11-12T08:41:55.338+0200 [DEBUG] [org.gradle.cache.internal.DefaultFileLockManager] Releasing lock on daemon addresses registry.
2024-11-12T08:41:55.424+0200 [DEBUG] [org.gradle.process.internal.health.memory.DefaultMemoryManager] 409155993 physical memory requested, 330350592 free
2024-11-12T08:41:55.424+0200 [DEBUG] [org.gradle.workers.internal.WorkerDaemonExpiration] Will attempt to release 390 of memory
2024-11-12T08:41:55.425+0200 [DEBUG] [org.gradle.process.internal.health.memory.DefaultMemoryManager] 409155993 physical memory requested, 0 released, 330350592 free
2024-11-12T08:42:00.298+0200 [DEBUG] [org.gradle.process.internal.health.memory.DefaultMemoryManager] 409155993 physical memory requested, 210337792 free
2024-11-12T08:42:00.298+0200 [DEBUG] [org.gradle.workers.internal.WorkerDaemonExpiration] Will attempt to release 390 of memory
2024-11-12T08:42:00.298+0200 [DEBUG] [org.gradle.process.internal.health.memory.DefaultMemoryManager] 409155993 physical memory requested, 0 released, 210337792 free
2024-11-12T08:42:05.365+0200 [DEBUG] [org.gradle.process.internal.health.memory.DefaultMemoryManager] 409155993 physical memory requested, 255975424 free
2024-11-12T08:42:05.366+0200 [DEBUG] [org.gradle.workers.internal.WorkerDaemonExpiration] Will attempt to release 390 of memory
2024-11-12T08:42:05.366+0200 [DEBUG] [org.gradle.process.internal.health.memory.DefaultMemoryManager] 409155993 physical memory requested, 0 released, 255975424 free
2024-11-12T08:42:07.837+0200 [DEBUG] [org.gradle.cache.internal.DefaultFileLockManager] Waiting to acquire shared lock on daemon addresses registry.
2024-11-12T08:42:07.840+0200 [DEBUG] [org.gradle.cache.internal.DefaultFileLockManager] Lock acquired on daemon addresses registry.
2024-11-12T08:42:07.842+0200 [DEBUG] [org.gradle.cache.internal.DefaultFileLockManager] Releasing lock on daemon addresses registry.
2024-11-12T08:42:07.849+0200 [DEBUG] [org.gradle.cache.internal.DefaultFileLockManager] Waiting to acquire shared lock on daemon addresses registry.
2024-11-12T08:42:07.849+0200 [DEBUG] [org.gradle.cache.internal.DefaultFileLockManager] Lock acquired on daemon addresses registry.
2024-11-12T08:42:07.850+0200 [DEBUG] [org.gradle.cache.internal.DefaultFileLockManager] Releasing lock on daemon addresses registry.
2024-11-12T08:42:07.853+0200 [DEBUG] [org.gradle.cache.internal.DefaultFileLockManager] Waiting to acquire shared lock on daemon addresses registry.
2024-11-12T08:42:07.853+0200 [DEBUG] [org.gradle.cache.internal.DefaultFileLockManager] Lock acquired on daemon addresses registry.
2024-11-12T08:42:07.856+0200 [DEBUG] [org.gradle.cache.internal.DefaultFileLockManager] Releasing lock on daemon addresses registry.
2024-11-12T08:42:11.173+0200 [DEBUG] [org.gradle.process.internal.health.memory.DefaultMemoryManager] 409155993 physical memory requested, 274956288 free
2024-11-12T08:42:11.173+0200 [DEBUG] [org.gradle.workers.internal.WorkerDaemonExpiration] Will attempt to release 390 of memory
2024-11-12T08:42:11.173+0200 [DEBUG] [org.gradle.process.internal.health.memory.DefaultMemoryManager] 409155993 physical memory requested, 0 released, 274956288 free
2024-11-12T08:42:15.160+0200 [DEBUG] [org.gradle.cache.internal.DefaultFileLockManager] Waiting to acquire shared lock on daemon addresses registry.
2024-11-12T08:42:15.161+0200 [DEBUG] [org.gradle.cache.internal.DefaultFileLockManager] Lock acquired on daemon addresses registry.
2024-11-12T08:42:15.162+0200 [DEBUG] [org.gradle.cache.internal.DefaultFileLockManager] Releasing lock on daemon addresses registry.
2024-11-12T08:42:15.167+0200 [DEBUG] [org.gradle.cache.internal.DefaultFileLockManager] Waiting to acquire shared lock on daemon addresses registry.
2024-11-12T08:42:15.168+0200 [DEBUG] [org.gradle.cache.internal.DefaultFileLockManager] Lock acquired on daemon addresses registry.
2024-11-12T08:42:15.168+0200 [DEBUG] [org.gradle.cache.internal.DefaultFileLockManager] Releasing lock on daemon addresses registry.
2024-11-12T08:42:15.169+0200 [DEBUG] [org.gradle.cache.internal.DefaultFileLockManager] Waiting to acquire shared lock on daemon addresses registry.
2024-11-12T08:42:15.169+0200 [DEBUG] [org.gradle.cache.internal.DefaultFileLockManager] Lock acquired on daemon addresses registry.
2024-11-12T08:42:15.170+0200 [DEBUG] [org.gradle.cache.internal.DefaultFileLockManager] Releasing lock on daemon addresses registry.
2024-11-12T08:42:15.243+0200 [DEBUG] [org.gradle.process.internal.health.memory.DefaultMemoryManager] 409155993 physical memory requested, 226435072 free
2024-11-12T08:42:15.243+0200 [DEBUG] [org.gradle.workers.internal.WorkerDaemonExpiration] Will attempt to release 390 of memory
2024-11-12T08:42:15.244+0200 [DEBUG] [org.gradle.process.internal.health.memory.DefaultMemoryManager] 409155993 physical memory requested, 0 released, 226435072 free
2024-11-12T08:42:20.253+0200 [DEBUG] [org.gradle.process.internal.health.memory.DefaultMemoryManager] 409155993 physical memory requested, 388640768 free
2024-11-12T08:42:20.254+0200 [DEBUG] [org.gradle.workers.internal.WorkerDaemonExpiration] Will attempt to release 390 of memory
2024-11-12T08:42:20.254+0200 [DEBUG] [org.gradle.process.internal.health.memory.DefaultMemoryManager] 409155993 physical memory requested, 0 released, 388640768 free
2024-11-12T08:42:25.184+0200 [DEBUG] [org.gradle.cache.internal.DefaultFileLockManager] Waiting to acquire shared lock on daemon addresses registry.
2024-11-12T08:42:25.185+0200 [DEBUG] [org.gradle.cache.internal.DefaultFileLockManager] Lock acquired on daemon addresses registry.
2024-11-12T08:42:25.204+0200 [DEBUG] [org.gradle.cache.internal.DefaultFileLockManager] Releasing lock on daemon addresses registry.
2024-11-12T08:42:25.233+0200 [DEBUG] [org.gradle.cache.internal.DefaultFileLockManager] Waiting to acquire shared lock on daemon addresses registry.
2024-11-12T08:42:25.234+0200 [DEBUG] [org.gradle.cache.internal.DefaultFileLockManager] Lock acquired on daemon addresses registry.
2024-11-12T08:42:25.234+0200 [DEBUG] [org.gradle.cache.internal.DefaultFileLockManager] Releasing lock on daemon addresses registry.
2024-11-12T08:42:25.307+0200 [DEBUG] [org.gradle.cache.internal.DefaultFileLockManager] Waiting to acquire shared lock on daemon addresses registry.
2024-11-12T08:42:25.308+0200 [DEBUG] [org.gradle.cache.internal.DefaultFileLockManager] Lock acquired on daemon addresses registry.
2024-11-12T08:42:25.308+0200 [DEBUG] [org.gradle.cache.internal.DefaultFileLockManager] Releasing lock on daemon addresses registry.
2024-11-12T08:42:35.210+0200 [DEBUG] [org.gradle.cache.internal.DefaultFileLockManager] Waiting to acquire shared lock on daemon addresses registry.
2024-11-12T08:42:35.211+0200 [DEBUG] [org.gradle.cache.internal.DefaultFileLockManager] Lock acquired on daemon addresses registry.
2024-11-12T08:42:35.212+0200 [DEBUG] [org.gradle.cache.internal.DefaultFileLockManager] Releasing lock on daemon addresses registry.
2024-11-12T08:42:35.213+0200 [DEBUG] [org.gradle.cache.internal.DefaultFileLockManager] Waiting to acquire shared lock on daemon addresses registry.
2024-11-12T08:42:35.213+0200 [DEBUG] [org.gradle.cache.internal.DefaultFileLockManager] Lock acquired on daemon addresses registry.
2024-11-12T08:42:35.214+0200 [DEBUG] [org.gradle.cache.internal.DefaultFileLockManager] Releasing lock on daemon addresses registry.
2024-11-12T08:42:35.215+0200 [DEBUG] [org.gradle.cache.internal.DefaultFileLockManager] Waiting to acquire shared lock on daemon addresses registry.
2024-11-12T08:42:35.216+0200 [DEBUG] [org.gradle.cache.internal.DefaultFileLockManager] Lock acquired on daemon addresses registry.
2024-11-12T08:42:35.216+0200 [DEBUG] [org.gradle.cache.internal.DefaultFileLockManager] Releasing lock on daemon addresses registry.
2024-11-12T08:42:45.149+0200 [DEBUG] [org.gradle.cache.internal.DefaultFileLockManager] Waiting to acquire shared lock on daemon addresses registry.
2024-11-12T08:42:45.149+0200 [DEBUG] [org.gradle.cache.internal.DefaultFileLockManager] Lock acquired on daemon addresses registry.
2024-11-12T08:42:45.149+0200 [DEBUG] [org.gradle.cache.internal.DefaultFileLockManager] Releasing lock on daemon addresses registry.
2024-11-12T08:42:45.152+0200 [DEBUG] [org.gradle.cache.internal.DefaultFileLockManager] Waiting to acquire shared lock on daemon addresses registry.
2024-11-12T08:42:45.152+0200 [DEBUG] [org.gradle.cache.internal.DefaultFileLockManager] Lock acquired on daemon addresses registry.
2024-11-12T08:42:45.152+0200 [DEBUG] [org.gradle.cache.internal.DefaultFileLockManager] Releasing lock on daemon addresses registry.
2024-11-12T08:42:45.156+0200 [DEBUG] [org.gradle.cache.internal.DefaultFileLockManager] Waiting to acquire shared lock on daemon addresses registry.
2024-11-12T08:42:45.156+0200 [DEBUG] [org.gradle.cache.internal.DefaultFileLockManager] Lock acquired on daemon addresses registry.
2024-11-12T08:42:45.167+0200 [DEBUG] [org.gradle.cache.internal.DefaultFileLockManager] Releasing lock on daemon addresses registry.
2024-11-12T08:42:50.246+0200 [DEBUG] [org.gradle.process.internal.health.memory.DefaultMemoryManager] 409155993 physical memory requested, 409137152 free
2024-11-12T08:42:50.247+0200 [DEBUG] [org.gradle.workers.internal.WorkerDaemonExpiration] Will attempt to release 390 of memory
2024-11-12T08:42:50.248+0200 [DEBUG] [org.gradle.process.internal.health.memory.DefaultMemoryManager] 409155993 physical memory requested, 0 released, 409137152 free
2024-11-12T08:42:55.160+0200 [DEBUG] [org.gradle.cache.internal.DefaultFileLockManager] Waiting to acquire shared lock on daemon addresses registry.
2024-11-12T08:42:55.162+0200 [DEBUG] [org.gradle.cache.internal.DefaultFileLockManager] Lock acquired on daemon addresses registry.
2024-11-12T08:42:55.163+0200 [DEBUG] [org.gradle.cache.internal.DefaultFileLockManager] Releasing lock on daemon addresses registry.
2024-11-12T08:42:55.166+0200 [DEBUG] [org.gradle.cache.internal.DefaultFileLockManager] Waiting to acquire shared lock on daemon addresses registry.
2024-11-12T08:42:55.166+0200 [DEBUG] [org.gradle.cache.internal.DefaultFileLockManager] Lock acquired on daemon addresses registry.
2024-11-12T08:42:55.167+0200 [DEBUG] [org.gradle.cache.internal.DefaultFileLockManager] Releasing lock on daemon addresses registry.
2024-11-12T08:42:55.173+0200 [DEBUG] [org.gradle.cache.internal.DefaultFileLockManager] Waiting to acquire shared lock on daemon addresses registry.
2024-11-12T08:42:55.174+0200 [DEBUG] [org.gradle.cache.internal.DefaultFileLockManager] Lock acquired on daemon addresses registry.
2024-11-12T08:42:55.175+0200 [DEBUG] [org.gradle.cache.internal.DefaultFileLockManager] Releasing lock on daemon addresses registry.
2024-11-12T08:42:55.246+0200 [DEBUG] [org.gradle.process.internal.health.memory.DefaultMemoryManager] 409155993 physical memory requested, 399835136 free
2024-11-12T08:42:55.247+0200 [DEBUG] [org.gradle.workers.internal.WorkerDaemonExpiration] Will attempt to release 390 of memory
2024-11-12T08:42:55.247+0200 [DEBUG] [org.gradle.process.internal.health.memory.DefaultMemoryManager] 409155993 physical memory requested, 0 released, 399835136 free
2024-11-12T08:43:00.242+0200 [DEBUG] [org.gradle.process.internal.health.memory.DefaultMemoryManager] 409155993 physical memory requested, 307216384 free
2024-11-12T08:43:00.242+0200 [DEBUG] [org.gradle.workers.internal.WorkerDaemonExpiration] Will attempt to release 390 of memory
2024-11-12T08:43:00.242+0200 [DEBUG] [org.gradle.process.internal.health.memory.DefaultMemoryManager] 409155993 physical memory requested, 0 released, 307216384 free
2024-11-12T08:43:05.160+0200 [DEBUG] [org.gradle.cache.internal.DefaultFileLockManager] Waiting to acquire shared lock on daemon addresses registry.
2024-11-12T08:43:05.160+0200 [DEBUG] [org.gradle.cache.internal.DefaultFileLockManager] Lock acquired on daemon addresses registry.
2024-11-12T08:43:05.161+0200 [DEBUG] [org.gradle.cache.internal.DefaultFileLockManager] Releasing lock on daemon addresses registry.
2024-11-12T08:43:05.163+0200 [DEBUG] [org.gradle.cache.internal.DefaultFileLockManager] Waiting to acquire shared lock on daemon addresses registry.
2024-11-12T08:43:05.163+0200 [DEBUG] [org.gradle.cache.internal.DefaultFileLockManager] Lock acquired on daemon addresses registry.
2024-11-12T08:43:05.163+0200 [DEBUG] [org.gradle.cache.internal.DefaultFileLockManager] Releasing lock on daemon addresses registry.
2024-11-12T08:43:05.164+0200 [DEBUG] [org.gradle.cache.internal.DefaultFileLockManager] Waiting to acquire shared lock on daemon addresses registry.
2024-11-12T08:43:05.164+0200 [DEBUG] [org.gradle.cache.internal.DefaultFileLockManager] Lock acquired on daemon addresses registry.
2024-11-12T08:43:05.164+0200 [DEBUG] [org.gradle.cache.internal.DefaultFileLockManager] Releasing lock on daemon addresses registry.
2024-11-12T08:43:05.246+0200 [DEBUG] [org.gradle.process.internal.health.memory.DefaultMemoryManager] 409155993 physical memory requested, 318980096 free
2024-11-12T08:43:05.246+0200 [DEBUG] [org.gradle.workers.internal.WorkerDaemonExpiration] Will attempt to release 390 of memory
2024-11-12T08:43:05.246+0200 [DEBUG] [org.gradle.process.internal.health.memory.DefaultMemoryManager] 409155993 physical memory requested, 0 released, 318980096 free
2024-11-12T08:43:10.351+0200 [DEBUG] [org.gradle.process.internal.health.memory.DefaultMemoryManager] 409155993 physical memory requested, 120786944 free
2024-11-12T08:43:10.352+0200 [DEBUG] [org.gradle.workers.internal.WorkerDaemonExpiration] Will attempt to release 390 of memory
2024-11-12T08:43:10.353+0200 [DEBUG] [org.gradle.process.internal.health.memory.DefaultMemoryManager] 409155993 physical memory requested, 0 released, 120786944 free
2024-11-12T08:43:15.153+0200 [DEBUG] [org.gradle.cache.internal.DefaultFileLockManager] Waiting to acquire shared lock on daemon addresses registry.
2024-11-12T08:43:15.154+0200 [DEBUG] [org.gradle.cache.internal.DefaultFileLockManager] Lock acquired on daemon addresses registry.
2024-11-12T08:43:15.155+0200 [DEBUG] [org.gradle.cache.internal.DefaultFileLockManager] Releasing lock on daemon addresses registry.
2024-11-12T08:43:15.157+0200 [DEBUG] [org.gradle.cache.internal.DefaultFileLockManager] Waiting to acquire shared lock on daemon addresses registry.
2024-11-12T08:43:15.157+0200 [DEBUG] [org.gradle.cache.internal.DefaultFileLockManager] Lock acquired on daemon addresses registry.
2024-11-12T08:43:15.157+0200 [DEBUG] [org.gradle.cache.internal.DefaultFileLockManager] Releasing lock on daemon addresses registry.
2024-11-12T08:43:15.159+0200 [DEBUG] [org.gradle.cache.internal.DefaultFileLockManager] Waiting to acquire shared lock on daemon addresses registry.
2024-11-12T08:43:15.159+0200 [DEBUG] [org.gradle.cache.internal.DefaultFileLockManager] Lock acquired on daemon addresses registry.
2024-11-12T08:43:15.160+0200 [DEBUG] [org.gradle.cache.internal.DefaultFileLockManager] Releasing lock on daemon addresses registry.
2024-11-12T08:43:15.263+0200 [DEBUG] [org.gradle.process.internal.health.memory.DefaultMemoryManager] 409155993 physical memory requested, 254332928 free
2024-11-12T08:43:15.264+0200 [DEBUG] [org.gradle.workers.internal.WorkerDaemonExpiration] Will attempt to release 390 of memory
2024-11-12T08:43:15.264+0200 [DEBUG] [org.gradle.process.internal.health.memory.DefaultMemoryManager] 409155993 physical memory requested, 0 released, 254332928 free
2024-11-12T08:43:25.150+0200 [DEBUG] [org.gradle.cache.internal.DefaultFileLockManager] Waiting to acquire shared lock on daemon addresses registry.
2024-11-12T08:43:25.150+0200 [DEBUG] [org.gradle.cache.internal.DefaultFileLockManager] Lock acquired on daemon addresses registry.
2024-11-12T08:43:25.152+0200 [DEBUG] [org.gradle.cache.internal.DefaultFileLockManager] Releasing lock on daemon addresses registry.
2024-11-12T08:43:25.154+0200 [DEBUG] [org.gradle.cache.internal.DefaultFileLockManager] Waiting to acquire shared lock on daemon addresses registry.
2024-11-12T08:43:25.155+0200 [DEBUG] [org.gradle.cache.internal.DefaultFileLockManager] Lock acquired on daemon addresses registry.
2024-11-12T08:43:25.155+0200 [DEBUG] [org.gradle.cache.internal.DefaultFileLockManager] Releasing lock on daemon addresses registry.
2024-11-12T08:43:25.157+0200 [DEBUG] [org.gradle.cache.internal.DefaultFileLockManager] Waiting to acquire shared lock on daemon addresses registry.
2024-11-12T08:43:25.158+0200 [DEBUG] [org.gradle.cache.internal.DefaultFileLockManager] Lock acquired on daemon addresses registry.
2024-11-12T08:43:25.158+0200 [DEBUG] [org.gradle.cache.internal.DefaultFileLockManager] Releasing lock on daemon addresses registry.
2024-11-12T08:43:35.148+0200 [DEBUG] [org.gradle.cache.internal.DefaultFileLockManager] Waiting to acquire shared lock on daemon addresses registry.
2024-11-12T08:43:35.148+0200 [DEBUG] [org.gradle.cache.internal.DefaultFileLockManager] Lock acquired on daemon addresses registry.
2024-11-12T08:43:35.149+0200 [DEBUG] [org.gradle.cache.internal.DefaultFileLockManager] Releasing lock on daemon addresses registry.
2024-11-12T08:43:35.150+0200 [DEBUG] [org.gradle.cache.internal.DefaultFileLockManager] Waiting to acquire shared lock on daemon addresses registry.
2024-11-12T08:43:35.150+0200 [DEBUG] [org.gradle.cache.internal.DefaultFileLockManager] Lock acquired on daemon addresses registry.
2024-11-12T08:43:35.151+0200 [DEBUG] [org.gradle.cache.internal.DefaultFileLockManager] Releasing lock on daemon addresses registry.
2024-11-12T08:43:35.152+0200 [DEBUG] [org.gradle.cache.internal.DefaultFileLockManager] Waiting to acquire shared lock on daemon addresses registry.
2024-11-12T08:43:35.152+0200 [DEBUG] [org.gradle.cache.internal.DefaultFileLockManager] Lock acquired on daemon addresses registry.
2024-11-12T08:43:35.153+0200 [DEBUG] [org.gradle.cache.internal.DefaultFileLockManager] Releasing lock on daemon addresses registry.
2024-11-12T08:43:45.160+0200 [DEBUG] [org.gradle.cache.internal.DefaultFileLockManager] Waiting to acquire shared lock on daemon addresses registry.
2024-11-12T08:43:45.160+0200 [DEBUG] [org.gradle.cache.internal.DefaultFileLockManager] Lock acquired on daemon addresses registry.
2024-11-12T08:43:45.161+0200 [DEBUG] [org.gradle.cache.internal.DefaultFileLockManager] Releasing lock on daemon addresses registry.
2024-11-12T08:43:45.165+0200 [DEBUG] [org.gradle.cache.internal.DefaultFileLockManager] Waiting to acquire shared lock on daemon addresses registry.
2024-11-12T08:43:45.165+0200 [DEBUG] [org.gradle.cache.internal.DefaultFileLockManager] Lock acquired on daemon addresses registry.
2024-11-12T08:43:45.165+0200 [DEBUG] [org.gradle.cache.internal.DefaultFileLockManager] Releasing lock on daemon addresses registry.
2024-11-12T08:43:45.167+0200 [DEBUG] [org.gradle.cache.internal.DefaultFileLockManager] Waiting to acquire shared lock on daemon addresses registry.
2024-11-12T08:43:45.167+0200 [DEBUG] [org.gradle.cache.internal.DefaultFileLockManager] Lock acquired on daemon addresses registry.
2024-11-12T08:43:45.168+0200 [DEBUG] [org.gradle.cache.internal.DefaultFileLockManager] Releasing lock on daemon addresses registry.
2024-11-12T08:43:55.157+0200 [DEBUG] [org.gradle.cache.internal.DefaultFileLockManager] Waiting to acquire shared lock on daemon addresses registry.
2024-11-12T08:43:55.157+0200 [DEBUG] [org.gradle.cache.internal.DefaultFileLockManager] Lock acquired on daemon addresses registry.
2024-11-12T08:43:55.157+0200 [DEBUG] [org.gradle.cache.internal.DefaultFileLockManager] Releasing lock on daemon addresses registry.
2024-11-12T08:43:55.158+0200 [DEBUG] [org.gradle.cache.internal.DefaultFileLockManager] Waiting to acquire shared lock on daemon addresses registry.
2024-11-12T08:43:55.159+0200 [DEBUG] [org.gradle.cache.internal.DefaultFileLockManager] Lock acquired on daemon addresses registry.
2024-11-12T08:43:55.160+0200 [DEBUG] [org.gradle.cache.internal.DefaultFileLockManager] Releasing lock on daemon addresses registry.
2024-11-12T08:43:55.161+0200 [DEBUG] [org.gradle.cache.internal.DefaultFileLockManager] Waiting to acquire shared lock on daemon addresses registry.
2024-11-12T08:43:55.161+0200 [DEBUG] [org.gradle.cache.internal.DefaultFileLockManager] Lock acquired on daemon addresses registry.
2024-11-12T08:43:55.161+0200 [DEBUG] [org.gradle.cache.internal.DefaultFileLockManager] Releasing lock on daemon addresses registry.
2024-11-12T08:44:05.157+0200 [DEBUG] [org.gradle.cache.internal.DefaultFileLockManager] Waiting to acquire shared lock on daemon addresses registry.
2024-11-12T08:44:05.157+0200 [DEBUG] [org.gradle.cache.internal.DefaultFileLockManager] Lock acquired on daemon addresses registry.
2024-11-12T08:44:05.157+0200 [DEBUG] [org.gradle.cache.internal.DefaultFileLockManager] Releasing lock on daemon addresses registry.
2024-11-12T08:44:05.158+0200 [DEBUG] [org.gradle.cache.internal.DefaultFileLockManager] Waiting to acquire shared lock on daemon addresses registry.
2024-11-12T08:44:05.160+0200 [DEBUG] [org.gradle.cache.internal.DefaultFileLockManager] Lock acquired on daemon addresses registry.
2024-11-12T08:44:05.161+0200 [DEBUG] [org.gradle.cache.internal.DefaultFileLockManager] Releasing lock on daemon addresses registry.
2024-11-12T08:44:05.162+0200 [DEBUG] [org.gradle.cache.internal.DefaultFileLockManager] Waiting to acquire shared lock on daemon addresses registry.
2024-11-12T08:44:05.162+0200 [DEBUG] [org.gradle.cache.internal.DefaultFileLockManager] Lock acquired on daemon addresses registry.
2024-11-12T08:44:05.164+0200 [DEBUG] [org.gradle.cache.internal.DefaultFileLockManager] Releasing lock on daemon addresses registry.
2024-11-12T08:44:05.242+0200 [DEBUG] [org.gradle.process.internal.health.memory.DefaultMemoryManager] 409155993 physical memory requested, 331714560 free
2024-11-12T08:44:05.243+0200 [DEBUG] [org.gradle.workers.internal.WorkerDaemonExpiration] Will attempt to release 390 of memory
2024-11-12T08:44:05.243+0200 [DEBUG] [org.gradle.process.internal.health.memory.DefaultMemoryManager] 409155993 physical memory requested, 0 released, 331714560 free
2024-11-12T08:44:10.547+0200 [DEBUG] [org.gradle.process.internal.health.memory.DefaultMemoryManager] 409155993 physical memory requested, 210329600 free
2024-11-12T08:44:10.550+0200 [DEBUG] [org.gradle.workers.internal.WorkerDaemonExpiration] Will attempt to release 390 of memory
2024-11-12T08:44:10.550+0200 [DEBUG] [org.gradle.process.internal.health.memory.DefaultMemoryManager] 409155993 physical memory requested, 0 released, 210329600 free
2024-11-12T08:44:15.151+0200 [DEBUG] [org.gradle.cache.internal.DefaultFileLockManager] Waiting to acquire shared lock on daemon addresses registry.
2024-11-12T08:44:15.153+0200 [DEBUG] [org.gradle.cache.internal.DefaultFileLockManager] Lock acquired on daemon addresses registry.
2024-11-12T08:44:15.154+0200 [DEBUG] [org.gradle.cache.internal.DefaultFileLockManager] Releasing lock on daemon addresses registry.
2024-11-12T08:44:15.157+0200 [DEBUG] [org.gradle.cache.internal.DefaultFileLockManager] Waiting to acquire shared lock on daemon addresses registry.
2024-11-12T08:44:15.157+0200 [DEBUG] [org.gradle.cache.internal.DefaultFileLockManager] Lock acquired on daemon addresses registry.
2024-11-12T08:44:15.157+0200 [DEBUG] [org.gradle.cache.internal.DefaultFileLockManager] Releasing lock on daemon addresses registry.
2024-11-12T08:44:15.159+0200 [DEBUG] [org.gradle.cache.internal.DefaultFileLockManager] Waiting to acquire shared lock on daemon addresses registry.
2024-11-12T08:44:15.159+0200 [DEBUG] [org.gradle.cache.internal.DefaultFileLockManager] Lock acquired on daemon addresses registry.
2024-11-12T08:44:15.160+0200 [DEBUG] [org.gradle.cache.internal.DefaultFileLockManager] Releasing lock on daemon addresses registry.
2024-11-12T08:44:25.160+0200 [DEBUG] [org.gradle.cache.internal.DefaultFileLockManager] Waiting to acquire shared lock on daemon addresses registry.
2024-11-12T08:44:25.160+0200 [DEBUG] [org.gradle.cache.internal.DefaultFileLockManager] Lock acquired on daemon addresses registry.
2024-11-12T08:44:25.160+0200 [DEBUG] [org.gradle.cache.internal.DefaultFileLockManager] Releasing lock on daemon addresses registry.
2024-11-12T08:44:25.161+0200 [DEBUG] [org.gradle.cache.internal.DefaultFileLockManager] Waiting to acquire shared lock on daemon addresses registry.
2024-11-12T08:44:25.161+0200 [DEBUG] [org.gradle.cache.internal.DefaultFileLockManager] Lock acquired on daemon addresses registry.
2024-11-12T08:44:25.162+0200 [DEBUG] [org.gradle.cache.internal.DefaultFileLockManager] Releasing lock on daemon addresses registry.
2024-11-12T08:44:25.163+0200 [DEBUG] [org.gradle.cache.internal.DefaultFileLockManager] Waiting to acquire shared lock on daemon addresses registry.
2024-11-12T08:44:25.163+0200 [DEBUG] [org.gradle.cache.internal.DefaultFileLockManager] Lock acquired on daemon addresses registry.
2024-11-12T08:44:25.164+0200 [DEBUG] [org.gradle.cache.internal.DefaultFileLockManager] Releasing lock on daemon addresses registry.
2024-11-12T08:44:35.150+0200 [DEBUG] [org.gradle.cache.internal.DefaultFileLockManager] Waiting to acquire shared lock on daemon addresses registry.
2024-11-12T08:44:35.151+0200 [DEBUG] [org.gradle.cache.internal.DefaultFileLockManager] Lock acquired on daemon addresses registry.
2024-11-12T08:44:35.151+0200 [DEBUG] [org.gradle.cache.internal.DefaultFileLockManager] Releasing lock on daemon addresses registry.
2024-11-12T08:44:35.153+0200 [DEBUG] [org.gradle.cache.internal.DefaultFileLockManager] Waiting to acquire shared lock on daemon addresses registry.
2024-11-12T08:44:35.154+0200 [DEBUG] [org.gradle.cache.internal.DefaultFileLockManager] Lock acquired on daemon addresses registry.
2024-11-12T08:44:35.154+0200 [DEBUG] [org.gradle.cache.internal.DefaultFileLockManager] Releasing lock on daemon addresses registry.
2024-11-12T08:44:35.155+0200 [DEBUG] [org.gradle.cache.internal.DefaultFileLockManager] Waiting to acquire shared lock on daemon addresses registry.
2024-11-12T08:44:35.156+0200 [DEBUG] [org.gradle.cache.internal.DefaultFileLockManager] Lock acquired on daemon addresses registry.
2024-11-12T08:44:35.157+0200 [DEBUG] [org.gradle.cache.internal.DefaultFileLockManager] Releasing lock on daemon addresses registry.
2024-11-12T08:44:45.150+0200 [DEBUG] [org.gradle.cache.internal.DefaultFileLockManager] Waiting to acquire shared lock on daemon addresses registry.
2024-11-12T08:44:45.150+0200 [DEBUG] [org.gradle.cache.internal.DefaultFileLockManager] Lock acquired on daemon addresses registry.
2024-11-12T08:44:45.150+0200 [DEBUG] [org.gradle.cache.internal.DefaultFileLockManager] Releasing lock on daemon addresses registry.
2024-11-12T08:44:45.152+0200 [DEBUG] [org.gradle.cache.internal.DefaultFileLockManager] Waiting to acquire shared lock on daemon addresses registry.
2024-11-12T08:44:45.153+0200 [DEBUG] [org.gradle.cache.internal.DefaultFileLockManager] Lock acquired on daemon addresses registry.
2024-11-12T08:44:45.154+0200 [DEBUG] [org.gradle.cache.internal.DefaultFileLockManager] Releasing lock on daemon addresses registry.
2024-11-12T08:44:45.156+0200 [DEBUG] [org.gradle.cache.internal.DefaultFileLockManager] Waiting to acquire shared lock on daemon addresses registry.
2024-11-12T08:44:45.156+0200 [DEBUG] [org.gradle.cache.internal.DefaultFileLockManager] Lock acquired on daemon addresses registry.
2024-11-12T08:44:45.158+0200 [DEBUG] [org.gradle.cache.internal.DefaultFileLockManager] Releasing lock on daemon addresses registry.
2024-11-12T08:44:55.162+0200 [DEBUG] [org.gradle.cache.internal.DefaultFileLockManager] Waiting to acquire shared lock on daemon addresses registry.
2024-11-12T08:44:55.163+0200 [DEBUG] [org.gradle.cache.internal.DefaultFileLockManager] Lock acquired on daemon addresses registry.
2024-11-12T08:44:55.164+0200 [DEBUG] [org.gradle.cache.internal.DefaultFileLockManager] Releasing lock on daemon addresses registry.
2024-11-12T08:44:55.168+0200 [DEBUG] [org.gradle.cache.internal.DefaultFileLockManager] Waiting to acquire shared lock on daemon addresses registry.
2024-11-12T08:44:55.168+0200 [DEBUG] [org.gradle.cache.internal.DefaultFileLockManager] Lock acquired on daemon addresses registry.
2024-11-12T08:44:55.179+0200 [DEBUG] [org.gradle.cache.internal.DefaultFileLockManager] Releasing lock on daemon addresses registry.
2024-11-12T08:44:55.181+0200 [DEBUG] [org.gradle.cache.internal.DefaultFileLockManager] Waiting to acquire shared lock on daemon addresses registry.
2024-11-12T08:44:55.181+0200 [DEBUG] [org.gradle.cache.internal.DefaultFileLockManager] Lock acquired on daemon addresses registry.
2024-11-12T08:44:55.182+0200 [DEBUG] [org.gradle.cache.internal.DefaultFileLockManager] Releasing lock on daemon addresses registry.
2024-11-12T08:45:05.148+0200 [DEBUG] [org.gradle.cache.internal.DefaultFileLockManager] Waiting to acquire shared lock on daemon addresses registry.
2024-11-12T08:45:05.151+0200 [DEBUG] [org.gradle.cache.internal.DefaultFileLockManager] Lock acquired on daemon addresses registry.
2024-11-12T08:45:05.152+0200 [DEBUG] [org.gradle.cache.internal.DefaultFileLockManager] Releasing lock on daemon addresses registry.
2024-11-12T08:45:05.154+0200 [DEBUG] [org.gradle.cache.internal.DefaultFileLockManager] Waiting to acquire shared lock on daemon addresses registry.
2024-11-12T08:45:05.155+0200 [DEBUG] [org.gradle.cache.internal.DefaultFileLockManager] Lock acquired on daemon addresses registry.
2024-11-12T08:45:05.156+0200 [DEBUG] [org.gradle.cache.internal.DefaultFileLockManager] Releasing lock on daemon addresses registry.
2024-11-12T08:45:05.160+0200 [DEBUG] [org.gradle.cache.internal.DefaultFileLockManager] Waiting to acquire shared lock on daemon addresses registry.
2024-11-12T08:45:05.160+0200 [DEBUG] [org.gradle.cache.internal.DefaultFileLockManager] Lock acquired on daemon addresses registry.
2024-11-12T08:45:05.161+0200 [DEBUG] [org.gradle.cache.internal.DefaultFileLockManager] Releasing lock on daemon addresses registry.
2024-11-12T08:45:05.251+0200 [DEBUG] [org.gradle.process.internal.health.memory.DefaultMemoryManager] 409155993 physical memory requested, 376467456 free
2024-11-12T08:45:05.252+0200 [DEBUG] [org.gradle.workers.internal.WorkerDaemonExpiration] Will attempt to release 390 of memory
2024-11-12T08:45:05.252+0200 [DEBUG] [org.gradle.process.internal.health.memory.DefaultMemoryManager] 409155993 physical memory requested, 0 released, 376467456 free
2024-11-12T08:45:10.250+0200 [DEBUG] [org.gradle.process.internal.health.memory.DefaultMemoryManager] 409155993 physical memory requested, 287002624 free
2024-11-12T08:45:10.251+0200 [DEBUG] [org.gradle.workers.internal.WorkerDaemonExpiration] Will attempt to release 390 of memory
2024-11-12T08:45:10.252+0200 [DEBUG] [org.gradle.process.internal.health.memory.DefaultMemoryManager] 409155993 physical memory requested, 0 released, 287002624 free
2024-11-12T08:45:15.257+0200 [DEBUG] [org.gradle.cache.internal.DefaultFileLockManager] Waiting to acquire shared lock on daemon addresses registry.
2024-11-12T08:45:15.318+0200 [DEBUG] [org.gradle.cache.internal.DefaultFileLockManager] Lock acquired on daemon addresses registry.
2024-11-12T08:45:15.319+0200 [DEBUG] [org.gradle.cache.internal.DefaultFileLockManager] Releasing lock on daemon addresses registry.
2024-11-12T08:45:15.347+0200 [DEBUG] [org.gradle.cache.internal.DefaultFileLockManager] Waiting to acquire shared lock on daemon addresses registry.
2024-11-12T08:45:15.347+0200 [DEBUG] [org.gradle.cache.internal.DefaultFileLockManager] Lock acquired on daemon addresses registry.
2024-11-12T08:45:15.348+0200 [DEBUG] [org.gradle.cache.internal.DefaultFileLockManager] Releasing lock on daemon addresses registry.
2024-11-12T08:45:15.351+0200 [DEBUG] [org.gradle.cache.internal.DefaultFileLockManager] Waiting to acquire shared lock on daemon addresses registry.
2024-11-12T08:45:15.351+0200 [DEBUG] [org.gradle.cache.internal.DefaultFileLockManager] Lock acquired on daemon addresses registry.
2024-11-12T08:45:15.352+0200 [DEBUG] [org.gradle.cache.internal.DefaultFileLockManager] Releasing lock on daemon addresses registry.
2024-11-12T08:45:20.252+0200 [DEBUG] [org.gradle.process.internal.health.memory.DefaultMemoryManager] 409155993 physical memory requested, 377995264 free
2024-11-12T08:45:20.253+0200 [DEBUG] [org.gradle.workers.internal.WorkerDaemonExpiration] Will attempt to release 390 of memory
2024-11-12T08:45:20.253+0200 [DEBUG] [org.gradle.process.internal.health.memory.DefaultMemoryManager] 409155993 physical memory requested, 0 released, 377995264 free
2024-11-12T08:45:25.159+0200 [DEBUG] [org.gradle.cache.internal.DefaultFileLockManager] Waiting to acquire shared lock on daemon addresses registry.
2024-11-12T08:45:25.161+0200 [DEBUG] [org.gradle.cache.internal.DefaultFileLockManager] Lock acquired on daemon addresses registry.
2024-11-12T08:45:25.162+0200 [DEBUG] [org.gradle.cache.internal.DefaultFileLockManager] Releasing lock on daemon addresses registry.
2024-11-12T08:45:25.166+0200 [DEBUG] [org.gradle.cache.internal.DefaultFileLockManager] Waiting to acquire shared lock on daemon addresses registry.
2024-11-12T08:45:25.166+0200 [DEBUG] [org.gradle.cache.internal.DefaultFileLockManager] Lock acquired on daemon addresses registry.
2024-11-12T08:45:25.167+0200 [DEBUG] [org.gradle.cache.internal.DefaultFileLockManager] Releasing lock on daemon addresses registry.
2024-11-12T08:45:25.169+0200 [DEBUG] [org.gradle.cache.internal.DefaultFileLockManager] Waiting to acquire shared lock on daemon addresses registry.
2024-11-12T08:45:25.170+0200 [DEBUG] [org.gradle.cache.internal.DefaultFileLockManager] Lock acquired on daemon addresses registry.
2024-11-12T08:45:25.171+0200 [DEBUG] [org.gradle.cache.internal.DefaultFileLockManager] Releasing lock on daemon addresses registry.
2024-11-12T08:45:25.246+0200 [DEBUG] [org.gradle.process.internal.health.memory.DefaultMemoryManager] 409155993 physical memory requested, 357502976 free
2024-11-12T08:45:25.247+0200 [DEBUG] [org.gradle.workers.internal.WorkerDaemonExpiration] Will attempt to release 390 of memory
2024-11-12T08:45:25.247+0200 [DEBUG] [org.gradle.process.internal.health.memory.DefaultMemoryManager] 409155993 physical memory requested, 0 released, 357502976 free
2024-11-12T08:45:30.251+0200 [DEBUG] [org.gradle.process.internal.health.memory.DefaultMemoryManager] 409155993 physical memory requested, 334491648 free
2024-11-12T08:45:30.252+0200 [DEBUG] [org.gradle.workers.internal.WorkerDaemonExpiration] Will attempt to release 390 of memory
2024-11-12T08:45:30.252+0200 [DEBUG] [org.gradle.process.internal.health.memory.DefaultMemoryManager] 409155993 physical memory requested, 0 released, 334491648 free
2024-11-12T08:45:35.155+0200 [DEBUG] [org.gradle.cache.internal.DefaultFileLockManager] Waiting to acquire shared lock on daemon addresses registry.
2024-11-12T08:45:35.155+0200 [DEBUG] [org.gradle.cache.internal.DefaultFileLockManager] Lock acquired on daemon addresses registry.
2024-11-12T08:45:35.156+0200 [DEBUG] [org.gradle.cache.internal.DefaultFileLockManager] Releasing lock on daemon addresses registry.
2024-11-12T08:45:35.161+0200 [DEBUG] [org.gradle.cache.internal.DefaultFileLockManager] Waiting to acquire shared lock on daemon addresses registry.
2024-11-12T08:45:35.162+0200 [DEBUG] [org.gradle.cache.internal.DefaultFileLockManager] Lock acquired on daemon addresses registry.
2024-11-12T08:45:35.163+0200 [DEBUG] [org.gradle.cache.internal.DefaultFileLockManager] Releasing lock on daemon addresses registry.
2024-11-12T08:45:35.165+0200 [DEBUG] [org.gradle.cache.internal.DefaultFileLockManager] Waiting to acquire shared lock on daemon addresses registry.
2024-11-12T08:45:35.166+0200 [DEBUG] [org.gradle.cache.internal.DefaultFileLockManager] Lock acquired on daemon addresses registry.
2024-11-12T08:45:35.167+0200 [DEBUG] [org.gradle.cache.internal.DefaultFileLockManager] Releasing lock on daemon addresses registry.
2024-11-12T08:45:35.248+0200 [DEBUG] [org.gradle.process.internal.health.memory.DefaultMemoryManager] 409155993 physical memory requested, 329965568 free
2024-11-12T08:45:35.249+0200 [DEBUG] [org.gradle.workers.internal.WorkerDaemonExpiration] Will attempt to release 390 of memory
2024-11-12T08:45:35.249+0200 [DEBUG] [org.gradle.process.internal.health.memory.DefaultMemoryManager] 409155993 physical memory requested, 0 released, 329965568 free
2024-11-12T08:45:40.249+0200 [DEBUG] [org.gradle.process.internal.health.memory.DefaultMemoryManager] 409155993 physical memory requested, 286756864 free
2024-11-12T08:45:40.249+0200 [DEBUG] [org.gradle.workers.internal.WorkerDaemonExpiration] Will attempt to release 390 of memory
2024-11-12T08:45:40.249+0200 [DEBUG] [org.gradle.process.internal.health.memory.DefaultMemoryManager] 409155993 physical memory requested, 0 released, 286756864 free
2024-11-12T08:45:45.156+0200 [DEBUG] [org.gradle.cache.internal.DefaultFileLockManager] Waiting to acquire shared lock on daemon addresses registry.
2024-11-12T08:45:45.157+0200 [DEBUG] [org.gradle.cache.internal.DefaultFileLockManager] Lock acquired on daemon addresses registry.
2024-11-12T08:45:45.158+0200 [DEBUG] [org.gradle.cache.internal.DefaultFileLockManager] Releasing lock on daemon addresses registry.
2024-11-12T08:45:45.162+0200 [DEBUG] [org.gradle.cache.internal.DefaultFileLockManager] Waiting to acquire shared lock on daemon addresses registry.
2024-11-12T08:45:45.162+0200 [DEBUG] [org.gradle.cache.internal.DefaultFileLockManager] Lock acquired on daemon addresses registry.
2024-11-12T08:45:45.163+0200 [DEBUG] [org.gradle.cache.internal.DefaultFileLockManager] Releasing lock on daemon addresses registry.
2024-11-12T08:45:45.165+0200 [DEBUG] [org.gradle.cache.internal.DefaultFileLockManager] Waiting to acquire shared lock on daemon addresses registry.
2024-11-12T08:45:45.165+0200 [DEBUG] [org.gradle.cache.internal.DefaultFileLockManager] Lock acquired on daemon addresses registry.
2024-11-12T08:45:45.166+0200 [DEBUG] [org.gradle.cache.internal.DefaultFileLockManager] Releasing lock on daemon addresses registry.
2024-11-12T08:45:55.155+0200 [DEBUG] [org.gradle.cache.internal.DefaultFileLockManager] Waiting to acquire shared lock on daemon addresses registry.
2024-11-12T08:45:55.156+0200 [DEBUG] [org.gradle.cache.internal.DefaultFileLockManager] Lock acquired on daemon addresses registry.
2024-11-12T08:45:55.158+0200 [DEBUG] [org.gradle.cache.internal.DefaultFileLockManager] Releasing lock on daemon addresses registry.
2024-11-12T08:45:55.160+0200 [DEBUG] [org.gradle.cache.internal.DefaultFileLockManager] Waiting to acquire shared lock on daemon addresses registry.
2024-11-12T08:45:55.160+0200 [DEBUG] [org.gradle.cache.internal.DefaultFileLockManager] Lock acquired on daemon addresses registry.
2024-11-12T08:45:55.163+0200 [DEBUG] [org.gradle.cache.internal.DefaultFileLockManager] Releasing lock on daemon addresses registry.
2024-11-12T08:45:55.164+0200 [DEBUG] [org.gradle.cache.internal.DefaultFileLockManager] Waiting to acquire shared lock on daemon addresses registry.
2024-11-12T08:45:55.165+0200 [DEBUG] [org.gradle.cache.internal.DefaultFileLockManager] Lock acquired on daemon addresses registry.
2024-11-12T08:45:55.165+0200 [DEBUG] [org.gradle.cache.internal.DefaultFileLockManager] Releasing lock on daemon addresses registry.
2024-11-12T08:45:55.252+0200 [DEBUG] [org.gradle.process.internal.health.memory.DefaultMemoryManager] 409155993 physical memory requested, 297447424 free
2024-11-12T08:45:55.252+0200 [DEBUG] [org.gradle.workers.internal.WorkerDaemonExpiration] Will attempt to release 390 of memory
2024-11-12T08:45:55.252+0200 [DEBUG] [org.gradle.process.internal.health.memory.DefaultMemoryManager] 409155993 physical memory requested, 0 released, 297447424 free
2024-11-12T08:46:00.241+0200 [DEBUG] [org.gradle.process.internal.health.memory.DefaultMemoryManager] 409155993 physical memory requested, 298549248 free
2024-11-12T08:46:00.241+0200 [DEBUG] [org.gradle.workers.internal.WorkerDaemonExpiration] Will attempt to release 390 of memory
2024-11-12T08:46:00.241+0200 [DEBUG] [org.gradle.process.internal.health.memory.DefaultMemoryManager] 409155993 physical memory requested, 0 released, 298549248 free
2024-11-12T08:46:05.151+0200 [DEBUG] [org.gradle.cache.internal.DefaultFileLockManager] Waiting to acquire shared lock on daemon addresses registry.
2024-11-12T08:46:05.152+0200 [DEBUG] [org.gradle.cache.internal.DefaultFileLockManager] Lock acquired on daemon addresses registry.
2024-11-12T08:46:05.152+0200 [DEBUG] [org.gradle.cache.internal.DefaultFileLockManager] Releasing lock on daemon addresses registry.
2024-11-12T08:46:05.154+0200 [DEBUG] [org.gradle.cache.internal.DefaultFileLockManager] Waiting to acquire shared lock on daemon addresses registry.
2024-11-12T08:46:05.192+0200 [DEBUG] [org.gradle.cache.internal.DefaultFileLockManager] Lock acquired on daemon addresses registry.
2024-11-12T08:46:05.196+0200 [DEBUG] [org.gradle.cache.internal.DefaultFileLockManager] Releasing lock on daemon addresses registry.
2024-11-12T08:46:05.197+0200 [DEBUG] [org.gradle.cache.internal.DefaultFileLockManager] Waiting to acquire shared lock on daemon addresses registry.
2024-11-12T08:46:05.198+0200 [DEBUG] [org.gradle.cache.internal.DefaultFileLockManager] Lock acquired on daemon addresses registry.
2024-11-12T08:46:05.198+0200 [DEBUG] [org.gradle.cache.internal.DefaultFileLockManager] Releasing lock on daemon addresses registry.
2024-11-12T08:46:05.249+0200 [DEBUG] [org.gradle.process.internal.health.memory.DefaultMemoryManager] 409155993 physical memory requested, 278937600 free
2024-11-12T08:46:05.252+0200 [DEBUG] [org.gradle.workers.internal.WorkerDaemonExpiration] Will attempt to release 390 of memory
2024-11-12T08:46:05.252+0200 [DEBUG] [org.gradle.process.internal.health.memory.DefaultMemoryManager] 409155993 physical memory requested, 0 released, 278937600 free
2024-11-12T08:46:10.249+0200 [DEBUG] [org.gradle.process.internal.health.memory.DefaultMemoryManager] 409155993 physical memory requested, 297115648 free
2024-11-12T08:46:10.249+0200 [DEBUG] [org.gradle.workers.internal.WorkerDaemonExpiration] Will attempt to release 390 of memory
2024-11-12T08:46:10.249+0200 [DEBUG] [org.gradle.process.internal.health.memory.DefaultMemoryManager] 409155993 physical memory requested, 0 released, 297115648 free
2024-11-12T08:46:15.155+0200 [DEBUG] [org.gradle.cache.internal.DefaultFileLockManager] Waiting to acquire shared lock on daemon addresses registry.
2024-11-12T08:46:15.155+0200 [DEBUG] [org.gradle.cache.internal.DefaultFileLockManager] Lock acquired on daemon addresses registry.
2024-11-12T08:46:15.156+0200 [DEBUG] [org.gradle.cache.internal.DefaultFileLockManager] Releasing lock on daemon addresses registry.
2024-11-12T08:46:15.157+0200 [DEBUG] [org.gradle.cache.internal.DefaultFileLockManager] Waiting to acquire shared lock on daemon addresses registry.
2024-11-12T08:46:15.157+0200 [DEBUG] [org.gradle.cache.internal.DefaultFileLockManager] Lock acquired on daemon addresses registry.
2024-11-12T08:46:15.158+0200 [DEBUG] [org.gradle.cache.internal.DefaultFileLockManager] Releasing lock on daemon addresses registry.
2024-11-12T08:46:15.159+0200 [DEBUG] [org.gradle.cache.internal.DefaultFileLockManager] Waiting to acquire shared lock on daemon addresses registry.
2024-11-12T08:46:15.159+0200 [DEBUG] [org.gradle.cache.internal.DefaultFileLockManager] Lock acquired on daemon addresses registry.
2024-11-12T08:46:15.160+0200 [DEBUG] [org.gradle.cache.internal.DefaultFileLockManager] Releasing lock on daemon addresses registry.
2024-11-12T08:46:15.254+0200 [DEBUG] [org.gradle.process.internal.health.memory.DefaultMemoryManager] 409155993 physical memory requested, 263401472 free
2024-11-12T08:46:15.255+0200 [DEBUG] [org.gradle.workers.internal.WorkerDaemonExpiration] Will attempt to release 390 of memory
2024-11-12T08:46:15.257+0200 [DEBUG] [org.gradle.process.internal.health.memory.DefaultMemoryManager] 409155993 physical memory requested, 0 released, 263401472 free
2024-11-12T08:46:20.265+0200 [DEBUG] [org.gradle.process.internal.health.memory.DefaultMemoryManager] 409155993 physical memory requested, 242544640 free
2024-11-12T08:46:20.265+0200 [DEBUG] [org.gradle.workers.internal.WorkerDaemonExpiration] Will attempt to release 390 of memory
2024-11-12T08:46:20.265+0200 [DEBUG] [org.gradle.process.internal.health.memory.DefaultMemoryManager] 409155993 physical memory requested, 0 released, 242544640 free
2024-11-12T08:46:25.156+0200 [DEBUG] [org.gradle.cache.internal.DefaultFileLockManager] Waiting to acquire shared lock on daemon addresses registry.
2024-11-12T08:46:25.156+0200 [DEBUG] [org.gradle.cache.internal.DefaultFileLockManager] Lock acquired on daemon addresses registry.
2024-11-12T08:46:25.156+0200 [DEBUG] [org.gradle.cache.internal.DefaultFileLockManager] Releasing lock on daemon addresses registry.
2024-11-12T08:46:25.158+0200 [DEBUG] [org.gradle.cache.internal.DefaultFileLockManager] Waiting to acquire shared lock on daemon addresses registry.
2024-11-12T08:46:25.158+0200 [DEBUG] [org.gradle.cache.internal.DefaultFileLockManager] Lock acquired on daemon addresses registry.
2024-11-12T08:46:25.160+0200 [DEBUG] [org.gradle.cache.internal.DefaultFileLockManager] Releasing lock on daemon addresses registry.
2024-11-12T08:46:25.162+0200 [DEBUG] [org.gradle.cache.internal.DefaultFileLockManager] Waiting to acquire shared lock on daemon addresses registry.
2024-11-12T08:46:25.162+0200 [DEBUG] [org.gradle.cache.internal.DefaultFileLockManager] Lock acquired on daemon addresses registry.
2024-11-12T08:46:25.163+0200 [DEBUG] [org.gradle.cache.internal.DefaultFileLockManager] Releasing lock on daemon addresses registry.
2024-11-12T08:46:35.148+0200 [DEBUG] [org.gradle.cache.internal.DefaultFileLockManager] Waiting to acquire shared lock on daemon addresses registry.
2024-11-12T08:46:35.149+0200 [DEBUG] [org.gradle.cache.internal.DefaultFileLockManager] Lock acquired on daemon addresses registry.
2024-11-12T08:46:35.149+0200 [DEBUG] [org.gradle.cache.internal.DefaultFileLockManager] Releasing lock on daemon addresses registry.
2024-11-12T08:46:35.151+0200 [DEBUG] [org.gradle.cache.internal.DefaultFileLockManager] Waiting to acquire shared lock on daemon addresses registry.
2024-11-12T08:46:35.151+0200 [DEBUG] [org.gradle.cache.internal.DefaultFileLockManager] Lock acquired on daemon addresses registry.
2024-11-12T08:46:35.152+0200 [DEBUG] [org.gradle.cache.internal.DefaultFileLockManager] Releasing lock on daemon addresses registry.
2024-11-12T08:46:35.154+0200 [DEBUG] [org.gradle.cache.internal.DefaultFileLockManager] Waiting to acquire shared lock on daemon addresses registry.
2024-11-12T08:46:35.154+0200 [DEBUG] [org.gradle.cache.internal.DefaultFileLockManager] Lock acquired on daemon addresses registry.
2024-11-12T08:46:35.155+0200 [DEBUG] [org.gradle.cache.internal.DefaultFileLockManager] Releasing lock on daemon addresses registry.
2024-11-12T08:46:35.250+0200 [DEBUG] [org.gradle.process.internal.health.memory.DefaultMemoryManager] 409155993 physical memory requested, 335130624 free
2024-11-12T08:46:35.251+0200 [DEBUG] [org.gradle.workers.internal.WorkerDaemonExpiration] Will attempt to release 390 of memory
2024-11-12T08:46:35.251+0200 [DEBUG] [org.gradle.process.internal.health.memory.DefaultMemoryManager] 409155993 physical memory requested, 0 released, 335130624 free
2024-11-12T08:46:40.248+0200 [DEBUG] [org.gradle.process.internal.health.memory.DefaultMemoryManager] 409155993 physical memory requested, 334553088 free
2024-11-12T08:46:40.248+0200 [DEBUG] [org.gradle.workers.internal.WorkerDaemonExpiration] Will attempt to release 390 of memory
2024-11-12T08:46:40.249+0200 [DEBUG] [org.gradle.process.internal.health.memory.DefaultMemoryManager] 409155993 physical memory requested, 0 released, 334553088 free
2024-11-12T08:46:45.158+0200 [DEBUG] [org.gradle.cache.internal.DefaultFileLockManager] Waiting to acquire shared lock on daemon addresses registry.
2024-11-12T08:46:45.158+0200 [DEBUG] [org.gradle.cache.internal.DefaultFileLockManager] Lock acquired on daemon addresses registry.
2024-11-12T08:46:45.160+0200 [DEBUG] [org.gradle.cache.internal.DefaultFileLockManager] Releasing lock on daemon addresses registry.
2024-11-12T08:46:45.161+0200 [DEBUG] [org.gradle.cache.internal.DefaultFileLockManager] Waiting to acquire shared lock on daemon addresses registry.
2024-11-12T08:46:45.161+0200 [DEBUG] [org.gradle.cache.internal.DefaultFileLockManager] Lock acquired on daemon addresses registry.
2024-11-12T08:46:45.164+0200 [DEBUG] [org.gradle.cache.internal.DefaultFileLockManager] Releasing lock on daemon addresses registry.
2024-11-12T08:46:45.165+0200 [DEBUG] [org.gradle.cache.internal.DefaultFileLockManager] Waiting to acquire shared lock on daemon addresses registry.
2024-11-12T08:46:45.166+0200 [DEBUG] [org.gradle.cache.internal.DefaultFileLockManager] Lock acquired on daemon addresses registry.
2024-11-12T08:46:45.167+0200 [DEBUG] [org.gradle.cache.internal.DefaultFileLockManager] Releasing lock on daemon addresses registry.
2024-11-12T08:46:45.250+0200 [DEBUG] [org.gradle.process.internal.health.memory.DefaultMemoryManager] 409155993 physical memory requested, 337203200 free
2024-11-12T08:46:45.250+0200 [DEBUG] [org.gradle.workers.internal.WorkerDaemonExpiration] Will attempt to release 390 of memory
2024-11-12T08:46:45.251+0200 [DEBUG] [org.gradle.process.internal.health.memory.DefaultMemoryManager] 409155993 physical memory requested, 0 released, 337203200 free
2024-11-12T08:46:50.246+0200 [DEBUG] [org.gradle.process.internal.health.memory.DefaultMemoryManager] 409155993 physical memory requested, 331681792 free
2024-11-12T08:46:50.246+0200 [DEBUG] [org.gradle.workers.internal.WorkerDaemonExpiration] Will attempt to release 390 of memory
2024-11-12T08:46:50.248+0200 [DEBUG] [org.gradle.process.internal.health.memory.DefaultMemoryManager] 409155993 physical memory requested, 0 released, 331681792 free
2024-11-12T08:46:55.165+0200 [DEBUG] [org.gradle.cache.internal.DefaultFileLockManager] Waiting to acquire shared lock on daemon addresses registry.
2024-11-12T08:46:55.168+0200 [DEBUG] [org.gradle.cache.internal.DefaultFileLockManager] Lock acquired on daemon addresses registry.
2024-11-12T08:46:55.171+0200 [DEBUG] [org.gradle.cache.internal.DefaultFileLockManager] Releasing lock on daemon addresses registry.
2024-11-12T08:46:55.172+0200 [DEBUG] [org.gradle.cache.internal.DefaultFileLockManager] Waiting to acquire shared lock on daemon addresses registry.
2024-11-12T08:46:55.173+0200 [DEBUG] [org.gradle.cache.internal.DefaultFileLockManager] Lock acquired on daemon addresses registry.
2024-11-12T08:46:55.173+0200 [DEBUG] [org.gradle.cache.internal.DefaultFileLockManager] Releasing lock on daemon addresses registry.
2024-11-12T08:46:55.177+0200 [DEBUG] [org.gradle.cache.internal.DefaultFileLockManager] Waiting to acquire shared lock on daemon addresses registry.
2024-11-12T08:46:55.177+0200 [DEBUG] [org.gradle.cache.internal.DefaultFileLockManager] Lock acquired on daemon addresses registry.
2024-11-12T08:46:55.178+0200 [DEBUG] [org.gradle.cache.internal.DefaultFileLockManager] Releasing lock on daemon addresses registry.
2024-11-12T08:47:05.174+0200 [DEBUG] [org.gradle.cache.internal.DefaultFileLockManager] Waiting to acquire shared lock on daemon addresses registry.
2024-11-12T08:47:05.174+0200 [DEBUG] [org.gradle.cache.internal.DefaultFileLockManager] Lock acquired on daemon addresses registry.
2024-11-12T08:47:05.175+0200 [DEBUG] [org.gradle.cache.internal.DefaultFileLockManager] Releasing lock on daemon addresses registry.
2024-11-12T08:47:05.176+0200 [DEBUG] [org.gradle.cache.internal.DefaultFileLockManager] Waiting to acquire shared lock on daemon addresses registry.
2024-11-12T08:47:05.176+0200 [DEBUG] [org.gradle.cache.internal.DefaultFileLockManager] Lock acquired on daemon addresses registry.
2024-11-12T08:47:05.177+0200 [DEBUG] [org.gradle.cache.internal.DefaultFileLockManager] Releasing lock on daemon addresses registry.
2024-11-12T08:47:05.178+0200 [DEBUG] [org.gradle.cache.internal.DefaultFileLockManager] Waiting to acquire shared lock on daemon addresses registry.
2024-11-12T08:47:05.178+0200 [DEBUG] [org.gradle.cache.internal.DefaultFileLockManager] Lock acquired on daemon addresses registry.
2024-11-12T08:47:05.178+0200 [DEBUG] [org.gradle.cache.internal.DefaultFileLockManager] Releasing lock on daemon addresses registry.
2024-11-12T08:47:10.518+0200 [DEBUG] [org.gradle.process.internal.health.memory.DefaultMemoryManager] 409155993 physical memory requested, 247894016 free
2024-11-12T08:47:10.519+0200 [DEBUG] [org.gradle.workers.internal.WorkerDaemonExpiration] Will attempt to release 390 of memory
2024-11-12T08:47:10.520+0200 [DEBUG] [org.gradle.process.internal.health.memory.DefaultMemoryManager] 409155993 physical memory requested, 0 released, 247894016 free
2024-11-12T08:47:15.161+0200 [DEBUG] [org.gradle.cache.internal.DefaultFileLockManager] Waiting to acquire shared lock on daemon addresses registry.
2024-11-12T08:47:15.163+0200 [DEBUG] [org.gradle.cache.internal.DefaultFileLockManager] Lock acquired on daemon addresses registry.
2024-11-12T08:47:15.169+0200 [DEBUG] [org.gradle.cache.internal.DefaultFileLockManager] Releasing lock on daemon addresses registry.
2024-11-12T08:47:15.178+0200 [DEBUG] [org.gradle.cache.internal.DefaultFileLockManager] Waiting to acquire shared lock on daemon addresses registry.
2024-11-12T08:47:15.179+0200 [DEBUG] [org.gradle.cache.internal.DefaultFileLockManager] Lock acquired on daemon addresses registry.
2024-11-12T08:47:15.180+0200 [DEBUG] [org.gradle.cache.internal.DefaultFileLockManager] Releasing lock on daemon addresses registry.
2024-11-12T08:47:15.188+0200 [DEBUG] [org.gradle.cache.internal.DefaultFileLockManager] Waiting to acquire shared lock on daemon addresses registry.
2024-11-12T08:47:15.188+0200 [DEBUG] [org.gradle.cache.internal.DefaultFileLockManager] Lock acquired on daemon addresses registry.
2024-11-12T08:47:15.192+0200 [DEBUG] [org.gradle.cache.internal.DefaultFileLockManager] Releasing lock on daemon addresses registry.
2024-11-12T08:47:15.262+0200 [DEBUG] [org.gradle.process.internal.health.memory.DefaultMemoryManager] 409155993 physical memory requested, 327577600 free
2024-11-12T08:47:15.262+0200 [DEBUG] [org.gradle.workers.internal.WorkerDaemonExpiration] Will attempt to release 390 of memory
2024-11-12T08:47:15.263+0200 [DEBUG] [org.gradle.process.internal.health.memory.DefaultMemoryManager] 409155993 physical memory requested, 0 released, 327577600 free
2024-11-12T08:47:20.360+0200 [DEBUG] [org.gradle.process.internal.health.memory.DefaultMemoryManager] 409155993 physical memory requested, 179384320 free
2024-11-12T08:47:20.363+0200 [DEBUG] [org.gradle.workers.internal.WorkerDaemonExpiration] Will attempt to release 390 of memory
2024-11-12T08:47:20.364+0200 [DEBUG] [org.gradle.process.internal.health.memory.DefaultMemoryManager] 409155993 physical memory requested, 0 released, 179384320 free
2024-11-12T08:47:25.168+0200 [DEBUG] [org.gradle.cache.internal.DefaultFileLockManager] Waiting to acquire shared lock on daemon addresses registry.
2024-11-12T08:47:25.168+0200 [DEBUG] [org.gradle.cache.internal.DefaultFileLockManager] Lock acquired on daemon addresses registry.
2024-11-12T08:47:25.169+0200 [DEBUG] [org.gradle.cache.internal.DefaultFileLockManager] Releasing lock on daemon addresses registry.
2024-11-12T08:47:25.173+0200 [DEBUG] [org.gradle.cache.internal.DefaultFileLockManager] Waiting to acquire shared lock on daemon addresses registry.
2024-11-12T08:47:25.173+0200 [DEBUG] [org.gradle.cache.internal.DefaultFileLockManager] Lock acquired on daemon addresses registry.
2024-11-12T08:47:25.174+0200 [DEBUG] [org.gradle.cache.internal.DefaultFileLockManager] Releasing lock on daemon addresses registry.
2024-11-12T08:47:25.175+0200 [DEBUG] [org.gradle.cache.internal.DefaultFileLockManager] Waiting to acquire shared lock on daemon addresses registry.
2024-11-12T08:47:25.176+0200 [DEBUG] [org.gradle.cache.internal.DefaultFileLockManager] Lock acquired on daemon addresses registry.
2024-11-12T08:47:25.176+0200 [DEBUG] [org.gradle.cache.internal.DefaultFileLockManager] Releasing lock on daemon addresses registry.
2024-11-12T08:47:25.276+0200 [DEBUG] [org.gradle.process.internal.health.memory.DefaultMemoryManager] 409155993 physical memory requested, 371998720 free
2024-11-12T08:47:25.278+0200 [DEBUG] [org.gradle.workers.internal.WorkerDaemonExpiration] Will attempt to release 390 of memory
2024-11-12T08:47:25.279+0200 [DEBUG] [org.gradle.process.internal.health.memory.DefaultMemoryManager] 409155993 physical memory requested, 0 released, 371998720 free
2024-11-12T08:47:35.150+0200 [DEBUG] [org.gradle.cache.internal.DefaultFileLockManager] Waiting to acquire shared lock on daemon addresses registry.
2024-11-12T08:47:35.150+0200 [DEBUG] [org.gradle.cache.internal.DefaultFileLockManager] Lock acquired on daemon addresses registry.
2024-11-12T08:47:35.151+0200 [DEBUG] [org.gradle.cache.internal.DefaultFileLockManager] Releasing lock on daemon addresses registry.
2024-11-12T08:47:35.153+0200 [DEBUG] [org.gradle.cache.internal.DefaultFileLockManager] Waiting to acquire shared lock on daemon addresses registry.
2024-11-12T08:47:35.153+0200 [DEBUG] [org.gradle.cache.internal.DefaultFileLockManager] Lock acquired on daemon addresses registry.
2024-11-12T08:47:35.153+0200 [DEBUG] [org.gradle.cache.internal.DefaultFileLockManager] Releasing lock on daemon addresses registry.
2024-11-12T08:47:35.155+0200 [DEBUG] [org.gradle.cache.internal.DefaultFileLockManager] Waiting to acquire shared lock on daemon addresses registry.
2024-11-12T08:47:35.155+0200 [DEBUG] [org.gradle.cache.internal.DefaultFileLockManager] Lock acquired on daemon addresses registry.
2024-11-12T08:47:35.155+0200 [DEBUG] [org.gradle.cache.internal.DefaultFileLockManager] Releasing lock on daemon addresses registry.
2024-11-12T08:47:35.246+0200 [DEBUG] [org.gradle.process.internal.health.memory.DefaultMemoryManager] 409155993 physical memory requested, 354529280 free
2024-11-12T08:47:35.247+0200 [DEBUG] [org.gradle.workers.internal.WorkerDaemonExpiration] Will attempt to release 390 of memory
2024-11-12T08:47:35.247+0200 [DEBUG] [org.gradle.process.internal.health.memory.DefaultMemoryManager] 409155993 physical memory requested, 0 released, 354529280 free
2024-11-12T08:47:45.163+0200 [DEBUG] [org.gradle.cache.internal.DefaultFileLockManager] Waiting to acquire shared lock on daemon addresses registry.
2024-11-12T08:47:45.163+0200 [DEBUG] [org.gradle.cache.internal.DefaultFileLockManager] Lock acquired on daemon addresses registry.
2024-11-12T08:47:45.164+0200 [DEBUG] [org.gradle.cache.internal.DefaultFileLockManager] Releasing lock on daemon addresses registry.
2024-11-12T08:47:45.167+0200 [DEBUG] [org.gradle.cache.internal.DefaultFileLockManager] Waiting to acquire shared lock on daemon addresses registry.
2024-11-12T08:47:45.167+0200 [DEBUG] [org.gradle.cache.internal.DefaultFileLockManager] Lock acquired on daemon addresses registry.
2024-11-12T08:47:45.167+0200 [DEBUG] [org.gradle.cache.internal.DefaultFileLockManager] Releasing lock on daemon addresses registry.
2024-11-12T08:47:45.169+0200 [DEBUG] [org.gradle.cache.internal.DefaultFileLockManager] Waiting to acquire shared lock on daemon addresses registry.
2024-11-12T08:47:45.169+0200 [DEBUG] [org.gradle.cache.internal.DefaultFileLockManager] Lock acquired on daemon addresses registry.
2024-11-12T08:47:45.170+0200 [DEBUG] [org.gradle.cache.internal.DefaultFileLockManager] Releasing lock on daemon addresses registry.
2024-11-12T08:47:50.256+0200 [DEBUG] [org.gradle.process.internal.health.memory.DefaultMemoryManager] 409155993 physical memory requested, 397737984 free
2024-11-12T08:47:50.257+0200 [DEBUG] [org.gradle.workers.internal.WorkerDaemonExpiration] Will attempt to release 390 of memory
2024-11-12T08:47:50.257+0200 [DEBUG] [org.gradle.process.internal.health.memory.DefaultMemoryManager] 409155993 physical memory requested, 0 released, 397737984 free
2024-11-12T08:47:55.156+0200 [DEBUG] [org.gradle.cache.internal.DefaultFileLockManager] Waiting to acquire shared lock on daemon addresses registry.
2024-11-12T08:47:55.157+0200 [DEBUG] [org.gradle.cache.internal.DefaultFileLockManager] Lock acquired on daemon addresses registry.
2024-11-12T08:47:55.158+0200 [DEBUG] [org.gradle.cache.internal.DefaultFileLockManager] Releasing lock on daemon addresses registry.
2024-11-12T08:47:55.160+0200 [DEBUG] [org.gradle.cache.internal.DefaultFileLockManager] Waiting to acquire shared lock on daemon addresses registry.
2024-11-12T08:47:55.162+0200 [DEBUG] [org.gradle.cache.internal.DefaultFileLockManager] Lock acquired on daemon addresses registry.
2024-11-12T08:47:55.163+0200 [DEBUG] [org.gradle.cache.internal.DefaultFileLockManager] Releasing lock on daemon addresses registry.
2024-11-12T08:47:55.181+0200 [DEBUG] [org.gradle.cache.internal.DefaultFileLockManager] Waiting to acquire shared lock on daemon addresses registry.
2024-11-12T08:47:55.182+0200 [DEBUG] [org.gradle.cache.internal.DefaultFileLockManager] Lock acquired on daemon addresses registry.
2024-11-12T08:47:55.182+0200 [DEBUG] [org.gradle.cache.internal.DefaultFileLockManager] Releasing lock on daemon addresses registry.
2024-11-12T08:48:00.258+0200 [DEBUG] [org.gradle.process.internal.health.memory.DefaultMemoryManager] 409155993 physical memory requested, 341221376 free
2024-11-12T08:48:00.259+0200 [DEBUG] [org.gradle.workers.internal.WorkerDaemonExpiration] Will attempt to release 390 of memory
2024-11-12T08:48:00.259+0200 [DEBUG] [org.gradle.process.internal.health.memory.DefaultMemoryManager] 409155993 physical memory requested, 0 released, 341221376 free
2024-11-12T08:48:05.161+0200 [DEBUG] [org.gradle.cache.internal.DefaultFileLockManager] Waiting to acquire shared lock on daemon addresses registry.
2024-11-12T08:48:05.161+0200 [DEBUG] [org.gradle.cache.internal.DefaultFileLockManager] Lock acquired on daemon addresses registry.
2024-11-12T08:48:05.162+0200 [DEBUG] [org.gradle.cache.internal.DefaultFileLockManager] Releasing lock on daemon addresses registry.
2024-11-12T08:48:05.164+0200 [DEBUG] [org.gradle.cache.internal.DefaultFileLockManager] Waiting to acquire shared lock on daemon addresses registry.
2024-11-12T08:48:05.165+0200 [DEBUG] [org.gradle.cache.internal.DefaultFileLockManager] Lock acquired on daemon addresses registry.
2024-11-12T08:48:05.167+0200 [DEBUG] [org.gradle.cache.internal.DefaultFileLockManager] Releasing lock on daemon addresses registry.
2024-11-12T08:48:05.169+0200 [DEBUG] [org.gradle.cache.internal.DefaultFileLockManager] Waiting to acquire shared lock on daemon addresses registry.
2024-11-12T08:48:05.170+0200 [DEBUG] [org.gradle.cache.internal.DefaultFileLockManager] Lock acquired on daemon addresses registry.
2024-11-12T08:48:05.171+0200 [DEBUG] [org.gradle.cache.internal.DefaultFileLockManager] Releasing lock on daemon addresses registry.
2024-11-12T08:48:05.243+0200 [DEBUG] [org.gradle.process.internal.health.memory.DefaultMemoryManager] 409155993 physical memory requested, 286691328 free
2024-11-12T08:48:05.243+0200 [DEBUG] [org.gradle.workers.internal.WorkerDaemonExpiration] Will attempt to release 390 of memory
2024-11-12T08:48:05.244+0200 [DEBUG] [org.gradle.process.internal.health.memory.DefaultMemoryManager] 409155993 physical memory requested, 0 released, 286691328 free
2024-11-12T08:48:10.245+0200 [DEBUG] [org.gradle.process.internal.health.memory.DefaultMemoryManager] 409155993 physical memory requested, 377810944 free
2024-11-12T08:48:10.245+0200 [DEBUG] [org.gradle.workers.internal.WorkerDaemonExpiration] Will attempt to release 390 of memory
2024-11-12T08:48:10.245+0200 [DEBUG] [org.gradle.process.internal.health.memory.DefaultMemoryManager] 409155993 physical memory requested, 0 released, 377810944 free
2024-11-12T08:48:15.168+0200 [DEBUG] [org.gradle.cache.internal.DefaultFileLockManager] Waiting to acquire shared lock on daemon addresses registry.
2024-11-12T08:48:15.182+0200 [DEBUG] [org.gradle.cache.internal.DefaultFileLockManager] Lock acquired on daemon addresses registry.
2024-11-12T08:48:15.219+0200 [DEBUG] [org.gradle.cache.internal.DefaultFileLockManager] Releasing lock on daemon addresses registry.
2024-11-12T08:48:15.290+0200 [DEBUG] [org.gradle.cache.internal.DefaultFileLockManager] Waiting to acquire shared lock on daemon addresses registry.
2024-11-12T08:48:15.290+0200 [DEBUG] [org.gradle.cache.internal.DefaultFileLockManager] Lock acquired on daemon addresses registry.
2024-11-12T08:48:15.291+0200 [DEBUG] [org.gradle.cache.internal.DefaultFileLockManager] Releasing lock on daemon addresses registry.
2024-11-12T08:48:15.311+0200 [DEBUG] [org.gradle.cache.internal.DefaultFileLockManager] Waiting to acquire shared lock on daemon addresses registry.
2024-11-12T08:48:15.311+0200 [DEBUG] [org.gradle.cache.internal.DefaultFileLockManager] Lock acquired on daemon addresses registry.
2024-11-12T08:48:15.312+0200 [DEBUG] [org.gradle.cache.internal.DefaultFileLockManager] Releasing lock on daemon addresses registry.
2024-11-12T08:48:20.242+0200 [DEBUG] [org.gradle.process.internal.health.memory.DefaultMemoryManager] 409155993 physical memory requested, 390561792 free
2024-11-12T08:48:20.243+0200 [DEBUG] [org.gradle.workers.internal.WorkerDaemonExpiration] Will attempt to release 390 of memory
2024-11-12T08:48:20.244+0200 [DEBUG] [org.gradle.process.internal.health.memory.DefaultMemoryManager] 409155993 physical memory requested, 0 released, 390561792 free
2024-11-12T08:48:25.150+0200 [DEBUG] [org.gradle.cache.internal.DefaultFileLockManager] Waiting to acquire shared lock on daemon addresses registry.
2024-11-12T08:48:25.150+0200 [DEBUG] [org.gradle.cache.internal.DefaultFileLockManager] Lock acquired on daemon addresses registry.
2024-11-12T08:48:25.151+0200 [DEBUG] [org.gradle.cache.internal.DefaultFileLockManager] Releasing lock on daemon addresses registry.
2024-11-12T08:48:25.154+0200 [DEBUG] [org.gradle.cache.internal.DefaultFileLockManager] Waiting to acquire shared lock on daemon addresses registry.
2024-11-12T08:48:25.154+0200 [DEBUG] [org.gradle.cache.internal.DefaultFileLockManager] Lock acquired on daemon addresses registry.
2024-11-12T08:48:25.154+0200 [DEBUG] [org.gradle.cache.internal.DefaultFileLockManager] Releasing lock on daemon addresses registry.
2024-11-12T08:48:25.155+0200 [DEBUG] [org.gradle.cache.internal.DefaultFileLockManager] Waiting to acquire shared lock on daemon addresses registry.
2024-11-12T08:48:25.156+0200 [DEBUG] [org.gradle.cache.internal.DefaultFileLockManager] Lock acquired on daemon addresses registry.
2024-11-12T08:48:25.156+0200 [DEBUG] [org.gradle.cache.internal.DefaultFileLockManager] Releasing lock on daemon addresses registry.
2024-11-12T08:48:25.251+0200 [DEBUG] [org.gradle.process.internal.health.memory.DefaultMemoryManager] 409155993 physical memory requested, 389640192 free
2024-11-12T08:48:25.252+0200 [DEBUG] [org.gradle.workers.internal.WorkerDaemonExpiration] Will attempt to release 390 of memory
2024-11-12T08:48:25.252+0200 [DEBUG] [org.gradle.process.internal.health.memory.DefaultMemoryManager] 409155993 physical memory requested, 0 released, 389640192 free
2024-11-12T08:48:30.255+0200 [DEBUG] [org.gradle.process.internal.health.memory.DefaultMemoryManager] 409155993 physical memory requested, 399273984 free
2024-11-12T08:48:30.255+0200 [DEBUG] [org.gradle.workers.internal.WorkerDaemonExpiration] Will attempt to release 390 of memory
2024-11-12T08:48:30.255+0200 [DEBUG] [org.gradle.process.internal.health.memory.DefaultMemoryManager] 409155993 physical memory requested, 0 released, 399273984 free
2024-11-12T08:48:35.185+0200 [DEBUG] [org.gradle.cache.internal.DefaultFileLockManager] Waiting to acquire shared lock on daemon addresses registry.
2024-11-12T08:48:35.362+0200 [DEBUG] [org.gradle.cache.internal.DefaultFileLockManager] Lock acquired on daemon addresses registry.
2024-11-12T08:48:35.380+0200 [DEBUG] [org.gradle.cache.internal.DefaultFileLockManager] Releasing lock on daemon addresses registry.
2024-11-12T08:48:35.476+0200 [DEBUG] [org.gradle.process.internal.health.memory.DefaultMemoryManager] 409155993 physical memory requested, 350101504 free
2024-11-12T08:48:35.476+0200 [DEBUG] [org.gradle.workers.internal.WorkerDaemonExpiration] Will attempt to release 390 of memory
2024-11-12T08:48:35.476+0200 [DEBUG] [org.gradle.process.internal.health.memory.DefaultMemoryManager] 409155993 physical memory requested, 0 released, 350101504 free
2024-11-12T08:48:35.623+0200 [DEBUG] [org.gradle.cache.internal.DefaultFileLockManager] Waiting to acquire shared lock on daemon addresses registry.
2024-11-12T08:48:35.624+0200 [DEBUG] [org.gradle.cache.internal.DefaultFileLockManager] Lock acquired on daemon addresses registry.
2024-11-12T08:48:35.624+0200 [DEBUG] [org.gradle.cache.internal.DefaultFileLockManager] Releasing lock on daemon addresses registry.
2024-11-12T08:48:35.625+0200 [DEBUG] [org.gradle.cache.internal.DefaultFileLockManager] Waiting to acquire shared lock on daemon addresses registry.
2024-11-12T08:48:35.625+0200 [DEBUG] [org.gradle.cache.internal.DefaultFileLockManager] Lock acquired on daemon addresses registry.
2024-11-12T08:48:35.625+0200 [DEBUG] [org.gradle.cache.internal.DefaultFileLockManager] Releasing lock on daemon addresses registry.
2024-11-12T08:48:40.245+0200 [DEBUG] [org.gradle.process.internal.health.memory.DefaultMemoryManager] 409155993 physical memory requested, 338436096 free
2024-11-12T08:48:40.245+0200 [DEBUG] [org.gradle.workers.internal.WorkerDaemonExpiration] Will attempt to release 390 of memory
2024-11-12T08:48:40.246+0200 [DEBUG] [org.gradle.process.internal.health.memory.DefaultMemoryManager] 409155993 physical memory requested, 0 released, 338436096 free
2024-11-12T08:48:45.160+0200 [DEBUG] [org.gradle.cache.internal.DefaultFileLockManager] Waiting to acquire shared lock on daemon addresses registry.
2024-11-12T08:48:45.161+0200 [DEBUG] [org.gradle.cache.internal.DefaultFileLockManager] Lock acquired on daemon addresses registry.
2024-11-12T08:48:45.162+0200 [DEBUG] [org.gradle.cache.internal.DefaultFileLockManager] Releasing lock on daemon addresses registry.
2024-11-12T08:48:45.165+0200 [DEBUG] [org.gradle.cache.internal.DefaultFileLockManager] Waiting to acquire shared lock on daemon addresses registry.
2024-11-12T08:48:45.166+0200 [DEBUG] [org.gradle.cache.internal.DefaultFileLockManager] Lock acquired on daemon addresses registry.
2024-11-12T08:48:45.166+0200 [DEBUG] [org.gradle.cache.internal.DefaultFileLockManager] Releasing lock on daemon addresses registry.
2024-11-12T08:48:45.167+0200 [DEBUG] [org.gradle.cache.internal.DefaultFileLockManager] Waiting to acquire shared lock on daemon addresses registry.
2024-11-12T08:48:45.167+0200 [DEBUG] [org.gradle.cache.internal.DefaultFileLockManager] Lock acquired on daemon addresses registry.
2024-11-12T08:48:45.168+0200 [DEBUG] [org.gradle.cache.internal.DefaultFileLockManager] Releasing lock on daemon addresses registry.
2024-11-12T08:48:45.249+0200 [DEBUG] [org.gradle.process.internal.health.memory.DefaultMemoryManager] 409155993 physical memory requested, 342253568 free
2024-11-12T08:48:45.249+0200 [DEBUG] [org.gradle.workers.internal.WorkerDaemonExpiration] Will attempt to release 390 of memory
2024-11-12T08:48:45.250+0200 [DEBUG] [org.gradle.process.internal.health.memory.DefaultMemoryManager] 409155993 physical memory requested, 0 released, 342253568 free
2024-11-12T08:48:50.632+0200 [DEBUG] [org.gradle.process.internal.health.memory.DefaultMemoryManager] 409155993 physical memory requested, 376414208 free
2024-11-12T08:48:50.633+0200 [DEBUG] [org.gradle.workers.internal.WorkerDaemonExpiration] Will attempt to release 390 of memory
2024-11-12T08:48:50.633+0200 [DEBUG] [org.gradle.process.internal.health.memory.DefaultMemoryManager] 409155993 physical memory requested, 0 released, 376414208 free
2024-11-12T08:48:55.170+0200 [DEBUG] [org.gradle.cache.internal.DefaultFileLockManager] Waiting to acquire shared lock on daemon addresses registry.
2024-11-12T08:48:55.183+0200 [DEBUG] [org.gradle.cache.internal.DefaultFileLockManager] Lock acquired on daemon addresses registry.
2024-11-12T08:48:55.197+0200 [DEBUG] [org.gradle.cache.internal.DefaultFileLockManager] Releasing lock on daemon addresses registry.
2024-11-12T08:48:55.212+0200 [DEBUG] [org.gradle.cache.internal.DefaultFileLockManager] Waiting to acquire shared lock on daemon addresses registry.
2024-11-12T08:48:55.247+0200 [DEBUG] [org.gradle.cache.internal.DefaultFileLockManager] Lock acquired on daemon addresses registry.
2024-11-12T08:48:55.248+0200 [DEBUG] [org.gradle.cache.internal.DefaultFileLockManager] Releasing lock on daemon addresses registry.
2024-11-12T08:48:55.257+0200 [DEBUG] [org.gradle.cache.internal.DefaultFileLockManager] Waiting to acquire shared lock on daemon addresses registry.
2024-11-12T08:48:55.265+0200 [DEBUG] [org.gradle.cache.internal.DefaultFileLockManager] Lock acquired on daemon addresses registry.
2024-11-12T08:48:55.297+0200 [DEBUG] [org.gradle.cache.internal.DefaultFileLockManager] Releasing lock on daemon addresses registry.
2024-11-12T08:49:05.157+0200 [DEBUG] [org.gradle.cache.internal.DefaultFileLockManager] Waiting to acquire shared lock on daemon addresses registry.
2024-11-12T08:49:05.157+0200 [DEBUG] [org.gradle.cache.internal.DefaultFileLockManager] Lock acquired on daemon addresses registry.
2024-11-12T08:49:05.158+0200 [DEBUG] [org.gradle.cache.internal.DefaultFileLockManager] Releasing lock on daemon addresses registry.
2024-11-12T08:49:05.159+0200 [DEBUG] [org.gradle.cache.internal.DefaultFileLockManager] Waiting to acquire shared lock on daemon addresses registry.
2024-11-12T08:49:05.159+0200 [DEBUG] [org.gradle.cache.internal.DefaultFileLockManager] Lock acquired on daemon addresses registry.
2024-11-12T08:49:05.160+0200 [DEBUG] [org.gradle.cache.internal.DefaultFileLockManager] Releasing lock on daemon addresses registry.
2024-11-12T08:49:05.161+0200 [DEBUG] [org.gradle.cache.internal.DefaultFileLockManager] Waiting to acquire shared lock on daemon addresses registry.
2024-11-12T08:49:05.162+0200 [DEBUG] [org.gradle.cache.internal.DefaultFileLockManager] Lock acquired on daemon addresses registry.
2024-11-12T08:49:05.162+0200 [DEBUG] [org.gradle.cache.internal.DefaultFileLockManager] Releasing lock on daemon addresses registry.
2024-11-12T08:49:10.241+0200 [DEBUG] [org.gradle.process.internal.health.memory.DefaultMemoryManager] 409155993 physical memory requested, 394301440 free
2024-11-12T08:49:10.241+0200 [DEBUG] [org.gradle.workers.internal.WorkerDaemonExpiration] Will attempt to release 390 of memory
2024-11-12T08:49:10.241+0200 [DEBUG] [org.gradle.process.internal.health.memory.DefaultMemoryManager] 409155993 physical memory requested, 0 released, 394301440 free
2024-11-12T08:49:15.161+0200 [DEBUG] [org.gradle.cache.internal.DefaultFileLockManager] Waiting to acquire shared lock on daemon addresses registry.
2024-11-12T08:49:15.162+0200 [DEBUG] [org.gradle.cache.internal.DefaultFileLockManager] Lock acquired on daemon addresses registry.
2024-11-12T08:49:15.162+0200 [DEBUG] [org.gradle.cache.internal.DefaultFileLockManager] Releasing lock on daemon addresses registry.
2024-11-12T08:49:15.165+0200 [DEBUG] [org.gradle.cache.internal.DefaultFileLockManager] Waiting to acquire shared lock on daemon addresses registry.
2024-11-12T08:49:15.165+0200 [DEBUG] [org.gradle.cache.internal.DefaultFileLockManager] Lock acquired on daemon addresses registry.
2024-11-12T08:49:15.165+0200 [DEBUG] [org.gradle.cache.internal.DefaultFileLockManager] Releasing lock on daemon addresses registry.
2024-11-12T08:49:15.194+0200 [DEBUG] [org.gradle.cache.internal.DefaultFileLockManager] Waiting to acquire shared lock on daemon addresses registry.
2024-11-12T08:49:15.194+0200 [DEBUG] [org.gradle.cache.internal.DefaultFileLockManager] Lock acquired on daemon addresses registry.
2024-11-12T08:49:15.194+0200 [DEBUG] [org.gradle.cache.internal.DefaultFileLockManager] Releasing lock on daemon addresses registry.
2024-11-12T08:49:15.244+0200 [DEBUG] [org.gradle.process.internal.health.memory.DefaultMemoryManager] 409155993 physical memory requested, 379695104 free
2024-11-12T08:49:15.245+0200 [DEBUG] [org.gradle.workers.internal.WorkerDaemonExpiration] Will attempt to release 390 of memory
2024-11-12T08:49:15.245+0200 [DEBUG] [org.gradle.process.internal.health.memory.DefaultMemoryManager] 409155993 physical memory requested, 0 released, 379695104 free
2024-11-12T08:49:25.150+0200 [DEBUG] [org.gradle.cache.internal.DefaultFileLockManager] Waiting to acquire shared lock on daemon addresses registry.
2024-11-12T08:49:25.151+0200 [DEBUG] [org.gradle.cache.internal.DefaultFileLockManager] Lock acquired on daemon addresses registry.
2024-11-12T08:49:25.152+0200 [DEBUG] [org.gradle.cache.internal.DefaultFileLockManager] Releasing lock on daemon addresses registry.
2024-11-12T08:49:25.153+0200 [DEBUG] [org.gradle.cache.internal.DefaultFileLockManager] Waiting to acquire shared lock on daemon addresses registry.
2024-11-12T08:49:25.154+0200 [DEBUG] [org.gradle.cache.internal.DefaultFileLockManager] Lock acquired on daemon addresses registry.
2024-11-12T08:49:25.154+0200 [DEBUG] [org.gradle.cache.internal.DefaultFileLockManager] Releasing lock on daemon addresses registry.
2024-11-12T08:49:25.155+0200 [DEBUG] [org.gradle.cache.internal.DefaultFileLockManager] Waiting to acquire shared lock on daemon addresses registry.
2024-11-12T08:49:25.155+0200 [DEBUG] [org.gradle.cache.internal.DefaultFileLockManager] Lock acquired on daemon addresses registry.
2024-11-12T08:49:25.155+0200 [DEBUG] [org.gradle.cache.internal.DefaultFileLockManager] Releasing lock on daemon addresses registry.
2024-11-12T08:49:30.246+0200 [DEBUG] [org.gradle.process.internal.health.memory.DefaultMemoryManager] 409155993 physical memory requested, 401641472 free
2024-11-12T08:49:30.247+0200 [DEBUG] [org.gradle.workers.internal.WorkerDaemonExpiration] Will attempt to release 390 of memory
2024-11-12T08:49:30.247+0200 [DEBUG] [org.gradle.process.internal.health.memory.DefaultMemoryManager] 409155993 physical memory requested, 0 released, 401641472 free
2024-11-12T08:49:35.150+0200 [DEBUG] [org.gradle.cache.internal.DefaultFileLockManager] Waiting to acquire shared lock on daemon addresses registry.
2024-11-12T08:49:35.151+0200 [DEBUG] [org.gradle.cache.internal.DefaultFileLockManager] Lock acquired on daemon addresses registry.
2024-11-12T08:49:35.152+0200 [DEBUG] [org.gradle.cache.internal.DefaultFileLockManager] Releasing lock on daemon addresses registry.
2024-11-12T08:49:35.153+0200 [DEBUG] [org.gradle.cache.internal.DefaultFileLockManager] Waiting to acquire shared lock on daemon addresses registry.
2024-11-12T08:49:35.154+0200 [DEBUG] [org.gradle.cache.internal.DefaultFileLockManager] Lock acquired on daemon addresses registry.
2024-11-12T08:49:35.154+0200 [DEBUG] [org.gradle.cache.internal.DefaultFileLockManager] Releasing lock on daemon addresses registry.
2024-11-12T08:49:35.154+0200 [DEBUG] [org.gradle.cache.internal.DefaultFileLockManager] Waiting to acquire shared lock on daemon addresses registry.
2024-11-12T08:49:35.155+0200 [DEBUG] [org.gradle.cache.internal.DefaultFileLockManager] Lock acquired on daemon addresses registry.
2024-11-12T08:49:35.155+0200 [DEBUG] [org.gradle.cache.internal.DefaultFileLockManager] Releasing lock on daemon addresses registry.
2024-11-12T08:49:35.252+0200 [DEBUG] [org.gradle.process.internal.health.memory.DefaultMemoryManager] 409155993 physical memory requested, 395788288 free
2024-11-12T08:49:35.252+0200 [DEBUG] [org.gradle.workers.internal.WorkerDaemonExpiration] Will attempt to release 390 of memory
2024-11-12T08:49:35.253+0200 [DEBUG] [org.gradle.process.internal.health.memory.DefaultMemoryManager] 409155993 physical memory requested, 0 released, 395788288 free
2024-11-12T08:49:40.243+0200 [DEBUG] [org.gradle.process.internal.health.memory.DefaultMemoryManager] 409155993 physical memory requested, 392413184 free
2024-11-12T08:49:40.243+0200 [DEBUG] [org.gradle.workers.internal.WorkerDaemonExpiration] Will attempt to release 390 of memory
2024-11-12T08:49:40.243+0200 [DEBUG] [org.gradle.process.internal.health.memory.DefaultMemoryManager] 409155993 physical memory requested, 0 released, 392413184 free
2024-11-12T08:49:45.304+0200 [DEBUG] [org.gradle.cache.internal.DefaultFileLockManager] Waiting to acquire shared lock on daemon addresses registry.
2024-11-12T08:49:45.319+0200 [DEBUG] [org.gradle.cache.internal.DefaultFileLockManager] Lock acquired on daemon addresses registry.
2024-11-12T08:49:45.498+0200 [DEBUG] [org.gradle.cache.internal.DefaultFileLockManager] Releasing lock on daemon addresses registry.
2024-11-12T08:49:45.500+0200 [DEBUG] [org.gradle.cache.internal.DefaultFileLockManager] Waiting to acquire shared lock on daemon addresses registry.
2024-11-12T08:49:45.500+0200 [DEBUG] [org.gradle.cache.internal.DefaultFileLockManager] Lock acquired on daemon addresses registry.
2024-11-12T08:49:45.506+0200 [DEBUG] [org.gradle.process.internal.health.memory.DefaultMemoryManager] 409155993 physical memory requested, 340869120 free
2024-11-12T08:49:45.507+0200 [DEBUG] [org.gradle.workers.internal.WorkerDaemonExpiration] Will attempt to release 390 of memory
2024-11-12T08:49:45.508+0200 [DEBUG] [org.gradle.process.internal.health.memory.DefaultMemoryManager] 409155993 physical memory requested, 0 released, 340869120 free
2024-11-12T08:49:45.512+0200 [DEBUG] [org.gradle.cache.internal.DefaultFileLockManager] Releasing lock on daemon addresses registry.
2024-11-12T08:49:45.517+0200 [DEBUG] [org.gradle.cache.internal.DefaultFileLockManager] Waiting to acquire shared lock on daemon addresses registry.
2024-11-12T08:49:45.517+0200 [DEBUG] [org.gradle.cache.internal.DefaultFileLockManager] Lock acquired on daemon addresses registry.
2024-11-12T08:49:45.518+0200 [DEBUG] [org.gradle.cache.internal.DefaultFileLockManager] Releasing lock on daemon addresses registry.
2024-11-12T08:49:50.255+0200 [DEBUG] [org.gradle.process.internal.health.memory.DefaultMemoryManager] 409155993 physical memory requested, 341176320 free
2024-11-12T08:49:50.255+0200 [DEBUG] [org.gradle.workers.internal.WorkerDaemonExpiration] Will attempt to release 390 of memory
2024-11-12T08:49:50.255+0200 [DEBUG] [org.gradle.process.internal.health.memory.DefaultMemoryManager] 409155993 physical memory requested, 0 released, 341176320 free
2024-11-12T08:49:55.153+0200 [DEBUG] [org.gradle.cache.internal.DefaultFileLockManager] Waiting to acquire shared lock on daemon addresses registry.
2024-11-12T08:49:55.153+0200 [DEBUG] [org.gradle.cache.internal.DefaultFileLockManager] Lock acquired on daemon addresses registry.
2024-11-12T08:49:55.153+0200 [DEBUG] [org.gradle.cache.internal.DefaultFileLockManager] Releasing lock on daemon addresses registry.
2024-11-12T08:49:55.154+0200 [DEBUG] [org.gradle.cache.internal.DefaultFileLockManager] Waiting to acquire shared lock on daemon addresses registry.
2024-11-12T08:49:55.155+0200 [DEBUG] [org.gradle.cache.internal.DefaultFileLockManager] Lock acquired on daemon addresses registry.
2024-11-12T08:49:55.155+0200 [DEBUG] [org.gradle.cache.internal.DefaultFileLockManager] Releasing lock on daemon addresses registry.
2024-11-12T08:49:55.156+0200 [DEBUG] [org.gradle.cache.internal.DefaultFileLockManager] Waiting to acquire shared lock on daemon addresses registry.
2024-11-12T08:49:55.156+0200 [DEBUG] [org.gradle.cache.internal.DefaultFileLockManager] Lock acquired on daemon addresses registry.
2024-11-12T08:49:55.163+0200 [DEBUG] [org.gradle.cache.internal.DefaultFileLockManager] Releasing lock on daemon addresses registry.
2024-11-12T08:49:55.250+0200 [DEBUG] [org.gradle.process.internal.health.memory.DefaultMemoryManager] 409155993 physical memory requested, 320995328 free
2024-11-12T08:49:55.250+0200 [DEBUG] [org.gradle.workers.internal.WorkerDaemonExpiration] Will attempt to release 390 of memory
2024-11-12T08:49:55.250+0200 [DEBUG] [org.gradle.process.internal.health.memory.DefaultMemoryManager] 409155993 physical memory requested, 0 released, 320995328 free
2024-11-12T08:50:01.306+0200 [DEBUG] [org.gradle.process.internal.health.memory.DefaultMemoryManager] 409155993 physical memory requested, 232849408 free
2024-11-12T08:50:01.307+0200 [DEBUG] [org.gradle.workers.internal.WorkerDaemonExpiration] Will attempt to release 390 of memory
2024-11-12T08:50:02.524+0200 [DEBUG] [org.gradle.process.internal.health.memory.DefaultMemoryManager] 409155993 physical memory requested, 0 released, 232849408 free
2024-11-12T08:50:05.247+0200 [DEBUG] [org.gradle.process.internal.health.memory.DefaultMemoryManager] 409155993 physical memory requested, 341745664 free
2024-11-12T08:50:05.248+0200 [DEBUG] [org.gradle.workers.internal.WorkerDaemonExpiration] Will attempt to release 390 of memory
2024-11-12T08:50:05.248+0200 [DEBUG] [org.gradle.process.internal.health.memory.DefaultMemoryManager] 409155993 physical memory requested, 0 released, 341745664 free
2024-11-12T08:50:05.764+0200 [DEBUG] [org.gradle.cache.internal.DefaultFileLockManager] Waiting to acquire shared lock on daemon addresses registry.
2024-11-12T08:50:05.764+0200 [DEBUG] [org.gradle.cache.internal.DefaultFileLockManager] Lock acquired on daemon addresses registry.
2024-11-12T08:50:05.776+0200 [DEBUG] [org.gradle.cache.internal.DefaultFileLockManager] Releasing lock on daemon addresses registry.
2024-11-12T08:50:05.843+0200 [DEBUG] [org.gradle.cache.internal.DefaultFileLockManager] Waiting to acquire shared lock on daemon addresses registry.
2024-11-12T08:50:05.901+0200 [DEBUG] [org.gradle.cache.internal.DefaultFileLockManager] Lock acquired on daemon addresses registry.
2024-11-12T08:50:05.914+0200 [DEBUG] [org.gradle.cache.internal.DefaultFileLockManager] Releasing lock on daemon addresses registry.
2024-11-12T08:50:05.915+0200 [DEBUG] [org.gradle.cache.internal.DefaultFileLockManager] Waiting to acquire shared lock on daemon addresses registry.
2024-11-12T08:50:05.915+0200 [DEBUG] [org.gradle.cache.internal.DefaultFileLockManager] Lock acquired on daemon addresses registry.
2024-11-12T08:50:05.916+0200 [DEBUG] [org.gradle.cache.internal.DefaultFileLockManager] Releasing lock on daemon addresses registry.
2024-11-12T08:50:10.289+0200 [DEBUG] [org.gradle.process.internal.health.memory.DefaultMemoryManager] 409155993 physical memory requested, 389459968 free
2024-11-12T08:50:10.290+0200 [DEBUG] [org.gradle.workers.internal.WorkerDaemonExpiration] Will attempt to release 390 of memory
2024-11-12T08:50:10.297+0200 [DEBUG] [org.gradle.process.internal.health.memory.DefaultMemoryManager] 409155993 physical memory requested, 0 released, 389459968 free
2024-11-12T08:50:15.157+0200 [DEBUG] [org.gradle.cache.internal.DefaultFileLockManager] Waiting to acquire shared lock on daemon addresses registry.
2024-11-12T08:50:15.159+0200 [DEBUG] [org.gradle.cache.internal.DefaultFileLockManager] Lock acquired on daemon addresses registry.
2024-11-12T08:50:15.162+0200 [DEBUG] [org.gradle.cache.internal.DefaultFileLockManager] Releasing lock on daemon addresses registry.
2024-11-12T08:50:15.164+0200 [DEBUG] [org.gradle.cache.internal.DefaultFileLockManager] Waiting to acquire shared lock on daemon addresses registry.
2024-11-12T08:50:15.164+0200 [DEBUG] [org.gradle.cache.internal.DefaultFileLockManager] Lock acquired on daemon addresses registry.
2024-11-12T08:50:15.165+0200 [DEBUG] [org.gradle.cache.internal.DefaultFileLockManager] Releasing lock on daemon addresses registry.
2024-11-12T08:50:15.166+0200 [DEBUG] [org.gradle.cache.internal.DefaultFileLockManager] Waiting to acquire shared lock on daemon addresses registry.
2024-11-12T08:50:15.166+0200 [DEBUG] [org.gradle.cache.internal.DefaultFileLockManager] Lock acquired on daemon addresses registry.
2024-11-12T08:50:15.167+0200 [DEBUG] [org.gradle.cache.internal.DefaultFileLockManager] Releasing lock on daemon addresses registry.
2024-11-12T08:50:20.253+0200 [DEBUG] [org.gradle.process.internal.health.memory.DefaultMemoryManager] 409155993 physical memory requested, 387883008 free
2024-11-12T08:50:20.253+0200 [DEBUG] [org.gradle.workers.internal.WorkerDaemonExpiration] Will attempt to release 390 of memory
2024-11-12T08:50:20.253+0200 [DEBUG] [org.gradle.process.internal.health.memory.DefaultMemoryManager] 409155993 physical memory requested, 0 released, 387883008 free
2024-11-12T08:50:25.149+0200 [DEBUG] [org.gradle.cache.internal.DefaultFileLockManager] Waiting to acquire shared lock on daemon addresses registry.
2024-11-12T08:50:25.149+0200 [DEBUG] [org.gradle.cache.internal.DefaultFileLockManager] Lock acquired on daemon addresses registry.
2024-11-12T08:50:25.150+0200 [DEBUG] [org.gradle.cache.internal.DefaultFileLockManager] Releasing lock on daemon addresses registry.
2024-11-12T08:50:25.153+0200 [DEBUG] [org.gradle.cache.internal.DefaultFileLockManager] Waiting to acquire shared lock on daemon addresses registry.
2024-11-12T08:50:25.153+0200 [DEBUG] [org.gradle.cache.internal.DefaultFileLockManager] Lock acquired on daemon addresses registry.
2024-11-12T08:50:25.153+0200 [DEBUG] [org.gradle.cache.internal.DefaultFileLockManager] Releasing lock on daemon addresses registry.
2024-11-12T08:50:25.154+0200 [DEBUG] [org.gradle.cache.internal.DefaultFileLockManager] Waiting to acquire shared lock on daemon addresses registry.
2024-11-12T08:50:25.154+0200 [DEBUG] [org.gradle.cache.internal.DefaultFileLockManager] Lock acquired on daemon addresses registry.
2024-11-12T08:50:25.154+0200 [DEBUG] [org.gradle.cache.internal.DefaultFileLockManager] Releasing lock on daemon addresses registry.
2024-11-12T08:50:25.246+0200 [DEBUG] [org.gradle.process.internal.health.memory.DefaultMemoryManager] 409155993 physical memory requested, 379392000 free
2024-11-12T08:50:25.247+0200 [DEBUG] [org.gradle.workers.internal.WorkerDaemonExpiration] Will attempt to release 390 of memory
2024-11-12T08:50:25.247+0200 [DEBUG] [org.gradle.process.internal.health.memory.DefaultMemoryManager] 409155993 physical memory requested, 0 released, 379392000 free
2024-11-12T08:50:30.497+0200 [DEBUG] [org.gradle.process.internal.health.memory.DefaultMemoryManager] 409155993 physical memory requested, 279044096 free
2024-11-12T08:50:30.498+0200 [DEBUG] [org.gradle.workers.internal.WorkerDaemonExpiration] Will attempt to release 390 of memory
2024-11-12T08:50:30.501+0200 [DEBUG] [org.gradle.process.internal.health.memory.DefaultMemoryManager] 409155993 physical memory requested, 0 released, 279044096 free
2024-11-12T08:50:35.215+0200 [DEBUG] [org.gradle.cache.internal.DefaultFileLockManager] Waiting to acquire shared lock on daemon addresses registry.
2024-11-12T08:50:35.253+0200 [DEBUG] [org.gradle.cache.internal.DefaultFileLockManager] Lock acquired on daemon addresses registry.
2024-11-12T08:50:35.255+0200 [DEBUG] [org.gradle.cache.internal.DefaultFileLockManager] Releasing lock on daemon addresses registry.
2024-11-12T08:50:35.258+0200 [DEBUG] [org.gradle.cache.internal.DefaultFileLockManager] Waiting to acquire shared lock on daemon addresses registry.
2024-11-12T08:50:35.259+0200 [DEBUG] [org.gradle.cache.internal.DefaultFileLockManager] Lock acquired on daemon addresses registry.
2024-11-12T08:50:35.261+0200 [DEBUG] [org.gradle.cache.internal.DefaultFileLockManager] Releasing lock on daemon addresses registry.
2024-11-12T08:50:35.264+0200 [DEBUG] [org.gradle.cache.internal.DefaultFileLockManager] Waiting to acquire shared lock on daemon addresses registry.
2024-11-12T08:50:35.264+0200 [DEBUG] [org.gradle.cache.internal.DefaultFileLockManager] Lock acquired on daemon addresses registry.
2024-11-12T08:50:35.265+0200 [DEBUG] [org.gradle.cache.internal.DefaultFileLockManager] Releasing lock on daemon addresses registry.
2024-11-12T08:50:35.266+0200 [DEBUG] [org.gradle.process.internal.health.memory.DefaultMemoryManager] 409155993 physical memory requested, 308961280 free
2024-11-12T08:50:35.266+0200 [DEBUG] [org.gradle.workers.internal.WorkerDaemonExpiration] Will attempt to release 390 of memory
2024-11-12T08:50:35.266+0200 [DEBUG] [org.gradle.process.internal.health.memory.DefaultMemoryManager] 409155993 physical memory requested, 0 released, 308961280 free
2024-11-12T08:50:40.265+0200 [DEBUG] [org.gradle.process.internal.health.memory.DefaultMemoryManager] 409155993 physical memory requested, 396857344 free
2024-11-12T08:50:40.283+0200 [DEBUG] [org.gradle.workers.internal.WorkerDaemonExpiration] Will attempt to release 390 of memory
2024-11-12T08:50:40.317+0200 [DEBUG] [org.gradle.process.internal.health.memory.DefaultMemoryManager] 409155993 physical memory requested, 0 released, 396857344 free
2024-11-12T08:50:45.213+0200 [DEBUG] [org.gradle.cache.internal.DefaultFileLockManager] Waiting to acquire shared lock on daemon addresses registry.
2024-11-12T08:50:45.227+0200 [DEBUG] [org.gradle.cache.internal.DefaultFileLockManager] Lock acquired on daemon addresses registry.
2024-11-12T08:50:45.410+0200 [DEBUG] [org.gradle.process.internal.health.memory.DefaultMemoryManager] 409155993 physical memory requested, 257269760 free
2024-11-12T08:50:45.410+0200 [DEBUG] [org.gradle.workers.internal.WorkerDaemonExpiration] Will attempt to release 390 of memory
2024-11-12T08:50:45.410+0200 [DEBUG] [org.gradle.process.internal.health.memory.DefaultMemoryManager] 409155993 physical memory requested, 0 released, 257269760 free
2024-11-12T08:50:45.589+0200 [DEBUG] [org.gradle.cache.internal.DefaultFileLockManager] Releasing lock on daemon addresses registry.
2024-11-12T08:50:45.594+0200 [DEBUG] [org.gradle.cache.internal.DefaultFileLockManager] Waiting to acquire shared lock on daemon addresses registry.
2024-11-12T08:50:45.594+0200 [DEBUG] [org.gradle.cache.internal.DefaultFileLockManager] Lock acquired on daemon addresses registry.
2024-11-12T08:50:45.595+0200 [DEBUG] [org.gradle.cache.internal.DefaultFileLockManager] Releasing lock on daemon addresses registry.
2024-11-12T08:50:45.599+0200 [DEBUG] [org.gradle.cache.internal.DefaultFileLockManager] Waiting to acquire shared lock on daemon addresses registry.
2024-11-12T08:50:45.599+0200 [DEBUG] [org.gradle.cache.internal.DefaultFileLockManager] Lock acquired on daemon addresses registry.
2024-11-12T08:50:45.600+0200 [DEBUG] [org.gradle.cache.internal.DefaultFileLockManager] Releasing lock on daemon addresses registry.
2024-11-12T08:50:55.156+0200 [DEBUG] [org.gradle.cache.internal.DefaultFileLockManager] Waiting to acquire shared lock on daemon addresses registry.
2024-11-12T08:50:55.157+0200 [DEBUG] [org.gradle.cache.internal.DefaultFileLockManager] Lock acquired on daemon addresses registry.
2024-11-12T08:50:55.157+0200 [DEBUG] [org.gradle.cache.internal.DefaultFileLockManager] Releasing lock on daemon addresses registry.
2024-11-12T08:50:55.158+0200 [DEBUG] [org.gradle.cache.internal.DefaultFileLockManager] Waiting to acquire shared lock on daemon addresses registry.
2024-11-12T08:50:55.159+0200 [DEBUG] [org.gradle.cache.internal.DefaultFileLockManager] Lock acquired on daemon addresses registry.
2024-11-12T08:50:55.159+0200 [DEBUG] [org.gradle.cache.internal.DefaultFileLockManager] Releasing lock on daemon addresses registry.
2024-11-12T08:50:55.160+0200 [DEBUG] [org.gradle.cache.internal.DefaultFileLockManager] Waiting to acquire shared lock on daemon addresses registry.
2024-11-12T08:50:55.160+0200 [DEBUG] [org.gradle.cache.internal.DefaultFileLockManager] Lock acquired on daemon addresses registry.
2024-11-12T08:50:55.161+0200 [DEBUG] [org.gradle.cache.internal.DefaultFileLockManager] Releasing lock on daemon addresses registry.
2024-11-12T08:51:00.248+0200 [DEBUG] [org.gradle.process.internal.health.memory.DefaultMemoryManager] 409155993 physical memory requested, 385945600 free
2024-11-12T08:51:00.248+0200 [DEBUG] [org.gradle.workers.internal.WorkerDaemonExpiration] Will attempt to release 390 of memory
2024-11-12T08:51:00.248+0200 [DEBUG] [org.gradle.process.internal.health.memory.DefaultMemoryManager] 409155993 physical memory requested, 0 released, 385945600 free
2024-11-12T08:51:05.157+0200 [DEBUG] [org.gradle.cache.internal.DefaultFileLockManager] Waiting to acquire shared lock on daemon addresses registry.
2024-11-12T08:51:05.157+0200 [DEBUG] [org.gradle.cache.internal.DefaultFileLockManager] Lock acquired on daemon addresses registry.
2024-11-12T08:51:05.157+0200 [DEBUG] [org.gradle.cache.internal.DefaultFileLockManager] Releasing lock on daemon addresses registry.
2024-11-12T08:51:05.158+0200 [DEBUG] [org.gradle.cache.internal.DefaultFileLockManager] Waiting to acquire shared lock on daemon addresses registry.
2024-11-12T08:51:05.159+0200 [DEBUG] [org.gradle.cache.internal.DefaultFileLockManager] Lock acquired on daemon addresses registry.
2024-11-12T08:51:05.160+0200 [DEBUG] [org.gradle.cache.internal.DefaultFileLockManager] Releasing lock on daemon addresses registry.
2024-11-12T08:51:05.161+0200 [DEBUG] [org.gradle.cache.internal.DefaultFileLockManager] Waiting to acquire shared lock on daemon addresses registry.
2024-11-12T08:51:05.161+0200 [DEBUG] [org.gradle.cache.internal.DefaultFileLockManager] Lock acquired on daemon addresses registry.
2024-11-12T08:51:05.162+0200 [DEBUG] [org.gradle.cache.internal.DefaultFileLockManager] Releasing lock on daemon addresses registry.
2024-11-12T08:51:05.241+0200 [DEBUG] [org.gradle.process.internal.health.memory.DefaultMemoryManager] 409155993 physical memory requested, 347086848 free
2024-11-12T08:51:05.241+0200 [DEBUG] [org.gradle.workers.internal.WorkerDaemonExpiration] Will attempt to release 390 of memory
2024-11-12T08:51:05.241+0200 [DEBUG] [org.gradle.process.internal.health.memory.DefaultMemoryManager] 409155993 physical memory requested, 0 released, 347086848 free
2024-11-12T08:51:10.249+0200 [DEBUG] [org.gradle.process.internal.health.memory.DefaultMemoryManager] 409155993 physical memory requested, 342581248 free
2024-11-12T08:51:10.249+0200 [DEBUG] [org.gradle.workers.internal.WorkerDaemonExpiration] Will attempt to release 390 of memory
2024-11-12T08:51:10.249+0200 [DEBUG] [org.gradle.process.internal.health.memory.DefaultMemoryManager] 409155993 physical memory requested, 0 released, 342581248 free
2024-11-12T08:51:15.148+0200 [DEBUG] [org.gradle.cache.internal.DefaultFileLockManager] Waiting to acquire shared lock on daemon addresses registry.
2024-11-12T08:51:15.148+0200 [DEBUG] [org.gradle.cache.internal.DefaultFileLockManager] Lock acquired on daemon addresses registry.
2024-11-12T08:51:15.149+0200 [DEBUG] [org.gradle.cache.internal.DefaultFileLockManager] Releasing lock on daemon addresses registry.
2024-11-12T08:51:15.150+0200 [DEBUG] [org.gradle.cache.internal.DefaultFileLockManager] Waiting to acquire shared lock on daemon addresses registry.
2024-11-12T08:51:15.152+0200 [DEBUG] [org.gradle.cache.internal.DefaultFileLockManager] Lock acquired on daemon addresses registry.
2024-11-12T08:51:15.152+0200 [DEBUG] [org.gradle.cache.internal.DefaultFileLockManager] Releasing lock on daemon addresses registry.
2024-11-12T08:51:15.155+0200 [DEBUG] [org.gradle.cache.internal.DefaultFileLockManager] Waiting to acquire shared lock on daemon addresses registry.
2024-11-12T08:51:15.155+0200 [DEBUG] [org.gradle.cache.internal.DefaultFileLockManager] Lock acquired on daemon addresses registry.
2024-11-12T08:51:15.156+0200 [DEBUG] [org.gradle.cache.internal.DefaultFileLockManager] Releasing lock on daemon addresses registry.
2024-11-12T08:51:15.249+0200 [DEBUG] [org.gradle.process.internal.health.memory.DefaultMemoryManager] 409155993 physical memory requested, 328536064 free
2024-11-12T08:51:15.249+0200 [DEBUG] [org.gradle.workers.internal.WorkerDaemonExpiration] Will attempt to release 390 of memory
2024-11-12T08:51:15.249+0200 [DEBUG] [org.gradle.process.internal.health.memory.DefaultMemoryManager] 409155993 physical memory requested, 0 released, 328536064 free
2024-11-12T08:51:20.257+0200 [DEBUG] [org.gradle.process.internal.health.memory.DefaultMemoryManager] 409155993 physical memory requested, 313970688 free
2024-11-12T08:51:20.257+0200 [DEBUG] [org.gradle.workers.internal.WorkerDaemonExpiration] Will attempt to release 390 of memory
2024-11-12T08:51:20.258+0200 [DEBUG] [org.gradle.process.internal.health.memory.DefaultMemoryManager] 409155993 physical memory requested, 0 released, 313970688 free
2024-11-12T08:51:25.151+0200 [DEBUG] [org.gradle.cache.internal.DefaultFileLockManager] Waiting to acquire shared lock on daemon addresses registry.
2024-11-12T08:51:25.152+0200 [DEBUG] [org.gradle.cache.internal.DefaultFileLockManager] Lock acquired on daemon addresses registry.
2024-11-12T08:51:25.152+0200 [DEBUG] [org.gradle.cache.internal.DefaultFileLockManager] Releasing lock on daemon addresses registry.
2024-11-12T08:51:25.153+0200 [DEBUG] [org.gradle.cache.internal.DefaultFileLockManager] Waiting to acquire shared lock on daemon addresses registry.
2024-11-12T08:51:25.153+0200 [DEBUG] [org.gradle.cache.internal.DefaultFileLockManager] Lock acquired on daemon addresses registry.
2024-11-12T08:51:25.154+0200 [DEBUG] [org.gradle.cache.internal.DefaultFileLockManager] Releasing lock on daemon addresses registry.
2024-11-12T08:51:25.155+0200 [DEBUG] [org.gradle.cache.internal.DefaultFileLockManager] Waiting to acquire shared lock on daemon addresses registry.
2024-11-12T08:51:25.156+0200 [DEBUG] [org.gradle.cache.internal.DefaultFileLockManager] Lock acquired on daemon addresses registry.
2024-11-12T08:51:25.156+0200 [DEBUG] [org.gradle.cache.internal.DefaultFileLockManager] Releasing lock on daemon addresses registry.
2024-11-12T08:51:25.253+0200 [DEBUG] [org.gradle.process.internal.health.memory.DefaultMemoryManager] 409155993 physical memory requested, 310730752 free
2024-11-12T08:51:25.253+0200 [DEBUG] [org.gradle.workers.internal.WorkerDaemonExpiration] Will attempt to release 390 of memory
2024-11-12T08:51:25.302+0200 [DEBUG] [org.gradle.process.internal.health.memory.DefaultMemoryManager] 409155993 physical memory requested, 0 released, 310730752 free
2024-11-12T08:51:30.247+0200 [DEBUG] [org.gradle.process.internal.health.memory.DefaultMemoryManager] 409155993 physical memory requested, 367489024 free
2024-11-12T08:51:30.247+0200 [DEBUG] [org.gradle.workers.internal.WorkerDaemonExpiration] Will attempt to release 390 of memory
2024-11-12T08:51:30.248+0200 [DEBUG] [org.gradle.process.internal.health.memory.DefaultMemoryManager] 409155993 physical memory requested, 0 released, 367489024 free
2024-11-12T08:51:35.154+0200 [DEBUG] [org.gradle.cache.internal.DefaultFileLockManager] Waiting to acquire shared lock on daemon addresses registry.
2024-11-12T08:51:35.154+0200 [DEBUG] [org.gradle.cache.internal.DefaultFileLockManager] Lock acquired on daemon addresses registry.
2024-11-12T08:51:35.154+0200 [DEBUG] [org.gradle.cache.internal.DefaultFileLockManager] Releasing lock on daemon addresses registry.
2024-11-12T08:51:35.156+0200 [DEBUG] [org.gradle.cache.internal.DefaultFileLockManager] Waiting to acquire shared lock on daemon addresses registry.
2024-11-12T08:51:35.156+0200 [DEBUG] [org.gradle.cache.internal.DefaultFileLockManager] Lock acquired on daemon addresses registry.
2024-11-12T08:51:35.157+0200 [DEBUG] [org.gradle.cache.internal.DefaultFileLockManager] Releasing lock on daemon addresses registry.
2024-11-12T08:51:35.157+0200 [DEBUG] [org.gradle.cache.internal.DefaultFileLockManager] Waiting to acquire shared lock on daemon addresses registry.
2024-11-12T08:51:35.158+0200 [DEBUG] [org.gradle.cache.internal.DefaultFileLockManager] Lock acquired on daemon addresses registry.
2024-11-12T08:51:35.158+0200 [DEBUG] [org.gradle.cache.internal.DefaultFileLockManager] Releasing lock on daemon addresses registry.
2024-11-12T08:51:35.252+0200 [DEBUG] [org.gradle.process.internal.health.memory.DefaultMemoryManager] 409155993 physical memory requested, 367939584 free
2024-11-12T08:51:35.253+0200 [DEBUG] [org.gradle.workers.internal.WorkerDaemonExpiration] Will attempt to release 390 of memory
2024-11-12T08:51:35.254+0200 [DEBUG] [org.gradle.process.internal.health.memory.DefaultMemoryManager] 409155993 physical memory requested, 0 released, 367939584 free
2024-11-12T08:51:40.407+0200 [DEBUG] [org.gradle.process.internal.health.memory.DefaultMemoryManager] 409155993 physical memory requested, 258428928 free
2024-11-12T08:51:40.408+0200 [DEBUG] [org.gradle.workers.internal.WorkerDaemonExpiration] Will attempt to release 390 of memory
2024-11-12T08:51:40.408+0200 [DEBUG] [org.gradle.process.internal.health.memory.DefaultMemoryManager] 409155993 physical memory requested, 0 released, 258428928 free
2024-11-12T08:51:45.170+0200 [DEBUG] [org.gradle.cache.internal.DefaultFileLockManager] Waiting to acquire shared lock on daemon addresses registry.
2024-11-12T08:51:45.172+0200 [DEBUG] [org.gradle.cache.internal.DefaultFileLockManager] Lock acquired on daemon addresses registry.
2024-11-12T08:51:45.174+0200 [DEBUG] [org.gradle.cache.internal.DefaultFileLockManager] Releasing lock on daemon addresses registry.
2024-11-12T08:51:45.180+0200 [DEBUG] [org.gradle.cache.internal.DefaultFileLockManager] Waiting to acquire shared lock on daemon addresses registry.
2024-11-12T08:51:45.180+0200 [DEBUG] [org.gradle.cache.internal.DefaultFileLockManager] Lock acquired on daemon addresses registry.
2024-11-12T08:51:45.182+0200 [DEBUG] [org.gradle.cache.internal.DefaultFileLockManager] Releasing lock on daemon addresses registry.
2024-11-12T08:51:45.186+0200 [DEBUG] [org.gradle.cache.internal.DefaultFileLockManager] Waiting to acquire shared lock on daemon addresses registry.
2024-11-12T08:51:45.187+0200 [DEBUG] [org.gradle.cache.internal.DefaultFileLockManager] Lock acquired on daemon addresses registry.
2024-11-12T08:51:45.188+0200 [DEBUG] [org.gradle.cache.internal.DefaultFileLockManager] Releasing lock on daemon addresses registry.
2024-11-12T08:51:45.294+0200 [DEBUG] [org.gradle.process.internal.health.memory.DefaultMemoryManager] 409155993 physical memory requested, 257241088 free
2024-11-12T08:51:45.294+0200 [DEBUG] [org.gradle.workers.internal.WorkerDaemonExpiration] Will attempt to release 390 of memory
2024-11-12T08:51:45.313+0200 [DEBUG] [org.gradle.process.internal.health.memory.DefaultMemoryManager] 409155993 physical memory requested, 0 released, 257241088 free
2024-11-12T08:51:50.779+0200 [DEBUG] [org.gradle.process.internal.health.memory.DefaultMemoryManager] 409155993 physical memory requested, 345686016 free
2024-11-12T08:51:51.241+0200 [DEBUG] [org.gradle.workers.internal.WorkerDaemonExpiration] Will attempt to release 390 of memory
2024-11-12T08:51:51.252+0200 [DEBUG] [org.gradle.process.internal.health.memory.DefaultMemoryManager] 409155993 physical memory requested, 0 released, 345686016 free
2024-11-12T08:51:55.367+0200 [DEBUG] [org.gradle.cache.internal.DefaultFileLockManager] Waiting to acquire shared lock on daemon addresses registry.
2024-11-12T08:51:55.367+0200 [DEBUG] [org.gradle.cache.internal.DefaultFileLockManager] Lock acquired on daemon addresses registry.
2024-11-12T08:51:55.368+0200 [DEBUG] [org.gradle.cache.internal.DefaultFileLockManager] Releasing lock on daemon addresses registry.
2024-11-12T08:51:55.370+0200 [DEBUG] [org.gradle.cache.internal.DefaultFileLockManager] Waiting to acquire shared lock on daemon addresses registry.
2024-11-12T08:51:55.371+0200 [DEBUG] [org.gradle.cache.internal.DefaultFileLockManager] Lock acquired on daemon addresses registry.
2024-11-12T08:51:55.372+0200 [DEBUG] [org.gradle.cache.internal.DefaultFileLockManager] Releasing lock on daemon addresses registry.
2024-11-12T08:51:55.373+0200 [DEBUG] [org.gradle.cache.internal.DefaultFileLockManager] Waiting to acquire shared lock on daemon addresses registry.
2024-11-12T08:51:55.373+0200 [DEBUG] [org.gradle.cache.internal.DefaultFileLockManager] Lock acquired on daemon addresses registry.
2024-11-12T08:51:55.374+0200 [DEBUG] [org.gradle.cache.internal.DefaultFileLockManager] Releasing lock on daemon addresses registry.
2024-11-12T08:51:55.444+0200 [DEBUG] [org.gradle.process.internal.health.memory.DefaultMemoryManager] 409155993 physical memory requested, 219000832 free
2024-11-12T08:51:55.445+0200 [DEBUG] [org.gradle.workers.internal.WorkerDaemonExpiration] Will attempt to release 390 of memory
2024-11-12T08:51:55.892+0200 [DEBUG] [org.gradle.process.internal.health.memory.DefaultMemoryManager] 409155993 physical memory requested, 0 released, 219000832 free
2024-11-12T08:52:00.252+0200 [DEBUG] [org.gradle.process.internal.health.memory.DefaultMemoryManager] 409155993 physical memory requested, 367517696 free
2024-11-12T08:52:00.253+0200 [DEBUG] [org.gradle.workers.internal.WorkerDaemonExpiration] Will attempt to release 390 of memory
2024-11-12T08:52:00.253+0200 [DEBUG] [org.gradle.process.internal.health.memory.DefaultMemoryManager] 409155993 physical memory requested, 0 released, 367517696 free
2024-11-12T08:52:05.158+0200 [DEBUG] [org.gradle.cache.internal.DefaultFileLockManager] Waiting to acquire shared lock on daemon addresses registry.
2024-11-12T08:52:05.174+0200 [DEBUG] [org.gradle.cache.internal.DefaultFileLockManager] Lock acquired on daemon addresses registry.
2024-11-12T08:52:05.184+0200 [DEBUG] [org.gradle.cache.internal.DefaultFileLockManager] Releasing lock on daemon addresses registry.
2024-11-12T08:52:05.274+0200 [DEBUG] [org.gradle.cache.internal.DefaultFileLockManager] Waiting to acquire shared lock on daemon addresses registry.
2024-11-12T08:52:05.275+0200 [DEBUG] [org.gradle.cache.internal.DefaultFileLockManager] Lock acquired on daemon addresses registry.
2024-11-12T08:52:05.275+0200 [DEBUG] [org.gradle.cache.internal.DefaultFileLockManager] Releasing lock on daemon addresses registry.
2024-11-12T08:52:05.293+0200 [DEBUG] [org.gradle.cache.internal.DefaultFileLockManager] Waiting to acquire shared lock on daemon addresses registry.
2024-11-12T08:52:05.294+0200 [DEBUG] [org.gradle.cache.internal.DefaultFileLockManager] Lock acquired on daemon addresses registry.
2024-11-12T08:52:05.327+0200 [DEBUG] [org.gradle.cache.internal.DefaultFileLockManager] Releasing lock on daemon addresses registry.
2024-11-12T08:52:10.256+0200 [DEBUG] [org.gradle.process.internal.health.memory.DefaultMemoryManager] 409155993 physical memory requested, 372817920 free
2024-11-12T08:52:10.256+0200 [DEBUG] [org.gradle.workers.internal.WorkerDaemonExpiration] Will attempt to release 390 of memory
2024-11-12T08:52:10.256+0200 [DEBUG] [org.gradle.process.internal.health.memory.DefaultMemoryManager] 409155993 physical memory requested, 0 released, 372817920 free
2024-11-12T08:52:15.168+0200 [DEBUG] [org.gradle.cache.internal.DefaultFileLockManager] Waiting to acquire shared lock on daemon addresses registry.
2024-11-12T08:52:15.171+0200 [DEBUG] [org.gradle.cache.internal.DefaultFileLockManager] Lock acquired on daemon addresses registry.
2024-11-12T08:52:15.172+0200 [DEBUG] [org.gradle.cache.internal.DefaultFileLockManager] Releasing lock on daemon addresses registry.
2024-11-12T08:52:15.176+0200 [DEBUG] [org.gradle.cache.internal.DefaultFileLockManager] Waiting to acquire shared lock on daemon addresses registry.
2024-11-12T08:52:15.176+0200 [DEBUG] [org.gradle.cache.internal.DefaultFileLockManager] Lock acquired on daemon addresses registry.
2024-11-12T08:52:15.178+0200 [DEBUG] [org.gradle.cache.internal.DefaultFileLockManager] Releasing lock on daemon addresses registry.
2024-11-12T08:52:15.180+0200 [DEBUG] [org.gradle.cache.internal.DefaultFileLockManager] Waiting to acquire shared lock on daemon addresses registry.
2024-11-12T08:52:15.180+0200 [DEBUG] [org.gradle.cache.internal.DefaultFileLockManager] Lock acquired on daemon addresses registry.
2024-11-12T08:52:15.186+0200 [DEBUG] [org.gradle.cache.internal.DefaultFileLockManager] Releasing lock on daemon addresses registry.
2024-11-12T08:52:15.257+0200 [DEBUG] [org.gradle.process.internal.health.memory.DefaultMemoryManager] 409155993 physical memory requested, 390713344 free
2024-11-12T08:52:15.258+0200 [DEBUG] [org.gradle.workers.internal.WorkerDaemonExpiration] Will attempt to release 390 of memory
2024-11-12T08:52:15.258+0200 [DEBUG] [org.gradle.process.internal.health.memory.DefaultMemoryManager] 409155993 physical memory requested, 0 released, 390713344 free
2024-11-12T08:52:20.249+0200 [DEBUG] [org.gradle.process.internal.health.memory.DefaultMemoryManager] 409155993 physical memory requested, 368406528 free
2024-11-12T08:52:20.250+0200 [DEBUG] [org.gradle.workers.internal.WorkerDaemonExpiration] Will attempt to release 390 of memory
2024-11-12T08:52:20.251+0200 [DEBUG] [org.gradle.process.internal.health.memory.DefaultMemoryManager] 409155993 physical memory requested, 0 released, 368406528 free
2024-11-12T08:52:25.157+0200 [DEBUG] [org.gradle.cache.internal.DefaultFileLockManager] Waiting to acquire shared lock on daemon addresses registry.
2024-11-12T08:52:25.158+0200 [DEBUG] [org.gradle.cache.internal.DefaultFileLockManager] Lock acquired on daemon addresses registry.
2024-11-12T08:52:25.159+0200 [DEBUG] [org.gradle.cache.internal.DefaultFileLockManager] Releasing lock on daemon addresses registry.
2024-11-12T08:52:25.162+0200 [DEBUG] [org.gradle.cache.internal.DefaultFileLockManager] Waiting to acquire shared lock on daemon addresses registry.
2024-11-12T08:52:25.162+0200 [DEBUG] [org.gradle.cache.internal.DefaultFileLockManager] Lock acquired on daemon addresses registry.
2024-11-12T08:52:25.163+0200 [DEBUG] [org.gradle.cache.internal.DefaultFileLockManager] Releasing lock on daemon addresses registry.
2024-11-12T08:52:25.165+0200 [DEBUG] [org.gradle.cache.internal.DefaultFileLockManager] Waiting to acquire shared lock on daemon addresses registry.
2024-11-12T08:52:25.165+0200 [DEBUG] [org.gradle.cache.internal.DefaultFileLockManager] Lock acquired on daemon addresses registry.
2024-11-12T08:52:25.166+0200 [DEBUG] [org.gradle.cache.internal.DefaultFileLockManager] Releasing lock on daemon addresses registry.
2024-11-12T08:52:25.241+0200 [DEBUG] [org.gradle.process.internal.health.memory.DefaultMemoryManager] 409155993 physical memory requested, 298717184 free
2024-11-12T08:52:25.242+0200 [DEBUG] [org.gradle.workers.internal.WorkerDaemonExpiration] Will attempt to release 390 of memory
2024-11-12T08:52:25.243+0200 [DEBUG] [org.gradle.process.internal.health.memory.DefaultMemoryManager] 409155993 physical memory requested, 0 released, 298717184 free
2024-11-12T08:52:30.242+0200 [DEBUG] [org.gradle.process.internal.health.memory.DefaultMemoryManager] 409155993 physical memory requested, 326594560 free
2024-11-12T08:52:30.243+0200 [DEBUG] [org.gradle.workers.internal.WorkerDaemonExpiration] Will attempt to release 390 of memory
2024-11-12T08:52:30.243+0200 [DEBUG] [org.gradle.process.internal.health.memory.DefaultMemoryManager] 409155993 physical memory requested, 0 released, 326594560 free
2024-11-12T08:52:35.156+0200 [DEBUG] [org.gradle.cache.internal.DefaultFileLockManager] Waiting to acquire shared lock on daemon addresses registry.
2024-11-12T08:52:35.157+0200 [DEBUG] [org.gradle.cache.internal.DefaultFileLockManager] Lock acquired on daemon addresses registry.
2024-11-12T08:52:35.158+0200 [DEBUG] [org.gradle.cache.internal.DefaultFileLockManager] Releasing lock on daemon addresses registry.
2024-11-12T08:52:35.160+0200 [DEBUG] [org.gradle.cache.internal.DefaultFileLockManager] Waiting to acquire shared lock on daemon addresses registry.
2024-11-12T08:52:35.160+0200 [DEBUG] [org.gradle.cache.internal.DefaultFileLockManager] Lock acquired on daemon addresses registry.
2024-11-12T08:52:35.161+0200 [DEBUG] [org.gradle.cache.internal.DefaultFileLockManager] Releasing lock on daemon addresses registry.
2024-11-12T08:52:35.162+0200 [DEBUG] [org.gradle.cache.internal.DefaultFileLockManager] Waiting to acquire shared lock on daemon addresses registry.
2024-11-12T08:52:35.163+0200 [DEBUG] [org.gradle.cache.internal.DefaultFileLockManager] Lock acquired on daemon addresses registry.
2024-11-12T08:52:35.163+0200 [DEBUG] [org.gradle.cache.internal.DefaultFileLockManager] Releasing lock on daemon addresses registry.
2024-11-12T08:52:35.240+0200 [DEBUG] [org.gradle.process.internal.health.memory.DefaultMemoryManager] 409155993 physical memory requested, 338673664 free
2024-11-12T08:52:35.241+0200 [DEBUG] [org.gradle.workers.internal.WorkerDaemonExpiration] Will attempt to release 390 of memory
2024-11-12T08:52:35.242+0200 [DEBUG] [org.gradle.process.internal.health.memory.DefaultMemoryManager] 409155993 physical memory requested, 0 released, 338673664 free
2024-11-12T08:52:40.253+0200 [DEBUG] [org.gradle.process.internal.health.memory.DefaultMemoryManager] 409155993 physical memory requested, 310603776 free
2024-11-12T08:52:40.253+0200 [DEBUG] [org.gradle.workers.internal.WorkerDaemonExpiration] Will attempt to release 390 of memory
2024-11-12T08:52:40.253+0200 [DEBUG] [org.gradle.process.internal.health.memory.DefaultMemoryManager] 409155993 physical memory requested, 0 released, 310603776 free
2024-11-12T08:52:45.183+0200 [DEBUG] [org.gradle.cache.internal.DefaultFileLockManager] Waiting to acquire shared lock on daemon addresses registry.
2024-11-12T08:52:45.183+0200 [DEBUG] [org.gradle.cache.internal.DefaultFileLockManager] Lock acquired on daemon addresses registry.
2024-11-12T08:52:45.184+0200 [DEBUG] [org.gradle.cache.internal.DefaultFileLockManager] Releasing lock on daemon addresses registry.
2024-11-12T08:52:45.186+0200 [DEBUG] [org.gradle.cache.internal.DefaultFileLockManager] Waiting to acquire shared lock on daemon addresses registry.
2024-11-12T08:52:45.186+0200 [DEBUG] [org.gradle.cache.internal.DefaultFileLockManager] Lock acquired on daemon addresses registry.
2024-11-12T08:52:45.187+0200 [DEBUG] [org.gradle.cache.internal.DefaultFileLockManager] Releasing lock on daemon addresses registry.
2024-11-12T08:52:45.188+0200 [DEBUG] [org.gradle.cache.internal.DefaultFileLockManager] Waiting to acquire shared lock on daemon addresses registry.
2024-11-12T08:52:45.189+0200 [DEBUG] [org.gradle.cache.internal.DefaultFileLockManager] Lock acquired on daemon addresses registry.
2024-11-12T08:52:45.189+0200 [DEBUG] [org.gradle.cache.internal.DefaultFileLockManager] Releasing lock on daemon addresses registry.
2024-11-12T08:52:45.248+0200 [DEBUG] [org.gradle.process.internal.health.memory.DefaultMemoryManager] 409155993 physical memory requested, 321314816 free
2024-11-12T08:52:45.248+0200 [DEBUG] [org.gradle.workers.internal.WorkerDaemonExpiration] Will attempt to release 390 of memory
2024-11-12T08:52:45.248+0200 [DEBUG] [org.gradle.process.internal.health.memory.DefaultMemoryManager] 409155993 physical memory requested, 0 released, 321314816 free
2024-11-12T08:52:55.151+0200 [DEBUG] [org.gradle.cache.internal.DefaultFileLockManager] Waiting to acquire shared lock on daemon addresses registry.
2024-11-12T08:52:55.151+0200 [DEBUG] [org.gradle.cache.internal.DefaultFileLockManager] Lock acquired on daemon addresses registry.
2024-11-12T08:52:55.152+0200 [DEBUG] [org.gradle.cache.internal.DefaultFileLockManager] Releasing lock on daemon addresses registry.
2024-11-12T08:52:55.153+0200 [DEBUG] [org.gradle.cache.internal.DefaultFileLockManager] Waiting to acquire shared lock on daemon addresses registry.
2024-11-12T08:52:55.154+0200 [DEBUG] [org.gradle.cache.internal.DefaultFileLockManager] Lock acquired on daemon addresses registry.
2024-11-12T08:52:55.155+0200 [DEBUG] [org.gradle.cache.internal.DefaultFileLockManager] Releasing lock on daemon addresses registry.
2024-11-12T08:52:55.156+0200 [DEBUG] [org.gradle.cache.internal.DefaultFileLockManager] Waiting to acquire shared lock on daemon addresses registry.
2024-11-12T08:52:55.156+0200 [DEBUG] [org.gradle.cache.internal.DefaultFileLockManager] Lock acquired on daemon addresses registry.
2024-11-12T08:52:55.156+0200 [DEBUG] [org.gradle.cache.internal.DefaultFileLockManager] Releasing lock on daemon addresses registry.
2024-11-12T08:53:00.293+0200 [DEBUG] [org.gradle.process.internal.health.memory.DefaultMemoryManager] 409155993 physical memory requested, 343945216 free
2024-11-12T08:53:00.294+0200 [DEBUG] [org.gradle.workers.internal.WorkerDaemonExpiration] Will attempt to release 390 of memory
2024-11-12T08:53:00.294+0200 [DEBUG] [org.gradle.process.internal.health.memory.DefaultMemoryManager] 409155993 physical memory requested, 0 released, 343945216 free
2024-11-12T08:53:05.160+0200 [DEBUG] [org.gradle.cache.internal.DefaultFileLockManager] Waiting to acquire shared lock on daemon addresses registry.
2024-11-12T08:53:05.160+0200 [DEBUG] [org.gradle.cache.internal.DefaultFileLockManager] Lock acquired on daemon addresses registry.
2024-11-12T08:53:05.162+0200 [DEBUG] [org.gradle.cache.internal.DefaultFileLockManager] Releasing lock on daemon addresses registry.
2024-11-12T08:53:05.164+0200 [DEBUG] [org.gradle.cache.internal.DefaultFileLockManager] Waiting to acquire shared lock on daemon addresses registry.
2024-11-12T08:53:05.165+0200 [DEBUG] [org.gradle.cache.internal.DefaultFileLockManager] Lock acquired on daemon addresses registry.
2024-11-12T08:53:05.167+0200 [DEBUG] [org.gradle.cache.internal.DefaultFileLockManager] Releasing lock on daemon addresses registry.
2024-11-12T08:53:05.177+0200 [DEBUG] [org.gradle.cache.internal.DefaultFileLockManager] Waiting to acquire shared lock on daemon addresses registry.
2024-11-12T08:53:05.178+0200 [DEBUG] [org.gradle.cache.internal.DefaultFileLockManager] Lock acquired on daemon addresses registry.
2024-11-12T08:53:05.179+0200 [DEBUG] [org.gradle.cache.internal.DefaultFileLockManager] Releasing lock on daemon addresses registry.
2024-11-12T08:53:05.297+0200 [DEBUG] [org.gradle.process.internal.health.memory.DefaultMemoryManager] 409155993 physical memory requested, 308224000 free
2024-11-12T08:53:05.298+0200 [DEBUG] [org.gradle.workers.internal.WorkerDaemonExpiration] Will attempt to release 390 of memory
2024-11-12T08:53:05.298+0200 [DEBUG] [org.gradle.process.internal.health.memory.DefaultMemoryManager] 409155993 physical memory requested, 0 released, 308224000 free
2024-11-12T08:53:10.254+0200 [DEBUG] [org.gradle.process.internal.health.memory.DefaultMemoryManager] 409155993 physical memory requested, 285175808 free
2024-11-12T08:53:10.255+0200 [DEBUG] [org.gradle.workers.internal.WorkerDaemonExpiration] Will attempt to release 390 of memory
2024-11-12T08:53:10.255+0200 [DEBUG] [org.gradle.process.internal.health.memory.DefaultMemoryManager] 409155993 physical memory requested, 0 released, 285175808 free
2024-11-12T08:53:15.282+0200 [DEBUG] [org.gradle.cache.internal.DefaultFileLockManager] Waiting to acquire shared lock on daemon addresses registry.
2024-11-12T08:53:15.282+0200 [DEBUG] [org.gradle.cache.internal.DefaultFileLockManager] Lock acquired on daemon addresses registry.
2024-11-12T08:53:15.284+0200 [DEBUG] [org.gradle.cache.internal.DefaultFileLockManager] Releasing lock on daemon addresses registry.
2024-11-12T08:53:15.286+0200 [DEBUG] [org.gradle.cache.internal.DefaultFileLockManager] Waiting to acquire shared lock on daemon addresses registry.
2024-11-12T08:53:15.286+0200 [DEBUG] [org.gradle.cache.internal.DefaultFileLockManager] Lock acquired on daemon addresses registry.
2024-11-12T08:53:15.289+0200 [DEBUG] [org.gradle.cache.internal.DefaultFileLockManager] Releasing lock on daemon addresses registry.
2024-11-12T08:53:15.534+0200 [DEBUG] [org.gradle.cache.internal.DefaultFileLockManager] Waiting to acquire shared lock on daemon addresses registry.
2024-11-12T08:53:15.535+0200 [DEBUG] [org.gradle.cache.internal.DefaultFileLockManager] Lock acquired on daemon addresses registry.
2024-11-12T08:53:15.609+0200 [DEBUG] [org.gradle.process.internal.health.memory.DefaultMemoryManager] 409155993 physical memory requested, 362639360 free
2024-11-12T08:53:15.610+0200 [DEBUG] [org.gradle.workers.internal.WorkerDaemonExpiration] Will attempt to release 390 of memory
2024-11-12T08:53:15.610+0200 [DEBUG] [org.gradle.process.internal.health.memory.DefaultMemoryManager] 409155993 physical memory requested, 0 released, 362639360 free
2024-11-12T08:53:15.613+0200 [DEBUG] [org.gradle.cache.internal.DefaultFileLockManager] Releasing lock on daemon addresses registry.
2024-11-12T08:53:25.244+0200 [DEBUG] [org.gradle.cache.internal.DefaultFileLockManager] Waiting to acquire shared lock on daemon addresses registry.
2024-11-12T08:53:25.245+0200 [DEBUG] [org.gradle.cache.internal.DefaultFileLockManager] Lock acquired on daemon addresses registry.
2024-11-12T08:53:25.252+0200 [DEBUG] [org.gradle.cache.internal.DefaultFileLockManager] Releasing lock on daemon addresses registry.
2024-11-12T08:53:25.258+0200 [DEBUG] [org.gradle.cache.internal.DefaultFileLockManager] Waiting to acquire shared lock on daemon addresses registry.
2024-11-12T08:53:25.259+0200 [DEBUG] [org.gradle.cache.internal.DefaultFileLockManager] Lock acquired on daemon addresses registry.
2024-11-12T08:53:25.261+0200 [DEBUG] [org.gradle.cache.internal.DefaultFileLockManager] Releasing lock on daemon addresses registry.
2024-11-12T08:53:25.267+0200 [DEBUG] [org.gradle.cache.internal.DefaultFileLockManager] Waiting to acquire shared lock on daemon addresses registry.
2024-11-12T08:53:25.268+0200 [DEBUG] [org.gradle.cache.internal.DefaultFileLockManager] Lock acquired on daemon addresses registry.
2024-11-12T08:53:25.273+0200 [DEBUG] [org.gradle.cache.internal.DefaultFileLockManager] Releasing lock on daemon addresses registry.
2024-11-12T08:53:35.154+0200 [DEBUG] [org.gradle.cache.internal.DefaultFileLockManager] Waiting to acquire shared lock on daemon addresses registry.
2024-11-12T08:53:35.155+0200 [DEBUG] [org.gradle.cache.internal.DefaultFileLockManager] Lock acquired on daemon addresses registry.
2024-11-12T08:53:35.157+0200 [DEBUG] [org.gradle.cache.internal.DefaultFileLockManager] Releasing lock on daemon addresses registry.
2024-11-12T08:53:35.164+0200 [DEBUG] [org.gradle.cache.internal.DefaultFileLockManager] Waiting to acquire shared lock on daemon addresses registry.
2024-11-12T08:53:35.165+0200 [DEBUG] [org.gradle.cache.internal.DefaultFileLockManager] Lock acquired on daemon addresses registry.
2024-11-12T08:53:35.169+0200 [DEBUG] [org.gradle.cache.internal.DefaultFileLockManager] Releasing lock on daemon addresses registry.
2024-11-12T08:53:35.174+0200 [DEBUG] [org.gradle.cache.internal.DefaultFileLockManager] Waiting to acquire shared lock on daemon addresses registry.
2024-11-12T08:53:35.174+0200 [DEBUG] [org.gradle.cache.internal.DefaultFileLockManager] Lock acquired on daemon addresses registry.
2024-11-12T08:53:35.175+0200 [DEBUG] [org.gradle.cache.internal.DefaultFileLockManager] Releasing lock on daemon addresses registry.
2024-11-12T08:53:45.160+0200 [DEBUG] [org.gradle.cache.internal.DefaultFileLockManager] Waiting to acquire shared lock on daemon addresses registry.
2024-11-12T08:53:45.161+0200 [DEBUG] [org.gradle.cache.internal.DefaultFileLockManager] Lock acquired on daemon addresses registry.
2024-11-12T08:53:45.162+0200 [DEBUG] [org.gradle.cache.internal.DefaultFileLockManager] Releasing lock on daemon addresses registry.
2024-11-12T08:53:45.169+0200 [DEBUG] [org.gradle.cache.internal.DefaultFileLockManager] Waiting to acquire shared lock on daemon addresses registry.
2024-11-12T08:53:45.169+0200 [DEBUG] [org.gradle.cache.internal.DefaultFileLockManager] Lock acquired on daemon addresses registry.
2024-11-12T08:53:45.170+0200 [DEBUG] [org.gradle.cache.internal.DefaultFileLockManager] Releasing lock on daemon addresses registry.
2024-11-12T08:53:45.173+0200 [DEBUG] [org.gradle.cache.internal.DefaultFileLockManager] Waiting to acquire shared lock on daemon addresses registry.
2024-11-12T08:53:45.174+0200 [DEBUG] [org.gradle.cache.internal.DefaultFileLockManager] Lock acquired on daemon addresses registry.
2024-11-12T08:53:45.177+0200 [DEBUG] [org.gradle.cache.internal.DefaultFileLockManager] Releasing lock on daemon addresses registry.
2024-11-12T08:53:55.155+0200 [DEBUG] [org.gradle.cache.internal.DefaultFileLockManager] Waiting to acquire shared lock on daemon addresses registry.
2024-11-12T08:53:55.156+0200 [DEBUG] [org.gradle.cache.internal.DefaultFileLockManager] Lock acquired on daemon addresses registry.
2024-11-12T08:53:55.187+0200 [DEBUG] [org.gradle.cache.internal.DefaultFileLockManager] Releasing lock on daemon addresses registry.
2024-11-12T08:53:55.210+0200 [DEBUG] [org.gradle.cache.internal.DefaultFileLockManager] Waiting to acquire shared lock on daemon addresses registry.
2024-11-12T08:53:55.210+0200 [DEBUG] [org.gradle.cache.internal.DefaultFileLockManager] Lock acquired on daemon addresses registry.
2024-11-12T08:53:55.211+0200 [DEBUG] [org.gradle.cache.internal.DefaultFileLockManager] Releasing lock on daemon addresses registry.
2024-11-12T08:53:55.213+0200 [DEBUG] [org.gradle.cache.internal.DefaultFileLockManager] Waiting to acquire shared lock on daemon addresses registry.
2024-11-12T08:53:55.213+0200 [DEBUG] [org.gradle.cache.internal.DefaultFileLockManager] Lock acquired on daemon addresses registry.
2024-11-12T08:53:55.214+0200 [DEBUG] [org.gradle.cache.internal.DefaultFileLockManager] Releasing lock on daemon addresses registry.
2024-11-12T08:54:05.181+0200 [DEBUG] [org.gradle.cache.internal.DefaultFileLockManager] Waiting to acquire shared lock on daemon addresses registry.
2024-11-12T08:54:05.181+0200 [DEBUG] [org.gradle.cache.internal.DefaultFileLockManager] Lock acquired on daemon addresses registry.
2024-11-12T08:54:05.182+0200 [DEBUG] [org.gradle.cache.internal.DefaultFileLockManager] Releasing lock on daemon addresses registry.
2024-11-12T08:54:05.184+0200 [DEBUG] [org.gradle.cache.internal.DefaultFileLockManager] Waiting to acquire shared lock on daemon addresses registry.
2024-11-12T08:54:05.185+0200 [DEBUG] [org.gradle.cache.internal.DefaultFileLockManager] Lock acquired on daemon addresses registry.
2024-11-12T08:54:05.185+0200 [DEBUG] [org.gradle.cache.internal.DefaultFileLockManager] Releasing lock on daemon addresses registry.
2024-11-12T08:54:05.197+0200 [DEBUG] [org.gradle.cache.internal.DefaultFileLockManager] Waiting to acquire shared lock on daemon addresses registry.
2024-11-12T08:54:05.199+0200 [DEBUG] [org.gradle.cache.internal.DefaultFileLockManager] Lock acquired on daemon addresses registry.
2024-11-12T08:54:05.200+0200 [DEBUG] [org.gradle.cache.internal.DefaultFileLockManager] Releasing lock on daemon addresses registry.
2024-11-12T08:54:15.164+0200 [DEBUG] [org.gradle.cache.internal.DefaultFileLockManager] Waiting to acquire shared lock on daemon addresses registry.
2024-11-12T08:54:15.165+0200 [DEBUG] [org.gradle.cache.internal.DefaultFileLockManager] Lock acquired on daemon addresses registry.
2024-11-12T08:54:15.166+0200 [DEBUG] [org.gradle.cache.internal.DefaultFileLockManager] Releasing lock on daemon addresses registry.
2024-11-12T08:54:15.171+0200 [DEBUG] [org.gradle.cache.internal.DefaultFileLockManager] Waiting to acquire shared lock on daemon addresses registry.
2024-11-12T08:54:15.171+0200 [DEBUG] [org.gradle.cache.internal.DefaultFileLockManager] Lock acquired on daemon addresses registry.
2024-11-12T08:54:15.172+0200 [DEBUG] [org.gradle.cache.internal.DefaultFileLockManager] Releasing lock on daemon addresses registry.
2024-11-12T08:54:15.174+0200 [DEBUG] [org.gradle.cache.internal.DefaultFileLockManager] Waiting to acquire shared lock on daemon addresses registry.
2024-11-12T08:54:15.174+0200 [DEBUG] [org.gradle.cache.internal.DefaultFileLockManager] Lock acquired on daemon addresses registry.
2024-11-12T08:54:15.175+0200 [DEBUG] [org.gradle.cache.internal.DefaultFileLockManager] Releasing lock on daemon addresses registry.
2024-11-12T08:54:20.249+0200 [DEBUG] [org.gradle.process.internal.health.memory.DefaultMemoryManager] 409155993 physical memory requested, 398401536 free
2024-11-12T08:54:20.251+0200 [DEBUG] [org.gradle.workers.internal.WorkerDaemonExpiration] Will attempt to release 390 of memory
2024-11-12T08:54:20.253+0200 [DEBUG] [org.gradle.process.internal.health.memory.DefaultMemoryManager] 409155993 physical memory requested, 0 released, 398401536 free
2024-11-12T08:54:25.152+0200 [DEBUG] [org.gradle.cache.internal.DefaultFileLockManager] Waiting to acquire shared lock on daemon addresses registry.
2024-11-12T08:54:25.152+0200 [DEBUG] [org.gradle.cache.internal.DefaultFileLockManager] Lock acquired on daemon addresses registry.
2024-11-12T08:54:25.154+0200 [DEBUG] [org.gradle.cache.internal.DefaultFileLockManager] Releasing lock on daemon addresses registry.
2024-11-12T08:54:25.157+0200 [DEBUG] [org.gradle.cache.internal.DefaultFileLockManager] Waiting to acquire shared lock on daemon addresses registry.
2024-11-12T08:54:25.157+0200 [DEBUG] [org.gradle.cache.internal.DefaultFileLockManager] Lock acquired on daemon addresses registry.
2024-11-12T08:54:25.158+0200 [DEBUG] [org.gradle.cache.internal.DefaultFileLockManager] Releasing lock on daemon addresses registry.
2024-11-12T08:54:25.161+0200 [DEBUG] [org.gradle.cache.internal.DefaultFileLockManager] Waiting to acquire shared lock on daemon addresses registry.
2024-11-12T08:54:25.161+0200 [DEBUG] [org.gradle.cache.internal.DefaultFileLockManager] Lock acquired on daemon addresses registry.
2024-11-12T08:54:25.162+0200 [DEBUG] [org.gradle.cache.internal.DefaultFileLockManager] Releasing lock on daemon addresses registry.
2024-11-12T08:54:25.251+0200 [DEBUG] [org.gradle.process.internal.health.memory.DefaultMemoryManager] 409155993 physical memory requested, 373080064 free
2024-11-12T08:54:25.251+0200 [DEBUG] [org.gradle.workers.internal.WorkerDaemonExpiration] Will attempt to release 390 of memory
2024-11-12T08:54:25.251+0200 [DEBUG] [org.gradle.process.internal.health.memory.DefaultMemoryManager] 409155993 physical memory requested, 0 released, 373080064 free
2024-11-12T08:54:30.250+0200 [DEBUG] [org.gradle.process.internal.health.memory.DefaultMemoryManager] 409155993 physical memory requested, 318791680 free
2024-11-12T08:54:30.250+0200 [DEBUG] [org.gradle.workers.internal.WorkerDaemonExpiration] Will attempt to release 390 of memory
2024-11-12T08:54:30.251+0200 [DEBUG] [org.gradle.process.internal.health.memory.DefaultMemoryManager] 409155993 physical memory requested, 0 released, 318791680 free
2024-11-12T08:54:35.159+0200 [DEBUG] [org.gradle.cache.internal.DefaultFileLockManager] Waiting to acquire shared lock on daemon addresses registry.
2024-11-12T08:54:35.160+0200 [DEBUG] [org.gradle.cache.internal.DefaultFileLockManager] Lock acquired on daemon addresses registry.
2024-11-12T08:54:35.160+0200 [DEBUG] [org.gradle.cache.internal.DefaultFileLockManager] Releasing lock on daemon addresses registry.
2024-11-12T08:54:35.162+0200 [DEBUG] [org.gradle.cache.internal.DefaultFileLockManager] Waiting to acquire shared lock on daemon addresses registry.
2024-11-12T08:54:35.162+0200 [DEBUG] [org.gradle.cache.internal.DefaultFileLockManager] Lock acquired on daemon addresses registry.
2024-11-12T08:54:35.163+0200 [DEBUG] [org.gradle.cache.internal.DefaultFileLockManager] Releasing lock on daemon addresses registry.
2024-11-12T08:54:35.164+0200 [DEBUG] [org.gradle.cache.internal.DefaultFileLockManager] Waiting to acquire shared lock on daemon addresses registry.
2024-11-12T08:54:35.164+0200 [DEBUG] [org.gradle.cache.internal.DefaultFileLockManager] Lock acquired on daemon addresses registry.
2024-11-12T08:54:35.164+0200 [DEBUG] [org.gradle.cache.internal.DefaultFileLockManager] Releasing lock on daemon addresses registry.
2024-11-12T08:54:35.241+0200 [DEBUG] [org.gradle.process.internal.health.memory.DefaultMemoryManager] 409155993 physical memory requested, 328237056 free
2024-11-12T08:54:35.242+0200 [DEBUG] [org.gradle.workers.internal.WorkerDaemonExpiration] Will attempt to release 390 of memory
2024-11-12T08:54:35.242+0200 [DEBUG] [org.gradle.process.internal.health.memory.DefaultMemoryManager] 409155993 physical memory requested, 0 released, 328237056 free
2024-11-12T08:54:40.239+0200 [DEBUG] [org.gradle.process.internal.health.memory.DefaultMemoryManager] 409155993 physical memory requested, 317620224 free
2024-11-12T08:54:40.240+0200 [DEBUG] [org.gradle.workers.internal.WorkerDaemonExpiration] Will attempt to release 390 of memory
2024-11-12T08:54:40.240+0200 [DEBUG] [org.gradle.process.internal.health.memory.DefaultMemoryManager] 409155993 physical memory requested, 0 released, 317620224 free
2024-11-12T08:54:45.156+0200 [DEBUG] [org.gradle.cache.internal.DefaultFileLockManager] Waiting to acquire shared lock on daemon addresses registry.
2024-11-12T08:54:45.157+0200 [DEBUG] [org.gradle.cache.internal.DefaultFileLockManager] Lock acquired on daemon addresses registry.
2024-11-12T08:54:45.157+0200 [DEBUG] [org.gradle.cache.internal.DefaultFileLockManager] Releasing lock on daemon addresses registry.
2024-11-12T08:54:45.158+0200 [DEBUG] [org.gradle.cache.internal.DefaultFileLockManager] Waiting to acquire shared lock on daemon addresses registry.
2024-11-12T08:54:45.159+0200 [DEBUG] [org.gradle.cache.internal.DefaultFileLockManager] Lock acquired on daemon addresses registry.
2024-11-12T08:54:45.159+0200 [DEBUG] [org.gradle.cache.internal.DefaultFileLockManager] Releasing lock on daemon addresses registry.
2024-11-12T08:54:45.160+0200 [DEBUG] [org.gradle.cache.internal.DefaultFileLockManager] Waiting to acquire shared lock on daemon addresses registry.
2024-11-12T08:54:45.160+0200 [DEBUG] [org.gradle.cache.internal.DefaultFileLockManager] Lock acquired on daemon addresses registry.
2024-11-12T08:54:45.161+0200 [DEBUG] [org.gradle.cache.internal.DefaultFileLockManager] Releasing lock on daemon addresses registry.
2024-11-12T08:54:55.151+0200 [DEBUG] [org.gradle.cache.internal.DefaultFileLockManager] Waiting to acquire shared lock on daemon addresses registry.
2024-11-12T08:54:55.151+0200 [DEBUG] [org.gradle.cache.internal.DefaultFileLockManager] Lock acquired on daemon addresses registry.
2024-11-12T08:54:55.152+0200 [DEBUG] [org.gradle.cache.internal.DefaultFileLockManager] Releasing lock on daemon addresses registry.
2024-11-12T08:54:55.153+0200 [DEBUG] [org.gradle.cache.internal.DefaultFileLockManager] Waiting to acquire shared lock on daemon addresses registry.
2024-11-12T08:54:55.153+0200 [DEBUG] [org.gradle.cache.internal.DefaultFileLockManager] Lock acquired on daemon addresses registry.
2024-11-12T08:54:55.153+0200 [DEBUG] [org.gradle.cache.internal.DefaultFileLockManager] Releasing lock on daemon addresses registry.
2024-11-12T08:54:55.154+0200 [DEBUG] [org.gradle.cache.internal.DefaultFileLockManager] Waiting to acquire shared lock on daemon addresses registry.
2024-11-12T08:54:55.154+0200 [DEBUG] [org.gradle.cache.internal.DefaultFileLockManager] Lock acquired on daemon addresses registry.
2024-11-12T08:54:55.155+0200 [DEBUG] [org.gradle.cache.internal.DefaultFileLockManager] Releasing lock on daemon addresses registry.
2024-11-12T08:55:00.248+0200 [DEBUG] [org.gradle.process.internal.health.memory.DefaultMemoryManager] 409155993 physical memory requested, 304070656 free
2024-11-12T08:55:00.248+0200 [DEBUG] [org.gradle.workers.internal.WorkerDaemonExpiration] Will attempt to release 390 of memory
2024-11-12T08:55:00.248+0200 [DEBUG] [org.gradle.process.internal.health.memory.DefaultMemoryManager] 409155993 physical memory requested, 0 released, 304070656 free
2024-11-12T08:55:05.157+0200 [DEBUG] [org.gradle.cache.internal.DefaultFileLockManager] Waiting to acquire shared lock on daemon addresses registry.
2024-11-12T08:55:05.158+0200 [DEBUG] [org.gradle.cache.internal.DefaultFileLockManager] Lock acquired on daemon addresses registry.
2024-11-12T08:55:05.159+0200 [DEBUG] [org.gradle.cache.internal.DefaultFileLockManager] Releasing lock on daemon addresses registry.
2024-11-12T08:55:05.161+0200 [DEBUG] [org.gradle.cache.internal.DefaultFileLockManager] Waiting to acquire shared lock on daemon addresses registry.
2024-11-12T08:55:05.161+0200 [DEBUG] [org.gradle.cache.internal.DefaultFileLockManager] Lock acquired on daemon addresses registry.
2024-11-12T08:55:05.163+0200 [DEBUG] [org.gradle.cache.internal.DefaultFileLockManager] Releasing lock on daemon addresses registry.
2024-11-12T08:55:05.165+0200 [DEBUG] [org.gradle.cache.internal.DefaultFileLockManager] Waiting to acquire shared lock on daemon addresses registry.
2024-11-12T08:55:05.165+0200 [DEBUG] [org.gradle.cache.internal.DefaultFileLockManager] Lock acquired on daemon addresses registry.
2024-11-12T08:55:05.165+0200 [DEBUG] [org.gradle.cache.internal.DefaultFileLockManager] Releasing lock on daemon addresses registry.
2024-11-12T08:55:05.241+0200 [DEBUG] [org.gradle.process.internal.health.memory.DefaultMemoryManager] 409155993 physical memory requested, 239603712 free
2024-11-12T08:55:05.242+0200 [DEBUG] [org.gradle.workers.internal.WorkerDaemonExpiration] Will attempt to release 390 of memory
2024-11-12T08:55:05.242+0200 [DEBUG] [org.gradle.process.internal.health.memory.DefaultMemoryManager] 409155993 physical memory requested, 0 released, 239603712 free
2024-11-12T08:55:10.265+0200 [DEBUG] [org.gradle.process.internal.health.memory.DefaultMemoryManager] 409155993 physical memory requested, 305741824 free
2024-11-12T08:55:10.265+0200 [DEBUG] [org.gradle.workers.internal.WorkerDaemonExpiration] Will attempt to release 390 of memory
2024-11-12T08:55:10.267+0200 [DEBUG] [org.gradle.process.internal.health.memory.DefaultMemoryManager] 409155993 physical memory requested, 0 released, 305741824 free
2024-11-12T08:55:15.192+0200 [DEBUG] [org.gradle.cache.internal.DefaultFileLockManager] Waiting to acquire shared lock on daemon addresses registry.
2024-11-12T08:55:15.196+0200 [DEBUG] [org.gradle.cache.internal.DefaultFileLockManager] Lock acquired on daemon addresses registry.
2024-11-12T08:55:15.197+0200 [DEBUG] [org.gradle.cache.internal.DefaultFileLockManager] Releasing lock on daemon addresses registry.
2024-11-12T08:55:15.199+0200 [DEBUG] [org.gradle.cache.internal.DefaultFileLockManager] Waiting to acquire shared lock on daemon addresses registry.
2024-11-12T08:55:15.200+0200 [DEBUG] [org.gradle.cache.internal.DefaultFileLockManager] Lock acquired on daemon addresses registry.
2024-11-12T08:55:15.203+0200 [DEBUG] [org.gradle.cache.internal.DefaultFileLockManager] Releasing lock on daemon addresses registry.
2024-11-12T08:55:15.204+0200 [DEBUG] [org.gradle.cache.internal.DefaultFileLockManager] Waiting to acquire shared lock on daemon addresses registry.
2024-11-12T08:55:15.280+0200 [DEBUG] [org.gradle.process.internal.health.memory.DefaultMemoryManager] 409155993 physical memory requested, 247369728 free
2024-11-12T08:55:15.281+0200 [DEBUG] [org.gradle.workers.internal.WorkerDaemonExpiration] Will attempt to release 390 of memory
2024-11-12T08:55:15.319+0200 [DEBUG] [org.gradle.process.internal.health.memory.DefaultMemoryManager] 409155993 physical memory requested, 0 released, 247369728 free
2024-11-12T08:55:15.293+0200 [DEBUG] [org.gradle.cache.internal.DefaultFileLockManager] Lock acquired on daemon addresses registry.
2024-11-12T08:55:15.390+0200 [DEBUG] [org.gradle.cache.internal.DefaultFileLockManager] Releasing lock on daemon addresses registry.
2024-11-12T08:55:20.245+0200 [DEBUG] [org.gradle.process.internal.health.memory.DefaultMemoryManager] 409155993 physical memory requested, 302350336 free
2024-11-12T08:55:20.246+0200 [DEBUG] [org.gradle.workers.internal.WorkerDaemonExpiration] Will attempt to release 390 of memory
2024-11-12T08:55:20.246+0200 [DEBUG] [org.gradle.process.internal.health.memory.DefaultMemoryManager] 409155993 physical memory requested, 0 released, 302350336 free
2024-11-12T08:55:25.179+0200 [DEBUG] [org.gradle.cache.internal.DefaultFileLockManager] Waiting to acquire shared lock on daemon addresses registry.
2024-11-12T08:55:25.233+0200 [DEBUG] [org.gradle.cache.internal.DefaultFileLockManager] Lock acquired on daemon addresses registry.
2024-11-12T08:55:25.265+0200 [DEBUG] [org.gradle.cache.internal.DefaultFileLockManager] Releasing lock on daemon addresses registry.
2024-11-12T08:55:25.369+0200 [DEBUG] [org.gradle.cache.internal.DefaultFileLockManager] Waiting to acquire shared lock on daemon addresses registry.
2024-11-12T08:55:25.370+0200 [DEBUG] [org.gradle.cache.internal.DefaultFileLockManager] Lock acquired on daemon addresses registry.
2024-11-12T08:55:25.370+0200 [DEBUG] [org.gradle.cache.internal.DefaultFileLockManager] Releasing lock on daemon addresses registry.
2024-11-12T08:55:25.371+0200 [DEBUG] [org.gradle.cache.internal.DefaultFileLockManager] Waiting to acquire shared lock on daemon addresses registry.
2024-11-12T08:55:25.372+0200 [DEBUG] [org.gradle.cache.internal.DefaultFileLockManager] Lock acquired on daemon addresses registry.
2024-11-12T08:55:25.372+0200 [DEBUG] [org.gradle.cache.internal.DefaultFileLockManager] Releasing lock on daemon addresses registry.
2024-11-12T08:55:30.253+0200 [DEBUG] [org.gradle.process.internal.health.memory.DefaultMemoryManager] 409155993 physical memory requested, 392388608 free
2024-11-12T08:55:30.253+0200 [DEBUG] [org.gradle.workers.internal.WorkerDaemonExpiration] Will attempt to release 390 of memory
2024-11-12T08:55:30.253+0200 [DEBUG] [org.gradle.process.internal.health.memory.DefaultMemoryManager] 409155993 physical memory requested, 0 released, 392388608 free
2024-11-12T08:55:35.181+0200 [DEBUG] [org.gradle.cache.internal.DefaultFileLockManager] Waiting to acquire shared lock on daemon addresses registry.
2024-11-12T08:55:35.190+0200 [DEBUG] [org.gradle.cache.internal.DefaultFileLockManager] Lock acquired on daemon addresses registry.
2024-11-12T08:55:35.199+0200 [DEBUG] [org.gradle.cache.internal.DefaultFileLockManager] Releasing lock on daemon addresses registry.
2024-11-12T08:55:35.212+0200 [DEBUG] [org.gradle.cache.internal.DefaultFileLockManager] Waiting to acquire shared lock on daemon addresses registry.
2024-11-12T08:55:35.212+0200 [DEBUG] [org.gradle.cache.internal.DefaultFileLockManager] Lock acquired on daemon addresses registry.
2024-11-12T08:55:35.213+0200 [DEBUG] [org.gradle.cache.internal.DefaultFileLockManager] Releasing lock on daemon addresses registry.
2024-11-12T08:55:35.217+0200 [DEBUG] [org.gradle.cache.internal.DefaultFileLockManager] Waiting to acquire shared lock on daemon addresses registry.
2024-11-12T08:55:35.218+0200 [DEBUG] [org.gradle.cache.internal.DefaultFileLockManager] Lock acquired on daemon addresses registry.
2024-11-12T08:55:35.219+0200 [DEBUG] [org.gradle.cache.internal.DefaultFileLockManager] Releasing lock on daemon addresses registry.
2024-11-12T08:55:45.162+0200 [DEBUG] [org.gradle.cache.internal.DefaultFileLockManager] Waiting to acquire shared lock on daemon addresses registry.
2024-11-12T08:55:45.162+0200 [DEBUG] [org.gradle.cache.internal.DefaultFileLockManager] Lock acquired on daemon addresses registry.
2024-11-12T08:55:45.164+0200 [DEBUG] [org.gradle.cache.internal.DefaultFileLockManager] Releasing lock on daemon addresses registry.
2024-11-12T08:55:45.166+0200 [DEBUG] [org.gradle.cache.internal.DefaultFileLockManager] Waiting to acquire shared lock on daemon addresses registry.
2024-11-12T08:55:45.166+0200 [DEBUG] [org.gradle.cache.internal.DefaultFileLockManager] Lock acquired on daemon addresses registry.
2024-11-12T08:55:45.166+0200 [DEBUG] [org.gradle.cache.internal.DefaultFileLockManager] Releasing lock on daemon addresses registry.
2024-11-12T08:55:45.168+0200 [DEBUG] [org.gradle.cache.internal.DefaultFileLockManager] Waiting to acquire shared lock on daemon addresses registry.
2024-11-12T08:55:45.169+0200 [DEBUG] [org.gradle.cache.internal.DefaultFileLockManager] Lock acquired on daemon addresses registry.
2024-11-12T08:55:45.170+0200 [DEBUG] [org.gradle.cache.internal.DefaultFileLockManager] Releasing lock on daemon addresses registry.
2024-11-12T08:55:45.244+0200 [DEBUG] [org.gradle.process.internal.health.memory.DefaultMemoryManager] 409155993 physical memory requested, 311488512 free
2024-11-12T08:55:45.244+0200 [DEBUG] [org.gradle.workers.internal.WorkerDaemonExpiration] Will attempt to release 390 of memory
2024-11-12T08:55:45.244+0200 [DEBUG] [org.gradle.process.internal.health.memory.DefaultMemoryManager] 409155993 physical memory requested, 0 released, 311488512 free
2024-11-12T08:55:50.260+0200 [DEBUG] [org.gradle.process.internal.health.memory.DefaultMemoryManager] 409155993 physical memory requested, 346046464 free
2024-11-12T08:55:50.260+0200 [DEBUG] [org.gradle.workers.internal.WorkerDaemonExpiration] Will attempt to release 390 of memory
2024-11-12T08:55:50.260+0200 [DEBUG] [org.gradle.process.internal.health.memory.DefaultMemoryManager] 409155993 physical memory requested, 0 released, 346046464 free
2024-11-12T08:55:55.153+0200 [DEBUG] [org.gradle.cache.internal.DefaultFileLockManager] Waiting to acquire shared lock on daemon addresses registry.
2024-11-12T08:55:55.154+0200 [DEBUG] [org.gradle.cache.internal.DefaultFileLockManager] Lock acquired on daemon addresses registry.
2024-11-12T08:55:55.155+0200 [DEBUG] [org.gradle.cache.internal.DefaultFileLockManager] Releasing lock on daemon addresses registry.
2024-11-12T08:55:55.158+0200 [DEBUG] [org.gradle.cache.internal.DefaultFileLockManager] Waiting to acquire shared lock on daemon addresses registry.
2024-11-12T08:55:55.160+0200 [DEBUG] [org.gradle.cache.internal.DefaultFileLockManager] Lock acquired on daemon addresses registry.
2024-11-12T08:55:55.161+0200 [DEBUG] [org.gradle.cache.internal.DefaultFileLockManager] Releasing lock on daemon addresses registry.
2024-11-12T08:55:55.164+0200 [DEBUG] [org.gradle.cache.internal.DefaultFileLockManager] Waiting to acquire shared lock on daemon addresses registry.
2024-11-12T08:55:55.165+0200 [DEBUG] [org.gradle.cache.internal.DefaultFileLockManager] Lock acquired on daemon addresses registry.
2024-11-12T08:55:55.166+0200 [DEBUG] [org.gradle.cache.internal.DefaultFileLockManager] Releasing lock on daemon addresses registry.
2024-11-12T08:55:55.253+0200 [DEBUG] [org.gradle.process.internal.health.memory.DefaultMemoryManager] 409155993 physical memory requested, 313700352 free
2024-11-12T08:55:55.255+0200 [DEBUG] [org.gradle.workers.internal.WorkerDaemonExpiration] Will attempt to release 390 of memory
2024-11-12T08:55:55.255+0200 [DEBUG] [org.gradle.process.internal.health.memory.DefaultMemoryManager] 409155993 physical memory requested, 0 released, 313700352 free
2024-11-12T08:56:00.251+0200 [DEBUG] [org.gradle.process.internal.health.memory.DefaultMemoryManager] 409155993 physical memory requested, 311898112 free
2024-11-12T08:56:00.251+0200 [DEBUG] [org.gradle.workers.internal.WorkerDaemonExpiration] Will attempt to release 390 of memory
2024-11-12T08:56:00.251+0200 [DEBUG] [org.gradle.process.internal.health.memory.DefaultMemoryManager] 409155993 physical memory requested, 0 released, 311898112 free
2024-11-12T08:56:05.164+0200 [DEBUG] [org.gradle.cache.internal.DefaultFileLockManager] Waiting to acquire shared lock on daemon addresses registry.
2024-11-12T08:56:05.166+0200 [DEBUG] [org.gradle.cache.internal.DefaultFileLockManager] Lock acquired on daemon addresses registry.
2024-11-12T08:56:05.166+0200 [DEBUG] [org.gradle.cache.internal.DefaultFileLockManager] Releasing lock on daemon addresses registry.
2024-11-12T08:56:05.168+0200 [DEBUG] [org.gradle.cache.internal.DefaultFileLockManager] Waiting to acquire shared lock on daemon addresses registry.
2024-11-12T08:56:05.169+0200 [DEBUG] [org.gradle.cache.internal.DefaultFileLockManager] Lock acquired on daemon addresses registry.
2024-11-12T08:56:05.169+0200 [DEBUG] [org.gradle.cache.internal.DefaultFileLockManager] Releasing lock on daemon addresses registry.
2024-11-12T08:56:05.170+0200 [DEBUG] [org.gradle.cache.internal.DefaultFileLockManager] Waiting to acquire shared lock on daemon addresses registry.
2024-11-12T08:56:05.170+0200 [DEBUG] [org.gradle.cache.internal.DefaultFileLockManager] Lock acquired on daemon addresses registry.
2024-11-12T08:56:05.171+0200 [DEBUG] [org.gradle.cache.internal.DefaultFileLockManager] Releasing lock on daemon addresses registry.
2024-11-12T08:56:05.245+0200 [DEBUG] [org.gradle.process.internal.health.memory.DefaultMemoryManager] 409155993 physical memory requested, 313950208 free
2024-11-12T08:56:05.245+0200 [DEBUG] [org.gradle.workers.internal.WorkerDaemonExpiration] Will attempt to release 390 of memory
2024-11-12T08:56:05.245+0200 [DEBUG] [org.gradle.process.internal.health.memory.DefaultMemoryManager] 409155993 physical memory requested, 0 released, 313950208 free
2024-11-12T08:56:10.249+0200 [DEBUG] [org.gradle.process.internal.health.memory.DefaultMemoryManager] 409155993 physical memory requested, 309170176 free
2024-11-12T08:56:10.250+0200 [DEBUG] [org.gradle.workers.internal.WorkerDaemonExpiration] Will attempt to release 390 of memory
2024-11-12T08:56:10.250+0200 [DEBUG] [org.gradle.process.internal.health.memory.DefaultMemoryManager] 409155993 physical memory requested, 0 released, 309170176 free
2024-11-12T08:56:15.164+0200 [DEBUG] [org.gradle.cache.internal.DefaultFileLockManager] Waiting to acquire shared lock on daemon addresses registry.
2024-11-12T08:56:15.165+0200 [DEBUG] [org.gradle.cache.internal.DefaultFileLockManager] Lock acquired on daemon addresses registry.
2024-11-12T08:56:15.166+0200 [DEBUG] [org.gradle.cache.internal.DefaultFileLockManager] Releasing lock on daemon addresses registry.
2024-11-12T08:56:15.171+0200 [DEBUG] [org.gradle.cache.internal.DefaultFileLockManager] Waiting to acquire shared lock on daemon addresses registry.
2024-11-12T08:56:15.171+0200 [DEBUG] [org.gradle.cache.internal.DefaultFileLockManager] Lock acquired on daemon addresses registry.
2024-11-12T08:56:15.172+0200 [DEBUG] [org.gradle.cache.internal.DefaultFileLockManager] Releasing lock on daemon addresses registry.
2024-11-12T08:56:15.176+0200 [DEBUG] [org.gradle.cache.internal.DefaultFileLockManager] Waiting to acquire shared lock on daemon addresses registry.
2024-11-12T08:56:15.178+0200 [DEBUG] [org.gradle.cache.internal.DefaultFileLockManager] Lock acquired on daemon addresses registry.
2024-11-12T08:56:15.178+0200 [DEBUG] [org.gradle.cache.internal.DefaultFileLockManager] Releasing lock on daemon addresses registry.
2024-11-12T08:56:15.245+0200 [DEBUG] [org.gradle.process.internal.health.memory.DefaultMemoryManager] 409155993 physical memory requested, 300511232 free
2024-11-12T08:56:15.245+0200 [DEBUG] [org.gradle.workers.internal.WorkerDaemonExpiration] Will attempt to release 390 of memory
2024-11-12T08:56:15.245+0200 [DEBUG] [org.gradle.process.internal.health.memory.DefaultMemoryManager] 409155993 physical memory requested, 0 released, 300511232 free
2024-11-12T08:56:20.258+0200 [DEBUG] [org.gradle.process.internal.health.memory.DefaultMemoryManager] 409155993 physical memory requested, 276901888 free
2024-11-12T08:56:20.259+0200 [DEBUG] [org.gradle.workers.internal.WorkerDaemonExpiration] Will attempt to release 390 of memory
2024-11-12T08:56:20.260+0200 [DEBUG] [org.gradle.process.internal.health.memory.DefaultMemoryManager] 409155993 physical memory requested, 0 released, 276901888 free
2024-11-12T08:56:25.153+0200 [DEBUG] [org.gradle.cache.internal.DefaultFileLockManager] Waiting to acquire shared lock on daemon addresses registry.
2024-11-12T08:56:25.155+0200 [DEBUG] [org.gradle.cache.internal.DefaultFileLockManager] Lock acquired on daemon addresses registry.
2024-11-12T08:56:25.156+0200 [DEBUG] [org.gradle.cache.internal.DefaultFileLockManager] Releasing lock on daemon addresses registry.
2024-11-12T08:56:25.159+0200 [DEBUG] [org.gradle.cache.internal.DefaultFileLockManager] Waiting to acquire shared lock on daemon addresses registry.
2024-11-12T08:56:25.160+0200 [DEBUG] [org.gradle.cache.internal.DefaultFileLockManager] Lock acquired on daemon addresses registry.
2024-11-12T08:56:25.162+0200 [DEBUG] [org.gradle.cache.internal.DefaultFileLockManager] Releasing lock on daemon addresses registry.
2024-11-12T08:56:25.166+0200 [DEBUG] [org.gradle.cache.internal.DefaultFileLockManager] Waiting to acquire shared lock on daemon addresses registry.
2024-11-12T08:56:25.166+0200 [DEBUG] [org.gradle.cache.internal.DefaultFileLockManager] Lock acquired on daemon addresses registry.
2024-11-12T08:56:25.167+0200 [DEBUG] [org.gradle.cache.internal.DefaultFileLockManager] Releasing lock on daemon addresses registry.
2024-11-12T08:56:25.253+0200 [DEBUG] [org.gradle.process.internal.health.memory.DefaultMemoryManager] 409155993 physical memory requested, 386560000 free
2024-11-12T08:56:25.253+0200 [DEBUG] [org.gradle.workers.internal.WorkerDaemonExpiration] Will attempt to release 390 of memory
2024-11-12T08:56:25.253+0200 [DEBUG] [org.gradle.process.internal.health.memory.DefaultMemoryManager] 409155993 physical memory requested, 0 released, 386560000 free
2024-11-12T08:56:30.255+0200 [DEBUG] [org.gradle.process.internal.health.memory.DefaultMemoryManager] 409155993 physical memory requested, 359657472 free
2024-11-12T08:56:30.257+0200 [DEBUG] [org.gradle.workers.internal.WorkerDaemonExpiration] Will attempt to release 390 of memory
2024-11-12T08:56:30.257+0200 [DEBUG] [org.gradle.process.internal.health.memory.DefaultMemoryManager] 409155993 physical memory requested, 0 released, 359657472 free
2024-11-12T08:56:35.225+0200 [DEBUG] [org.gradle.cache.internal.DefaultFileLockManager] Waiting to acquire shared lock on daemon addresses registry.
2024-11-12T08:56:35.440+0200 [DEBUG] [org.gradle.cache.internal.DefaultFileLockManager] Lock acquired on daemon addresses registry.
2024-11-12T08:56:35.470+0200 [DEBUG] [org.gradle.cache.internal.DefaultFileLockManager] Releasing lock on daemon addresses registry.
2024-11-12T08:56:35.476+0200 [DEBUG] [org.gradle.cache.internal.DefaultFileLockManager] Waiting to acquire shared lock on daemon addresses registry.
2024-11-12T08:56:35.479+0200 [DEBUG] [org.gradle.cache.internal.DefaultFileLockManager] Lock acquired on daemon addresses registry.
2024-11-12T08:56:35.484+0200 [DEBUG] [org.gradle.cache.internal.DefaultFileLockManager] Releasing lock on daemon addresses registry.
2024-11-12T08:56:35.490+0200 [DEBUG] [org.gradle.cache.internal.DefaultFileLockManager] Waiting to acquire shared lock on daemon addresses registry.
2024-11-12T08:56:35.490+0200 [DEBUG] [org.gradle.cache.internal.DefaultFileLockManager] Lock acquired on daemon addresses registry.
2024-11-12T08:56:35.493+0200 [DEBUG] [org.gradle.cache.internal.DefaultFileLockManager] Releasing lock on daemon addresses registry.
2024-11-12T08:56:40.259+0200 [DEBUG] [org.gradle.process.internal.health.memory.DefaultMemoryManager] 409155993 physical memory requested, 323518464 free
2024-11-12T08:56:40.260+0200 [DEBUG] [org.gradle.workers.internal.WorkerDaemonExpiration] Will attempt to release 390 of memory
2024-11-12T08:56:40.261+0200 [DEBUG] [org.gradle.process.internal.health.memory.DefaultMemoryManager] 409155993 physical memory requested, 0 released, 323518464 free
2024-11-12T08:56:45.498+0200 [DEBUG] [org.gradle.cache.internal.DefaultFileLockManager] Waiting to acquire shared lock on daemon addresses registry.
2024-11-12T08:56:45.499+0200 [DEBUG] [org.gradle.cache.internal.DefaultFileLockManager] Lock acquired on daemon addresses registry.
2024-11-12T08:56:45.502+0200 [DEBUG] [org.gradle.cache.internal.DefaultFileLockManager] Releasing lock on daemon addresses registry.
2024-11-12T08:56:45.505+0200 [DEBUG] [org.gradle.cache.internal.DefaultFileLockManager] Waiting to acquire shared lock on daemon addresses registry.
2024-11-12T08:56:45.506+0200 [DEBUG] [org.gradle.cache.internal.DefaultFileLockManager] Lock acquired on daemon addresses registry.
2024-11-12T08:56:45.507+0200 [DEBUG] [org.gradle.cache.internal.DefaultFileLockManager] Releasing lock on daemon addresses registry.
2024-11-12T08:56:45.510+0200 [DEBUG] [org.gradle.cache.internal.DefaultFileLockManager] Waiting to acquire shared lock on daemon addresses registry.
2024-11-12T08:56:45.510+0200 [DEBUG] [org.gradle.cache.internal.DefaultFileLockManager] Lock acquired on daemon addresses registry.
2024-11-12T08:56:45.511+0200 [DEBUG] [org.gradle.cache.internal.DefaultFileLockManager] Releasing lock on daemon addresses registry.
2024-11-12T08:56:45.856+0200 [DEBUG] [org.gradle.process.internal.health.memory.DefaultMemoryManager] 409155993 physical memory requested, 161517568 free
2024-11-12T08:56:45.856+0200 [DEBUG] [org.gradle.workers.internal.WorkerDaemonExpiration] Will attempt to release 390 of memory
2024-11-12T08:56:45.858+0200 [DEBUG] [org.gradle.process.internal.health.memory.DefaultMemoryManager] 409155993 physical memory requested, 0 released, 161517568 free
2024-11-12T08:56:50.243+0200 [DEBUG] [org.gradle.process.internal.health.memory.DefaultMemoryManager] 409155993 physical memory requested, 347193344 free
2024-11-12T08:56:50.245+0200 [DEBUG] [org.gradle.workers.internal.WorkerDaemonExpiration] Will attempt to release 390 of memory
2024-11-12T08:56:50.246+0200 [DEBUG] [org.gradle.process.internal.health.memory.DefaultMemoryManager] 409155993 physical memory requested, 0 released, 347193344 free
2024-11-12T08:56:55.148+0200 [DEBUG] [org.gradle.cache.internal.DefaultFileLockManager] Waiting to acquire shared lock on daemon addresses registry.
2024-11-12T08:56:55.170+0200 [DEBUG] [org.gradle.cache.internal.DefaultFileLockManager] Lock acquired on daemon addresses registry.
2024-11-12T08:56:55.171+0200 [DEBUG] [org.gradle.cache.internal.DefaultFileLockManager] Releasing lock on daemon addresses registry.
2024-11-12T08:56:55.173+0200 [DEBUG] [org.gradle.cache.internal.DefaultFileLockManager] Waiting to acquire shared lock on daemon addresses registry.
2024-11-12T08:56:55.173+0200 [DEBUG] [org.gradle.cache.internal.DefaultFileLockManager] Lock acquired on daemon addresses registry.
2024-11-12T08:56:55.174+0200 [DEBUG] [org.gradle.cache.internal.DefaultFileLockManager] Releasing lock on daemon addresses registry.
2024-11-12T08:56:55.175+0200 [DEBUG] [org.gradle.cache.internal.DefaultFileLockManager] Waiting to acquire shared lock on daemon addresses registry.
2024-11-12T08:56:55.175+0200 [DEBUG] [org.gradle.cache.internal.DefaultFileLockManager] Lock acquired on daemon addresses registry.
2024-11-12T08:56:55.176+0200 [DEBUG] [org.gradle.cache.internal.DefaultFileLockManager] Releasing lock on daemon addresses registry.
2024-11-12T08:57:05.161+0200 [DEBUG] [org.gradle.cache.internal.DefaultFileLockManager] Waiting to acquire shared lock on daemon addresses registry.
2024-11-12T08:57:05.163+0200 [DEBUG] [org.gradle.cache.internal.DefaultFileLockManager] Lock acquired on daemon addresses registry.
2024-11-12T08:57:05.164+0200 [DEBUG] [org.gradle.cache.internal.DefaultFileLockManager] Releasing lock on daemon addresses registry.
2024-11-12T08:57:05.166+0200 [DEBUG] [org.gradle.cache.internal.DefaultFileLockManager] Waiting to acquire shared lock on daemon addresses registry.
2024-11-12T08:57:05.167+0200 [DEBUG] [org.gradle.cache.internal.DefaultFileLockManager] Lock acquired on daemon addresses registry.
2024-11-12T08:57:05.167+0200 [DEBUG] [org.gradle.cache.internal.DefaultFileLockManager] Releasing lock on daemon addresses registry.
2024-11-12T08:57:05.169+0200 [DEBUG] [org.gradle.cache.internal.DefaultFileLockManager] Waiting to acquire shared lock on daemon addresses registry.
2024-11-12T08:57:05.170+0200 [DEBUG] [org.gradle.cache.internal.DefaultFileLockManager] Lock acquired on daemon addresses registry.
2024-11-12T08:57:05.171+0200 [DEBUG] [org.gradle.cache.internal.DefaultFileLockManager] Releasing lock on daemon addresses registry.
2024-11-12T08:57:15.149+0200 [DEBUG] [org.gradle.cache.internal.DefaultFileLockManager] Waiting to acquire shared lock on daemon addresses registry.
2024-11-12T08:57:15.149+0200 [DEBUG] [org.gradle.cache.internal.DefaultFileLockManager] Lock acquired on daemon addresses registry.
2024-11-12T08:57:15.150+0200 [DEBUG] [org.gradle.cache.internal.DefaultFileLockManager] Releasing lock on daemon addresses registry.
2024-11-12T08:57:15.152+0200 [DEBUG] [org.gradle.cache.internal.DefaultFileLockManager] Waiting to acquire shared lock on daemon addresses registry.
2024-11-12T08:57:15.152+0200 [DEBUG] [org.gradle.cache.internal.DefaultFileLockManager] Lock acquired on daemon addresses registry.
2024-11-12T08:57:15.153+0200 [DEBUG] [org.gradle.cache.internal.DefaultFileLockManager] Releasing lock on daemon addresses registry.
2024-11-12T08:57:15.155+0200 [DEBUG] [org.gradle.cache.internal.DefaultFileLockManager] Waiting to acquire shared lock on daemon addresses registry.
2024-11-12T08:57:15.155+0200 [DEBUG] [org.gradle.cache.internal.DefaultFileLockManager] Lock acquired on daemon addresses registry.
2024-11-12T08:57:15.157+0200 [DEBUG] [org.gradle.cache.internal.DefaultFileLockManager] Releasing lock on daemon addresses registry.
2024-11-12T08:57:25.159+0200 [DEBUG] [org.gradle.cache.internal.DefaultFileLockManager] Waiting to acquire shared lock on daemon addresses registry.
2024-11-12T08:57:25.159+0200 [DEBUG] [org.gradle.cache.internal.DefaultFileLockManager] Lock acquired on daemon addresses registry.
2024-11-12T08:57:25.160+0200 [DEBUG] [org.gradle.cache.internal.DefaultFileLockManager] Releasing lock on daemon addresses registry.
2024-11-12T08:57:25.164+0200 [DEBUG] [org.gradle.cache.internal.DefaultFileLockManager] Waiting to acquire shared lock on daemon addresses registry.
2024-11-12T08:57:25.165+0200 [DEBUG] [org.gradle.cache.internal.DefaultFileLockManager] Lock acquired on daemon addresses registry.
2024-11-12T08:57:25.165+0200 [DEBUG] [org.gradle.cache.internal.DefaultFileLockManager] Releasing lock on daemon addresses registry.
2024-11-12T08:57:25.167+0200 [DEBUG] [org.gradle.cache.internal.DefaultFileLockManager] Waiting to acquire shared lock on daemon addresses registry.
2024-11-12T08:57:25.167+0200 [DEBUG] [org.gradle.cache.internal.DefaultFileLockManager] Lock acquired on daemon addresses registry.
2024-11-12T08:57:25.168+0200 [DEBUG] [org.gradle.cache.internal.DefaultFileLockManager] Releasing lock on daemon addresses registry.
2024-11-12T08:57:30.373+0200 [DEBUG] [org.gradle.process.internal.health.memory.DefaultMemoryManager] 409155993 physical memory requested, 294924288 free
2024-11-12T08:57:30.373+0200 [DEBUG] [org.gradle.workers.internal.WorkerDaemonExpiration] Will attempt to release 390 of memory
2024-11-12T08:57:30.373+0200 [DEBUG] [org.gradle.process.internal.health.memory.DefaultMemoryManager] 409155993 physical memory requested, 0 released, 294924288 free
2024-11-12T08:57:35.187+0200 [DEBUG] [org.gradle.cache.internal.DefaultFileLockManager] Waiting to acquire shared lock on daemon addresses registry.
2024-11-12T08:57:35.188+0200 [DEBUG] [org.gradle.cache.internal.DefaultFileLockManager] Lock acquired on daemon addresses registry.
2024-11-12T08:57:35.206+0200 [DEBUG] [org.gradle.cache.internal.DefaultFileLockManager] Releasing lock on daemon addresses registry.
2024-11-12T08:57:35.207+0200 [DEBUG] [org.gradle.cache.internal.DefaultFileLockManager] Waiting to acquire shared lock on daemon addresses registry.
2024-11-12T08:57:35.207+0200 [DEBUG] [org.gradle.cache.internal.DefaultFileLockManager] Lock acquired on daemon addresses registry.
2024-11-12T08:57:35.208+0200 [DEBUG] [org.gradle.cache.internal.DefaultFileLockManager] Releasing lock on daemon addresses registry.
2024-11-12T08:57:35.209+0200 [DEBUG] [org.gradle.cache.internal.DefaultFileLockManager] Waiting to acquire shared lock on daemon addresses registry.
2024-11-12T08:57:35.209+0200 [DEBUG] [org.gradle.cache.internal.DefaultFileLockManager] Lock acquired on daemon addresses registry.
2024-11-12T08:57:35.209+0200 [DEBUG] [org.gradle.cache.internal.DefaultFileLockManager] Releasing lock on daemon addresses registry.
2024-11-12T08:57:35.242+0200 [DEBUG] [org.gradle.process.internal.health.memory.DefaultMemoryManager] 409155993 physical memory requested, 295014400 free
2024-11-12T08:57:35.254+0200 [DEBUG] [org.gradle.workers.internal.WorkerDaemonExpiration] Will attempt to release 390 of memory
2024-11-12T08:57:35.254+0200 [DEBUG] [org.gradle.process.internal.health.memory.DefaultMemoryManager] 409155993 physical memory requested, 0 released, 295014400 free
2024-11-12T08:57:40.297+0200 [DEBUG] [org.gradle.process.internal.health.memory.DefaultMemoryManager] 409155993 physical memory requested, 361799680 free
2024-11-12T08:57:40.297+0200 [DEBUG] [org.gradle.workers.internal.WorkerDaemonExpiration] Will attempt to release 390 of memory
2024-11-12T08:57:40.297+0200 [DEBUG] [org.gradle.process.internal.health.memory.DefaultMemoryManager] 409155993 physical memory requested, 0 released, 361799680 free
2024-11-12T08:57:45.158+0200 [DEBUG] [org.gradle.cache.internal.DefaultFileLockManager] Waiting to acquire shared lock on daemon addresses registry.
2024-11-12T08:57:45.158+0200 [DEBUG] [org.gradle.cache.internal.DefaultFileLockManager] Lock acquired on daemon addresses registry.
2024-11-12T08:57:45.159+0200 [DEBUG] [org.gradle.cache.internal.DefaultFileLockManager] Releasing lock on daemon addresses registry.
2024-11-12T08:57:45.162+0200 [DEBUG] [org.gradle.cache.internal.DefaultFileLockManager] Waiting to acquire shared lock on daemon addresses registry.
2024-11-12T08:57:45.162+0200 [DEBUG] [org.gradle.cache.internal.DefaultFileLockManager] Lock acquired on daemon addresses registry.
2024-11-12T08:57:45.163+0200 [DEBUG] [org.gradle.cache.internal.DefaultFileLockManager] Releasing lock on daemon addresses registry.
2024-11-12T08:57:45.165+0200 [DEBUG] [org.gradle.cache.internal.DefaultFileLockManager] Waiting to acquire shared lock on daemon addresses registry.
2024-11-12T08:57:45.166+0200 [DEBUG] [org.gradle.cache.internal.DefaultFileLockManager] Lock acquired on daemon addresses registry.
2024-11-12T08:57:45.166+0200 [DEBUG] [org.gradle.cache.internal.DefaultFileLockManager] Releasing lock on daemon addresses registry.
2024-11-12T08:57:55.160+0200 [DEBUG] [org.gradle.cache.internal.DefaultFileLockManager] Waiting to acquire shared lock on daemon addresses registry.
2024-11-12T08:57:55.161+0200 [DEBUG] [org.gradle.cache.internal.DefaultFileLockManager] Lock acquired on daemon addresses registry.
2024-11-12T08:57:55.163+0200 [DEBUG] [org.gradle.cache.internal.DefaultFileLockManager] Releasing lock on daemon addresses registry.
2024-11-12T08:57:55.165+0200 [DEBUG] [org.gradle.cache.internal.DefaultFileLockManager] Waiting to acquire shared lock on daemon addresses registry.
2024-11-12T08:57:55.165+0200 [DEBUG] [org.gradle.cache.internal.DefaultFileLockManager] Lock acquired on daemon addresses registry.
2024-11-12T08:57:55.166+0200 [DEBUG] [org.gradle.cache.internal.DefaultFileLockManager] Releasing lock on daemon addresses registry.
2024-11-12T08:57:55.166+0200 [DEBUG] [org.gradle.cache.internal.DefaultFileLockManager] Waiting to acquire shared lock on daemon addresses registry.
2024-11-12T08:57:55.167+0200 [DEBUG] [org.gradle.cache.internal.DefaultFileLockManager] Lock acquired on daemon addresses registry.
2024-11-12T08:57:55.167+0200 [DEBUG] [org.gradle.cache.internal.DefaultFileLockManager] Releasing lock on daemon addresses registry.
2024-11-12T08:58:05.170+0200 [DEBUG] [org.gradle.cache.internal.DefaultFileLockManager] Waiting to acquire shared lock on daemon addresses registry.
2024-11-12T08:58:05.171+0200 [DEBUG] [org.gradle.cache.internal.DefaultFileLockManager] Lock acquired on daemon addresses registry.
2024-11-12T08:58:05.174+0200 [DEBUG] [org.gradle.cache.internal.DefaultFileLockManager] Releasing lock on daemon addresses registry.
2024-11-12T08:58:05.176+0200 [DEBUG] [org.gradle.cache.internal.DefaultFileLockManager] Waiting to acquire shared lock on daemon addresses registry.
2024-11-12T08:58:05.176+0200 [DEBUG] [org.gradle.cache.internal.DefaultFileLockManager] Lock acquired on daemon addresses registry.
2024-11-12T08:58:05.176+0200 [DEBUG] [org.gradle.cache.internal.DefaultFileLockManager] Releasing lock on daemon addresses registry.
2024-11-12T08:58:05.177+0200 [DEBUG] [org.gradle.cache.internal.DefaultFileLockManager] Waiting to acquire shared lock on daemon addresses registry.
2024-11-12T08:58:05.178+0200 [DEBUG] [org.gradle.cache.internal.DefaultFileLockManager] Lock acquired on daemon addresses registry.
2024-11-12T08:58:05.179+0200 [DEBUG] [org.gradle.cache.internal.DefaultFileLockManager] Releasing lock on daemon addresses registry.
2024-11-12T08:58:05.280+0200 [DEBUG] [org.gradle.process.internal.health.memory.DefaultMemoryManager] 409155993 physical memory requested, 374697984 free
2024-11-12T08:58:05.280+0200 [DEBUG] [org.gradle.workers.internal.WorkerDaemonExpiration] Will attempt to release 390 of memory
2024-11-12T08:58:05.280+0200 [DEBUG] [org.gradle.process.internal.health.memory.DefaultMemoryManager] 409155993 physical memory requested, 0 released, 374697984 free
2024-11-12T08:58:10.258+0200 [DEBUG] [org.gradle.process.internal.health.memory.DefaultMemoryManager] 409155993 physical memory requested, 331759616 free
2024-11-12T08:58:10.259+0200 [DEBUG] [org.gradle.workers.internal.WorkerDaemonExpiration] Will attempt to release 390 of memory
2024-11-12T08:58:10.259+0200 [DEBUG] [org.gradle.process.internal.health.memory.DefaultMemoryManager] 409155993 physical memory requested, 0 released, 331759616 free
2024-11-12T08:58:15.164+0200 [DEBUG] [org.gradle.cache.internal.DefaultFileLockManager] Waiting to acquire shared lock on daemon addresses registry.
2024-11-12T08:58:15.164+0200 [DEBUG] [org.gradle.cache.internal.DefaultFileLockManager] Lock acquired on daemon addresses registry.
2024-11-12T08:58:15.165+0200 [DEBUG] [org.gradle.cache.internal.DefaultFileLockManager] Releasing lock on daemon addresses registry.
2024-11-12T08:58:15.166+0200 [DEBUG] [org.gradle.cache.internal.DefaultFileLockManager] Waiting to acquire shared lock on daemon addresses registry.
2024-11-12T08:58:15.166+0200 [DEBUG] [org.gradle.cache.internal.DefaultFileLockManager] Lock acquired on daemon addresses registry.
2024-11-12T08:58:15.167+0200 [DEBUG] [org.gradle.cache.internal.DefaultFileLockManager] Releasing lock on daemon addresses registry.
2024-11-12T08:58:15.168+0200 [DEBUG] [org.gradle.cache.internal.DefaultFileLockManager] Waiting to acquire shared lock on daemon addresses registry.
2024-11-12T08:58:15.168+0200 [DEBUG] [org.gradle.cache.internal.DefaultFileLockManager] Lock acquired on daemon addresses registry.
2024-11-12T08:58:15.168+0200 [DEBUG] [org.gradle.cache.internal.DefaultFileLockManager] Releasing lock on daemon addresses registry.
2024-11-12T08:58:20.785+0200 [DEBUG] [org.gradle.process.internal.health.memory.DefaultMemoryManager] 409155993 physical memory requested, 132669440 free
2024-11-12T08:58:20.785+0200 [DEBUG] [org.gradle.workers.internal.WorkerDaemonExpiration] Will attempt to release 390 of memory
2024-11-12T08:58:20.785+0200 [DEBUG] [org.gradle.process.internal.health.memory.DefaultMemoryManager] 409155993 physical memory requested, 0 released, 132669440 free
2024-11-12T08:58:25.161+0200 [DEBUG] [org.gradle.cache.internal.DefaultFileLockManager] Waiting to acquire shared lock on daemon addresses registry.
2024-11-12T08:58:25.161+0200 [DEBUG] [org.gradle.cache.internal.DefaultFileLockManager] Lock acquired on daemon addresses registry.
2024-11-12T08:58:25.165+0200 [DEBUG] [org.gradle.cache.internal.DefaultFileLockManager] Releasing lock on daemon addresses registry.
2024-11-12T08:58:25.167+0200 [DEBUG] [org.gradle.cache.internal.DefaultFileLockManager] Waiting to acquire shared lock on daemon addresses registry.
2024-11-12T08:58:25.168+0200 [DEBUG] [org.gradle.cache.internal.DefaultFileLockManager] Lock acquired on daemon addresses registry.
2024-11-12T08:58:25.170+0200 [DEBUG] [org.gradle.cache.internal.DefaultFileLockManager] Releasing lock on daemon addresses registry.
2024-11-12T08:58:25.171+0200 [DEBUG] [org.gradle.cache.internal.DefaultFileLockManager] Waiting to acquire shared lock on daemon addresses registry.
2024-11-12T08:58:25.171+0200 [DEBUG] [org.gradle.cache.internal.DefaultFileLockManager] Lock acquired on daemon addresses registry.
2024-11-12T08:58:25.172+0200 [DEBUG] [org.gradle.cache.internal.DefaultFileLockManager] Releasing lock on daemon addresses registry.
2024-11-12T08:58:25.252+0200 [DEBUG] [org.gradle.process.internal.health.memory.DefaultMemoryManager] 409155993 physical memory requested, 248582144 free
2024-11-12T08:58:25.252+0200 [DEBUG] [org.gradle.workers.internal.WorkerDaemonExpiration] Will attempt to release 390 of memory
2024-11-12T08:58:25.252+0200 [DEBUG] [org.gradle.process.internal.health.memory.DefaultMemoryManager] 409155993 physical memory requested, 0 released, 248582144 free
2024-11-12T08:58:30.419+0200 [DEBUG] [org.gradle.process.internal.health.memory.DefaultMemoryManager] 409155993 physical memory requested, 397950976 free
2024-11-12T08:58:30.421+0200 [DEBUG] [org.gradle.workers.internal.WorkerDaemonExpiration] Will attempt to release 390 of memory
2024-11-12T08:58:30.421+0200 [DEBUG] [org.gradle.process.internal.health.memory.DefaultMemoryManager] 409155993 physical memory requested, 0 released, 397950976 free
2024-11-12T08:58:35.154+0200 [DEBUG] [org.gradle.cache.internal.DefaultFileLockManager] Waiting to acquire shared lock on daemon addresses registry.
2024-11-12T08:58:35.155+0200 [DEBUG] [org.gradle.cache.internal.DefaultFileLockManager] Lock acquired on daemon addresses registry.
2024-11-12T08:58:35.158+0200 [DEBUG] [org.gradle.cache.internal.DefaultFileLockManager] Releasing lock on daemon addresses registry.
2024-11-12T08:58:35.161+0200 [DEBUG] [org.gradle.cache.internal.DefaultFileLockManager] Waiting to acquire shared lock on daemon addresses registry.
2024-11-12T08:58:35.161+0200 [DEBUG] [org.gradle.cache.internal.DefaultFileLockManager] Lock acquired on daemon addresses registry.
2024-11-12T08:58:35.162+0200 [DEBUG] [org.gradle.cache.internal.DefaultFileLockManager] Releasing lock on daemon addresses registry.
2024-11-12T08:58:35.163+0200 [DEBUG] [org.gradle.cache.internal.DefaultFileLockManager] Waiting to acquire shared lock on daemon addresses registry.
2024-11-12T08:58:35.165+0200 [DEBUG] [org.gradle.cache.internal.DefaultFileLockManager] Lock acquired on daemon addresses registry.
2024-11-12T08:58:35.166+0200 [DEBUG] [org.gradle.cache.internal.DefaultFileLockManager] Releasing lock on daemon addresses registry.
2024-11-12T08:58:35.251+0200 [DEBUG] [org.gradle.process.internal.health.memory.DefaultMemoryManager] 409155993 physical memory requested, 387403776 free
2024-11-12T08:58:35.251+0200 [DEBUG] [org.gradle.workers.internal.WorkerDaemonExpiration] Will attempt to release 390 of memory
2024-11-12T08:58:35.251+0200 [DEBUG] [org.gradle.process.internal.health.memory.DefaultMemoryManager] 409155993 physical memory requested, 0 released, 387403776 free
2024-11-12T08:58:45.149+0200 [DEBUG] [org.gradle.cache.internal.DefaultFileLockManager] Waiting to acquire shared lock on daemon addresses registry.
2024-11-12T08:58:45.153+0200 [DEBUG] [org.gradle.cache.internal.DefaultFileLockManager] Lock acquired on daemon addresses registry.
2024-11-12T08:58:45.155+0200 [DEBUG] [org.gradle.cache.internal.DefaultFileLockManager] Releasing lock on daemon addresses registry.
2024-11-12T08:58:45.176+0200 [DEBUG] [org.gradle.cache.internal.DefaultFileLockManager] Waiting to acquire shared lock on daemon addresses registry.
2024-11-12T08:58:45.176+0200 [DEBUG] [org.gradle.cache.internal.DefaultFileLockManager] Lock acquired on daemon addresses registry.
2024-11-12T08:58:45.181+0200 [DEBUG] [org.gradle.cache.internal.DefaultFileLockManager] Releasing lock on daemon addresses registry.
2024-11-12T08:58:45.183+0200 [DEBUG] [org.gradle.cache.internal.DefaultFileLockManager] Waiting to acquire shared lock on daemon addresses registry.
2024-11-12T08:58:45.184+0200 [DEBUG] [org.gradle.cache.internal.DefaultFileLockManager] Lock acquired on daemon addresses registry.
2024-11-12T08:58:45.190+0200 [DEBUG] [org.gradle.cache.internal.DefaultFileLockManager] Releasing lock on daemon addresses registry.
2024-11-12T08:58:50.393+0200 [DEBUG] [org.gradle.process.internal.health.memory.DefaultMemoryManager] 409155993 physical memory requested, 190238720 free
2024-11-12T08:58:50.394+0200 [DEBUG] [org.gradle.workers.internal.WorkerDaemonExpiration] Will attempt to release 390 of memory
2024-11-12T08:58:50.395+0200 [DEBUG] [org.gradle.process.internal.health.memory.DefaultMemoryManager] 409155993 physical memory requested, 0 released, 190238720 free
2024-11-12T08:58:55.202+0200 [DEBUG] [org.gradle.cache.internal.DefaultFileLockManager] Waiting to acquire shared lock on daemon addresses registry.
2024-11-12T08:58:55.205+0200 [DEBUG] [org.gradle.cache.internal.DefaultFileLockManager] Lock acquired on daemon addresses registry.
2024-11-12T08:58:55.211+0200 [DEBUG] [org.gradle.cache.internal.DefaultFileLockManager] Releasing lock on daemon addresses registry.
2024-11-12T08:58:55.217+0200 [DEBUG] [org.gradle.cache.internal.DefaultFileLockManager] Waiting to acquire shared lock on daemon addresses registry.
2024-11-12T08:58:55.217+0200 [DEBUG] [org.gradle.cache.internal.DefaultFileLockManager] Lock acquired on daemon addresses registry.
2024-11-12T08:58:55.219+0200 [DEBUG] [org.gradle.cache.internal.DefaultFileLockManager] Releasing lock on daemon addresses registry.
2024-11-12T08:58:55.222+0200 [DEBUG] [org.gradle.cache.internal.DefaultFileLockManager] Waiting to acquire shared lock on daemon addresses registry.
2024-11-12T08:58:55.223+0200 [DEBUG] [org.gradle.cache.internal.DefaultFileLockManager] Lock acquired on daemon addresses registry.
2024-11-12T08:58:55.223+0200 [DEBUG] [org.gradle.cache.internal.DefaultFileLockManager] Releasing lock on daemon addresses registry.
2024-11-12T08:58:55.258+0200 [DEBUG] [org.gradle.process.internal.health.memory.DefaultMemoryManager] 409155993 physical memory requested, 245297152 free
2024-11-12T08:58:55.258+0200 [DEBUG] [org.gradle.workers.internal.WorkerDaemonExpiration] Will attempt to release 390 of memory
2024-11-12T08:58:55.259+0200 [DEBUG] [org.gradle.process.internal.health.memory.DefaultMemoryManager] 409155993 physical memory requested, 0 released, 245297152 free
2024-11-12T08:59:05.286+0200 [DEBUG] [org.gradle.cache.internal.DefaultFileLockManager] Waiting to acquire shared lock on daemon addresses registry.
2024-11-12T08:59:05.288+0200 [DEBUG] [org.gradle.cache.internal.DefaultFileLockManager] Lock acquired on daemon addresses registry.
2024-11-12T08:59:05.289+0200 [DEBUG] [org.gradle.cache.internal.DefaultFileLockManager] Releasing lock on daemon addresses registry.
2024-11-12T08:59:05.293+0200 [DEBUG] [org.gradle.cache.internal.DefaultFileLockManager] Waiting to acquire shared lock on daemon addresses registry.
2024-11-12T08:59:05.294+0200 [DEBUG] [org.gradle.cache.internal.DefaultFileLockManager] Lock acquired on daemon addresses registry.
2024-11-12T08:59:05.294+0200 [DEBUG] [org.gradle.cache.internal.DefaultFileLockManager] Releasing lock on daemon addresses registry.
2024-11-12T08:59:05.295+0200 [DEBUG] [org.gradle.cache.internal.DefaultFileLockManager] Waiting to acquire shared lock on daemon addresses registry.
2024-11-12T08:59:05.296+0200 [DEBUG] [org.gradle.cache.internal.DefaultFileLockManager] Lock acquired on daemon addresses registry.
2024-11-12T08:59:05.296+0200 [DEBUG] [org.gradle.cache.internal.DefaultFileLockManager] Releasing lock on daemon addresses registry.
2024-11-12T08:59:05.567+0200 [DEBUG] [org.gradle.process.internal.health.memory.DefaultMemoryManager] 409155993 physical memory requested, 75591680 free
2024-11-12T08:59:05.567+0200 [DEBUG] [org.gradle.workers.internal.WorkerDaemonExpiration] Will attempt to release 390 of memory
2024-11-12T08:59:05.584+0200 [DEBUG] [org.gradle.process.internal.health.memory.DefaultMemoryManager] 409155993 physical memory requested, 0 released, 75591680 free
2024-11-12T08:59:10.244+0200 [DEBUG] [org.gradle.process.internal.health.memory.DefaultMemoryManager] 409155993 physical memory requested, 395894784 free
2024-11-12T08:59:10.244+0200 [DEBUG] [org.gradle.workers.internal.WorkerDaemonExpiration] Will attempt to release 390 of memory
2024-11-12T08:59:10.244+0200 [DEBUG] [org.gradle.process.internal.health.memory.DefaultMemoryManager] 409155993 physical memory requested, 0 released, 395894784 free
2024-11-12T08:59:15.147+0200 [DEBUG] [org.gradle.cache.internal.DefaultFileLockManager] Waiting to acquire shared lock on daemon addresses registry.
2024-11-12T08:59:15.147+0200 [DEBUG] [org.gradle.cache.internal.DefaultFileLockManager] Lock acquired on daemon addresses registry.
2024-11-12T08:59:15.149+0200 [DEBUG] [org.gradle.cache.internal.DefaultFileLockManager] Releasing lock on daemon addresses registry.
2024-11-12T08:59:15.151+0200 [DEBUG] [org.gradle.cache.internal.DefaultFileLockManager] Waiting to acquire shared lock on daemon addresses registry.
2024-11-12T08:59:15.152+0200 [DEBUG] [org.gradle.cache.internal.DefaultFileLockManager] Lock acquired on daemon addresses registry.
2024-11-12T08:59:15.152+0200 [DEBUG] [org.gradle.cache.internal.DefaultFileLockManager] Releasing lock on daemon addresses registry.
2024-11-12T08:59:15.153+0200 [DEBUG] [org.gradle.cache.internal.DefaultFileLockManager] Waiting to acquire shared lock on daemon addresses registry.
2024-11-12T08:59:15.153+0200 [DEBUG] [org.gradle.cache.internal.DefaultFileLockManager] Lock acquired on daemon addresses registry.
2024-11-12T08:59:15.154+0200 [DEBUG] [org.gradle.cache.internal.DefaultFileLockManager] Releasing lock on daemon addresses registry.
2024-11-12T08:59:25.162+0200 [DEBUG] [org.gradle.cache.internal.DefaultFileLockManager] Waiting to acquire shared lock on daemon addresses registry.
2024-11-12T08:59:25.162+0200 [DEBUG] [org.gradle.cache.internal.DefaultFileLockManager] Lock acquired on daemon addresses registry.
2024-11-12T08:59:25.165+0200 [DEBUG] [org.gradle.cache.internal.DefaultFileLockManager] Releasing lock on daemon addresses registry.
2024-11-12T08:59:25.168+0200 [DEBUG] [org.gradle.cache.internal.DefaultFileLockManager] Waiting to acquire shared lock on daemon addresses registry.
2024-11-12T08:59:25.168+0200 [DEBUG] [org.gradle.cache.internal.DefaultFileLockManager] Lock acquired on daemon addresses registry.
2024-11-12T08:59:25.168+0200 [DEBUG] [org.gradle.cache.internal.DefaultFileLockManager] Releasing lock on daemon addresses registry.
2024-11-12T08:59:25.170+0200 [DEBUG] [org.gradle.cache.internal.DefaultFileLockManager] Waiting to acquire shared lock on daemon addresses registry.
2024-11-12T08:59:25.170+0200 [DEBUG] [org.gradle.cache.internal.DefaultFileLockManager] Lock acquired on daemon addresses registry.
2024-11-12T08:59:25.171+0200 [DEBUG] [org.gradle.cache.internal.DefaultFileLockManager] Releasing lock on daemon addresses registry.
2024-11-12T08:59:35.161+0200 [DEBUG] [org.gradle.cache.internal.DefaultFileLockManager] Waiting to acquire shared lock on daemon addresses registry.
2024-11-12T08:59:35.196+0200 [DEBUG] [org.gradle.cache.internal.DefaultFileLockManager] Lock acquired on daemon addresses registry.
2024-11-12T08:59:35.197+0200 [DEBUG] [org.gradle.cache.internal.DefaultFileLockManager] Releasing lock on daemon addresses registry.
2024-11-12T08:59:35.199+0200 [DEBUG] [org.gradle.cache.internal.DefaultFileLockManager] Waiting to acquire shared lock on daemon addresses registry.
2024-11-12T08:59:35.200+0200 [DEBUG] [org.gradle.cache.internal.DefaultFileLockManager] Lock acquired on daemon addresses registry.
2024-11-12T08:59:35.295+0200 [DEBUG] [org.gradle.cache.internal.DefaultFileLockManager] Releasing lock on daemon addresses registry.
2024-11-12T08:59:35.296+0200 [DEBUG] [org.gradle.cache.internal.DefaultFileLockManager] Waiting to acquire shared lock on daemon addresses registry.
2024-11-12T08:59:35.296+0200 [DEBUG] [org.gradle.cache.internal.DefaultFileLockManager] Lock acquired on daemon addresses registry.
2024-11-12T08:59:35.297+0200 [DEBUG] [org.gradle.cache.internal.DefaultFileLockManager] Releasing lock on daemon addresses registry.
2024-11-12T08:59:45.476+0200 [DEBUG] [org.gradle.cache.internal.DefaultFileLockManager] Waiting to acquire shared lock on daemon addresses registry.
2024-11-12T08:59:45.476+0200 [DEBUG] [org.gradle.cache.internal.DefaultFileLockManager] Lock acquired on daemon addresses registry.
2024-11-12T08:59:45.476+0200 [DEBUG] [org.gradle.cache.internal.DefaultFileLockManager] Releasing lock on daemon addresses registry.
2024-11-12T08:59:45.479+0200 [DEBUG] [org.gradle.cache.internal.DefaultFileLockManager] Waiting to acquire shared lock on daemon addresses registry.
2024-11-12T08:59:45.479+0200 [DEBUG] [org.gradle.cache.internal.DefaultFileLockManager] Lock acquired on daemon addresses registry.
2024-11-12T08:59:45.480+0200 [DEBUG] [org.gradle.cache.internal.DefaultFileLockManager] Releasing lock on daemon addresses registry.
2024-11-12T08:59:45.481+0200 [DEBUG] [org.gradle.cache.internal.DefaultFileLockManager] Waiting to acquire shared lock on daemon addresses registry.
2024-11-12T08:59:45.481+0200 [DEBUG] [org.gradle.cache.internal.DefaultFileLockManager] Lock acquired on daemon addresses registry.
2024-11-12T08:59:45.482+0200 [DEBUG] [org.gradle.cache.internal.DefaultFileLockManager] Releasing lock on daemon addresses registry.
2024-11-12T08:59:45.519+0200 [DEBUG] [org.gradle.process.internal.health.memory.DefaultMemoryManager] 409155993 physical memory requested, 302800896 free
2024-11-12T08:59:45.519+0200 [DEBUG] [org.gradle.workers.internal.WorkerDaemonExpiration] Will attempt to release 390 of memory
2024-11-12T08:59:45.519+0200 [DEBUG] [org.gradle.process.internal.health.memory.DefaultMemoryManager] 409155993 physical memory requested, 0 released, 302800896 free
2024-11-12T08:59:50.293+0200 [DEBUG] [org.gradle.process.internal.health.memory.DefaultMemoryManager] 409155993 physical memory requested, 196927488 free
2024-11-12T08:59:50.294+0200 [DEBUG] [org.gradle.workers.internal.WorkerDaemonExpiration] Will attempt to release 390 of memory
2024-11-12T08:59:50.295+0200 [DEBUG] [org.gradle.process.internal.health.memory.DefaultMemoryManager] 409155993 physical memory requested, 0 released, 196927488 free
2024-11-12T08:59:55.146+0200 [DEBUG] [org.gradle.cache.internal.DefaultFileLockManager] Waiting to acquire shared lock on daemon addresses registry.
2024-11-12T08:59:55.148+0200 [DEBUG] [org.gradle.cache.internal.DefaultFileLockManager] Lock acquired on daemon addresses registry.
2024-11-12T08:59:55.148+0200 [DEBUG] [org.gradle.cache.internal.DefaultFileLockManager] Releasing lock on daemon addresses registry.
2024-11-12T08:59:55.150+0200 [DEBUG] [org.gradle.cache.internal.DefaultFileLockManager] Waiting to acquire shared lock on daemon addresses registry.
2024-11-12T08:59:55.150+0200 [DEBUG] [org.gradle.cache.internal.DefaultFileLockManager] Lock acquired on daemon addresses registry.
2024-11-12T08:59:55.151+0200 [DEBUG] [org.gradle.cache.internal.DefaultFileLockManager] Releasing lock on daemon addresses registry.
2024-11-12T08:59:55.151+0200 [DEBUG] [org.gradle.cache.internal.DefaultFileLockManager] Waiting to acquire shared lock on daemon addresses registry.
2024-11-12T08:59:55.152+0200 [DEBUG] [org.gradle.cache.internal.DefaultFileLockManager] Lock acquired on daemon addresses registry.
2024-11-12T08:59:55.155+0200 [DEBUG] [org.gradle.cache.internal.DefaultFileLockManager] Releasing lock on daemon addresses registry.
2024-11-12T08:59:55.246+0200 [DEBUG] [org.gradle.process.internal.health.memory.DefaultMemoryManager] 409155993 physical memory requested, 228241408 free
2024-11-12T08:59:55.246+0200 [DEBUG] [org.gradle.workers.internal.WorkerDaemonExpiration] Will attempt to release 390 of memory
2024-11-12T08:59:55.247+0200 [DEBUG] [org.gradle.process.internal.health.memory.DefaultMemoryManager] 409155993 physical memory requested, 0 released, 228241408 free
2024-11-12T09:00:00.698+0200 [DEBUG] [org.gradle.process.internal.health.memory.DefaultMemoryManager] 409155993 physical memory requested, 133607424 free
2024-11-12T09:00:00.700+0200 [DEBUG] [org.gradle.workers.internal.WorkerDaemonExpiration] Will attempt to release 390 of memory
2024-11-12T09:00:00.700+0200 [DEBUG] [org.gradle.process.internal.health.memory.DefaultMemoryManager] 409155993 physical memory requested, 0 released, 133607424 free
2024-11-12T09:00:05.149+0200 [DEBUG] [org.gradle.cache.internal.DefaultFileLockManager] Waiting to acquire shared lock on daemon addresses registry.
2024-11-12T09:00:05.150+0200 [DEBUG] [org.gradle.cache.internal.DefaultFileLockManager] Lock acquired on daemon addresses registry.
2024-11-12T09:00:05.150+0200 [DEBUG] [org.gradle.cache.internal.DefaultFileLockManager] Releasing lock on daemon addresses registry.
2024-11-12T09:00:05.152+0200 [DEBUG] [org.gradle.cache.internal.DefaultFileLockManager] Waiting to acquire shared lock on daemon addresses registry.
2024-11-12T09:00:05.152+0200 [DEBUG] [org.gradle.cache.internal.DefaultFileLockManager] Lock acquired on daemon addresses registry.
2024-11-12T09:00:05.153+0200 [DEBUG] [org.gradle.cache.internal.DefaultFileLockManager] Releasing lock on daemon addresses registry.
2024-11-12T09:00:05.155+0200 [DEBUG] [org.gradle.cache.internal.DefaultFileLockManager] Waiting to acquire shared lock on daemon addresses registry.
2024-11-12T09:00:05.155+0200 [DEBUG] [org.gradle.cache.internal.DefaultFileLockManager] Lock acquired on daemon addresses registry.
2024-11-12T09:00:05.158+0200 [DEBUG] [org.gradle.cache.internal.DefaultFileLockManager] Releasing lock on daemon addresses registry.
2024-11-12T09:00:15.160+0200 [DEBUG] [org.gradle.cache.internal.DefaultFileLockManager] Waiting to acquire shared lock on daemon addresses registry.
2024-11-12T09:00:15.160+0200 [DEBUG] [org.gradle.cache.internal.DefaultFileLockManager] Lock acquired on daemon addresses registry.
2024-11-12T09:00:15.161+0200 [DEBUG] [org.gradle.cache.internal.DefaultFileLockManager] Releasing lock on daemon addresses registry.
2024-11-12T09:00:15.163+0200 [DEBUG] [org.gradle.cache.internal.DefaultFileLockManager] Waiting to acquire shared lock on daemon addresses registry.
2024-11-12T09:00:15.163+0200 [DEBUG] [org.gradle.cache.internal.DefaultFileLockManager] Lock acquired on daemon addresses registry.
2024-11-12T09:00:15.163+0200 [DEBUG] [org.gradle.cache.internal.DefaultFileLockManager] Releasing lock on daemon addresses registry.
2024-11-12T09:00:15.164+0200 [DEBUG] [org.gradle.cache.internal.DefaultFileLockManager] Waiting to acquire shared lock on daemon addresses registry.
2024-11-12T09:00:15.164+0200 [DEBUG] [org.gradle.cache.internal.DefaultFileLockManager] Lock acquired on daemon addresses registry.
2024-11-12T09:00:15.165+0200 [DEBUG] [org.gradle.cache.internal.DefaultFileLockManager] Releasing lock on daemon addresses registry.
2024-11-12T09:00:25.146+0200 [DEBUG] [org.gradle.cache.internal.DefaultFileLockManager] Waiting to acquire shared lock on daemon addresses registry.
2024-11-12T09:00:25.146+0200 [DEBUG] [org.gradle.cache.internal.DefaultFileLockManager] Lock acquired on daemon addresses registry.
2024-11-12T09:00:25.146+0200 [DEBUG] [org.gradle.cache.internal.DefaultFileLockManager] Releasing lock on daemon addresses registry.
2024-11-12T09:00:25.147+0200 [DEBUG] [org.gradle.cache.internal.DefaultFileLockManager] Waiting to acquire shared lock on daemon addresses registry.
2024-11-12T09:00:25.148+0200 [DEBUG] [org.gradle.cache.internal.DefaultFileLockManager] Lock acquired on daemon addresses registry.
2024-11-12T09:00:25.149+0200 [DEBUG] [org.gradle.cache.internal.DefaultFileLockManager] Releasing lock on daemon addresses registry.
2024-11-12T09:00:25.150+0200 [DEBUG] [org.gradle.cache.internal.DefaultFileLockManager] Waiting to acquire shared lock on daemon addresses registry.
2024-11-12T09:00:25.150+0200 [DEBUG] [org.gradle.cache.internal.DefaultFileLockManager] Lock acquired on daemon addresses registry.
2024-11-12T09:00:25.150+0200 [DEBUG] [org.gradle.cache.internal.DefaultFileLockManager] Releasing lock on daemon addresses registry.
2024-11-12T09:00:30.257+0200 [DEBUG] [org.gradle.process.internal.health.memory.DefaultMemoryManager] 409155993 physical memory requested, 346943488 free
2024-11-12T09:00:30.257+0200 [DEBUG] [org.gradle.workers.internal.WorkerDaemonExpiration] Will attempt to release 390 of memory
2024-11-12T09:00:30.258+0200 [DEBUG] [org.gradle.process.internal.health.memory.DefaultMemoryManager] 409155993 physical memory requested, 0 released, 346943488 free
2024-11-12T09:00:35.146+0200 [DEBUG] [org.gradle.cache.internal.DefaultFileLockManager] Waiting to acquire shared lock on daemon addresses registry.
2024-11-12T09:00:35.146+0200 [DEBUG] [org.gradle.cache.internal.DefaultFileLockManager] Lock acquired on daemon addresses registry.
2024-11-12T09:00:35.147+0200 [DEBUG] [org.gradle.cache.internal.DefaultFileLockManager] Releasing lock on daemon addresses registry.
2024-11-12T09:00:35.149+0200 [DEBUG] [org.gradle.cache.internal.DefaultFileLockManager] Waiting to acquire shared lock on daemon addresses registry.
2024-11-12T09:00:35.149+0200 [DEBUG] [org.gradle.cache.internal.DefaultFileLockManager] Lock acquired on daemon addresses registry.
2024-11-12T09:00:35.150+0200 [DEBUG] [org.gradle.cache.internal.DefaultFileLockManager] Releasing lock on daemon addresses registry.
2024-11-12T09:00:35.151+0200 [DEBUG] [org.gradle.cache.internal.DefaultFileLockManager] Waiting to acquire shared lock on daemon addresses registry.
2024-11-12T09:00:35.151+0200 [DEBUG] [org.gradle.cache.internal.DefaultFileLockManager] Lock acquired on daemon addresses registry.
2024-11-12T09:00:35.151+0200 [DEBUG] [org.gradle.cache.internal.DefaultFileLockManager] Releasing lock on daemon addresses registry.
2024-11-12T09:00:35.246+0200 [DEBUG] [org.gradle.process.internal.health.memory.DefaultMemoryManager] 409155993 physical memory requested, 339013632 free
2024-11-12T09:00:35.246+0200 [DEBUG] [org.gradle.workers.internal.WorkerDaemonExpiration] Will attempt to release 390 of memory
2024-11-12T09:00:35.258+0200 [DEBUG] [org.gradle.process.internal.health.memory.DefaultMemoryManager] 409155993 physical memory requested, 0 released, 339013632 free
2024-11-12T09:00:45.163+0200 [DEBUG] [org.gradle.cache.internal.DefaultFileLockManager] Waiting to acquire shared lock on daemon addresses registry.
2024-11-12T09:00:45.164+0200 [DEBUG] [org.gradle.cache.internal.DefaultFileLockManager] Lock acquired on daemon addresses registry.
2024-11-12T09:00:45.165+0200 [DEBUG] [org.gradle.cache.internal.DefaultFileLockManager] Releasing lock on daemon addresses registry.
2024-11-12T09:00:45.168+0200 [DEBUG] [org.gradle.cache.internal.DefaultFileLockManager] Waiting to acquire shared lock on daemon addresses registry.
2024-11-12T09:00:45.169+0200 [DEBUG] [org.gradle.cache.internal.DefaultFileLockManager] Lock acquired on daemon addresses registry.
2024-11-12T09:00:45.172+0200 [DEBUG] [org.gradle.cache.internal.DefaultFileLockManager] Releasing lock on daemon addresses registry.
2024-11-12T09:00:45.175+0200 [DEBUG] [org.gradle.cache.internal.DefaultFileLockManager] Waiting to acquire shared lock on daemon addresses registry.
2024-11-12T09:00:45.175+0200 [DEBUG] [org.gradle.cache.internal.DefaultFileLockManager] Lock acquired on daemon addresses registry.
2024-11-12T09:00:45.176+0200 [DEBUG] [org.gradle.cache.internal.DefaultFileLockManager] Releasing lock on daemon addresses registry.
2024-11-12T09:00:45.246+0200 [DEBUG] [org.gradle.process.internal.health.memory.DefaultMemoryManager] 409155993 physical memory requested, 383311872 free
2024-11-12T09:00:45.247+0200 [DEBUG] [org.gradle.workers.internal.WorkerDaemonExpiration] Will attempt to release 390 of memory
2024-11-12T09:00:45.248+0200 [DEBUG] [org.gradle.process.internal.health.memory.DefaultMemoryManager] 409155993 physical memory requested, 0 released, 383311872 free
2024-11-12T09:00:50.240+0200 [DEBUG] [org.gradle.process.internal.health.memory.DefaultMemoryManager] 409155993 physical memory requested, 358395904 free
2024-11-12T09:00:50.240+0200 [DEBUG] [org.gradle.workers.internal.WorkerDaemonExpiration] Will attempt to release 390 of memory
2024-11-12T09:00:50.241+0200 [DEBUG] [org.gradle.process.internal.health.memory.DefaultMemoryManager] 409155993 physical memory requested, 0 released, 358395904 free
2024-11-12T09:00:55.151+0200 [DEBUG] [org.gradle.cache.internal.DefaultFileLockManager] Waiting to acquire shared lock on daemon addresses registry.
2024-11-12T09:00:55.151+0200 [DEBUG] [org.gradle.cache.internal.DefaultFileLockManager] Lock acquired on daemon addresses registry.
2024-11-12T09:00:55.152+0200 [DEBUG] [org.gradle.cache.internal.DefaultFileLockManager] Releasing lock on daemon addresses registry.
2024-11-12T09:00:55.153+0200 [DEBUG] [org.gradle.cache.internal.DefaultFileLockManager] Waiting to acquire shared lock on daemon addresses registry.
2024-11-12T09:00:55.154+0200 [DEBUG] [org.gradle.cache.internal.DefaultFileLockManager] Lock acquired on daemon addresses registry.
2024-11-12T09:00:55.154+0200 [DEBUG] [org.gradle.cache.internal.DefaultFileLockManager] Releasing lock on daemon addresses registry.
2024-11-12T09:00:55.158+0200 [DEBUG] [org.gradle.cache.internal.DefaultFileLockManager] Waiting to acquire shared lock on daemon addresses registry.
2024-11-12T09:00:55.158+0200 [DEBUG] [org.gradle.cache.internal.DefaultFileLockManager] Lock acquired on daemon addresses registry.
2024-11-12T09:00:55.159+0200 [DEBUG] [org.gradle.cache.internal.DefaultFileLockManager] Releasing lock on daemon addresses registry.
2024-11-12T09:00:55.251+0200 [DEBUG] [org.gradle.process.internal.health.memory.DefaultMemoryManager] 409155993 physical memory requested, 353894400 free
2024-11-12T09:00:55.251+0200 [DEBUG] [org.gradle.workers.internal.WorkerDaemonExpiration] Will attempt to release 390 of memory
2024-11-12T09:00:55.251+0200 [DEBUG] [org.gradle.process.internal.health.memory.DefaultMemoryManager] 409155993 physical memory requested, 0 released, 353894400 free
2024-11-12T09:01:00.673+0200 [DEBUG] [org.gradle.process.internal.health.memory.DefaultMemoryManager] 409155993 physical memory requested, 147066880 free
2024-11-12T09:01:00.673+0200 [DEBUG] [org.gradle.workers.internal.WorkerDaemonExpiration] Will attempt to release 390 of memory
2024-11-12T09:01:00.674+0200 [DEBUG] [org.gradle.process.internal.health.memory.DefaultMemoryManager] 409155993 physical memory requested, 0 released, 147066880 free
2024-11-12T09:01:05.258+0200 [DEBUG] [org.gradle.process.internal.health.memory.DefaultMemoryManager] 409155993 physical memory requested, 53170176 free
2024-11-12T09:01:05.259+0200 [DEBUG] [org.gradle.workers.internal.WorkerDaemonExpiration] Will attempt to release 390 of memory
2024-11-12T09:01:05.259+0200 [DEBUG] [org.gradle.process.internal.health.memory.DefaultMemoryManager] 409155993 physical memory requested, 0 released, 53170176 free
2024-11-12T09:01:05.922+0200 [DEBUG] [org.gradle.cache.internal.DefaultFileLockManager] Waiting to acquire shared lock on daemon addresses registry.
2024-11-12T09:01:05.922+0200 [DEBUG] [org.gradle.cache.internal.DefaultFileLockManager] Lock acquired on daemon addresses registry.
2024-11-12T09:01:05.929+0200 [DEBUG] [org.gradle.cache.internal.DefaultFileLockManager] Releasing lock on daemon addresses registry.
2024-11-12T09:01:05.932+0200 [DEBUG] [org.gradle.cache.internal.DefaultFileLockManager] Waiting to acquire shared lock on daemon addresses registry.
2024-11-12T09:01:05.933+0200 [DEBUG] [org.gradle.cache.internal.DefaultFileLockManager] Lock acquired on daemon addresses registry.
2024-11-12T09:01:05.933+0200 [DEBUG] [org.gradle.cache.internal.DefaultFileLockManager] Releasing lock on daemon addresses registry.
2024-11-12T09:01:05.935+0200 [DEBUG] [org.gradle.cache.internal.DefaultFileLockManager] Waiting to acquire shared lock on daemon addresses registry.
2024-11-12T09:01:05.935+0200 [DEBUG] [org.gradle.cache.internal.DefaultFileLockManager] Lock acquired on daemon addresses registry.
2024-11-12T09:01:05.943+0200 [DEBUG] [org.gradle.cache.internal.DefaultFileLockManager] Releasing lock on daemon addresses registry.
2024-11-12T09:01:10.256+0200 [DEBUG] [org.gradle.process.internal.health.memory.DefaultMemoryManager] 409155993 physical memory requested, 107012096 free
2024-11-12T09:01:10.258+0200 [DEBUG] [org.gradle.workers.internal.WorkerDaemonExpiration] Will attempt to release 390 of memory
2024-11-12T09:01:10.258+0200 [DEBUG] [org.gradle.process.internal.health.memory.DefaultMemoryManager] 409155993 physical memory requested, 0 released, 107012096 free
2024-11-12T09:01:15.723+0200 [DEBUG] [org.gradle.process.internal.health.memory.DefaultMemoryManager] 409155993 physical memory requested, 132628480 free
2024-11-12T09:01:15.766+0200 [DEBUG] [org.gradle.workers.internal.WorkerDaemonExpiration] Will attempt to release 390 of memory
2024-11-12T09:01:15.766+0200 [DEBUG] [org.gradle.process.internal.health.memory.DefaultMemoryManager] 409155993 physical memory requested, 0 released, 132628480 free
2024-11-12T09:01:16.294+0200 [DEBUG] [org.gradle.cache.internal.DefaultFileLockManager] Waiting to acquire shared lock on daemon addresses registry.
2024-11-12T09:01:16.294+0200 [DEBUG] [org.gradle.cache.internal.DefaultFileLockManager] Lock acquired on daemon addresses registry.
2024-11-12T09:01:16.295+0200 [DEBUG] [org.gradle.cache.internal.DefaultFileLockManager] Releasing lock on daemon addresses registry.
2024-11-12T09:01:16.298+0200 [DEBUG] [org.gradle.cache.internal.DefaultFileLockManager] Waiting to acquire shared lock on daemon addresses registry.
2024-11-12T09:01:16.298+0200 [DEBUG] [org.gradle.cache.internal.DefaultFileLockManager] Lock acquired on daemon addresses registry.
2024-11-12T09:01:16.298+0200 [DEBUG] [org.gradle.cache.internal.DefaultFileLockManager] Releasing lock on daemon addresses registry.
2024-11-12T09:01:16.300+0200 [DEBUG] [org.gradle.cache.internal.DefaultFileLockManager] Waiting to acquire shared lock on daemon addresses registry.
2024-11-12T09:01:16.300+0200 [DEBUG] [org.gradle.cache.internal.DefaultFileLockManager] Lock acquired on daemon addresses registry.
2024-11-12T09:01:16.301+0200 [DEBUG] [org.gradle.cache.internal.DefaultFileLockManager] Releasing lock on daemon addresses registry.
2024-11-12T09:01:20.257+0200 [DEBUG] [org.gradle.process.internal.health.memory.DefaultMemoryManager] 409155993 physical memory requested, 276647936 free
2024-11-12T09:01:20.257+0200 [DEBUG] [org.gradle.workers.internal.WorkerDaemonExpiration] Will attempt to release 390 of memory
2024-11-12T09:01:20.257+0200 [DEBUG] [org.gradle.process.internal.health.memory.DefaultMemoryManager] 409155993 physical memory requested, 0 released, 276647936 free
2024-11-12T09:01:25.179+0200 [DEBUG] [org.gradle.cache.internal.DefaultFileLockManager] Waiting to acquire shared lock on daemon addresses registry.
2024-11-12T09:01:25.179+0200 [DEBUG] [org.gradle.cache.internal.DefaultFileLockManager] Lock acquired on daemon addresses registry.
2024-11-12T09:01:25.194+0200 [DEBUG] [org.gradle.cache.internal.DefaultFileLockManager] Releasing lock on daemon addresses registry.
2024-11-12T09:01:25.228+0200 [DEBUG] [org.gradle.cache.internal.DefaultFileLockManager] Waiting to acquire shared lock on daemon addresses registry.
2024-11-12T09:01:25.228+0200 [DEBUG] [org.gradle.cache.internal.DefaultFileLockManager] Lock acquired on daemon addresses registry.
2024-11-12T09:01:25.248+0200 [DEBUG] [org.gradle.cache.internal.DefaultFileLockManager] Releasing lock on daemon addresses registry.
2024-11-12T09:01:25.250+0200 [DEBUG] [org.gradle.cache.internal.DefaultFileLockManager] Waiting to acquire shared lock on daemon addresses registry.
2024-11-12T09:01:25.250+0200 [DEBUG] [org.gradle.cache.internal.DefaultFileLockManager] Lock acquired on daemon addresses registry.
2024-11-12T09:01:25.251+0200 [DEBUG] [org.gradle.cache.internal.DefaultFileLockManager] Releasing lock on daemon addresses registry.
2024-11-12T09:01:35.150+0200 [DEBUG] [org.gradle.cache.internal.DefaultFileLockManager] Waiting to acquire shared lock on daemon addresses registry.
2024-11-12T09:01:35.150+0200 [DEBUG] [org.gradle.cache.internal.DefaultFileLockManager] Lock acquired on daemon addresses registry.
2024-11-12T09:01:35.151+0200 [DEBUG] [org.gradle.cache.internal.DefaultFileLockManager] Releasing lock on daemon addresses registry.
2024-11-12T09:01:35.154+0200 [DEBUG] [org.gradle.cache.internal.DefaultFileLockManager] Waiting to acquire shared lock on daemon addresses registry.
2024-11-12T09:01:35.154+0200 [DEBUG] [org.gradle.cache.internal.DefaultFileLockManager] Lock acquired on daemon addresses registry.
2024-11-12T09:01:35.156+0200 [DEBUG] [org.gradle.cache.internal.DefaultFileLockManager] Releasing lock on daemon addresses registry.
2024-11-12T09:01:35.158+0200 [DEBUG] [org.gradle.cache.internal.DefaultFileLockManager] Waiting to acquire shared lock on daemon addresses registry.
2024-11-12T09:01:35.159+0200 [DEBUG] [org.gradle.cache.internal.DefaultFileLockManager] Lock acquired on daemon addresses registry.
2024-11-12T09:01:35.160+0200 [DEBUG] [org.gradle.cache.internal.DefaultFileLockManager] Releasing lock on daemon addresses registry.
2024-11-12T09:01:45.158+0200 [DEBUG] [org.gradle.cache.internal.DefaultFileLockManager] Waiting to acquire shared lock on daemon addresses registry.
2024-11-12T09:01:45.158+0200 [DEBUG] [org.gradle.cache.internal.DefaultFileLockManager] Lock acquired on daemon addresses registry.
2024-11-12T09:01:45.159+0200 [DEBUG] [org.gradle.cache.internal.DefaultFileLockManager] Releasing lock on daemon addresses registry.
2024-11-12T09:01:45.160+0200 [DEBUG] [org.gradle.cache.internal.DefaultFileLockManager] Waiting to acquire shared lock on daemon addresses registry.
2024-11-12T09:01:45.160+0200 [DEBUG] [org.gradle.cache.internal.DefaultFileLockManager] Lock acquired on daemon addresses registry.
2024-11-12T09:01:45.161+0200 [DEBUG] [org.gradle.cache.internal.DefaultFileLockManager] Releasing lock on daemon addresses registry.
2024-11-12T09:01:45.162+0200 [DEBUG] [org.gradle.cache.internal.DefaultFileLockManager] Waiting to acquire shared lock on daemon addresses registry.
2024-11-12T09:01:45.162+0200 [DEBUG] [org.gradle.cache.internal.DefaultFileLockManager] Lock acquired on daemon addresses registry.
2024-11-12T09:01:45.163+0200 [DEBUG] [org.gradle.cache.internal.DefaultFileLockManager] Releasing lock on daemon addresses registry.
2024-11-12T09:01:55.149+0200 [DEBUG] [org.gradle.cache.internal.DefaultFileLockManager] Waiting to acquire shared lock on daemon addresses registry.
2024-11-12T09:01:55.149+0200 [DEBUG] [org.gradle.cache.internal.DefaultFileLockManager] Lock acquired on daemon addresses registry.
2024-11-12T09:01:55.150+0200 [DEBUG] [org.gradle.cache.internal.DefaultFileLockManager] Releasing lock on daemon addresses registry.
2024-11-12T09:01:55.155+0200 [DEBUG] [org.gradle.cache.internal.DefaultFileLockManager] Waiting to acquire shared lock on daemon addresses registry.
2024-11-12T09:01:55.155+0200 [DEBUG] [org.gradle.cache.internal.DefaultFileLockManager] Lock acquired on daemon addresses registry.
2024-11-12T09:01:55.156+0200 [DEBUG] [org.gradle.cache.internal.DefaultFileLockManager] Releasing lock on daemon addresses registry.
2024-11-12T09:01:55.159+0200 [DEBUG] [org.gradle.cache.internal.DefaultFileLockManager] Waiting to acquire shared lock on daemon addresses registry.
2024-11-12T09:01:55.159+0200 [DEBUG] [org.gradle.cache.internal.DefaultFileLockManager] Lock acquired on daemon addresses registry.
2024-11-12T09:01:55.160+0200 [DEBUG] [org.gradle.cache.internal.DefaultFileLockManager] Releasing lock on daemon addresses registry.
2024-11-12T09:02:05.156+0200 [DEBUG] [org.gradle.cache.internal.DefaultFileLockManager] Waiting to acquire shared lock on daemon addresses registry.
2024-11-12T09:02:05.156+0200 [DEBUG] [org.gradle.cache.internal.DefaultFileLockManager] Lock acquired on daemon addresses registry.
2024-11-12T09:02:05.157+0200 [DEBUG] [org.gradle.cache.internal.DefaultFileLockManager] Releasing lock on daemon addresses registry.
2024-11-12T09:02:05.160+0200 [DEBUG] [org.gradle.cache.internal.DefaultFileLockManager] Waiting to acquire shared lock on daemon addresses registry.
2024-11-12T09:02:05.160+0200 [DEBUG] [org.gradle.cache.internal.DefaultFileLockManager] Lock acquired on daemon addresses registry.
2024-11-12T09:02:05.161+0200 [DEBUG] [org.gradle.cache.internal.DefaultFileLockManager] Releasing lock on daemon addresses registry.
2024-11-12T09:02:05.171+0200 [DEBUG] [org.gradle.cache.internal.DefaultFileLockManager] Waiting to acquire shared lock on daemon addresses registry.
2024-11-12T09:02:05.172+0200 [DEBUG] [org.gradle.cache.internal.DefaultFileLockManager] Lock acquired on daemon addresses registry.
2024-11-12T09:02:05.173+0200 [DEBUG] [org.gradle.cache.internal.DefaultFileLockManager] Releasing lock on daemon addresses registry.
2024-11-12T09:02:15.152+0200 [DEBUG] [org.gradle.cache.internal.DefaultFileLockManager] Waiting to acquire shared lock on daemon addresses registry.
2024-11-12T09:02:15.153+0200 [DEBUG] [org.gradle.cache.internal.DefaultFileLockManager] Lock acquired on daemon addresses registry.
2024-11-12T09:02:15.154+0200 [DEBUG] [org.gradle.cache.internal.DefaultFileLockManager] Releasing lock on daemon addresses registry.
2024-11-12T09:02:15.155+0200 [DEBUG] [org.gradle.cache.internal.DefaultFileLockManager] Waiting to acquire shared lock on daemon addresses registry.
2024-11-12T09:02:15.155+0200 [DEBUG] [org.gradle.cache.internal.DefaultFileLockManager] Lock acquired on daemon addresses registry.
2024-11-12T09:02:15.155+0200 [DEBUG] [org.gradle.cache.internal.DefaultFileLockManager] Releasing lock on daemon addresses registry.
2024-11-12T09:02:15.156+0200 [DEBUG] [org.gradle.cache.internal.DefaultFileLockManager] Waiting to acquire shared lock on daemon addresses registry.
2024-11-12T09:02:15.156+0200 [DEBUG] [org.gradle.cache.internal.DefaultFileLockManager] Lock acquired on daemon addresses registry.
2024-11-12T09:02:15.157+0200 [DEBUG] [org.gradle.cache.internal.DefaultFileLockManager] Releasing lock on daemon addresses registry.
2024-11-12T09:02:25.147+0200 [DEBUG] [org.gradle.cache.internal.DefaultFileLockManager] Waiting to acquire shared lock on daemon addresses registry.
2024-11-12T09:02:25.147+0200 [DEBUG] [org.gradle.cache.internal.DefaultFileLockManager] Lock acquired on daemon addresses registry.
2024-11-12T09:02:25.147+0200 [DEBUG] [org.gradle.cache.internal.DefaultFileLockManager] Releasing lock on daemon addresses registry.
2024-11-12T09:02:25.154+0200 [DEBUG] [org.gradle.cache.internal.DefaultFileLockManager] Waiting to acquire shared lock on daemon addresses registry.
2024-11-12T09:02:25.154+0200 [DEBUG] [org.gradle.cache.internal.DefaultFileLockManager] Lock acquired on daemon addresses registry.
2024-11-12T09:02:25.155+0200 [DEBUG] [org.gradle.cache.internal.DefaultFileLockManager] Releasing lock on daemon addresses registry.
2024-11-12T09:02:25.156+0200 [DEBUG] [org.gradle.cache.internal.DefaultFileLockManager] Waiting to acquire shared lock on daemon addresses registry.
2024-11-12T09:02:25.156+0200 [DEBUG] [org.gradle.cache.internal.DefaultFileLockManager] Lock acquired on daemon addresses registry.
2024-11-12T09:02:25.156+0200 [DEBUG] [org.gradle.cache.internal.DefaultFileLockManager] Releasing lock on daemon addresses registry.
2024-11-12T09:02:35.158+0200 [DEBUG] [org.gradle.cache.internal.DefaultFileLockManager] Waiting to acquire shared lock on daemon addresses registry.
2024-11-12T09:02:35.158+0200 [DEBUG] [org.gradle.cache.internal.DefaultFileLockManager] Lock acquired on daemon addresses registry.
2024-11-12T09:02:35.159+0200 [DEBUG] [org.gradle.cache.internal.DefaultFileLockManager] Releasing lock on daemon addresses registry.
2024-11-12T09:02:35.160+0200 [DEBUG] [org.gradle.cache.internal.DefaultFileLockManager] Waiting to acquire shared lock on daemon addresses registry.
2024-11-12T09:02:35.160+0200 [DEBUG] [org.gradle.cache.internal.DefaultFileLockManager] Lock acquired on daemon addresses registry.
2024-11-12T09:02:35.160+0200 [DEBUG] [org.gradle.cache.internal.DefaultFileLockManager] Releasing lock on daemon addresses registry.
2024-11-12T09:02:35.161+0200 [DEBUG] [org.gradle.cache.internal.DefaultFileLockManager] Waiting to acquire shared lock on daemon addresses registry.
2024-11-12T09:02:35.161+0200 [DEBUG] [org.gradle.cache.internal.DefaultFileLockManager] Lock acquired on daemon addresses registry.
2024-11-12T09:02:35.162+0200 [DEBUG] [org.gradle.cache.internal.DefaultFileLockManager] Releasing lock on daemon addresses registry.
2024-11-12T09:02:45.158+0200 [DEBUG] [org.gradle.cache.internal.DefaultFileLockManager] Waiting to acquire shared lock on daemon addresses registry.
2024-11-12T09:02:45.158+0200 [DEBUG] [org.gradle.cache.internal.DefaultFileLockManager] Lock acquired on daemon addresses registry.
2024-11-12T09:02:45.159+0200 [DEBUG] [org.gradle.cache.internal.DefaultFileLockManager] Releasing lock on daemon addresses registry.
2024-11-12T09:02:45.161+0200 [DEBUG] [org.gradle.cache.internal.DefaultFileLockManager] Waiting to acquire shared lock on daemon addresses registry.
2024-11-12T09:02:45.171+0200 [DEBUG] [org.gradle.cache.internal.DefaultFileLockManager] Lock acquired on daemon addresses registry.
2024-11-12T09:02:45.173+0200 [DEBUG] [org.gradle.cache.internal.DefaultFileLockManager] Releasing lock on daemon addresses registry.
2024-11-12T09:02:45.175+0200 [DEBUG] [org.gradle.cache.internal.DefaultFileLockManager] Waiting to acquire shared lock on daemon addresses registry.
2024-11-12T09:02:45.176+0200 [DEBUG] [org.gradle.cache.internal.DefaultFileLockManager] Lock acquired on daemon addresses registry.
2024-11-12T09:02:45.176+0200 [DEBUG] [org.gradle.cache.internal.DefaultFileLockManager] Releasing lock on daemon addresses registry.
2024-11-12T09:02:55.164+0200 [DEBUG] [org.gradle.cache.internal.DefaultFileLockManager] Waiting to acquire shared lock on daemon addresses registry.
2024-11-12T09:02:55.164+0200 [DEBUG] [org.gradle.cache.internal.DefaultFileLockManager] Lock acquired on daemon addresses registry.
2024-11-12T09:02:55.165+0200 [DEBUG] [org.gradle.cache.internal.DefaultFileLockManager] Releasing lock on daemon addresses registry.
2024-11-12T09:02:55.168+0200 [DEBUG] [org.gradle.cache.internal.DefaultFileLockManager] Waiting to acquire shared lock on daemon addresses registry.
2024-11-12T09:02:55.169+0200 [DEBUG] [org.gradle.cache.internal.DefaultFileLockManager] Lock acquired on daemon addresses registry.
2024-11-12T09:02:55.169+0200 [DEBUG] [org.gradle.cache.internal.DefaultFileLockManager] Releasing lock on daemon addresses registry.
2024-11-12T09:02:55.172+0200 [DEBUG] [org.gradle.cache.internal.DefaultFileLockManager] Waiting to acquire shared lock on daemon addresses registry.
2024-11-12T09:02:55.172+0200 [DEBUG] [org.gradle.cache.internal.DefaultFileLockManager] Lock acquired on daemon addresses registry.
2024-11-12T09:02:55.173+0200 [DEBUG] [org.gradle.cache.internal.DefaultFileLockManager] Releasing lock on daemon addresses registry.
2024-11-12T09:02:55.244+0200 [DEBUG] [org.gradle.process.internal.health.memory.DefaultMemoryManager] 409155993 physical memory requested, 356814848 free
2024-11-12T09:02:55.244+0200 [DEBUG] [org.gradle.workers.internal.WorkerDaemonExpiration] Will attempt to release 390 of memory
2024-11-12T09:02:55.245+0200 [DEBUG] [org.gradle.process.internal.health.memory.DefaultMemoryManager] 409155993 physical memory requested, 0 released, 356814848 free
2024-11-12T09:03:00.245+0200 [DEBUG] [org.gradle.process.internal.health.memory.DefaultMemoryManager] 409155993 physical memory requested, 330227712 free
2024-11-12T09:03:00.245+0200 [DEBUG] [org.gradle.workers.internal.WorkerDaemonExpiration] Will attempt to release 390 of memory
2024-11-12T09:03:00.246+0200 [DEBUG] [org.gradle.process.internal.health.memory.DefaultMemoryManager] 409155993 physical memory requested, 0 released, 330227712 free
2024-11-12T09:03:05.984+0200 [DEBUG] [org.gradle.process.internal.health.memory.DefaultMemoryManager] 409155993 physical memory requested, 209252352 free
2024-11-12T09:03:05.984+0200 [DEBUG] [org.gradle.workers.internal.WorkerDaemonExpiration] Will attempt to release 390 of memory
2024-11-12T09:03:05.984+0200 [DEBUG] [org.gradle.process.internal.health.memory.DefaultMemoryManager] 409155993 physical memory requested, 0 released, 209252352 free
2024-11-12T09:03:05.986+0200 [DEBUG] [org.gradle.cache.internal.DefaultFileLockManager] Waiting to acquire shared lock on daemon addresses registry.
2024-11-12T09:03:05.988+0200 [DEBUG] [org.gradle.cache.internal.DefaultFileLockManager] Lock acquired on daemon addresses registry.
2024-11-12T09:03:05.996+0200 [DEBUG] [org.gradle.cache.internal.DefaultFileLockManager] Releasing lock on daemon addresses registry.
2024-11-12T09:03:06.016+0200 [DEBUG] [org.gradle.cache.internal.DefaultFileLockManager] Waiting to acquire shared lock on daemon addresses registry.
2024-11-12T09:03:06.017+0200 [DEBUG] [org.gradle.cache.internal.DefaultFileLockManager] Lock acquired on daemon addresses registry.
2024-11-12T09:03:06.029+0200 [DEBUG] [org.gradle.cache.internal.DefaultFileLockManager] Releasing lock on daemon addresses registry.
2024-11-12T09:03:06.031+0200 [DEBUG] [org.gradle.cache.internal.DefaultFileLockManager] Waiting to acquire shared lock on daemon addresses registry.
2024-11-12T09:03:06.031+0200 [DEBUG] [org.gradle.cache.internal.DefaultFileLockManager] Lock acquired on daemon addresses registry.
2024-11-12T09:03:06.033+0200 [DEBUG] [org.gradle.cache.internal.DefaultFileLockManager] Releasing lock on daemon addresses registry.
2024-11-12T09:03:15.160+0200 [DEBUG] [org.gradle.cache.internal.DefaultFileLockManager] Waiting to acquire shared lock on daemon addresses registry.
2024-11-12T09:03:15.160+0200 [DEBUG] [org.gradle.cache.internal.DefaultFileLockManager] Lock acquired on daemon addresses registry.
2024-11-12T09:03:15.162+0200 [DEBUG] [org.gradle.cache.internal.DefaultFileLockManager] Releasing lock on daemon addresses registry.
2024-11-12T09:03:15.176+0200 [DEBUG] [org.gradle.cache.internal.DefaultFileLockManager] Waiting to acquire shared lock on daemon addresses registry.
2024-11-12T09:03:15.176+0200 [DEBUG] [org.gradle.cache.internal.DefaultFileLockManager] Lock acquired on daemon addresses registry.
2024-11-12T09:03:15.177+0200 [DEBUG] [org.gradle.cache.internal.DefaultFileLockManager] Releasing lock on daemon addresses registry.
2024-11-12T09:03:15.179+0200 [DEBUG] [org.gradle.cache.internal.DefaultFileLockManager] Waiting to acquire shared lock on daemon addresses registry.
2024-11-12T09:03:15.180+0200 [DEBUG] [org.gradle.cache.internal.DefaultFileLockManager] Lock acquired on daemon addresses registry.
2024-11-12T09:03:15.181+0200 [DEBUG] [org.gradle.cache.internal.DefaultFileLockManager] Releasing lock on daemon addresses registry.
2024-11-12T09:03:25.165+0200 [DEBUG] [org.gradle.cache.internal.DefaultFileLockManager] Waiting to acquire shared lock on daemon addresses registry.
2024-11-12T09:03:25.165+0200 [DEBUG] [org.gradle.cache.internal.DefaultFileLockManager] Lock acquired on daemon addresses registry.
2024-11-12T09:03:25.167+0200 [DEBUG] [org.gradle.cache.internal.DefaultFileLockManager] Releasing lock on daemon addresses registry.
2024-11-12T09:03:25.168+0200 [DEBUG] [org.gradle.cache.internal.DefaultFileLockManager] Waiting to acquire shared lock on daemon addresses registry.
2024-11-12T09:03:25.169+0200 [DEBUG] [org.gradle.cache.internal.DefaultFileLockManager] Lock acquired on daemon addresses registry.
2024-11-12T09:03:25.169+0200 [DEBUG] [org.gradle.cache.internal.DefaultFileLockManager] Releasing lock on daemon addresses registry.
2024-11-12T09:03:25.171+0200 [DEBUG] [org.gradle.cache.internal.DefaultFileLockManager] Waiting to acquire shared lock on daemon addresses registry.
2024-11-12T09:03:25.171+0200 [DEBUG] [org.gradle.cache.internal.DefaultFileLockManager] Lock acquired on daemon addresses registry.
2024-11-12T09:03:25.171+0200 [DEBUG] [org.gradle.cache.internal.DefaultFileLockManager] Releasing lock on daemon addresses registry.
2024-11-12T09:03:35.162+0200 [DEBUG] [org.gradle.cache.internal.DefaultFileLockManager] Waiting to acquire shared lock on daemon addresses registry.
2024-11-12T09:03:35.162+0200 [DEBUG] [org.gradle.cache.internal.DefaultFileLockManager] Lock acquired on daemon addresses registry.
2024-11-12T09:03:35.163+0200 [DEBUG] [org.gradle.cache.internal.DefaultFileLockManager] Releasing lock on daemon addresses registry.
2024-11-12T09:03:35.166+0200 [DEBUG] [org.gradle.cache.internal.DefaultFileLockManager] Waiting to acquire shared lock on daemon addresses registry.
2024-11-12T09:03:35.166+0200 [DEBUG] [org.gradle.cache.internal.DefaultFileLockManager] Lock acquired on daemon addresses registry.
2024-11-12T09:03:35.166+0200 [DEBUG] [org.gradle.cache.internal.DefaultFileLockManager] Releasing lock on daemon addresses registry.
2024-11-12T09:03:35.168+0200 [DEBUG] [org.gradle.cache.internal.DefaultFileLockManager] Waiting to acquire shared lock on daemon addresses registry.
2024-11-12T09:03:35.168+0200 [DEBUG] [org.gradle.cache.internal.DefaultFileLockManager] Lock acquired on daemon addresses registry.
2024-11-12T09:03:35.170+0200 [DEBUG] [org.gradle.cache.internal.DefaultFileLockManager] Releasing lock on daemon addresses registry.
2024-11-12T09:03:45.161+0200 [DEBUG] [org.gradle.cache.internal.DefaultFileLockManager] Waiting to acquire shared lock on daemon addresses registry.
2024-11-12T09:03:45.161+0200 [DEBUG] [org.gradle.cache.internal.DefaultFileLockManager] Lock acquired on daemon addresses registry.
2024-11-12T09:03:45.162+0200 [DEBUG] [org.gradle.cache.internal.DefaultFileLockManager] Releasing lock on daemon addresses registry.
2024-11-12T09:03:45.165+0200 [DEBUG] [org.gradle.cache.internal.DefaultFileLockManager] Waiting to acquire shared lock on daemon addresses registry.
2024-11-12T09:03:45.165+0200 [DEBUG] [org.gradle.cache.internal.DefaultFileLockManager] Lock acquired on daemon addresses registry.
2024-11-12T09:03:45.166+0200 [DEBUG] [org.gradle.cache.internal.DefaultFileLockManager] Releasing lock on daemon addresses registry.
2024-11-12T09:03:45.168+0200 [DEBUG] [org.gradle.cache.internal.DefaultFileLockManager] Waiting to acquire shared lock on daemon addresses registry.
2024-11-12T09:03:45.168+0200 [DEBUG] [org.gradle.cache.internal.DefaultFileLockManager] Lock acquired on daemon addresses registry.
2024-11-12T09:03:45.169+0200 [DEBUG] [org.gradle.cache.internal.DefaultFileLockManager] Releasing lock on daemon addresses registry.
2024-11-12T09:03:55.160+0200 [DEBUG] [org.gradle.cache.internal.DefaultFileLockManager] Waiting to acquire shared lock on daemon addresses registry.
2024-11-12T09:03:55.160+0200 [DEBUG] [org.gradle.cache.internal.DefaultFileLockManager] Lock acquired on daemon addresses registry.
2024-11-12T09:03:55.161+0200 [DEBUG] [org.gradle.cache.internal.DefaultFileLockManager] Releasing lock on daemon addresses registry.
2024-11-12T09:03:55.165+0200 [DEBUG] [org.gradle.cache.internal.DefaultFileLockManager] Waiting to acquire shared lock on daemon addresses registry.
2024-11-12T09:03:55.165+0200 [DEBUG] [org.gradle.cache.internal.DefaultFileLockManager] Lock acquired on daemon addresses registry.
2024-11-12T09:03:55.166+0200 [DEBUG] [org.gradle.cache.internal.DefaultFileLockManager] Releasing lock on daemon addresses registry.
2024-11-12T09:03:55.167+0200 [DEBUG] [org.gradle.cache.internal.DefaultFileLockManager] Waiting to acquire shared lock on daemon addresses registry.
2024-11-12T09:03:55.167+0200 [DEBUG] [org.gradle.cache.internal.DefaultFileLockManager] Lock acquired on daemon addresses registry.
2024-11-12T09:03:55.168+0200 [DEBUG] [org.gradle.cache.internal.DefaultFileLockManager] Releasing lock on daemon addresses registry.
2024-11-12T09:04:05.148+0200 [DEBUG] [org.gradle.cache.internal.DefaultFileLockManager] Waiting to acquire shared lock on daemon addresses registry.
2024-11-12T09:04:05.148+0200 [DEBUG] [org.gradle.cache.internal.DefaultFileLockManager] Lock acquired on daemon addresses registry.
2024-11-12T09:04:05.150+0200 [DEBUG] [org.gradle.cache.internal.DefaultFileLockManager] Releasing lock on daemon addresses registry.
2024-11-12T09:04:05.152+0200 [DEBUG] [org.gradle.cache.internal.DefaultFileLockManager] Waiting to acquire shared lock on daemon addresses registry.
2024-11-12T09:04:05.153+0200 [DEBUG] [org.gradle.cache.internal.DefaultFileLockManager] Lock acquired on daemon addresses registry.
2024-11-12T09:04:05.154+0200 [DEBUG] [org.gradle.cache.internal.DefaultFileLockManager] Releasing lock on daemon addresses registry.
2024-11-12T09:04:05.155+0200 [DEBUG] [org.gradle.cache.internal.DefaultFileLockManager] Waiting to acquire shared lock on daemon addresses registry.
2024-11-12T09:04:05.156+0200 [DEBUG] [org.gradle.cache.internal.DefaultFileLockManager] Lock acquired on daemon addresses registry.
2024-11-12T09:04:05.157+0200 [DEBUG] [org.gradle.cache.internal.DefaultFileLockManager] Releasing lock on daemon addresses registry.
2024-11-12T09:04:15.188+0200 [DEBUG] [org.gradle.cache.internal.DefaultFileLockManager] Waiting to acquire shared lock on daemon addresses registry.
2024-11-12T09:04:15.189+0200 [DEBUG] [org.gradle.cache.internal.DefaultFileLockManager] Lock acquired on daemon addresses registry.
2024-11-12T09:04:15.204+0200 [DEBUG] [org.gradle.cache.internal.DefaultFileLockManager] Releasing lock on daemon addresses registry.
2024-11-12T09:04:15.206+0200 [DEBUG] [org.gradle.cache.internal.DefaultFileLockManager] Waiting to acquire shared lock on daemon addresses registry.
2024-11-12T09:04:15.219+0200 [DEBUG] [org.gradle.cache.internal.DefaultFileLockManager] Lock acquired on daemon addresses registry.
2024-11-12T09:04:15.250+0200 [DEBUG] [org.gradle.cache.internal.DefaultFileLockManager] Releasing lock on daemon addresses registry.
2024-11-12T09:04:15.252+0200 [DEBUG] [org.gradle.cache.internal.DefaultFileLockManager] Waiting to acquire shared lock on daemon addresses registry.
2024-11-12T09:04:15.253+0200 [DEBUG] [org.gradle.cache.internal.DefaultFileLockManager] Lock acquired on daemon addresses registry.
2024-11-12T09:04:15.253+0200 [DEBUG] [org.gradle.cache.internal.DefaultFileLockManager] Releasing lock on daemon addresses registry.
2024-11-12T09:04:25.157+0200 [DEBUG] [org.gradle.cache.internal.DefaultFileLockManager] Waiting to acquire shared lock on daemon addresses registry.
2024-11-12T09:04:25.157+0200 [DEBUG] [org.gradle.cache.internal.DefaultFileLockManager] Lock acquired on daemon addresses registry.
2024-11-12T09:04:25.157+0200 [DEBUG] [org.gradle.cache.internal.DefaultFileLockManager] Releasing lock on daemon addresses registry.
2024-11-12T09:04:25.161+0200 [DEBUG] [org.gradle.cache.internal.DefaultFileLockManager] Waiting to acquire shared lock on daemon addresses registry.
2024-11-12T09:04:25.162+0200 [DEBUG] [org.gradle.cache.internal.DefaultFileLockManager] Lock acquired on daemon addresses registry.
2024-11-12T09:04:25.162+0200 [DEBUG] [org.gradle.cache.internal.DefaultFileLockManager] Releasing lock on daemon addresses registry.
2024-11-12T09:04:25.164+0200 [DEBUG] [org.gradle.cache.internal.DefaultFileLockManager] Waiting to acquire shared lock on daemon addresses registry.
2024-11-12T09:04:25.164+0200 [DEBUG] [org.gradle.cache.internal.DefaultFileLockManager] Lock acquired on daemon addresses registry.
2024-11-12T09:04:25.164+0200 [DEBUG] [org.gradle.cache.internal.DefaultFileLockManager] Releasing lock on daemon addresses registry.
2024-11-12T09:04:35.160+0200 [DEBUG] [org.gradle.cache.internal.DefaultFileLockManager] Waiting to acquire shared lock on daemon addresses registry.
2024-11-12T09:04:35.160+0200 [DEBUG] [org.gradle.cache.internal.DefaultFileLockManager] Lock acquired on daemon addresses registry.
2024-11-12T09:04:35.161+0200 [DEBUG] [org.gradle.cache.internal.DefaultFileLockManager] Releasing lock on daemon addresses registry.
2024-11-12T09:04:35.164+0200 [DEBUG] [org.gradle.cache.internal.DefaultFileLockManager] Waiting to acquire shared lock on daemon addresses registry.
2024-11-12T09:04:35.164+0200 [DEBUG] [org.gradle.cache.internal.DefaultFileLockManager] Lock acquired on daemon addresses registry.
2024-11-12T09:04:35.165+0200 [DEBUG] [org.gradle.cache.internal.DefaultFileLockManager] Releasing lock on daemon addresses registry.
2024-11-12T09:04:35.167+0200 [DEBUG] [org.gradle.cache.internal.DefaultFileLockManager] Waiting to acquire shared lock on daemon addresses registry.
2024-11-12T09:04:35.168+0200 [DEBUG] [org.gradle.cache.internal.DefaultFileLockManager] Lock acquired on daemon addresses registry.
2024-11-12T09:04:35.169+0200 [DEBUG] [org.gradle.cache.internal.DefaultFileLockManager] Releasing lock on daemon addresses registry.
2024-11-12T09:04:35.247+0200 [DEBUG] [org.gradle.process.internal.health.memory.DefaultMemoryManager] 409155993 physical memory requested, 365637632 free
2024-11-12T09:04:35.251+0200 [DEBUG] [org.gradle.workers.internal.WorkerDaemonExpiration] Will attempt to release 390 of memory
2024-11-12T09:04:35.252+0200 [DEBUG] [org.gradle.process.internal.health.memory.DefaultMemoryManager] 409155993 physical memory requested, 0 released, 365637632 free
2024-11-12T09:04:40.241+0200 [DEBUG] [org.gradle.internal.remote.internal.inet.TcpIncomingConnector] Accepted connection from /127.0.0.1:53323 to /127.0.0.1:53082.
2024-11-12T09:04:40.287+0200 [DEBUG] [org.gradle.process.internal.health.memory.DefaultMemoryManager] 409155993 physical memory requested, 135409664 free
2024-11-12T09:04:40.287+0200 [DEBUG] [org.gradle.workers.internal.WorkerDaemonExpiration] Will attempt to release 390 of memory
2024-11-12T09:04:40.289+0200 [DEBUG] [org.gradle.process.internal.health.memory.DefaultMemoryManager] 409155993 physical memory requested, 0 released, 135409664 free
2024-11-12T09:04:41.594+0200 [DEBUG] [org.gradle.launcher.daemon.server.SynchronizedDispatchConnection] thread 91: received class org.gradle.launcher.daemon.protocol.Build
2024-11-12T09:04:41.599+0200 [DEBUG] [org.gradle.launcher.daemon.server.DefaultDaemonConnection] thread 91: Received non-IO message from client: Build{id=08a8848a-ed29-4449-a5a1-fdcecf82bdd7, currentDir=C:\Foods_Shop}
2024-11-12T09:04:41.609+0200 [INFO] [org.gradle.launcher.daemon.server.DefaultIncomingConnectionHandler] Received command: Build{id=08a8848a-ed29-4449-a5a1-fdcecf82bdd7, currentDir=C:\Foods_Shop}.
2024-11-12T09:04:41.610+0200 [DEBUG] [org.gradle.launcher.daemon.server.DefaultIncomingConnectionHandler] Starting executing command: Build{id=08a8848a-ed29-4449-a5a1-fdcecf82bdd7, currentDir=C:\Foods_Shop} with connection: socket connection from /127.0.0.1:53082 to /127.0.0.1:53323.
2024-11-12T09:04:41.676+0200 [DEBUG] [org.gradle.launcher.daemon.server.DaemonStateCoordinator] Command execution: started DaemonCommandExecution[command = Build{id=08a8848a-ed29-4449-a5a1-fdcecf82bdd7, currentDir=C:\Foods_Shop}, connection = DefaultDaemonConnection: socket connection from /127.0.0.1:53082 to /127.0.0.1:53323] after 53.0 minutes of idle
2024-11-12T09:04:41.680+0200 [INFO] [org.gradle.launcher.daemon.server.DaemonRegistryUpdater] Marking the daemon as busy, address: [513f46b0-a183-4902-8c6f-9bcb4a6a3157 port:53082, addresses:[localhost/127.0.0.1]]
2024-11-12T09:04:41.680+0200 [DEBUG] [org.gradle.launcher.daemon.registry.PersistentDaemonRegistry] Marking busy by address: [513f46b0-a183-4902-8c6f-9bcb4a6a3157 port:53082, addresses:[localhost/127.0.0.1]]
2024-11-12T09:04:41.686+0200 [DEBUG] [org.gradle.cache.internal.DefaultFileLockManager] Waiting to acquire exclusive lock on daemon addresses registry.
2024-11-12T09:04:41.732+0200 [DEBUG] [org.gradle.cache.internal.DefaultFileLockManager] Lock acquired on daemon addresses registry.
2024-11-12T09:04:41.764+0200 [DEBUG] [org.gradle.cache.internal.DefaultFileLockManager] Releasing lock on daemon addresses registry.
2024-11-12T09:04:41.765+0200 [DEBUG] [org.gradle.launcher.daemon.server.DaemonStateCoordinator] resetting idle timer
2024-11-12T09:04:41.767+0200 [DEBUG] [org.gradle.launcher.daemon.server.DaemonStateCoordinator] daemon is running. Sleeping until state changes.
2024-11-12T09:04:41.773+0200 [INFO] [org.gradle.launcher.daemon.server.exec.StartBuildOrRespondWithBusy] Daemon is about to start building Build{id=08a8848a-ed29-4449-a5a1-fdcecf82bdd7, currentDir=C:\Foods_Shop}. Dispatching build started information...
2024-11-12T09:04:41.776+0200 [DEBUG] [org.gradle.launcher.daemon.server.SynchronizedDispatchConnection] thread 93: dispatching org.gradle.launcher.daemon.protocol.BuildStarted@369dbf21
2024-11-12T09:04:41.798+0200 [DEBUG] [org.gradle.launcher.daemon.server.SynchronizedDispatchConnection] thread 91: received class org.gradle.launcher.daemon.protocol.CloseInput
2024-11-12T09:04:41.798+0200 [DEBUG] [org.gradle.launcher.daemon.server.DefaultDaemonConnection] thread 91: Received IO message from client: org.gradle.launcher.daemon.protocol.CloseInput@1502432c
2024-11-12T09:04:41.806+0200 [DEBUG] [org.gradle.launcher.daemon.server.exec.EstablishBuildEnvironment] Configuring env variables: [USERDOMAIN_ROAMINGPROFILE, LOCALAPPDATA, PROCESSOR_LEVEL, USERDOMAIN, LOGONSERVER, JAVA_HOME, SESSIONNAME, ALLUSERSPROFILE, PROCESSOR_ARCHITECTURE, PSModulePath, SystemDrive, OneDrive, APPDATA, USERNAME, ProgramFiles(x86), CommonProgramFiles, Path, PYTHONPATH, PyCharm, PATHEXT, DriverData, OS, COMPUTERNAME, IntelliJ IDEA Community Edition, PROCESSOR_REVISION, CommonProgramW6432, PyCharm Community Edition, ComSpec, ProgramData, ProgramW6432, TEMP, HOMEPATH, SystemRoot, PROCESSOR_IDENTIFIER, HOMEDRIVE, USERPROFILE, TMP, EFC_13388, CommonProgramFiles(x86), ProgramFiles, PUBLIC, windir, NUMBER_OF_PROCESSORS, =::, IDEA_INITIAL_DIRECTORY, ZES_ENABLE_SYSMAN]
2024-11-12T09:04:42.045+0200 [DEBUG] [org.gradle.launcher.daemon.server.exec.LogToClient] About to start relaying all logs to the client via the connection.
2024-11-12T09:04:42.091+0200 [INFO] [org.gradle.launcher.daemon.server.exec.LogToClient] The client will now receive all logging from the daemon (pid: 18912). The daemon log file: C:\Foods_Shop\daemon\8.7\daemon-18912.out.log
2024-11-12T09:04:42.743+0200 [INFO] [org.gradle.launcher.daemon.server.exec.LogAndCheckHealth] Starting 2nd build in daemon [uptime: 53 mins 48.582 secs, performance: 99%, GC rate: 0.00/s, heap usage: 0% of 2 GiB]
2024-11-12T09:04:42.745+0200 [INFO] [org.gradle.launcher.daemon.server.exec.ForwardClientInput] Closing daemon's stdin at end of input.
2024-11-12T09:04:42.746+0200 [INFO] [org.gradle.launcher.daemon.server.exec.ForwardClientInput] The daemon will no longer process any standard input.
2024-11-12T09:04:42.760+0200 [DEBUG] [org.gradle.launcher.daemon.server.exec.ExecuteBuild] The daemon has started executing the build.
2024-11-12T09:04:42.761+0200 [DEBUG] [org.gradle.launcher.daemon.server.exec.ExecuteBuild] Executing build with daemon context: DefaultDaemonContext[uid=0d96e0d0-f943-4855-9f51-81c432692892,javaHome=C:\Program Files\Android\Android Studio\jbr,daemonRegistryDir=C:\Foods_Shop\daemon,pid=18912,idleTimeout=10800000,priority=NORMAL,applyInstrumentationAgent=true,daemonOpts=--add-opens=java.base/java.util=ALL-UNNAMED,--add-opens=java.base/java.lang=ALL-UNNAMED,--add-opens=java.base/java.lang.invoke=ALL-UNNAMED,--add-opens=java.prefs/java.util.prefs=ALL-UNNAMED,--add-opens=java.base/java.nio.charset=ALL-UNNAMED,--add-opens=java.base/java.net=ALL-UNNAMED,--add-opens=java.base/java.util.concurrent.atomic=ALL-UNNAMED,-Xmx2048m,-Dfile.encoding=UTF-8,-Duser.country=RU,-Duser.language=ru,-Duser.variant]
Note: C:\Foods_Shop\app\src\main\java\kz\zhandos\fast_food\Adapter\BestFoodsAdapter.java uses unchecked or unsafe operations.
Note: Recompile with -Xlint:unchecked for details.

BUILD SUCCESSFUL in 51s
34 actionable tasks: 11 executed, 23 up-to-date
2024-11-12T09:05:31.672+0200 [DEBUG] [org.gradle.launcher.daemon.server.exec.ExecuteBuild] The daemon has finished executing the build.
2024-11-12T09:05:31.691+0200 [DEBUG] [org.gradle.launcher.daemon.server.DaemonStateCoordinator] daemon is running. Sleeping until state changes.
2024-11-12T09:05:31.693+0200 [DEBUG] [org.gradle.launcher.daemon.server.DaemonStateCoordinator] Command execution: finished waiting for DaemonCommandExecution[command = Build{id=08a8848a-ed29-4449-a5a1-fdcecf82bdd7, currentDir=C:\Foods_Shop}, connection = DefaultDaemonConnection: socket connection from /127.0.0.1:53082 to /127.0.0.1:53323]. Result org.gradle.launcher.daemon.server.DaemonStateCoordinator@2ba8c798 with state Busy
2024-11-12T09:05:31.694+0200 [DEBUG] [org.gradle.launcher.daemon.server.DaemonStateCoordinator] Command execution: completed DaemonCommandExecution[command = Build{id=08a8848a-ed29-4449-a5a1-fdcecf82bdd7, currentDir=C:\Foods_Shop}, connection = DefaultDaemonConnection: socket connection from /127.0.0.1:53082 to /127.0.0.1:53323]
2024-11-12T09:05:31.694+0200 [DEBUG] [org.gradle.launcher.daemon.server.DaemonStateCoordinator] resetting idle timer
2024-11-12T09:05:31.699+0200 [INFO] [org.gradle.launcher.daemon.server.DaemonRegistryUpdater] Marking the daemon as idle, address: [513f46b0-a183-4902-8c6f-9bcb4a6a3157 port:53082, addresses:[localhost/127.0.0.1]]
2024-11-12T09:05:31.700+0200 [DEBUG] [org.gradle.launcher.daemon.registry.PersistentDaemonRegistry] Marking busy by address: [513f46b0-a183-4902-8c6f-9bcb4a6a3157 port:53082, addresses:[localhost/127.0.0.1]]
2024-11-12T09:05:31.701+0200 [DEBUG] [org.gradle.cache.internal.DefaultFileLockManager] Waiting to acquire exclusive lock on daemon addresses registry.
2024-11-12T09:05:31.753+0200 [DEBUG] [org.gradle.cache.internal.DefaultFileLockManager] Lock acquired on daemon addresses registry.
2024-11-12T09:05:31.760+0200 [DEBUG] [org.gradle.cache.internal.DefaultFileLockManager] Releasing lock on daemon addresses registry.
2024-11-12T09:05:31.761+0200 [DEBUG] [org.gradle.launcher.daemon.server.DaemonStateCoordinator] daemon is running. Sleeping until state changes.
2024-11-12T09:05:31.761+0200 [DEBUG] [org.gradle.launcher.daemon.server.exec.ReturnResult] Daemon is dispatching the build result: Success[value=org.gradle.launcher.exec.BuildActionResult@4c15b020]
2024-11-12T09:05:31.761+0200 [DEBUG] [org.gradle.launcher.daemon.server.SynchronizedDispatchConnection] thread 90: dispatching Success[value=org.gradle.launcher.exec.BuildActionResult@4c15b020]
2024-11-12T09:05:31.769+0200 [DEBUG] [org.gradle.launcher.daemon.server.exec.CleanUpVirtualFileSystemAfterBuild] Cleaning virtual file system after build finished
2024-11-12T09:05:31.782+0200 [DEBUG] [org.gradle.launcher.daemon.server.DefaultIncomingConnectionHandler] Finishing executing command: Build{id=08a8848a-ed29-4449-a5a1-fdcecf82bdd7, currentDir=C:\Foods_Shop}
2024-11-12T09:05:31.794+0200 [DEBUG] [org.gradle.launcher.daemon.server.SynchronizedDispatchConnection] thread 91: received class org.gradle.launcher.daemon.protocol.Finished
2024-11-12T09:05:31.794+0200 [DEBUG] [org.gradle.launcher.daemon.server.DefaultDaemonConnection] thread 91: Received non-IO message from client: org.gradle.launcher.daemon.protocol.Finished@1bc5bffc
2024-11-12T09:05:31.794+0200 [DEBUG] [org.gradle.launcher.daemon.server.DefaultIncomingConnectionHandler] Received finished message: org.gradle.launcher.daemon.protocol.Finished@1bc5bffc
2024-11-12T09:05:31.794+0200 [DEBUG] [org.gradle.launcher.daemon.server.SynchronizedDispatchConnection] thread 90: stopping connection
2024-11-12T09:05:31.801+0200 [DEBUG] [org.gradle.internal.remote.internal.inet.SocketConnection] Discarding EOFException: java.io.EOFException
2024-11-12T09:05:31.802+0200 [DEBUG] [org.gradle.launcher.daemon.server.SynchronizedDispatchConnection] thread 91: received null
2024-11-12T09:05:31.803+0200 [DEBUG] [org.gradle.launcher.daemon.server.DefaultDaemonConnection] thread 91: Received end-of-input from client.
2024-11-12T09:05:31.804+0200 [DEBUG] [org.gradle.launcher.daemon.server.SynchronizedDispatchConnection] thread 90: stopping connection
2024-11-12T09:05:35.812+0200 [DEBUG] [org.gradle.process.internal.health.memory.DefaultMemoryManager] 409155993 physical memory requested, 95129600 free
2024-11-12T09:05:35.812+0200 [DEBUG] [org.gradle.workers.internal.WorkerDaemonExpiration] Will attempt to release 390 of memory
2024-11-12T09:05:35.813+0200 [DEBUG] [org.gradle.process.internal.health.memory.DefaultMemoryManager] 409155993 physical memory requested, 0 released, 95129600 free
2024-11-12T09:05:35.991+0200 [DEBUG] [org.gradle.cache.internal.DefaultFileLockManager] Waiting to acquire shared lock on daemon addresses registry.
2024-11-12T09:05:36.088+0200 [DEBUG] [org.gradle.cache.internal.DefaultFileLockManager] Lock acquired on daemon addresses registry.
2024-11-12T09:05:36.089+0200 [DEBUG] [org.gradle.cache.internal.DefaultFileLockManager] Releasing lock on daemon addresses registry.
2024-11-12T09:05:36.091+0200 [DEBUG] [org.gradle.cache.internal.DefaultFileLockManager] Waiting to acquire shared lock on daemon addresses registry.
2024-11-12T09:05:36.091+0200 [DEBUG] [org.gradle.cache.internal.DefaultFileLockManager] Lock acquired on daemon addresses registry.
2024-11-12T09:05:36.092+0200 [DEBUG] [org.gradle.cache.internal.DefaultFileLockManager] Releasing lock on daemon addresses registry.
2024-11-12T09:05:40.250+0200 [DEBUG] [org.gradle.process.internal.health.memory.DefaultMemoryManager] 409155993 physical memory requested, 193789952 free
2024-11-12T09:05:40.250+0200 [DEBUG] [org.gradle.workers.internal.WorkerDaemonExpiration] Will attempt to release 390 of memory
2024-11-12T09:05:40.250+0200 [DEBUG] [org.gradle.process.internal.health.memory.DefaultMemoryManager] 409155993 physical memory requested, 0 released, 193789952 free
2024-11-12T09:05:45.150+0200 [DEBUG] [org.gradle.cache.internal.DefaultFileLockManager] Waiting to acquire shared lock on daemon addresses registry.
2024-11-12T09:05:45.150+0200 [DEBUG] [org.gradle.cache.internal.DefaultFileLockManager] Lock acquired on daemon addresses registry.
2024-11-12T09:05:45.151+0200 [DEBUG] [org.gradle.cache.internal.DefaultFileLockManager] Releasing lock on daemon addresses registry.
2024-11-12T09:05:45.152+0200 [DEBUG] [org.gradle.cache.internal.DefaultFileLockManager] Waiting to acquire shared lock on daemon addresses registry.
2024-11-12T09:05:45.155+0200 [DEBUG] [org.gradle.cache.internal.DefaultFileLockManager] Lock acquired on daemon addresses registry.
2024-11-12T09:05:45.156+0200 [DEBUG] [org.gradle.cache.internal.DefaultFileLockManager] Releasing lock on daemon addresses registry.
2024-11-12T09:05:45.158+0200 [DEBUG] [org.gradle.cache.internal.DefaultFileLockManager] Waiting to acquire shared lock on daemon addresses registry.
2024-11-12T09:05:45.158+0200 [DEBUG] [org.gradle.cache.internal.DefaultFileLockManager] Lock acquired on daemon addresses registry.
2024-11-12T09:05:45.159+0200 [DEBUG] [org.gradle.cache.internal.DefaultFileLockManager] Releasing lock on daemon addresses registry.
2024-11-12T09:05:45.251+0200 [DEBUG] [org.gradle.process.internal.health.memory.DefaultMemoryManager] 409155993 physical memory requested, 206475264 free
2024-11-12T09:05:45.252+0200 [DEBUG] [org.gradle.workers.internal.WorkerDaemonExpiration] Will attempt to release 390 of memory
2024-11-12T09:05:45.252+0200 [DEBUG] [org.gradle.process.internal.health.memory.DefaultMemoryManager] 409155993 physical memory requested, 0 released, 206475264 free
2024-11-12T09:05:50.560+0200 [DEBUG] [org.gradle.process.internal.health.memory.DefaultMemoryManager] 409155993 physical memory requested, 14901248 free
2024-11-12T09:05:50.560+0200 [DEBUG] [org.gradle.workers.internal.WorkerDaemonExpiration] Will attempt to release 390 of memory
2024-11-12T09:05:50.560+0200 [DEBUG] [org.gradle.process.internal.health.memory.DefaultMemoryManager] 409155993 physical memory requested, 0 released, 14901248 free
2024-11-12T09:05:55.153+0200 [DEBUG] [org.gradle.cache.internal.DefaultFileLockManager] Waiting to acquire shared lock on daemon addresses registry.
2024-11-12T09:05:55.153+0200 [DEBUG] [org.gradle.cache.internal.DefaultFileLockManager] Lock acquired on daemon addresses registry.
2024-11-12T09:05:55.157+0200 [DEBUG] [org.gradle.cache.internal.DefaultFileLockManager] Releasing lock on daemon addresses registry.
2024-11-12T09:05:55.194+0200 [DEBUG] [org.gradle.cache.internal.DefaultFileLockManager] Waiting to acquire shared lock on daemon addresses registry.
2024-11-12T09:05:55.195+0200 [DEBUG] [org.gradle.cache.internal.DefaultFileLockManager] Lock acquired on daemon addresses registry.
2024-11-12T09:05:55.196+0200 [DEBUG] [org.gradle.cache.internal.DefaultFileLockManager] Releasing lock on daemon addresses registry.
2024-11-12T09:05:55.197+0200 [DEBUG] [org.gradle.cache.internal.DefaultFileLockManager] Waiting to acquire shared lock on daemon addresses registry.
2024-11-12T09:05:55.198+0200 [DEBUG] [org.gradle.cache.internal.DefaultFileLockManager] Lock acquired on daemon addresses registry.
2024-11-12T09:05:55.198+0200 [DEBUG] [org.gradle.cache.internal.DefaultFileLockManager] Releasing lock on daemon addresses registry.
2024-11-12T09:05:55.261+0200 [DEBUG] [org.gradle.process.internal.health.memory.DefaultMemoryManager] 409155993 physical memory requested, 83099648 free
2024-11-12T09:05:55.261+0200 [DEBUG] [org.gradle.workers.internal.WorkerDaemonExpiration] Will attempt to release 390 of memory
2024-11-12T09:05:55.261+0200 [DEBUG] [org.gradle.process.internal.health.memory.DefaultMemoryManager] 409155993 physical memory requested, 0 released, 83099648 free
2024-11-12T09:06:00.250+0200 [DEBUG] [org.gradle.process.internal.health.memory.DefaultMemoryManager] 409155993 physical memory requested, 138899456 free
2024-11-12T09:06:00.250+0200 [DEBUG] [org.gradle.workers.internal.WorkerDaemonExpiration] Will attempt to release 390 of memory
2024-11-12T09:06:00.250+0200 [DEBUG] [org.gradle.process.internal.health.memory.DefaultMemoryManager] 409155993 physical memory requested, 0 released, 138899456 free
2024-11-12T09:06:05.302+0200 [DEBUG] [org.gradle.process.internal.health.memory.DefaultMemoryManager] 409155993 physical memory requested, 108810240 free
2024-11-12T09:06:05.303+0200 [DEBUG] [org.gradle.workers.internal.WorkerDaemonExpiration] Will attempt to release 390 of memory
2024-11-12T09:06:05.457+0200 [DEBUG] [org.gradle.process.internal.health.memory.DefaultMemoryManager] 409155993 physical memory requested, 0 released, 108810240 free
2024-11-12T09:06:06.024+0200 [DEBUG] [org.gradle.cache.internal.DefaultFileLockManager] Waiting to acquire shared lock on daemon addresses registry.
2024-11-12T09:06:06.025+0200 [DEBUG] [org.gradle.cache.internal.DefaultFileLockManager] Lock acquired on daemon addresses registry.
2024-11-12T09:06:06.035+0200 [DEBUG] [org.gradle.cache.internal.DefaultFileLockManager] Releasing lock on daemon addresses registry.
2024-11-12T09:06:06.043+0200 [DEBUG] [org.gradle.cache.internal.DefaultFileLockManager] Waiting to acquire shared lock on daemon addresses registry.
2024-11-12T09:06:06.751+0200 [DEBUG] [org.gradle.cache.internal.DefaultFileLockManager] Lock acquired on daemon addresses registry.
2024-11-12T09:06:06.751+0200 [DEBUG] [org.gradle.cache.internal.DefaultFileLockManager] Releasing lock on daemon addresses registry.
2024-11-12T09:06:06.752+0200 [DEBUG] [org.gradle.cache.internal.DefaultFileLockManager] Waiting to acquire shared lock on daemon addresses registry.
2024-11-12T09:06:06.795+0200 [DEBUG] [org.gradle.cache.internal.DefaultFileLockManager] Lock acquired on daemon addresses registry.
2024-11-12T09:06:06.796+0200 [DEBUG] [org.gradle.cache.internal.DefaultFileLockManager] Releasing lock on daemon addresses registry.
2024-11-12T09:06:10.297+0200 [DEBUG] [org.gradle.process.internal.health.memory.DefaultMemoryManager] 409155993 physical memory requested, 255954944 free
2024-11-12T09:06:10.320+0200 [DEBUG] [org.gradle.workers.internal.WorkerDaemonExpiration] Will attempt to release 390 of memory
2024-11-12T09:06:10.409+0200 [DEBUG] [org.gradle.process.internal.health.memory.DefaultMemoryManager] 409155993 physical memory requested, 0 released, 255954944 free
2024-11-12T09:06:15.519+0200 [DEBUG] [org.gradle.process.internal.health.memory.DefaultMemoryManager] 409155993 physical memory requested, 101515264 free
2024-11-12T09:06:15.519+0200 [DEBUG] [org.gradle.workers.internal.WorkerDaemonExpiration] Will attempt to release 390 of memory
2024-11-12T09:06:15.520+0200 [DEBUG] [org.gradle.process.internal.health.memory.DefaultMemoryManager] 409155993 physical memory requested, 0 released, 101515264 free
2024-11-12T09:06:15.824+0200 [DEBUG] [org.gradle.cache.internal.DefaultFileLockManager] Waiting to acquire shared lock on daemon addresses registry.
2024-11-12T09:06:15.825+0200 [DEBUG] [org.gradle.cache.internal.DefaultFileLockManager] Lock acquired on daemon addresses registry.
2024-11-12T09:06:15.826+0200 [DEBUG] [org.gradle.cache.internal.DefaultFileLockManager] Releasing lock on daemon addresses registry.
2024-11-12T09:06:15.830+0200 [DEBUG] [org.gradle.cache.internal.DefaultFileLockManager] Waiting to acquire shared lock on daemon addresses registry.
2024-11-12T09:06:15.830+0200 [DEBUG] [org.gradle.cache.internal.DefaultFileLockManager] Lock acquired on daemon addresses registry.
2024-11-12T09:06:15.830+0200 [DEBUG] [org.gradle.cache.internal.DefaultFileLockManager] Releasing lock on daemon addresses registry.
2024-11-12T09:06:15.834+0200 [DEBUG] [org.gradle.cache.internal.DefaultFileLockManager] Waiting to acquire shared lock on daemon addresses registry.
2024-11-12T09:06:15.834+0200 [DEBUG] [org.gradle.cache.internal.DefaultFileLockManager] Lock acquired on daemon addresses registry.
2024-11-12T09:06:15.834+0200 [DEBUG] [org.gradle.cache.internal.DefaultFileLockManager] Releasing lock on daemon addresses registry.
2024-11-12T09:06:20.257+0200 [DEBUG] [org.gradle.process.internal.health.memory.DefaultMemoryManager] 409155993 physical memory requested, 241950720 free
2024-11-12T09:06:20.257+0200 [DEBUG] [org.gradle.workers.internal.WorkerDaemonExpiration] Will attempt to release 390 of memory
2024-11-12T09:06:20.257+0200 [DEBUG] [org.gradle.process.internal.health.memory.DefaultMemoryManager] 409155993 physical memory requested, 0 released, 241950720 free
2024-11-12T09:06:25.148+0200 [DEBUG] [org.gradle.cache.internal.DefaultFileLockManager] Waiting to acquire shared lock on daemon addresses registry.
2024-11-12T09:06:25.148+0200 [DEBUG] [org.gradle.cache.internal.DefaultFileLockManager] Lock acquired on daemon addresses registry.
2024-11-12T09:06:25.149+0200 [DEBUG] [org.gradle.cache.internal.DefaultFileLockManager] Releasing lock on daemon addresses registry.
2024-11-12T09:06:25.152+0200 [DEBUG] [org.gradle.cache.internal.DefaultFileLockManager] Waiting to acquire shared lock on daemon addresses registry.
2024-11-12T09:06:25.152+0200 [DEBUG] [org.gradle.cache.internal.DefaultFileLockManager] Lock acquired on daemon addresses registry.
2024-11-12T09:06:25.152+0200 [DEBUG] [org.gradle.cache.internal.DefaultFileLockManager] Releasing lock on daemon addresses registry.
2024-11-12T09:06:25.156+0200 [DEBUG] [org.gradle.cache.internal.DefaultFileLockManager] Waiting to acquire shared lock on daemon addresses registry.
2024-11-12T09:06:25.156+0200 [DEBUG] [org.gradle.cache.internal.DefaultFileLockManager] Lock acquired on daemon addresses registry.
2024-11-12T09:06:25.156+0200 [DEBUG] [org.gradle.cache.internal.DefaultFileLockManager] Releasing lock on daemon addresses registry.
2024-11-12T09:06:25.248+0200 [DEBUG] [org.gradle.process.internal.health.memory.DefaultMemoryManager] 409155993 physical memory requested, 99528704 free
2024-11-12T09:06:25.248+0200 [DEBUG] [org.gradle.workers.internal.WorkerDaemonExpiration] Will attempt to release 390 of memory
2024-11-12T09:06:25.249+0200 [DEBUG] [org.gradle.process.internal.health.memory.DefaultMemoryManager] 409155993 physical memory requested, 0 released, 99528704 free
2024-11-12T09:06:35.167+0200 [DEBUG] [org.gradle.cache.internal.DefaultFileLockManager] Waiting to acquire shared lock on daemon addresses registry.
2024-11-12T09:06:35.167+0200 [DEBUG] [org.gradle.cache.internal.DefaultFileLockManager] Lock acquired on daemon addresses registry.
2024-11-12T09:06:35.170+0200 [DEBUG] [org.gradle.cache.internal.DefaultFileLockManager] Releasing lock on daemon addresses registry.
2024-11-12T09:06:35.173+0200 [DEBUG] [org.gradle.cache.internal.DefaultFileLockManager] Waiting to acquire shared lock on daemon addresses registry.
2024-11-12T09:06:35.176+0200 [DEBUG] [org.gradle.cache.internal.DefaultFileLockManager] Lock acquired on daemon addresses registry.
2024-11-12T09:06:35.177+0200 [DEBUG] [org.gradle.cache.internal.DefaultFileLockManager] Releasing lock on daemon addresses registry.
2024-11-12T09:06:35.179+0200 [DEBUG] [org.gradle.cache.internal.DefaultFileLockManager] Waiting to acquire shared lock on daemon addresses registry.
2024-11-12T09:06:35.180+0200 [DEBUG] [org.gradle.cache.internal.DefaultFileLockManager] Lock acquired on daemon addresses registry.
2024-11-12T09:06:35.181+0200 [DEBUG] [org.gradle.cache.internal.DefaultFileLockManager] Releasing lock on daemon addresses registry.
2024-11-12T09:06:45.159+0200 [DEBUG] [org.gradle.cache.internal.DefaultFileLockManager] Waiting to acquire shared lock on daemon addresses registry.
2024-11-12T09:06:45.160+0200 [DEBUG] [org.gradle.cache.internal.DefaultFileLockManager] Lock acquired on daemon addresses registry.
2024-11-12T09:06:45.160+0200 [DEBUG] [org.gradle.cache.internal.DefaultFileLockManager] Releasing lock on daemon addresses registry.
2024-11-12T09:06:45.162+0200 [DEBUG] [org.gradle.cache.internal.DefaultFileLockManager] Waiting to acquire shared lock on daemon addresses registry.
2024-11-12T09:06:45.162+0200 [DEBUG] [org.gradle.cache.internal.DefaultFileLockManager] Lock acquired on daemon addresses registry.
2024-11-12T09:06:45.163+0200 [DEBUG] [org.gradle.cache.internal.DefaultFileLockManager] Releasing lock on daemon addresses registry.
2024-11-12T09:06:45.165+0200 [DEBUG] [org.gradle.cache.internal.DefaultFileLockManager] Waiting to acquire shared lock on daemon addresses registry.
2024-11-12T09:06:45.166+0200 [DEBUG] [org.gradle.cache.internal.DefaultFileLockManager] Lock acquired on daemon addresses registry.
2024-11-12T09:06:45.167+0200 [DEBUG] [org.gradle.cache.internal.DefaultFileLockManager] Releasing lock on daemon addresses registry.
2024-11-12T09:06:55.150+0200 [DEBUG] [org.gradle.cache.internal.DefaultFileLockManager] Waiting to acquire shared lock on daemon addresses registry.
2024-11-12T09:06:55.151+0200 [DEBUG] [org.gradle.cache.internal.DefaultFileLockManager] Lock acquired on daemon addresses registry.
2024-11-12T09:06:55.152+0200 [DEBUG] [org.gradle.cache.internal.DefaultFileLockManager] Releasing lock on daemon addresses registry.
2024-11-12T09:06:56.314+0200 [DEBUG] [org.gradle.cache.internal.DefaultFileLockManager] Waiting to acquire shared lock on daemon addresses registry.
2024-11-12T09:06:56.314+0200 [DEBUG] [org.gradle.cache.internal.DefaultFileLockManager] Lock acquired on daemon addresses registry.
2024-11-12T09:06:56.315+0200 [DEBUG] [org.gradle.cache.internal.DefaultFileLockManager] Releasing lock on daemon addresses registry.
2024-11-12T09:06:56.316+0200 [DEBUG] [org.gradle.cache.internal.DefaultFileLockManager] Waiting to acquire shared lock on daemon addresses registry.
2024-11-12T09:06:56.317+0200 [DEBUG] [org.gradle.cache.internal.DefaultFileLockManager] Lock acquired on daemon addresses registry.
2024-11-12T09:06:56.317+0200 [DEBUG] [org.gradle.cache.internal.DefaultFileLockManager] Releasing lock on daemon addresses registry.
2024-11-12T09:07:05.168+0200 [DEBUG] [org.gradle.cache.internal.DefaultFileLockManager] Waiting to acquire shared lock on daemon addresses registry.
2024-11-12T09:07:05.169+0200 [DEBUG] [org.gradle.cache.internal.DefaultFileLockManager] Lock acquired on daemon addresses registry.
2024-11-12T09:07:05.171+0200 [DEBUG] [org.gradle.cache.internal.DefaultFileLockManager] Releasing lock on daemon addresses registry.
2024-11-12T09:07:05.174+0200 [DEBUG] [org.gradle.cache.internal.DefaultFileLockManager] Waiting to acquire shared lock on daemon addresses registry.
2024-11-12T09:07:05.174+0200 [DEBUG] [org.gradle.cache.internal.DefaultFileLockManager] Lock acquired on daemon addresses registry.
2024-11-12T09:07:05.176+0200 [DEBUG] [org.gradle.cache.internal.DefaultFileLockManager] Releasing lock on daemon addresses registry.
2024-11-12T09:07:05.178+0200 [DEBUG] [org.gradle.cache.internal.DefaultFileLockManager] Waiting to acquire shared lock on daemon addresses registry.
2024-11-12T09:07:05.257+0200 [DEBUG] [org.gradle.process.internal.health.memory.DefaultMemoryManager] 409155993 physical memory requested, 245456896 free
2024-11-12T09:07:05.257+0200 [DEBUG] [org.gradle.workers.internal.WorkerDaemonExpiration] Will attempt to release 390 of memory
2024-11-12T09:07:05.305+0200 [DEBUG] [org.gradle.cache.internal.DefaultFileLockManager] Lock acquired on daemon addresses registry.
2024-11-12T09:07:05.309+0200 [DEBUG] [org.gradle.cache.internal.DefaultFileLockManager] Releasing lock on daemon addresses registry.
2024-11-12T09:07:05.365+0200 [DEBUG] [org.gradle.process.internal.health.memory.DefaultMemoryManager] 409155993 physical memory requested, 0 released, 245456896 free
2024-11-12T09:07:10.249+0200 [DEBUG] [org.gradle.process.internal.health.memory.DefaultMemoryManager] 409155993 physical memory requested, 8908800 free
2024-11-12T09:07:10.251+0200 [DEBUG] [org.gradle.workers.internal.WorkerDaemonExpiration] Will attempt to release 390 of memory
2024-11-12T09:07:10.253+0200 [DEBUG] [org.gradle.process.internal.health.memory.DefaultMemoryManager] 409155993 physical memory requested, 0 released, 8908800 free
2024-11-12T09:07:15.264+0200 [DEBUG] [org.gradle.process.internal.health.memory.DefaultMemoryManager] 409155993 physical memory requested, 177967104 free
2024-11-12T09:07:15.278+0200 [DEBUG] [org.gradle.workers.internal.WorkerDaemonExpiration] Will attempt to release 390 of memory
2024-11-12T09:07:15.278+0200 [DEBUG] [org.gradle.process.internal.health.memory.DefaultMemoryManager] 409155993 physical memory requested, 0 released, 177967104 free
2024-11-12T09:07:15.370+0200 [DEBUG] [org.gradle.cache.internal.DefaultFileLockManager] Waiting to acquire shared lock on daemon addresses registry.
2024-11-12T09:07:15.402+0200 [DEBUG] [org.gradle.cache.internal.DefaultFileLockManager] Lock acquired on daemon addresses registry.
2024-11-12T09:07:15.415+0200 [DEBUG] [org.gradle.cache.internal.DefaultFileLockManager] Releasing lock on daemon addresses registry.
2024-11-12T09:07:15.452+0200 [DEBUG] [org.gradle.cache.internal.DefaultFileLockManager] Waiting to acquire shared lock on daemon addresses registry.
2024-11-12T09:07:15.452+0200 [DEBUG] [org.gradle.cache.internal.DefaultFileLockManager] Lock acquired on daemon addresses registry.
2024-11-12T09:07:15.452+0200 [DEBUG] [org.gradle.cache.internal.DefaultFileLockManager] Releasing lock on daemon addresses registry.
2024-11-12T09:07:15.455+0200 [DEBUG] [org.gradle.cache.internal.DefaultFileLockManager] Waiting to acquire shared lock on daemon addresses registry.
2024-11-12T09:07:15.456+0200 [DEBUG] [org.gradle.cache.internal.DefaultFileLockManager] Lock acquired on daemon addresses registry.
2024-11-12T09:07:15.456+0200 [DEBUG] [org.gradle.cache.internal.DefaultFileLockManager] Releasing lock on daemon addresses registry.
2024-11-12T09:07:25.153+0200 [DEBUG] [org.gradle.cache.internal.DefaultFileLockManager] Waiting to acquire shared lock on daemon addresses registry.
2024-11-12T09:07:25.153+0200 [DEBUG] [org.gradle.cache.internal.DefaultFileLockManager] Lock acquired on daemon addresses registry.
2024-11-12T09:07:25.154+0200 [DEBUG] [org.gradle.cache.internal.DefaultFileLockManager] Releasing lock on daemon addresses registry.
2024-11-12T09:07:25.156+0200 [DEBUG] [org.gradle.cache.internal.DefaultFileLockManager] Waiting to acquire shared lock on daemon addresses registry.
2024-11-12T09:07:25.156+0200 [DEBUG] [org.gradle.cache.internal.DefaultFileLockManager] Lock acquired on daemon addresses registry.
2024-11-12T09:07:25.157+0200 [DEBUG] [org.gradle.cache.internal.DefaultFileLockManager] Releasing lock on daemon addresses registry.
2024-11-12T09:07:25.158+0200 [DEBUG] [org.gradle.cache.internal.DefaultFileLockManager] Waiting to acquire shared lock on daemon addresses registry.
2024-11-12T09:07:25.158+0200 [DEBUG] [org.gradle.cache.internal.DefaultFileLockManager] Lock acquired on daemon addresses registry.
2024-11-12T09:07:25.158+0200 [DEBUG] [org.gradle.cache.internal.DefaultFileLockManager] Releasing lock on daemon addresses registry.
2024-11-12T09:07:35.430+0200 [DEBUG] [org.gradle.cache.internal.DefaultFileLockManager] Waiting to acquire shared lock on daemon addresses registry.
2024-11-12T09:07:35.432+0200 [DEBUG] [org.gradle.cache.internal.DefaultFileLockManager] Lock acquired on daemon addresses registry.
2024-11-12T09:07:35.434+0200 [DEBUG] [org.gradle.cache.internal.DefaultFileLockManager] Releasing lock on daemon addresses registry.
2024-11-12T09:07:35.435+0200 [DEBUG] [org.gradle.cache.internal.DefaultFileLockManager] Waiting to acquire shared lock on daemon addresses registry.
2024-11-12T09:07:35.436+0200 [DEBUG] [org.gradle.cache.internal.DefaultFileLockManager] Lock acquired on daemon addresses registry.
2024-11-12T09:07:35.442+0200 [DEBUG] [org.gradle.cache.internal.DefaultFileLockManager] Releasing lock on daemon addresses registry.
2024-11-12T09:07:35.445+0200 [DEBUG] [org.gradle.cache.internal.DefaultFileLockManager] Waiting to acquire shared lock on daemon addresses registry.
2024-11-12T09:07:35.467+0200 [DEBUG] [org.gradle.cache.internal.DefaultFileLockManager] Lock acquired on daemon addresses registry.
2024-11-12T09:07:35.468+0200 [DEBUG] [org.gradle.cache.internal.DefaultFileLockManager] Releasing lock on daemon addresses registry.
2024-11-12T09:07:35.487+0200 [DEBUG] [org.gradle.process.internal.health.memory.DefaultMemoryManager] 409155993 physical memory requested, 401326080 free
2024-11-12T09:07:35.488+0200 [DEBUG] [org.gradle.workers.internal.WorkerDaemonExpiration] Will attempt to release 390 of memory
2024-11-12T09:07:35.488+0200 [DEBUG] [org.gradle.process.internal.health.memory.DefaultMemoryManager] 409155993 physical memory requested, 0 released, 401326080 free
2024-11-12T09:07:40.308+0200 [DEBUG] [org.gradle.process.internal.health.memory.DefaultMemoryManager] 409155993 physical memory requested, 233390080 free
2024-11-12T09:07:40.309+0200 [DEBUG] [org.gradle.workers.internal.WorkerDaemonExpiration] Will attempt to release 390 of memory
2024-11-12T09:07:40.311+0200 [DEBUG] [org.gradle.process.internal.health.memory.DefaultMemoryManager] 409155993 physical memory requested, 0 released, 233390080 free
2024-11-12T09:07:45.174+0200 [DEBUG] [org.gradle.cache.internal.DefaultFileLockManager] Waiting to acquire shared lock on daemon addresses registry.
2024-11-12T09:07:45.175+0200 [DEBUG] [org.gradle.cache.internal.DefaultFileLockManager] Lock acquired on daemon addresses registry.
2024-11-12T09:07:45.177+0200 [DEBUG] [org.gradle.cache.internal.DefaultFileLockManager] Releasing lock on daemon addresses registry.
2024-11-12T09:07:45.184+0200 [DEBUG] [org.gradle.cache.internal.DefaultFileLockManager] Waiting to acquire shared lock on daemon addresses registry.
2024-11-12T09:07:45.185+0200 [DEBUG] [org.gradle.cache.internal.DefaultFileLockManager] Lock acquired on daemon addresses registry.
2024-11-12T09:07:45.185+0200 [DEBUG] [org.gradle.cache.internal.DefaultFileLockManager] Releasing lock on daemon addresses registry.
2024-11-12T09:07:45.187+0200 [DEBUG] [org.gradle.cache.internal.DefaultFileLockManager] Waiting to acquire shared lock on daemon addresses registry.
2024-11-12T09:07:45.187+0200 [DEBUG] [org.gradle.cache.internal.DefaultFileLockManager] Lock acquired on daemon addresses registry.
2024-11-12T09:07:45.188+0200 [DEBUG] [org.gradle.cache.internal.DefaultFileLockManager] Releasing lock on daemon addresses registry.
2024-11-12T09:07:45.292+0200 [DEBUG] [org.gradle.process.internal.health.memory.DefaultMemoryManager] 409155993 physical memory requested, 128479232 free
2024-11-12T09:07:45.292+0200 [DEBUG] [org.gradle.workers.internal.WorkerDaemonExpiration] Will attempt to release 390 of memory
2024-11-12T09:07:45.293+0200 [DEBUG] [org.gradle.process.internal.health.memory.DefaultMemoryManager] 409155993 physical memory requested, 0 released, 128479232 free
2024-11-12T09:07:50.318+0200 [DEBUG] [org.gradle.process.internal.health.memory.DefaultMemoryManager] 409155993 physical memory requested, 97980416 free
2024-11-12T09:07:50.320+0200 [DEBUG] [org.gradle.workers.internal.WorkerDaemonExpiration] Will attempt to release 390 of memory
2024-11-12T09:07:50.321+0200 [DEBUG] [org.gradle.process.internal.health.memory.DefaultMemoryManager] 409155993 physical memory requested, 0 released, 97980416 free
2024-11-12T09:07:55.168+0200 [DEBUG] [org.gradle.cache.internal.DefaultFileLockManager] Waiting to acquire shared lock on daemon addresses registry.
2024-11-12T09:07:55.168+0200 [DEBUG] [org.gradle.cache.internal.DefaultFileLockManager] Lock acquired on daemon addresses registry.
2024-11-12T09:07:55.169+0200 [DEBUG] [org.gradle.cache.internal.DefaultFileLockManager] Releasing lock on daemon addresses registry.
2024-11-12T09:07:55.180+0200 [DEBUG] [org.gradle.cache.internal.DefaultFileLockManager] Waiting to acquire shared lock on daemon addresses registry.
2024-11-12T09:07:55.189+0200 [DEBUG] [org.gradle.cache.internal.DefaultFileLockManager] Lock acquired on daemon addresses registry.
2024-11-12T09:07:55.190+0200 [DEBUG] [org.gradle.cache.internal.DefaultFileLockManager] Releasing lock on daemon addresses registry.
2024-11-12T09:07:55.193+0200 [DEBUG] [org.gradle.cache.internal.DefaultFileLockManager] Waiting to acquire shared lock on daemon addresses registry.
2024-11-12T09:07:55.193+0200 [DEBUG] [org.gradle.cache.internal.DefaultFileLockManager] Lock acquired on daemon addresses registry.
2024-11-12T09:07:55.237+0200 [DEBUG] [org.gradle.cache.internal.DefaultFileLockManager] Releasing lock on daemon addresses registry.
2024-11-12T09:07:55.257+0200 [DEBUG] [org.gradle.process.internal.health.memory.DefaultMemoryManager] 409155993 physical memory requested, 171503616 free
2024-11-12T09:07:55.257+0200 [DEBUG] [org.gradle.workers.internal.WorkerDaemonExpiration] Will attempt to release 390 of memory
2024-11-12T09:07:55.257+0200 [DEBUG] [org.gradle.process.internal.health.memory.DefaultMemoryManager] 409155993 physical memory requested, 0 released, 171503616 free
2024-11-12T09:08:00.292+0200 [DEBUG] [org.gradle.process.internal.health.memory.DefaultMemoryManager] 409155993 physical memory requested, 15282176 free
2024-11-12T09:08:00.293+0200 [DEBUG] [org.gradle.workers.internal.WorkerDaemonExpiration] Will attempt to release 390 of memory
2024-11-12T09:08:00.294+0200 [DEBUG] [org.gradle.process.internal.health.memory.DefaultMemoryManager] 409155993 physical memory requested, 0 released, 15282176 free
2024-11-12T09:08:05.155+0200 [DEBUG] [org.gradle.cache.internal.DefaultFileLockManager] Waiting to acquire shared lock on daemon addresses registry.
2024-11-12T09:08:05.156+0200 [DEBUG] [org.gradle.cache.internal.DefaultFileLockManager] Lock acquired on daemon addresses registry.
2024-11-12T09:08:05.169+0200 [DEBUG] [org.gradle.cache.internal.DefaultFileLockManager] Releasing lock on daemon addresses registry.
2024-11-12T09:08:05.190+0200 [DEBUG] [org.gradle.cache.internal.DefaultFileLockManager] Waiting to acquire shared lock on daemon addresses registry.
2024-11-12T09:08:05.190+0200 [DEBUG] [org.gradle.cache.internal.DefaultFileLockManager] Lock acquired on daemon addresses registry.
2024-11-12T09:08:05.191+0200 [DEBUG] [org.gradle.cache.internal.DefaultFileLockManager] Releasing lock on daemon addresses registry.
2024-11-12T09:08:05.192+0200 [DEBUG] [org.gradle.cache.internal.DefaultFileLockManager] Waiting to acquire shared lock on daemon addresses registry.
2024-11-12T09:08:05.193+0200 [DEBUG] [org.gradle.cache.internal.DefaultFileLockManager] Lock acquired on daemon addresses registry.
2024-11-12T09:08:05.193+0200 [DEBUG] [org.gradle.cache.internal.DefaultFileLockManager] Releasing lock on daemon addresses registry.
2024-11-12T09:08:15.186+0200 [DEBUG] [org.gradle.cache.internal.DefaultFileLockManager] Waiting to acquire shared lock on daemon addresses registry.
2024-11-12T09:08:15.187+0200 [DEBUG] [org.gradle.cache.internal.DefaultFileLockManager] Lock acquired on daemon addresses registry.
2024-11-12T09:08:15.189+0200 [DEBUG] [org.gradle.cache.internal.DefaultFileLockManager] Releasing lock on daemon addresses registry.
2024-11-12T09:08:15.190+0200 [DEBUG] [org.gradle.cache.internal.DefaultFileLockManager] Waiting to acquire shared lock on daemon addresses registry.
2024-11-12T09:08:15.190+0200 [DEBUG] [org.gradle.cache.internal.DefaultFileLockManager] Lock acquired on daemon addresses registry.
2024-11-12T09:08:15.192+0200 [DEBUG] [org.gradle.cache.internal.DefaultFileLockManager] Releasing lock on daemon addresses registry.
2024-11-12T09:08:15.193+0200 [DEBUG] [org.gradle.cache.internal.DefaultFileLockManager] Waiting to acquire shared lock on daemon addresses registry.
2024-11-12T09:08:15.194+0200 [DEBUG] [org.gradle.cache.internal.DefaultFileLockManager] Lock acquired on daemon addresses registry.
2024-11-12T09:08:15.194+0200 [DEBUG] [org.gradle.cache.internal.DefaultFileLockManager] Releasing lock on daemon addresses registry.
2024-11-12T09:08:25.154+0200 [DEBUG] [org.gradle.cache.internal.DefaultFileLockManager] Waiting to acquire shared lock on daemon addresses registry.
2024-11-12T09:08:25.155+0200 [DEBUG] [org.gradle.cache.internal.DefaultFileLockManager] Lock acquired on daemon addresses registry.
2024-11-12T09:08:25.156+0200 [DEBUG] [org.gradle.cache.internal.DefaultFileLockManager] Releasing lock on daemon addresses registry.
2024-11-12T09:08:25.161+0200 [DEBUG] [org.gradle.cache.internal.DefaultFileLockManager] Waiting to acquire shared lock on daemon addresses registry.
2024-11-12T09:08:25.162+0200 [DEBUG] [org.gradle.cache.internal.DefaultFileLockManager] Lock acquired on daemon addresses registry.
2024-11-12T09:08:25.198+0200 [DEBUG] [org.gradle.cache.internal.DefaultFileLockManager] Releasing lock on daemon addresses registry.
2024-11-12T09:08:25.200+0200 [DEBUG] [org.gradle.cache.internal.DefaultFileLockManager] Waiting to acquire shared lock on daemon addresses registry.
2024-11-12T09:08:25.200+0200 [DEBUG] [org.gradle.cache.internal.DefaultFileLockManager] Lock acquired on daemon addresses registry.
2024-11-12T09:08:25.201+0200 [DEBUG] [org.gradle.cache.internal.DefaultFileLockManager] Releasing lock on daemon addresses registry.
2024-11-12T09:08:30.250+0200 [DEBUG] [org.gradle.process.internal.health.memory.DefaultMemoryManager] 409155993 physical memory requested, 407543808 free
2024-11-12T09:08:30.250+0200 [DEBUG] [org.gradle.workers.internal.WorkerDaemonExpiration] Will attempt to release 390 of memory
2024-11-12T09:08:30.251+0200 [DEBUG] [org.gradle.process.internal.health.memory.DefaultMemoryManager] 409155993 physical memory requested, 0 released, 407543808 free
2024-11-12T09:08:35.156+0200 [DEBUG] [org.gradle.cache.internal.DefaultFileLockManager] Waiting to acquire shared lock on daemon addresses registry.
2024-11-12T09:08:35.159+0200 [DEBUG] [org.gradle.cache.internal.DefaultFileLockManager] Lock acquired on daemon addresses registry.
2024-11-12T09:08:35.159+0200 [DEBUG] [org.gradle.cache.internal.DefaultFileLockManager] Releasing lock on daemon addresses registry.
2024-11-12T09:08:35.161+0200 [DEBUG] [org.gradle.cache.internal.DefaultFileLockManager] Waiting to acquire shared lock on daemon addresses registry.
2024-11-12T09:08:35.161+0200 [DEBUG] [org.gradle.cache.internal.DefaultFileLockManager] Lock acquired on daemon addresses registry.
2024-11-12T09:08:35.162+0200 [DEBUG] [org.gradle.cache.internal.DefaultFileLockManager] Releasing lock on daemon addresses registry.
2024-11-12T09:08:35.163+0200 [DEBUG] [org.gradle.cache.internal.DefaultFileLockManager] Waiting to acquire shared lock on daemon addresses registry.
2024-11-12T09:08:35.164+0200 [DEBUG] [org.gradle.cache.internal.DefaultFileLockManager] Lock acquired on daemon addresses registry.
2024-11-12T09:08:35.165+0200 [DEBUG] [org.gradle.cache.internal.DefaultFileLockManager] Releasing lock on daemon addresses registry.
2024-11-12T09:08:35.241+0200 [DEBUG] [org.gradle.process.internal.health.memory.DefaultMemoryManager] 409155993 physical memory requested, 297840640 free
2024-11-12T09:08:35.241+0200 [DEBUG] [org.gradle.workers.internal.WorkerDaemonExpiration] Will attempt to release 390 of memory
2024-11-12T09:08:35.241+0200 [DEBUG] [org.gradle.process.internal.health.memory.DefaultMemoryManager] 409155993 physical memory requested, 0 released, 297840640 free
2024-11-12T09:08:40.244+0200 [DEBUG] [org.gradle.process.internal.health.memory.DefaultMemoryManager] 409155993 physical memory requested, 166531072 free
2024-11-12T09:08:40.245+0200 [DEBUG] [org.gradle.workers.internal.WorkerDaemonExpiration] Will attempt to release 390 of memory
2024-11-12T09:08:40.245+0200 [DEBUG] [org.gradle.process.internal.health.memory.DefaultMemoryManager] 409155993 physical memory requested, 0 released, 166531072 free
2024-11-12T09:08:45.147+0200 [DEBUG] [org.gradle.cache.internal.DefaultFileLockManager] Waiting to acquire shared lock on daemon addresses registry.
2024-11-12T09:08:45.149+0200 [DEBUG] [org.gradle.cache.internal.DefaultFileLockManager] Lock acquired on daemon addresses registry.
2024-11-12T09:08:45.149+0200 [DEBUG] [org.gradle.cache.internal.DefaultFileLockManager] Releasing lock on daemon addresses registry.
2024-11-12T09:08:45.151+0200 [DEBUG] [org.gradle.cache.internal.DefaultFileLockManager] Waiting to acquire shared lock on daemon addresses registry.
2024-11-12T09:08:45.151+0200 [DEBUG] [org.gradle.cache.internal.DefaultFileLockManager] Lock acquired on daemon addresses registry.
2024-11-12T09:08:45.152+0200 [DEBUG] [org.gradle.cache.internal.DefaultFileLockManager] Releasing lock on daemon addresses registry.
2024-11-12T09:08:45.153+0200 [DEBUG] [org.gradle.cache.internal.DefaultFileLockManager] Waiting to acquire shared lock on daemon addresses registry.
2024-11-12T09:08:45.154+0200 [DEBUG] [org.gradle.cache.internal.DefaultFileLockManager] Lock acquired on daemon addresses registry.
2024-11-12T09:08:45.154+0200 [DEBUG] [org.gradle.cache.internal.DefaultFileLockManager] Releasing lock on daemon addresses registry.
2024-11-12T09:08:45.247+0200 [DEBUG] [org.gradle.process.internal.health.memory.DefaultMemoryManager] 409155993 physical memory requested, 231194624 free
2024-11-12T09:08:45.247+0200 [DEBUG] [org.gradle.workers.internal.WorkerDaemonExpiration] Will attempt to release 390 of memory
2024-11-12T09:08:45.247+0200 [DEBUG] [org.gradle.process.internal.health.memory.DefaultMemoryManager] 409155993 physical memory requested, 0 released, 231194624 free
2024-11-12T09:08:50.237+0200 [DEBUG] [org.gradle.process.internal.health.memory.DefaultMemoryManager] 409155993 physical memory requested, 219926528 free
2024-11-12T09:08:50.237+0200 [DEBUG] [org.gradle.workers.internal.WorkerDaemonExpiration] Will attempt to release 390 of memory
2024-11-12T09:08:50.237+0200 [DEBUG] [org.gradle.process.internal.health.memory.DefaultMemoryManager] 409155993 physical memory requested, 0 released, 219926528 free
2024-11-12T09:08:55.162+0200 [DEBUG] [org.gradle.cache.internal.DefaultFileLockManager] Waiting to acquire shared lock on daemon addresses registry.
2024-11-12T09:08:55.162+0200 [DEBUG] [org.gradle.cache.internal.DefaultFileLockManager] Lock acquired on daemon addresses registry.
2024-11-12T09:08:55.193+0200 [DEBUG] [org.gradle.cache.internal.DefaultFileLockManager] Releasing lock on daemon addresses registry.
2024-11-12T09:08:55.200+0200 [DEBUG] [org.gradle.cache.internal.DefaultFileLockManager] Waiting to acquire shared lock on daemon addresses registry.
2024-11-12T09:08:55.200+0200 [DEBUG] [org.gradle.cache.internal.DefaultFileLockManager] Lock acquired on daemon addresses registry.
2024-11-12T09:08:55.201+0200 [DEBUG] [org.gradle.cache.internal.DefaultFileLockManager] Releasing lock on daemon addresses registry.
2024-11-12T09:08:55.203+0200 [DEBUG] [org.gradle.cache.internal.DefaultFileLockManager] Waiting to acquire shared lock on daemon addresses registry.
2024-11-12T09:08:55.204+0200 [DEBUG] [org.gradle.cache.internal.DefaultFileLockManager] Lock acquired on daemon addresses registry.
2024-11-12T09:08:55.205+0200 [DEBUG] [org.gradle.cache.internal.DefaultFileLockManager] Releasing lock on daemon addresses registry.
2024-11-12T09:08:55.250+0200 [DEBUG] [org.gradle.process.internal.health.memory.DefaultMemoryManager] 409155993 physical memory requested, 330596352 free
2024-11-12T09:08:55.252+0200 [DEBUG] [org.gradle.workers.internal.WorkerDaemonExpiration] Will attempt to release 390 of memory
2024-11-12T09:08:55.252+0200 [DEBUG] [org.gradle.process.internal.health.memory.DefaultMemoryManager] 409155993 physical memory requested, 0 released, 330596352 free
2024-11-12T09:09:00.253+0200 [DEBUG] [org.gradle.process.internal.health.memory.DefaultMemoryManager] 409155993 physical memory requested, 379699200 free
2024-11-12T09:09:00.253+0200 [DEBUG] [org.gradle.workers.internal.WorkerDaemonExpiration] Will attempt to release 390 of memory
2024-11-12T09:09:00.253+0200 [DEBUG] [org.gradle.process.internal.health.memory.DefaultMemoryManager] 409155993 physical memory requested, 0 released, 379699200 free
2024-11-12T09:09:05.150+0200 [DEBUG] [org.gradle.cache.internal.DefaultFileLockManager] Waiting to acquire shared lock on daemon addresses registry.
2024-11-12T09:09:05.151+0200 [DEBUG] [org.gradle.cache.internal.DefaultFileLockManager] Lock acquired on daemon addresses registry.
2024-11-12T09:09:05.152+0200 [DEBUG] [org.gradle.cache.internal.DefaultFileLockManager] Releasing lock on daemon addresses registry.
2024-11-12T09:09:05.152+0200 [DEBUG] [org.gradle.cache.internal.DefaultFileLockManager] Waiting to acquire shared lock on daemon addresses registry.
2024-11-12T09:09:05.153+0200 [DEBUG] [org.gradle.cache.internal.DefaultFileLockManager] Lock acquired on daemon addresses registry.
2024-11-12T09:09:05.153+0200 [DEBUG] [org.gradle.cache.internal.DefaultFileLockManager] Releasing lock on daemon addresses registry.
2024-11-12T09:09:05.153+0200 [DEBUG] [org.gradle.cache.internal.DefaultFileLockManager] Waiting to acquire shared lock on daemon addresses registry.
2024-11-12T09:09:05.153+0200 [DEBUG] [org.gradle.cache.internal.DefaultFileLockManager] Lock acquired on daemon addresses registry.
2024-11-12T09:09:05.154+0200 [DEBUG] [org.gradle.cache.internal.DefaultFileLockManager] Releasing lock on daemon addresses registry.
2024-11-12T09:09:15.149+0200 [DEBUG] [org.gradle.cache.internal.DefaultFileLockManager] Waiting to acquire shared lock on daemon addresses registry.
2024-11-12T09:09:15.149+0200 [DEBUG] [org.gradle.cache.internal.DefaultFileLockManager] Lock acquired on daemon addresses registry.
2024-11-12T09:09:15.149+0200 [DEBUG] [org.gradle.cache.internal.DefaultFileLockManager] Releasing lock on daemon addresses registry.
2024-11-12T09:09:15.151+0200 [DEBUG] [org.gradle.cache.internal.DefaultFileLockManager] Waiting to acquire shared lock on daemon addresses registry.
2024-11-12T09:09:15.151+0200 [DEBUG] [org.gradle.cache.internal.DefaultFileLockManager] Lock acquired on daemon addresses registry.
2024-11-12T09:09:15.151+0200 [DEBUG] [org.gradle.cache.internal.DefaultFileLockManager] Releasing lock on daemon addresses registry.
2024-11-12T09:09:15.152+0200 [DEBUG] [org.gradle.cache.internal.DefaultFileLockManager] Waiting to acquire shared lock on daemon addresses registry.
2024-11-12T09:09:15.153+0200 [DEBUG] [org.gradle.cache.internal.DefaultFileLockManager] Lock acquired on daemon addresses registry.
2024-11-12T09:09:15.153+0200 [DEBUG] [org.gradle.cache.internal.DefaultFileLockManager] Releasing lock on daemon addresses registry.
2024-11-12T09:09:20.257+0200 [DEBUG] [org.gradle.process.internal.health.memory.DefaultMemoryManager] 409155993 physical memory requested, 354627584 free
2024-11-12T09:09:20.257+0200 [DEBUG] [org.gradle.workers.internal.WorkerDaemonExpiration] Will attempt to release 390 of memory
2024-11-12T09:09:20.257+0200 [DEBUG] [org.gradle.process.internal.health.memory.DefaultMemoryManager] 409155993 physical memory requested, 0 released, 354627584 free
2024-11-12T09:09:25.152+0200 [DEBUG] [org.gradle.cache.internal.DefaultFileLockManager] Waiting to acquire shared lock on daemon addresses registry.
2024-11-12T09:09:25.153+0200 [DEBUG] [org.gradle.cache.internal.DefaultFileLockManager] Lock acquired on daemon addresses registry.
2024-11-12T09:09:25.154+0200 [DEBUG] [org.gradle.cache.internal.DefaultFileLockManager] Releasing lock on daemon addresses registry.
2024-11-12T09:09:25.159+0200 [DEBUG] [org.gradle.cache.internal.DefaultFileLockManager] Waiting to acquire shared lock on daemon addresses registry.
2024-11-12T09:09:25.160+0200 [DEBUG] [org.gradle.cache.internal.DefaultFileLockManager] Lock acquired on daemon addresses registry.
2024-11-12T09:09:25.161+0200 [DEBUG] [org.gradle.cache.internal.DefaultFileLockManager] Releasing lock on daemon addresses registry.
2024-11-12T09:09:25.165+0200 [DEBUG] [org.gradle.cache.internal.DefaultFileLockManager] Waiting to acquire shared lock on daemon addresses registry.
2024-11-12T09:09:25.166+0200 [DEBUG] [org.gradle.cache.internal.DefaultFileLockManager] Lock acquired on daemon addresses registry.
2024-11-12T09:09:25.166+0200 [DEBUG] [org.gradle.cache.internal.DefaultFileLockManager] Releasing lock on daemon addresses registry.
2024-11-12T09:09:25.255+0200 [DEBUG] [org.gradle.process.internal.health.memory.DefaultMemoryManager] 409155993 physical memory requested, 353112064 free
2024-11-12T09:09:25.255+0200 [DEBUG] [org.gradle.workers.internal.WorkerDaemonExpiration] Will attempt to release 390 of memory
2024-11-12T09:09:25.256+0200 [DEBUG] [org.gradle.process.internal.health.memory.DefaultMemoryManager] 409155993 physical memory requested, 0 released, 353112064 free
2024-11-12T09:09:30.257+0200 [DEBUG] [org.gradle.process.internal.health.memory.DefaultMemoryManager] 409155993 physical memory requested, 297377792 free
2024-11-12T09:09:30.257+0200 [DEBUG] [org.gradle.workers.internal.WorkerDaemonExpiration] Will attempt to release 390 of memory
2024-11-12T09:09:30.257+0200 [DEBUG] [org.gradle.process.internal.health.memory.DefaultMemoryManager] 409155993 physical memory requested, 0 released, 297377792 free
2024-11-12T09:09:35.161+0200 [DEBUG] [org.gradle.cache.internal.DefaultFileLockManager] Waiting to acquire shared lock on daemon addresses registry.
2024-11-12T09:09:35.161+0200 [DEBUG] [org.gradle.cache.internal.DefaultFileLockManager] Lock acquired on daemon addresses registry.
2024-11-12T09:09:35.161+0200 [DEBUG] [org.gradle.cache.internal.DefaultFileLockManager] Releasing lock on daemon addresses registry.
2024-11-12T09:09:35.164+0200 [DEBUG] [org.gradle.cache.internal.DefaultFileLockManager] Waiting to acquire shared lock on daemon addresses registry.
2024-11-12T09:09:35.164+0200 [DEBUG] [org.gradle.cache.internal.DefaultFileLockManager] Lock acquired on daemon addresses registry.
2024-11-12T09:09:35.164+0200 [DEBUG] [org.gradle.cache.internal.DefaultFileLockManager] Releasing lock on daemon addresses registry.
2024-11-12T09:09:35.166+0200 [DEBUG] [org.gradle.cache.internal.DefaultFileLockManager] Waiting to acquire shared lock on daemon addresses registry.
2024-11-12T09:09:35.166+0200 [DEBUG] [org.gradle.cache.internal.DefaultFileLockManager] Lock acquired on daemon addresses registry.
2024-11-12T09:09:35.166+0200 [DEBUG] [org.gradle.cache.internal.DefaultFileLockManager] Releasing lock on daemon addresses registry.
2024-11-12T09:09:35.242+0200 [DEBUG] [org.gradle.process.internal.health.memory.DefaultMemoryManager] 409155993 physical memory requested, 297893888 free
2024-11-12T09:09:35.242+0200 [DEBUG] [org.gradle.workers.internal.WorkerDaemonExpiration] Will attempt to release 390 of memory
2024-11-12T09:09:35.242+0200 [DEBUG] [org.gradle.process.internal.health.memory.DefaultMemoryManager] 409155993 physical memory requested, 0 released, 297893888 free
2024-11-12T09:09:40.251+0200 [DEBUG] [org.gradle.process.internal.health.memory.DefaultMemoryManager] 409155993 physical memory requested, 311808000 free
2024-11-12T09:09:40.252+0200 [DEBUG] [org.gradle.workers.internal.WorkerDaemonExpiration] Will attempt to release 390 of memory
2024-11-12T09:09:40.252+0200 [DEBUG] [org.gradle.process.internal.health.memory.DefaultMemoryManager] 409155993 physical memory requested, 0 released, 311808000 free
2024-11-12T09:09:45.159+0200 [DEBUG] [org.gradle.cache.internal.DefaultFileLockManager] Waiting to acquire shared lock on daemon addresses registry.
2024-11-12T09:09:45.159+0200 [DEBUG] [org.gradle.cache.internal.DefaultFileLockManager] Lock acquired on daemon addresses registry.
2024-11-12T09:09:45.160+0200 [DEBUG] [org.gradle.cache.internal.DefaultFileLockManager] Releasing lock on daemon addresses registry.
2024-11-12T09:09:45.164+0200 [DEBUG] [org.gradle.cache.internal.DefaultFileLockManager] Waiting to acquire shared lock on daemon addresses registry.
2024-11-12T09:09:45.165+0200 [DEBUG] [org.gradle.cache.internal.DefaultFileLockManager] Lock acquired on daemon addresses registry.
2024-11-12T09:09:45.165+0200 [DEBUG] [org.gradle.cache.internal.DefaultFileLockManager] Releasing lock on daemon addresses registry.
2024-11-12T09:09:45.168+0200 [DEBUG] [org.gradle.cache.internal.DefaultFileLockManager] Waiting to acquire shared lock on daemon addresses registry.
2024-11-12T09:09:45.168+0200 [DEBUG] [org.gradle.cache.internal.DefaultFileLockManager] Lock acquired on daemon addresses registry.
2024-11-12T09:09:45.169+0200 [DEBUG] [org.gradle.cache.internal.DefaultFileLockManager] Releasing lock on daemon addresses registry.
2024-11-12T09:09:45.248+0200 [DEBUG] [org.gradle.process.internal.health.memory.DefaultMemoryManager] 409155993 physical memory requested, 305979392 free
2024-11-12T09:09:45.248+0200 [DEBUG] [org.gradle.workers.internal.WorkerDaemonExpiration] Will attempt to release 390 of memory
2024-11-12T09:09:45.248+0200 [DEBUG] [org.gradle.process.internal.health.memory.DefaultMemoryManager] 409155993 physical memory requested, 0 released, 305979392 free
2024-11-12T09:09:50.253+0200 [DEBUG] [org.gradle.process.internal.health.memory.DefaultMemoryManager] 409155993 physical memory requested, 301342720 free
2024-11-12T09:09:50.253+0200 [DEBUG] [org.gradle.workers.internal.WorkerDaemonExpiration] Will attempt to release 390 of memory
2024-11-12T09:09:50.253+0200 [DEBUG] [org.gradle.process.internal.health.memory.DefaultMemoryManager] 409155993 physical memory requested, 0 released, 301342720 free
2024-11-12T09:09:55.156+0200 [DEBUG] [org.gradle.cache.internal.DefaultFileLockManager] Waiting to acquire shared lock on daemon addresses registry.
2024-11-12T09:09:55.157+0200 [DEBUG] [org.gradle.cache.internal.DefaultFileLockManager] Lock acquired on daemon addresses registry.
2024-11-12T09:09:55.157+0200 [DEBUG] [org.gradle.cache.internal.DefaultFileLockManager] Releasing lock on daemon addresses registry.
2024-11-12T09:09:55.158+0200 [DEBUG] [org.gradle.cache.internal.DefaultFileLockManager] Waiting to acquire shared lock on daemon addresses registry.
2024-11-12T09:09:55.158+0200 [DEBUG] [org.gradle.cache.internal.DefaultFileLockManager] Lock acquired on daemon addresses registry.
2024-11-12T09:09:55.159+0200 [DEBUG] [org.gradle.cache.internal.DefaultFileLockManager] Releasing lock on daemon addresses registry.
2024-11-12T09:09:55.160+0200 [DEBUG] [org.gradle.cache.internal.DefaultFileLockManager] Waiting to acquire shared lock on daemon addresses registry.
2024-11-12T09:09:55.160+0200 [DEBUG] [org.gradle.cache.internal.DefaultFileLockManager] Lock acquired on daemon addresses registry.
2024-11-12T09:09:55.161+0200 [DEBUG] [org.gradle.cache.internal.DefaultFileLockManager] Releasing lock on daemon addresses registry.
2024-11-12T09:09:55.242+0200 [DEBUG] [org.gradle.process.internal.health.memory.DefaultMemoryManager] 409155993 physical memory requested, 260567040 free
2024-11-12T09:09:55.242+0200 [DEBUG] [org.gradle.workers.internal.WorkerDaemonExpiration] Will attempt to release 390 of memory
2024-11-12T09:09:55.242+0200 [DEBUG] [org.gradle.process.internal.health.memory.DefaultMemoryManager] 409155993 physical memory requested, 0 released, 260567040 free
2024-11-12T09:10:00.251+0200 [DEBUG] [org.gradle.process.internal.health.memory.DefaultMemoryManager] 409155993 physical memory requested, 396439552 free
2024-11-12T09:10:00.251+0200 [DEBUG] [org.gradle.workers.internal.WorkerDaemonExpiration] Will attempt to release 390 of memory
2024-11-12T09:10:00.251+0200 [DEBUG] [org.gradle.process.internal.health.memory.DefaultMemoryManager] 409155993 physical memory requested, 0 released, 396439552 free
2024-11-12T09:10:01.619+0200 [DEBUG] [org.gradle.internal.watch.vfs.impl.WatchingVirtualFileSystem] Handling VFS change CREATED C:\Foods_Shop\app\src\main\java\kz\zhandos\fast_food\Activity\MainActivity.java~
2024-11-12T09:10:02.135+0200 [DEBUG] [org.gradle.internal.remote.internal.inet.TcpIncomingConnector] Accepted connection from /127.0.0.1:53436 to /127.0.0.1:53082.
2024-11-12T09:10:02.269+0200 [DEBUG] [org.gradle.internal.watch.vfs.impl.WatchingVirtualFileSystem] Handling VFS change MODIFIED C:\Foods_Shop\app\src\main\java\kz\zhandos\fast_food\Activity\MainActivity.java
2024-11-12T09:10:02.416+0200 [DEBUG] [org.gradle.launcher.daemon.server.SynchronizedDispatchConnection] thread 170: received class org.gradle.launcher.daemon.protocol.Build
2024-11-12T09:10:02.420+0200 [DEBUG] [org.gradle.launcher.daemon.server.DefaultDaemonConnection] thread 170: Received non-IO message from client: Build{id=c5a22b40-11d3-4ffc-bb0d-7e891883949e, currentDir=C:\Foods_Shop}
2024-11-12T09:10:02.424+0200 [INFO] [org.gradle.launcher.daemon.server.DefaultIncomingConnectionHandler] Received command: Build{id=c5a22b40-11d3-4ffc-bb0d-7e891883949e, currentDir=C:\Foods_Shop}.
2024-11-12T09:10:02.424+0200 [DEBUG] [org.gradle.launcher.daemon.server.DefaultIncomingConnectionHandler] Starting executing command: Build{id=c5a22b40-11d3-4ffc-bb0d-7e891883949e, currentDir=C:\Foods_Shop} with connection: socket connection from /127.0.0.1:53082 to /127.0.0.1:53436.
2024-11-12T09:10:02.444+0200 [DEBUG] [org.gradle.launcher.daemon.server.DaemonStateCoordinator] Command execution: started DaemonCommandExecution[command = Build{id=c5a22b40-11d3-4ffc-bb0d-7e891883949e, currentDir=C:\Foods_Shop}, connection = DefaultDaemonConnection: socket connection from /127.0.0.1:53082 to /127.0.0.1:53436] after 4.0 minutes of idle
2024-11-12T09:10:02.450+0200 [INFO] [org.gradle.launcher.daemon.server.DaemonRegistryUpdater] Marking the daemon as busy, address: [513f46b0-a183-4902-8c6f-9bcb4a6a3157 port:53082, addresses:[localhost/127.0.0.1]]
2024-11-12T09:10:02.451+0200 [DEBUG] [org.gradle.launcher.daemon.registry.PersistentDaemonRegistry] Marking busy by address: [513f46b0-a183-4902-8c6f-9bcb4a6a3157 port:53082, addresses:[localhost/127.0.0.1]]
2024-11-12T09:10:02.455+0200 [DEBUG] [org.gradle.cache.internal.DefaultFileLockManager] Waiting to acquire exclusive lock on daemon addresses registry.
2024-11-12T09:10:02.465+0200 [DEBUG] [org.gradle.cache.internal.DefaultFileLockManager] Lock acquired on daemon addresses registry.
2024-11-12T09:10:02.477+0200 [DEBUG] [org.gradle.cache.internal.DefaultFileLockManager] Releasing lock on daemon addresses registry.
2024-11-12T09:10:02.479+0200 [DEBUG] [org.gradle.launcher.daemon.server.DaemonStateCoordinator] resetting idle timer
2024-11-12T09:10:02.482+0200 [DEBUG] [org.gradle.launcher.daemon.server.DaemonStateCoordinator] daemon is running. Sleeping until state changes.
2024-11-12T09:10:02.482+0200 [INFO] [org.gradle.launcher.daemon.server.exec.StartBuildOrRespondWithBusy] Daemon is about to start building Build{id=c5a22b40-11d3-4ffc-bb0d-7e891883949e, currentDir=C:\Foods_Shop}. Dispatching build started information...
2024-11-12T09:10:02.485+0200 [DEBUG] [org.gradle.launcher.daemon.server.SynchronizedDispatchConnection] thread 172: dispatching org.gradle.launcher.daemon.protocol.BuildStarted@240eeb1a
2024-11-12T09:10:02.498+0200 [DEBUG] [org.gradle.launcher.daemon.server.SynchronizedDispatchConnection] thread 170: received class org.gradle.launcher.daemon.protocol.CloseInput
2024-11-12T09:10:02.499+0200 [DEBUG] [org.gradle.launcher.daemon.server.DefaultDaemonConnection] thread 170: Received IO message from client: org.gradle.launcher.daemon.protocol.CloseInput@3b8de1c3
2024-11-12T09:10:02.516+0200 [DEBUG] [org.gradle.launcher.daemon.server.exec.EstablishBuildEnvironment] Configuring env variables: [USERDOMAIN_ROAMINGPROFILE, LOCALAPPDATA, PROCESSOR_LEVEL, USERDOMAIN, LOGONSERVER, JAVA_HOME, SESSIONNAME, ALLUSERSPROFILE, PROCESSOR_ARCHITECTURE, PSModulePath, SystemDrive, OneDrive, APPDATA, USERNAME, ProgramFiles(x86), CommonProgramFiles, Path, PYTHONPATH, PyCharm, PATHEXT, DriverData, OS, COMPUTERNAME, IntelliJ IDEA Community Edition, PROCESSOR_REVISION, CommonProgramW6432, PyCharm Community Edition, ComSpec, ProgramData, ProgramW6432, TEMP, HOMEPATH, SystemRoot, PROCESSOR_IDENTIFIER, HOMEDRIVE, USERPROFILE, TMP, EFC_13388, CommonProgramFiles(x86), ProgramFiles, PUBLIC, windir, NUMBER_OF_PROCESSORS, =::, IDEA_INITIAL_DIRECTORY, ZES_ENABLE_SYSMAN]
2024-11-12T09:10:02.563+0200 [DEBUG] [org.gradle.launcher.daemon.server.exec.LogToClient] About to start relaying all logs to the client via the connection.
2024-11-12T09:10:02.568+0200 [INFO] [org.gradle.launcher.daemon.server.exec.LogToClient] The client will now receive all logging from the daemon (pid: 18912). The daemon log file: C:\Foods_Shop\daemon\8.7\daemon-18912.out.log
2024-11-12T09:10:02.699+0200 [INFO] [org.gradle.launcher.daemon.server.exec.LogAndCheckHealth] Starting 3rd build in daemon [uptime: 59 mins 9.088 secs, performance: 99%, GC rate: 0.00/s, heap usage: 0% of 2 GiB]
2024-11-12T09:10:02.705+0200 [INFO] [org.gradle.launcher.daemon.server.exec.ForwardClientInput] Closing daemon's stdin at end of input.
2024-11-12T09:10:02.705+0200 [INFO] [org.gradle.launcher.daemon.server.exec.ForwardClientInput] The daemon will no longer process any standard input.
2024-11-12T09:10:02.712+0200 [DEBUG] [org.gradle.launcher.daemon.server.exec.ExecuteBuild] The daemon has started executing the build.
2024-11-12T09:10:02.713+0200 [DEBUG] [org.gradle.launcher.daemon.server.exec.ExecuteBuild] Executing build with daemon context: DefaultDaemonContext[uid=0d96e0d0-f943-4855-9f51-81c432692892,javaHome=C:\Program Files\Android\Android Studio\jbr,daemonRegistryDir=C:\Foods_Shop\daemon,pid=18912,idleTimeout=10800000,priority=NORMAL,applyInstrumentationAgent=true,daemonOpts=--add-opens=java.base/java.util=ALL-UNNAMED,--add-opens=java.base/java.lang=ALL-UNNAMED,--add-opens=java.base/java.lang.invoke=ALL-UNNAMED,--add-opens=java.prefs/java.util.prefs=ALL-UNNAMED,--add-opens=java.base/java.nio.charset=ALL-UNNAMED,--add-opens=java.base/java.net=ALL-UNNAMED,--add-opens=java.base/java.util.concurrent.atomic=ALL-UNNAMED,-Xmx2048m,-Dfile.encoding=UTF-8,-Duser.country=RU,-Duser.language=ru,-Duser.variant]

BUILD SUCCESSFUL in 16s
34 actionable tasks: 4 executed, 30 up-to-date
2024-11-12T09:10:19.132+0200 [DEBUG] [org.gradle.launcher.daemon.server.exec.ExecuteBuild] The daemon has finished executing the build.
2024-11-12T09:10:19.138+0200 [DEBUG] [org.gradle.launcher.daemon.server.DaemonStateCoordinator] Command execution: finished waiting for DaemonCommandExecution[command = Build{id=c5a22b40-11d3-4ffc-bb0d-7e891883949e, currentDir=C:\Foods_Shop}, connection = DefaultDaemonConnection: socket connection from /127.0.0.1:53082 to /127.0.0.1:53436]. Result org.gradle.launcher.daemon.server.DaemonStateCoordinator@2ba8c798 with state Busy
2024-11-12T09:10:19.139+0200 [DEBUG] [org.gradle.launcher.daemon.server.DaemonStateCoordinator] Command execution: completed DaemonCommandExecution[command = Build{id=c5a22b40-11d3-4ffc-bb0d-7e891883949e, currentDir=C:\Foods_Shop}, connection = DefaultDaemonConnection: socket connection from /127.0.0.1:53082 to /127.0.0.1:53436]
2024-11-12T09:10:19.139+0200 [DEBUG] [org.gradle.launcher.daemon.server.DaemonStateCoordinator] resetting idle timer
2024-11-12T09:10:19.139+0200 [INFO] [org.gradle.launcher.daemon.server.DaemonRegistryUpdater] Marking the daemon as idle, address: [513f46b0-a183-4902-8c6f-9bcb4a6a3157 port:53082, addresses:[localhost/127.0.0.1]]
2024-11-12T09:10:19.139+0200 [DEBUG] [org.gradle.launcher.daemon.registry.PersistentDaemonRegistry] Marking busy by address: [513f46b0-a183-4902-8c6f-9bcb4a6a3157 port:53082, addresses:[localhost/127.0.0.1]]
2024-11-12T09:10:19.140+0200 [DEBUG] [org.gradle.cache.internal.DefaultFileLockManager] Waiting to acquire exclusive lock on daemon addresses registry.
2024-11-12T09:10:19.151+0200 [DEBUG] [org.gradle.cache.internal.DefaultFileLockManager] Lock acquired on daemon addresses registry.
2024-11-12T09:10:19.153+0200 [DEBUG] [org.gradle.cache.internal.DefaultFileLockManager] Releasing lock on daemon addresses registry.
2024-11-12T09:10:19.163+0200 [DEBUG] [org.gradle.launcher.daemon.server.exec.ReturnResult] Daemon is dispatching the build result: Success[value=org.gradle.launcher.exec.BuildActionResult@465eb9b9]
2024-11-12T09:10:19.163+0200 [DEBUG] [org.gradle.launcher.daemon.server.SynchronizedDispatchConnection] thread 169: dispatching Success[value=org.gradle.launcher.exec.BuildActionResult@465eb9b9]
2024-11-12T09:10:19.163+0200 [DEBUG] [org.gradle.launcher.daemon.server.DaemonStateCoordinator] daemon is running. Sleeping until state changes.
2024-11-12T09:10:19.166+0200 [DEBUG] [org.gradle.launcher.daemon.server.DefaultIncomingConnectionHandler] Finishing executing command: Build{id=c5a22b40-11d3-4ffc-bb0d-7e891883949e, currentDir=C:\Foods_Shop}
2024-11-12T09:10:19.171+0200 [DEBUG] [org.gradle.launcher.daemon.server.SynchronizedDispatchConnection] thread 170: received class org.gradle.launcher.daemon.protocol.Finished
2024-11-12T09:10:19.171+0200 [DEBUG] [org.gradle.launcher.daemon.server.DefaultDaemonConnection] thread 170: Received non-IO message from client: org.gradle.launcher.daemon.protocol.Finished@354a08c2
2024-11-12T09:10:19.172+0200 [DEBUG] [org.gradle.launcher.daemon.server.DefaultIncomingConnectionHandler] Received finished message: org.gradle.launcher.daemon.protocol.Finished@354a08c2
2024-11-12T09:10:19.172+0200 [DEBUG] [org.gradle.launcher.daemon.server.SynchronizedDispatchConnection] thread 169: stopping connection
2024-11-12T09:10:19.173+0200 [DEBUG] [org.gradle.internal.remote.internal.inet.SocketConnection] Discarding EOFException: java.io.EOFException
2024-11-12T09:10:19.173+0200 [DEBUG] [org.gradle.launcher.daemon.server.SynchronizedDispatchConnection] thread 170: received null
2024-11-12T09:10:19.173+0200 [DEBUG] [org.gradle.launcher.daemon.server.DefaultDaemonConnection] thread 170: Received end-of-input from client.
2024-11-12T09:10:19.174+0200 [DEBUG] [org.gradle.launcher.daemon.server.SynchronizedDispatchConnection] thread 169: stopping connection
2024-11-12T09:10:19.185+0200 [DEBUG] [org.gradle.launcher.daemon.server.exec.CleanUpVirtualFileSystemAfterBuild] Cleaning virtual file system after build finished
2024-11-12T09:10:20.247+0200 [DEBUG] [org.gradle.process.internal.health.memory.DefaultMemoryManager] 409155993 physical memory requested, 238252032 free
2024-11-12T09:10:20.247+0200 [DEBUG] [org.gradle.workers.internal.WorkerDaemonExpiration] Will attempt to release 390 of memory
2024-11-12T09:10:20.248+0200 [DEBUG] [org.gradle.process.internal.health.memory.DefaultMemoryManager] 409155993 physical memory requested, 0 released, 238252032 free
2024-11-12T09:10:25.218+0200 [DEBUG] [org.gradle.cache.internal.DefaultFileLockManager] Waiting to acquire shared lock on daemon addresses registry.
2024-11-12T09:10:25.226+0200 [DEBUG] [org.gradle.cache.internal.DefaultFileLockManager] Lock acquired on daemon addresses registry.
2024-11-12T09:10:25.227+0200 [DEBUG] [org.gradle.cache.internal.DefaultFileLockManager] Releasing lock on daemon addresses registry.
2024-11-12T09:10:25.233+0200 [DEBUG] [org.gradle.cache.internal.DefaultFileLockManager] Waiting to acquire shared lock on daemon addresses registry.
2024-11-12T09:10:25.233+0200 [DEBUG] [org.gradle.cache.internal.DefaultFileLockManager] Lock acquired on daemon addresses registry.
2024-11-12T09:10:25.234+0200 [DEBUG] [org.gradle.cache.internal.DefaultFileLockManager] Releasing lock on daemon addresses registry.
2024-11-12T09:10:25.353+0200 [DEBUG] [org.gradle.process.internal.health.memory.DefaultMemoryManager] 409155993 physical memory requested, 319229952 free
2024-11-12T09:10:25.353+0200 [DEBUG] [org.gradle.workers.internal.WorkerDaemonExpiration] Will attempt to release 390 of memory
2024-11-12T09:10:25.355+0200 [DEBUG] [org.gradle.process.internal.health.memory.DefaultMemoryManager] 409155993 physical memory requested, 0 released, 319229952 free
2024-11-12T09:10:30.252+0200 [DEBUG] [org.gradle.process.internal.health.memory.DefaultMemoryManager] 409155993 physical memory requested, 259620864 free
2024-11-12T09:10:30.252+0200 [DEBUG] [org.gradle.workers.internal.WorkerDaemonExpiration] Will attempt to release 390 of memory
2024-11-12T09:10:30.252+0200 [DEBUG] [org.gradle.process.internal.health.memory.DefaultMemoryManager] 409155993 physical memory requested, 0 released, 259620864 free
2024-11-12T09:10:35.229+0200 [DEBUG] [org.gradle.cache.internal.DefaultFileLockManager] Waiting to acquire shared lock on daemon addresses registry.
2024-11-12T09:10:35.230+0200 [DEBUG] [org.gradle.cache.internal.DefaultFileLockManager] Lock acquired on daemon addresses registry.
2024-11-12T09:10:35.245+0200 [DEBUG] [org.gradle.process.internal.health.memory.DefaultMemoryManager] 409155993 physical memory requested, 276078592 free
2024-11-12T09:10:35.245+0200 [DEBUG] [org.gradle.workers.internal.WorkerDaemonExpiration] Will attempt to release 390 of memory
2024-11-12T09:10:35.246+0200 [DEBUG] [org.gradle.process.internal.health.memory.DefaultMemoryManager] 409155993 physical memory requested, 0 released, 276078592 free
2024-11-12T09:10:35.260+0200 [DEBUG] [org.gradle.cache.internal.DefaultFileLockManager] Releasing lock on daemon addresses registry.
2024-11-12T09:10:35.352+0200 [DEBUG] [org.gradle.cache.internal.DefaultFileLockManager] Waiting to acquire shared lock on daemon addresses registry.
2024-11-12T09:10:35.369+0200 [DEBUG] [org.gradle.cache.internal.DefaultFileLockManager] Lock acquired on daemon addresses registry.
2024-11-12T09:10:35.369+0200 [DEBUG] [org.gradle.cache.internal.DefaultFileLockManager] Releasing lock on daemon addresses registry.
2024-11-12T09:10:35.388+0200 [DEBUG] [org.gradle.cache.internal.DefaultFileLockManager] Waiting to acquire shared lock on daemon addresses registry.
2024-11-12T09:10:35.389+0200 [DEBUG] [org.gradle.cache.internal.DefaultFileLockManager] Lock acquired on daemon addresses registry.
2024-11-12T09:10:35.389+0200 [DEBUG] [org.gradle.cache.internal.DefaultFileLockManager] Releasing lock on daemon addresses registry.
2024-11-12T09:10:45.154+0200 [DEBUG] [org.gradle.cache.internal.DefaultFileLockManager] Waiting to acquire shared lock on daemon addresses registry.
2024-11-12T09:10:45.154+0200 [DEBUG] [org.gradle.cache.internal.DefaultFileLockManager] Lock acquired on daemon addresses registry.
2024-11-12T09:10:45.155+0200 [DEBUG] [org.gradle.cache.internal.DefaultFileLockManager] Releasing lock on daemon addresses registry.
2024-11-12T09:10:45.157+0200 [DEBUG] [org.gradle.cache.internal.DefaultFileLockManager] Waiting to acquire shared lock on daemon addresses registry.
2024-11-12T09:10:45.157+0200 [DEBUG] [org.gradle.cache.internal.DefaultFileLockManager] Lock acquired on daemon addresses registry.
2024-11-12T09:10:45.157+0200 [DEBUG] [org.gradle.cache.internal.DefaultFileLockManager] Releasing lock on daemon addresses registry.
2024-11-12T09:10:45.160+0200 [DEBUG] [org.gradle.cache.internal.DefaultFileLockManager] Waiting to acquire shared lock on daemon addresses registry.
2024-11-12T09:10:45.160+0200 [DEBUG] [org.gradle.cache.internal.DefaultFileLockManager] Lock acquired on daemon addresses registry.
2024-11-12T09:10:45.161+0200 [DEBUG] [org.gradle.cache.internal.DefaultFileLockManager] Releasing lock on daemon addresses registry.
2024-11-12T09:10:55.155+0200 [DEBUG] [org.gradle.cache.internal.DefaultFileLockManager] Waiting to acquire shared lock on daemon addresses registry.
2024-11-12T09:10:55.156+0200 [DEBUG] [org.gradle.cache.internal.DefaultFileLockManager] Lock acquired on daemon addresses registry.
2024-11-12T09:10:55.157+0200 [DEBUG] [org.gradle.cache.internal.DefaultFileLockManager] Releasing lock on daemon addresses registry.
2024-11-12T09:10:55.161+0200 [DEBUG] [org.gradle.cache.internal.DefaultFileLockManager] Waiting to acquire shared lock on daemon addresses registry.
2024-11-12T09:10:55.161+0200 [DEBUG] [org.gradle.cache.internal.DefaultFileLockManager] Lock acquired on daemon addresses registry.
2024-11-12T09:10:55.162+0200 [DEBUG] [org.gradle.cache.internal.DefaultFileLockManager] Releasing lock on daemon addresses registry.
2024-11-12T09:10:55.163+0200 [DEBUG] [org.gradle.cache.internal.DefaultFileLockManager] Waiting to acquire shared lock on daemon addresses registry.
2024-11-12T09:10:55.164+0200 [DEBUG] [org.gradle.cache.internal.DefaultFileLockManager] Lock acquired on daemon addresses registry.
2024-11-12T09:10:55.164+0200 [DEBUG] [org.gradle.cache.internal.DefaultFileLockManager] Releasing lock on daemon addresses registry.
2024-11-12T09:11:05.153+0200 [DEBUG] [org.gradle.cache.internal.DefaultFileLockManager] Waiting to acquire shared lock on daemon addresses registry.
2024-11-12T09:11:05.153+0200 [DEBUG] [org.gradle.cache.internal.DefaultFileLockManager] Lock acquired on daemon addresses registry.
2024-11-12T09:11:05.154+0200 [DEBUG] [org.gradle.cache.internal.DefaultFileLockManager] Releasing lock on daemon addresses registry.
2024-11-12T09:11:05.156+0200 [DEBUG] [org.gradle.cache.internal.DefaultFileLockManager] Waiting to acquire shared lock on daemon addresses registry.
2024-11-12T09:11:05.156+0200 [DEBUG] [org.gradle.cache.internal.DefaultFileLockManager] Lock acquired on daemon addresses registry.
2024-11-12T09:11:05.172+0200 [DEBUG] [org.gradle.cache.internal.DefaultFileLockManager] Releasing lock on daemon addresses registry.
2024-11-12T09:11:05.193+0200 [DEBUG] [org.gradle.cache.internal.DefaultFileLockManager] Waiting to acquire shared lock on daemon addresses registry.
2024-11-12T09:11:05.194+0200 [DEBUG] [org.gradle.cache.internal.DefaultFileLockManager] Lock acquired on daemon addresses registry.
2024-11-12T09:11:05.194+0200 [DEBUG] [org.gradle.cache.internal.DefaultFileLockManager] Releasing lock on daemon addresses registry.
2024-11-12T09:11:15.160+0200 [DEBUG] [org.gradle.cache.internal.DefaultFileLockManager] Waiting to acquire shared lock on daemon addresses registry.
2024-11-12T09:11:15.160+0200 [DEBUG] [org.gradle.cache.internal.DefaultFileLockManager] Lock acquired on daemon addresses registry.
2024-11-12T09:11:15.161+0200 [DEBUG] [org.gradle.cache.internal.DefaultFileLockManager] Releasing lock on daemon addresses registry.
2024-11-12T09:11:15.163+0200 [DEBUG] [org.gradle.cache.internal.DefaultFileLockManager] Waiting to acquire shared lock on daemon addresses registry.
2024-11-12T09:11:15.164+0200 [DEBUG] [org.gradle.cache.internal.DefaultFileLockManager] Lock acquired on daemon addresses registry.
2024-11-12T09:11:15.167+0200 [DEBUG] [org.gradle.cache.internal.DefaultFileLockManager] Releasing lock on daemon addresses registry.
2024-11-12T09:11:15.170+0200 [DEBUG] [org.gradle.cache.internal.DefaultFileLockManager] Waiting to acquire shared lock on daemon addresses registry.
2024-11-12T09:11:15.170+0200 [DEBUG] [org.gradle.cache.internal.DefaultFileLockManager] Lock acquired on daemon addresses registry.
2024-11-12T09:11:15.171+0200 [DEBUG] [org.gradle.cache.internal.DefaultFileLockManager] Releasing lock on daemon addresses registry.
2024-11-12T09:11:25.163+0200 [DEBUG] [org.gradle.cache.internal.DefaultFileLockManager] Waiting to acquire shared lock on daemon addresses registry.
2024-11-12T09:11:25.164+0200 [DEBUG] [org.gradle.cache.internal.DefaultFileLockManager] Lock acquired on daemon addresses registry.
2024-11-12T09:11:25.164+0200 [DEBUG] [org.gradle.cache.internal.DefaultFileLockManager] Releasing lock on daemon addresses registry.
2024-11-12T09:11:25.172+0200 [DEBUG] [org.gradle.cache.internal.DefaultFileLockManager] Waiting to acquire shared lock on daemon addresses registry.
2024-11-12T09:11:25.172+0200 [DEBUG] [org.gradle.cache.internal.DefaultFileLockManager] Lock acquired on daemon addresses registry.
2024-11-12T09:11:25.174+0200 [DEBUG] [org.gradle.cache.internal.DefaultFileLockManager] Releasing lock on daemon addresses registry.
2024-11-12T09:11:25.175+0200 [DEBUG] [org.gradle.cache.internal.DefaultFileLockManager] Waiting to acquire shared lock on daemon addresses registry.
2024-11-12T09:11:25.176+0200 [DEBUG] [org.gradle.cache.internal.DefaultFileLockManager] Lock acquired on daemon addresses registry.
2024-11-12T09:11:25.181+0200 [DEBUG] [org.gradle.cache.internal.DefaultFileLockManager] Releasing lock on daemon addresses registry.
2024-11-12T09:11:25.288+0200 [DEBUG] [org.gradle.process.internal.health.memory.DefaultMemoryManager] 409155993 physical memory requested, 321617920 free
2024-11-12T09:11:25.288+0200 [DEBUG] [org.gradle.workers.internal.WorkerDaemonExpiration] Will attempt to release 390 of memory
2024-11-12T09:11:25.288+0200 [DEBUG] [org.gradle.process.internal.health.memory.DefaultMemoryManager] 409155993 physical memory requested, 0 released, 321617920 free
2024-11-12T09:11:30.306+0200 [DEBUG] [org.gradle.process.internal.health.memory.DefaultMemoryManager] 409155993 physical memory requested, 235225088 free
2024-11-12T09:11:30.326+0200 [DEBUG] [org.gradle.workers.internal.WorkerDaemonExpiration] Will attempt to release 390 of memory
2024-11-12T09:11:30.326+0200 [DEBUG] [org.gradle.process.internal.health.memory.DefaultMemoryManager] 409155993 physical memory requested, 0 released, 235225088 free
2024-11-12T09:11:35.158+0200 [DEBUG] [org.gradle.cache.internal.DefaultFileLockManager] Waiting to acquire shared lock on daemon addresses registry.
2024-11-12T09:11:35.159+0200 [DEBUG] [org.gradle.cache.internal.DefaultFileLockManager] Lock acquired on daemon addresses registry.
2024-11-12T09:11:35.159+0200 [DEBUG] [org.gradle.cache.internal.DefaultFileLockManager] Releasing lock on daemon addresses registry.
2024-11-12T09:11:35.161+0200 [DEBUG] [org.gradle.cache.internal.DefaultFileLockManager] Waiting to acquire shared lock on daemon addresses registry.
2024-11-12T09:11:35.161+0200 [DEBUG] [org.gradle.cache.internal.DefaultFileLockManager] Lock acquired on daemon addresses registry.
2024-11-12T09:11:35.162+0200 [DEBUG] [org.gradle.cache.internal.DefaultFileLockManager] Releasing lock on daemon addresses registry.
2024-11-12T09:11:35.164+0200 [DEBUG] [org.gradle.cache.internal.DefaultFileLockManager] Waiting to acquire shared lock on daemon addresses registry.
2024-11-12T09:11:35.164+0200 [DEBUG] [org.gradle.cache.internal.DefaultFileLockManager] Lock acquired on daemon addresses registry.
2024-11-12T09:11:35.166+0200 [DEBUG] [org.gradle.cache.internal.DefaultFileLockManager] Releasing lock on daemon addresses registry.
2024-11-12T09:11:45.222+0200 [DEBUG] [org.gradle.cache.internal.DefaultFileLockManager] Waiting to acquire shared lock on daemon addresses registry.
2024-11-12T09:11:45.223+0200 [DEBUG] [org.gradle.cache.internal.DefaultFileLockManager] Lock acquired on daemon addresses registry.
2024-11-12T09:11:45.226+0200 [DEBUG] [org.gradle.cache.internal.DefaultFileLockManager] Releasing lock on daemon addresses registry.
2024-11-12T09:11:45.230+0200 [DEBUG] [org.gradle.cache.internal.DefaultFileLockManager] Waiting to acquire shared lock on daemon addresses registry.
2024-11-12T09:11:45.230+0200 [DEBUG] [org.gradle.cache.internal.DefaultFileLockManager] Lock acquired on daemon addresses registry.
2024-11-12T09:11:45.230+0200 [DEBUG] [org.gradle.cache.internal.DefaultFileLockManager] Releasing lock on daemon addresses registry.
2024-11-12T09:11:45.231+0200 [DEBUG] [org.gradle.cache.internal.DefaultFileLockManager] Waiting to acquire shared lock on daemon addresses registry.
2024-11-12T09:11:45.232+0200 [DEBUG] [org.gradle.cache.internal.DefaultFileLockManager] Lock acquired on daemon addresses registry.
2024-11-12T09:11:45.234+0200 [DEBUG] [org.gradle.cache.internal.DefaultFileLockManager] Releasing lock on daemon addresses registry.
2024-11-12T09:11:45.404+0200 [DEBUG] [org.gradle.process.internal.health.memory.DefaultMemoryManager] 409155993 physical memory requested, 345038848 free
2024-11-12T09:11:45.475+0200 [DEBUG] [org.gradle.workers.internal.WorkerDaemonExpiration] Will attempt to release 390 of memory
2024-11-12T09:11:45.475+0200 [DEBUG] [org.gradle.process.internal.health.memory.DefaultMemoryManager] 409155993 physical memory requested, 0 released, 345038848 free
2024-11-12T09:11:50.260+0200 [DEBUG] [org.gradle.process.internal.health.memory.DefaultMemoryManager] 409155993 physical memory requested, 281661440 free
2024-11-12T09:11:50.261+0200 [DEBUG] [org.gradle.workers.internal.WorkerDaemonExpiration] Will attempt to release 390 of memory
2024-11-12T09:11:50.277+0200 [DEBUG] [org.gradle.process.internal.health.memory.DefaultMemoryManager] 409155993 physical memory requested, 0 released, 281661440 free
2024-11-12T09:11:55.294+0200 [DEBUG] [org.gradle.cache.internal.DefaultFileLockManager] Waiting to acquire shared lock on daemon addresses registry.
2024-11-12T09:11:55.295+0200 [DEBUG] [org.gradle.cache.internal.DefaultFileLockManager] Lock acquired on daemon addresses registry.
2024-11-12T09:11:55.297+0200 [DEBUG] [org.gradle.cache.internal.DefaultFileLockManager] Releasing lock on daemon addresses registry.
2024-11-12T09:11:55.299+0200 [DEBUG] [org.gradle.cache.internal.DefaultFileLockManager] Waiting to acquire shared lock on daemon addresses registry.
2024-11-12T09:11:55.300+0200 [DEBUG] [org.gradle.cache.internal.DefaultFileLockManager] Lock acquired on daemon addresses registry.
2024-11-12T09:11:55.306+0200 [DEBUG] [org.gradle.cache.internal.DefaultFileLockManager] Releasing lock on daemon addresses registry.
2024-11-12T09:11:55.309+0200 [DEBUG] [org.gradle.cache.internal.DefaultFileLockManager] Waiting to acquire shared lock on daemon addresses registry.
2024-11-12T09:11:55.310+0200 [DEBUG] [org.gradle.cache.internal.DefaultFileLockManager] Lock acquired on daemon addresses registry.
2024-11-12T09:11:55.310+0200 [DEBUG] [org.gradle.cache.internal.DefaultFileLockManager] Releasing lock on daemon addresses registry.
2024-11-12T09:11:55.310+0200 [DEBUG] [org.gradle.process.internal.health.memory.DefaultMemoryManager] 409155993 physical memory requested, 268128256 free
2024-11-12T09:11:55.317+0200 [DEBUG] [org.gradle.workers.internal.WorkerDaemonExpiration] Will attempt to release 390 of memory
2024-11-12T09:11:55.326+0200 [DEBUG] [org.gradle.process.internal.health.memory.DefaultMemoryManager] 409155993 physical memory requested, 0 released, 268128256 free
2024-11-12T09:12:00.244+0200 [DEBUG] [org.gradle.process.internal.health.memory.DefaultMemoryManager] 409155993 physical memory requested, 259829760 free
2024-11-12T09:12:00.244+0200 [DEBUG] [org.gradle.workers.internal.WorkerDaemonExpiration] Will attempt to release 390 of memory
2024-11-12T09:12:00.244+0200 [DEBUG] [org.gradle.process.internal.health.memory.DefaultMemoryManager] 409155993 physical memory requested, 0 released, 259829760 free
2024-11-12T09:12:05.159+0200 [DEBUG] [org.gradle.cache.internal.DefaultFileLockManager] Waiting to acquire shared lock on daemon addresses registry.
2024-11-12T09:12:05.159+0200 [DEBUG] [org.gradle.cache.internal.DefaultFileLockManager] Lock acquired on daemon addresses registry.
2024-11-12T09:12:05.160+0200 [DEBUG] [org.gradle.cache.internal.DefaultFileLockManager] Releasing lock on daemon addresses registry.
2024-11-12T09:12:05.161+0200 [DEBUG] [org.gradle.cache.internal.DefaultFileLockManager] Waiting to acquire shared lock on daemon addresses registry.
2024-11-12T09:12:05.162+0200 [DEBUG] [org.gradle.cache.internal.DefaultFileLockManager] Lock acquired on daemon addresses registry.
2024-11-12T09:12:05.162+0200 [DEBUG] [org.gradle.cache.internal.DefaultFileLockManager] Releasing lock on daemon addresses registry.
2024-11-12T09:12:05.163+0200 [DEBUG] [org.gradle.cache.internal.DefaultFileLockManager] Waiting to acquire shared lock on daemon addresses registry.
2024-11-12T09:12:05.164+0200 [DEBUG] [org.gradle.cache.internal.DefaultFileLockManager] Lock acquired on daemon addresses registry.
2024-11-12T09:12:05.164+0200 [DEBUG] [org.gradle.cache.internal.DefaultFileLockManager] Releasing lock on daemon addresses registry.
2024-11-12T09:12:05.249+0200 [DEBUG] [org.gradle.process.internal.health.memory.DefaultMemoryManager] 409155993 physical memory requested, 353050624 free
2024-11-12T09:12:05.249+0200 [DEBUG] [org.gradle.workers.internal.WorkerDaemonExpiration] Will attempt to release 390 of memory
2024-11-12T09:12:05.249+0200 [DEBUG] [org.gradle.process.internal.health.memory.DefaultMemoryManager] 409155993 physical memory requested, 0 released, 353050624 free
2024-11-12T09:12:10.252+0200 [DEBUG] [org.gradle.process.internal.health.memory.DefaultMemoryManager] 409155993 physical memory requested, 290770944 free
2024-11-12T09:12:10.252+0200 [DEBUG] [org.gradle.workers.internal.WorkerDaemonExpiration] Will attempt to release 390 of memory
2024-11-12T09:12:10.252+0200 [DEBUG] [org.gradle.process.internal.health.memory.DefaultMemoryManager] 409155993 physical memory requested, 0 released, 290770944 free
2024-11-12T09:12:15.157+0200 [DEBUG] [org.gradle.cache.internal.DefaultFileLockManager] Waiting to acquire shared lock on daemon addresses registry.
2024-11-12T09:12:15.157+0200 [DEBUG] [org.gradle.cache.internal.DefaultFileLockManager] Lock acquired on daemon addresses registry.
2024-11-12T09:12:15.159+0200 [DEBUG] [org.gradle.cache.internal.DefaultFileLockManager] Releasing lock on daemon addresses registry.
2024-11-12T09:12:15.162+0200 [DEBUG] [org.gradle.cache.internal.DefaultFileLockManager] Waiting to acquire shared lock on daemon addresses registry.
2024-11-12T09:12:15.162+0200 [DEBUG] [org.gradle.cache.internal.DefaultFileLockManager] Lock acquired on daemon addresses registry.
2024-11-12T09:12:15.163+0200 [DEBUG] [org.gradle.cache.internal.DefaultFileLockManager] Releasing lock on daemon addresses registry.
2024-11-12T09:12:15.166+0200 [DEBUG] [org.gradle.cache.internal.DefaultFileLockManager] Waiting to acquire shared lock on daemon addresses registry.
2024-11-12T09:12:15.166+0200 [DEBUG] [org.gradle.cache.internal.DefaultFileLockManager] Lock acquired on daemon addresses registry.
2024-11-12T09:12:15.167+0200 [DEBUG] [org.gradle.cache.internal.DefaultFileLockManager] Releasing lock on daemon addresses registry.
2024-11-12T09:12:15.255+0200 [DEBUG] [org.gradle.process.internal.health.memory.DefaultMemoryManager] 409155993 physical memory requested, 335409152 free
2024-11-12T09:12:15.257+0200 [DEBUG] [org.gradle.workers.internal.WorkerDaemonExpiration] Will attempt to release 390 of memory
2024-11-12T09:12:15.258+0200 [DEBUG] [org.gradle.process.internal.health.memory.DefaultMemoryManager] 409155993 physical memory requested, 0 released, 335409152 free
2024-11-12T09:12:20.247+0200 [DEBUG] [org.gradle.process.internal.health.memory.DefaultMemoryManager] 409155993 physical memory requested, 317186048 free
2024-11-12T09:12:20.247+0200 [DEBUG] [org.gradle.workers.internal.WorkerDaemonExpiration] Will attempt to release 390 of memory
2024-11-12T09:12:20.247+0200 [DEBUG] [org.gradle.process.internal.health.memory.DefaultMemoryManager] 409155993 physical memory requested, 0 released, 317186048 free
2024-11-12T09:12:25.162+0200 [DEBUG] [org.gradle.cache.internal.DefaultFileLockManager] Waiting to acquire shared lock on daemon addresses registry.
2024-11-12T09:12:25.162+0200 [DEBUG] [org.gradle.cache.internal.DefaultFileLockManager] Lock acquired on daemon addresses registry.
2024-11-12T09:12:25.163+0200 [DEBUG] [org.gradle.cache.internal.DefaultFileLockManager] Releasing lock on daemon addresses registry.
2024-11-12T09:12:25.165+0200 [DEBUG] [org.gradle.cache.internal.DefaultFileLockManager] Waiting to acquire shared lock on daemon addresses registry.
2024-11-12T09:12:25.166+0200 [DEBUG] [org.gradle.cache.internal.DefaultFileLockManager] Lock acquired on daemon addresses registry.
2024-11-12T09:12:25.170+0200 [DEBUG] [org.gradle.cache.internal.DefaultFileLockManager] Releasing lock on daemon addresses registry.
2024-11-12T09:12:25.171+0200 [DEBUG] [org.gradle.cache.internal.DefaultFileLockManager] Waiting to acquire shared lock on daemon addresses registry.
2024-11-12T09:12:25.171+0200 [DEBUG] [org.gradle.cache.internal.DefaultFileLockManager] Lock acquired on daemon addresses registry.
2024-11-12T09:12:25.172+0200 [DEBUG] [org.gradle.cache.internal.DefaultFileLockManager] Releasing lock on daemon addresses registry.
2024-11-12T09:12:25.244+0200 [DEBUG] [org.gradle.process.internal.health.memory.DefaultMemoryManager] 409155993 physical memory requested, 301330432 free
2024-11-12T09:12:25.245+0200 [DEBUG] [org.gradle.workers.internal.WorkerDaemonExpiration] Will attempt to release 390 of memory
2024-11-12T09:12:25.245+0200 [DEBUG] [org.gradle.process.internal.health.memory.DefaultMemoryManager] 409155993 physical memory requested, 0 released, 301330432 free
2024-11-12T09:12:30.291+0200 [DEBUG] [org.gradle.process.internal.health.memory.DefaultMemoryManager] 409155993 physical memory requested, 256540672 free
2024-11-12T09:12:30.322+0200 [DEBUG] [org.gradle.workers.internal.WorkerDaemonExpiration] Will attempt to release 390 of memory
2024-11-12T09:12:30.323+0200 [DEBUG] [org.gradle.process.internal.health.memory.DefaultMemoryManager] 409155993 physical memory requested, 0 released, 256540672 free
2024-11-12T09:12:35.153+0200 [DEBUG] [org.gradle.cache.internal.DefaultFileLockManager] Waiting to acquire shared lock on daemon addresses registry.
2024-11-12T09:12:35.154+0200 [DEBUG] [org.gradle.cache.internal.DefaultFileLockManager] Lock acquired on daemon addresses registry.
2024-11-12T09:12:35.155+0200 [DEBUG] [org.gradle.cache.internal.DefaultFileLockManager] Releasing lock on daemon addresses registry.
2024-11-12T09:12:35.157+0200 [DEBUG] [org.gradle.cache.internal.DefaultFileLockManager] Waiting to acquire shared lock on daemon addresses registry.
2024-11-12T09:12:35.158+0200 [DEBUG] [org.gradle.cache.internal.DefaultFileLockManager] Lock acquired on daemon addresses registry.
2024-11-12T09:12:35.158+0200 [DEBUG] [org.gradle.cache.internal.DefaultFileLockManager] Releasing lock on daemon addresses registry.
2024-11-12T09:12:35.159+0200 [DEBUG] [org.gradle.cache.internal.DefaultFileLockManager] Waiting to acquire shared lock on daemon addresses registry.
2024-11-12T09:12:35.159+0200 [DEBUG] [org.gradle.cache.internal.DefaultFileLockManager] Lock acquired on daemon addresses registry.
2024-11-12T09:12:35.160+0200 [DEBUG] [org.gradle.cache.internal.DefaultFileLockManager] Releasing lock on daemon addresses registry.
2024-11-12T09:12:40.250+0200 [DEBUG] [org.gradle.process.internal.health.memory.DefaultMemoryManager] 409155993 physical memory requested, 380354560 free
2024-11-12T09:12:40.251+0200 [DEBUG] [org.gradle.workers.internal.WorkerDaemonExpiration] Will attempt to release 390 of memory
2024-11-12T09:12:40.251+0200 [DEBUG] [org.gradle.process.internal.health.memory.DefaultMemoryManager] 409155993 physical memory requested, 0 released, 380354560 free
2024-11-12T09:12:45.148+0200 [DEBUG] [org.gradle.cache.internal.DefaultFileLockManager] Waiting to acquire shared lock on daemon addresses registry.
2024-11-12T09:12:45.148+0200 [DEBUG] [org.gradle.cache.internal.DefaultFileLockManager] Lock acquired on daemon addresses registry.
2024-11-12T09:12:45.149+0200 [DEBUG] [org.gradle.cache.internal.DefaultFileLockManager] Releasing lock on daemon addresses registry.
2024-11-12T09:12:45.150+0200 [DEBUG] [org.gradle.cache.internal.DefaultFileLockManager] Waiting to acquire shared lock on daemon addresses registry.
2024-11-12T09:12:45.150+0200 [DEBUG] [org.gradle.cache.internal.DefaultFileLockManager] Lock acquired on daemon addresses registry.
2024-11-12T09:12:45.151+0200 [DEBUG] [org.gradle.cache.internal.DefaultFileLockManager] Releasing lock on daemon addresses registry.
2024-11-12T09:12:45.151+0200 [DEBUG] [org.gradle.cache.internal.DefaultFileLockManager] Waiting to acquire shared lock on daemon addresses registry.
2024-11-12T09:12:45.152+0200 [DEBUG] [org.gradle.cache.internal.DefaultFileLockManager] Lock acquired on daemon addresses registry.
2024-11-12T09:12:45.152+0200 [DEBUG] [org.gradle.cache.internal.DefaultFileLockManager] Releasing lock on daemon addresses registry.
2024-11-12T09:12:45.248+0200 [DEBUG] [org.gradle.process.internal.health.memory.DefaultMemoryManager] 409155993 physical memory requested, 311406592 free
2024-11-12T09:12:45.248+0200 [DEBUG] [org.gradle.workers.internal.WorkerDaemonExpiration] Will attempt to release 390 of memory
2024-11-12T09:12:45.248+0200 [DEBUG] [org.gradle.process.internal.health.memory.DefaultMemoryManager] 409155993 physical memory requested, 0 released, 311406592 free
2024-11-12T09:12:50.239+0200 [DEBUG] [org.gradle.process.internal.health.memory.DefaultMemoryManager] 409155993 physical memory requested, 400621568 free
2024-11-12T09:12:50.239+0200 [DEBUG] [org.gradle.workers.internal.WorkerDaemonExpiration] Will attempt to release 390 of memory
2024-11-12T09:12:50.240+0200 [DEBUG] [org.gradle.process.internal.health.memory.DefaultMemoryManager] 409155993 physical memory requested, 0 released, 400621568 free
2024-11-12T09:12:55.161+0200 [DEBUG] [org.gradle.cache.internal.DefaultFileLockManager] Waiting to acquire shared lock on daemon addresses registry.
2024-11-12T09:12:55.161+0200 [DEBUG] [org.gradle.cache.internal.DefaultFileLockManager] Lock acquired on daemon addresses registry.
2024-11-12T09:12:55.162+0200 [DEBUG] [org.gradle.cache.internal.DefaultFileLockManager] Releasing lock on daemon addresses registry.
2024-11-12T09:12:55.163+0200 [DEBUG] [org.gradle.cache.internal.DefaultFileLockManager] Waiting to acquire shared lock on daemon addresses registry.
2024-11-12T09:12:55.164+0200 [DEBUG] [org.gradle.cache.internal.DefaultFileLockManager] Lock acquired on daemon addresses registry.
2024-11-12T09:12:55.164+0200 [DEBUG] [org.gradle.cache.internal.DefaultFileLockManager] Releasing lock on daemon addresses registry.
2024-11-12T09:12:55.166+0200 [DEBUG] [org.gradle.cache.internal.DefaultFileLockManager] Waiting to acquire shared lock on daemon addresses registry.
2024-11-12T09:12:55.166+0200 [DEBUG] [org.gradle.cache.internal.DefaultFileLockManager] Lock acquired on daemon addresses registry.
2024-11-12T09:12:55.168+0200 [DEBUG] [org.gradle.cache.internal.DefaultFileLockManager] Releasing lock on daemon addresses registry.
2024-11-12T09:12:55.246+0200 [DEBUG] [org.gradle.process.internal.health.memory.DefaultMemoryManager] 409155993 physical memory requested, 390086656 free
2024-11-12T09:12:55.248+0200 [DEBUG] [org.gradle.workers.internal.WorkerDaemonExpiration] Will attempt to release 390 of memory
2024-11-12T09:12:55.248+0200 [DEBUG] [org.gradle.process.internal.health.memory.DefaultMemoryManager] 409155993 physical memory requested, 0 released, 390086656 free
2024-11-12T09:13:00.244+0200 [DEBUG] [org.gradle.process.internal.health.memory.DefaultMemoryManager] 409155993 physical memory requested, 284188672 free
2024-11-12T09:13:00.244+0200 [DEBUG] [org.gradle.workers.internal.WorkerDaemonExpiration] Will attempt to release 390 of memory
2024-11-12T09:13:00.244+0200 [DEBUG] [org.gradle.process.internal.health.memory.DefaultMemoryManager] 409155993 physical memory requested, 0 released, 284188672 free
2024-11-12T09:13:05.153+0200 [DEBUG] [org.gradle.cache.internal.DefaultFileLockManager] Waiting to acquire shared lock on daemon addresses registry.
2024-11-12T09:13:05.153+0200 [DEBUG] [org.gradle.cache.internal.DefaultFileLockManager] Lock acquired on daemon addresses registry.
2024-11-12T09:13:05.154+0200 [DEBUG] [org.gradle.cache.internal.DefaultFileLockManager] Releasing lock on daemon addresses registry.
2024-11-12T09:13:05.154+0200 [DEBUG] [org.gradle.cache.internal.DefaultFileLockManager] Waiting to acquire shared lock on daemon addresses registry.
2024-11-12T09:13:05.155+0200 [DEBUG] [org.gradle.cache.internal.DefaultFileLockManager] Lock acquired on daemon addresses registry.
2024-11-12T09:13:05.155+0200 [DEBUG] [org.gradle.cache.internal.DefaultFileLockManager] Releasing lock on daemon addresses registry.
2024-11-12T09:13:05.155+0200 [DEBUG] [org.gradle.cache.internal.DefaultFileLockManager] Waiting to acquire shared lock on daemon addresses registry.
2024-11-12T09:13:05.156+0200 [DEBUG] [org.gradle.cache.internal.DefaultFileLockManager] Lock acquired on daemon addresses registry.
2024-11-12T09:13:05.156+0200 [DEBUG] [org.gradle.cache.internal.DefaultFileLockManager] Releasing lock on daemon addresses registry.
2024-11-12T09:13:05.251+0200 [DEBUG] [org.gradle.process.internal.health.memory.DefaultMemoryManager] 409155993 physical memory requested, 329113600 free
2024-11-12T09:13:05.251+0200 [DEBUG] [org.gradle.workers.internal.WorkerDaemonExpiration] Will attempt to release 390 of memory
2024-11-12T09:13:05.251+0200 [DEBUG] [org.gradle.process.internal.health.memory.DefaultMemoryManager] 409155993 physical memory requested, 0 released, 329113600 free
2024-11-12T09:13:10.258+0200 [DEBUG] [org.gradle.process.internal.health.memory.DefaultMemoryManager] 409155993 physical memory requested, 319770624 free
2024-11-12T09:13:10.258+0200 [DEBUG] [org.gradle.workers.internal.WorkerDaemonExpiration] Will attempt to release 390 of memory
2024-11-12T09:13:10.258+0200 [DEBUG] [org.gradle.process.internal.health.memory.DefaultMemoryManager] 409155993 physical memory requested, 0 released, 319770624 free
2024-11-12T09:13:15.161+0200 [DEBUG] [org.gradle.cache.internal.DefaultFileLockManager] Waiting to acquire shared lock on daemon addresses registry.
2024-11-12T09:13:15.162+0200 [DEBUG] [org.gradle.cache.internal.DefaultFileLockManager] Lock acquired on daemon addresses registry.
2024-11-12T09:13:15.163+0200 [DEBUG] [org.gradle.cache.internal.DefaultFileLockManager] Releasing lock on daemon addresses registry.
2024-11-12T09:13:15.167+0200 [DEBUG] [org.gradle.cache.internal.DefaultFileLockManager] Waiting to acquire shared lock on daemon addresses registry.
2024-11-12T09:13:15.167+0200 [DEBUG] [org.gradle.cache.internal.DefaultFileLockManager] Lock acquired on daemon addresses registry.
2024-11-12T09:13:15.170+0200 [DEBUG] [org.gradle.cache.internal.DefaultFileLockManager] Releasing lock on daemon addresses registry.
2024-11-12T09:13:15.172+0200 [DEBUG] [org.gradle.cache.internal.DefaultFileLockManager] Waiting to acquire shared lock on daemon addresses registry.
2024-11-12T09:13:15.172+0200 [DEBUG] [org.gradle.cache.internal.DefaultFileLockManager] Lock acquired on daemon addresses registry.
2024-11-12T09:13:15.173+0200 [DEBUG] [org.gradle.cache.internal.DefaultFileLockManager] Releasing lock on daemon addresses registry.
2024-11-12T09:13:20.256+0200 [DEBUG] [org.gradle.process.internal.health.memory.DefaultMemoryManager] 409155993 physical memory requested, 284905472 free
2024-11-12T09:13:20.256+0200 [DEBUG] [org.gradle.workers.internal.WorkerDaemonExpiration] Will attempt to release 390 of memory
2024-11-12T09:13:20.256+0200 [DEBUG] [org.gradle.process.internal.health.memory.DefaultMemoryManager] 409155993 physical memory requested, 0 released, 284905472 free
2024-11-12T09:13:25.164+0200 [DEBUG] [org.gradle.cache.internal.DefaultFileLockManager] Waiting to acquire shared lock on daemon addresses registry.
2024-11-12T09:13:25.165+0200 [DEBUG] [org.gradle.cache.internal.DefaultFileLockManager] Lock acquired on daemon addresses registry.
2024-11-12T09:13:25.167+0200 [DEBUG] [org.gradle.cache.internal.DefaultFileLockManager] Releasing lock on daemon addresses registry.
2024-11-12T09:13:25.169+0200 [DEBUG] [org.gradle.cache.internal.DefaultFileLockManager] Waiting to acquire shared lock on daemon addresses registry.
2024-11-12T09:13:25.169+0200 [DEBUG] [org.gradle.cache.internal.DefaultFileLockManager] Lock acquired on daemon addresses registry.
2024-11-12T09:13:25.169+0200 [DEBUG] [org.gradle.cache.internal.DefaultFileLockManager] Releasing lock on daemon addresses registry.
2024-11-12T09:13:25.173+0200 [DEBUG] [org.gradle.cache.internal.DefaultFileLockManager] Waiting to acquire shared lock on daemon addresses registry.
2024-11-12T09:13:25.173+0200 [DEBUG] [org.gradle.cache.internal.DefaultFileLockManager] Lock acquired on daemon addresses registry.
2024-11-12T09:13:25.178+0200 [DEBUG] [org.gradle.cache.internal.DefaultFileLockManager] Releasing lock on daemon addresses registry.
2024-11-12T09:13:25.281+0200 [DEBUG] [org.gradle.process.internal.health.memory.DefaultMemoryManager] 409155993 physical memory requested, 304099328 free
2024-11-12T09:13:25.281+0200 [DEBUG] [org.gradle.workers.internal.WorkerDaemonExpiration] Will attempt to release 390 of memory
2024-11-12T09:13:25.281+0200 [DEBUG] [org.gradle.process.internal.health.memory.DefaultMemoryManager] 409155993 physical memory requested, 0 released, 304099328 free
2024-11-12T09:13:35.255+0200 [DEBUG] [org.gradle.process.internal.health.memory.DefaultMemoryManager] 409155993 physical memory requested, 359501824 free
2024-11-12T09:13:35.255+0200 [DEBUG] [org.gradle.workers.internal.WorkerDaemonExpiration] Will attempt to release 390 of memory
2024-11-12T09:13:35.255+0200 [DEBUG] [org.gradle.process.internal.health.memory.DefaultMemoryManager] 409155993 physical memory requested, 0 released, 359501824 free
2024-11-12T09:13:35.294+0200 [DEBUG] [org.gradle.cache.internal.DefaultFileLockManager] Waiting to acquire shared lock on daemon addresses registry.
2024-11-12T09:13:35.311+0200 [DEBUG] [org.gradle.cache.internal.DefaultFileLockManager] Lock acquired on daemon addresses registry.
2024-11-12T09:13:35.328+0200 [DEBUG] [org.gradle.cache.internal.DefaultFileLockManager] Releasing lock on daemon addresses registry.
2024-11-12T09:13:35.340+0200 [DEBUG] [org.gradle.cache.internal.DefaultFileLockManager] Waiting to acquire shared lock on daemon addresses registry.
2024-11-12T09:13:35.340+0200 [DEBUG] [org.gradle.cache.internal.DefaultFileLockManager] Lock acquired on daemon addresses registry.
2024-11-12T09:13:35.340+0200 [DEBUG] [org.gradle.cache.internal.DefaultFileLockManager] Releasing lock on daemon addresses registry.
2024-11-12T09:13:35.378+0200 [DEBUG] [org.gradle.cache.internal.DefaultFileLockManager] Waiting to acquire shared lock on daemon addresses registry.
2024-11-12T09:13:35.487+0200 [DEBUG] [org.gradle.cache.internal.DefaultFileLockManager] Lock acquired on daemon addresses registry.
2024-11-12T09:13:35.490+0200 [DEBUG] [org.gradle.cache.internal.DefaultFileLockManager] Releasing lock on daemon addresses registry.
2024-11-12T09:13:45.167+0200 [DEBUG] [org.gradle.cache.internal.DefaultFileLockManager] Waiting to acquire shared lock on daemon addresses registry.
2024-11-12T09:13:45.174+0200 [DEBUG] [org.gradle.cache.internal.DefaultFileLockManager] Lock acquired on daemon addresses registry.
2024-11-12T09:13:45.174+0200 [DEBUG] [org.gradle.cache.internal.DefaultFileLockManager] Releasing lock on daemon addresses registry.
2024-11-12T09:13:45.184+0200 [DEBUG] [org.gradle.cache.internal.DefaultFileLockManager] Waiting to acquire shared lock on daemon addresses registry.
2024-11-12T09:13:45.185+0200 [DEBUG] [org.gradle.cache.internal.DefaultFileLockManager] Lock acquired on daemon addresses registry.
2024-11-12T09:13:45.186+0200 [DEBUG] [org.gradle.cache.internal.DefaultFileLockManager] Releasing lock on daemon addresses registry.
2024-11-12T09:13:45.189+0200 [DEBUG] [org.gradle.cache.internal.DefaultFileLockManager] Waiting to acquire shared lock on daemon addresses registry.
2024-11-12T09:13:45.189+0200 [DEBUG] [org.gradle.cache.internal.DefaultFileLockManager] Lock acquired on daemon addresses registry.
2024-11-12T09:13:45.191+0200 [DEBUG] [org.gradle.cache.internal.DefaultFileLockManager] Releasing lock on daemon addresses registry.
2024-11-12T09:13:45.300+0200 [DEBUG] [org.gradle.process.internal.health.memory.DefaultMemoryManager] 409155993 physical memory requested, 315858944 free
2024-11-12T09:13:45.302+0200 [DEBUG] [org.gradle.workers.internal.WorkerDaemonExpiration] Will attempt to release 390 of memory
2024-11-12T09:13:45.303+0200 [DEBUG] [org.gradle.process.internal.health.memory.DefaultMemoryManager] 409155993 physical memory requested, 0 released, 315858944 free
2024-11-12T09:13:50.289+0200 [DEBUG] [org.gradle.process.internal.health.memory.DefaultMemoryManager] 409155993 physical memory requested, 259657728 free
2024-11-12T09:13:50.290+0200 [DEBUG] [org.gradle.workers.internal.WorkerDaemonExpiration] Will attempt to release 390 of memory
2024-11-12T09:13:50.291+0200 [DEBUG] [org.gradle.process.internal.health.memory.DefaultMemoryManager] 409155993 physical memory requested, 0 released, 259657728 free
2024-11-12T09:13:55.162+0200 [DEBUG] [org.gradle.cache.internal.DefaultFileLockManager] Waiting to acquire shared lock on daemon addresses registry.
2024-11-12T09:13:55.163+0200 [DEBUG] [org.gradle.cache.internal.DefaultFileLockManager] Lock acquired on daemon addresses registry.
2024-11-12T09:13:55.163+0200 [DEBUG] [org.gradle.cache.internal.DefaultFileLockManager] Releasing lock on daemon addresses registry.
2024-11-12T09:13:55.169+0200 [DEBUG] [org.gradle.cache.internal.DefaultFileLockManager] Waiting to acquire shared lock on daemon addresses registry.
2024-11-12T09:13:55.169+0200 [DEBUG] [org.gradle.cache.internal.DefaultFileLockManager] Lock acquired on daemon addresses registry.
2024-11-12T09:13:55.169+0200 [DEBUG] [org.gradle.cache.internal.DefaultFileLockManager] Releasing lock on daemon addresses registry.
2024-11-12T09:13:55.170+0200 [DEBUG] [org.gradle.cache.internal.DefaultFileLockManager] Waiting to acquire shared lock on daemon addresses registry.
2024-11-12T09:13:55.170+0200 [DEBUG] [org.gradle.cache.internal.DefaultFileLockManager] Lock acquired on daemon addresses registry.
2024-11-12T09:13:55.170+0200 [DEBUG] [org.gradle.cache.internal.DefaultFileLockManager] Releasing lock on daemon addresses registry.
2024-11-12T09:14:05.162+0200 [DEBUG] [org.gradle.cache.internal.DefaultFileLockManager] Waiting to acquire shared lock on daemon addresses registry.
2024-11-12T09:14:05.162+0200 [DEBUG] [org.gradle.cache.internal.DefaultFileLockManager] Lock acquired on daemon addresses registry.
2024-11-12T09:14:05.163+0200 [DEBUG] [org.gradle.cache.internal.DefaultFileLockManager] Releasing lock on daemon addresses registry.
2024-11-12T09:14:05.166+0200 [DEBUG] [org.gradle.cache.internal.DefaultFileLockManager] Waiting to acquire shared lock on daemon addresses registry.
2024-11-12T09:14:05.167+0200 [DEBUG] [org.gradle.cache.internal.DefaultFileLockManager] Lock acquired on daemon addresses registry.
2024-11-12T09:14:05.168+0200 [DEBUG] [org.gradle.cache.internal.DefaultFileLockManager] Releasing lock on daemon addresses registry.
2024-11-12T09:14:05.168+0200 [DEBUG] [org.gradle.cache.internal.DefaultFileLockManager] Waiting to acquire shared lock on daemon addresses registry.
2024-11-12T09:14:05.169+0200 [DEBUG] [org.gradle.cache.internal.DefaultFileLockManager] Lock acquired on daemon addresses registry.
2024-11-12T09:14:05.169+0200 [DEBUG] [org.gradle.cache.internal.DefaultFileLockManager] Releasing lock on daemon addresses registry.
2024-11-12T09:14:15.162+0200 [DEBUG] [org.gradle.cache.internal.DefaultFileLockManager] Waiting to acquire shared lock on daemon addresses registry.
2024-11-12T09:14:15.163+0200 [DEBUG] [org.gradle.cache.internal.DefaultFileLockManager] Lock acquired on daemon addresses registry.
2024-11-12T09:14:15.163+0200 [DEBUG] [org.gradle.cache.internal.DefaultFileLockManager] Releasing lock on daemon addresses registry.
2024-11-12T09:14:15.165+0200 [DEBUG] [org.gradle.cache.internal.DefaultFileLockManager] Waiting to acquire shared lock on daemon addresses registry.
2024-11-12T09:14:15.165+0200 [DEBUG] [org.gradle.cache.internal.DefaultFileLockManager] Lock acquired on daemon addresses registry.
2024-11-12T09:14:15.166+0200 [DEBUG] [org.gradle.cache.internal.DefaultFileLockManager] Releasing lock on daemon addresses registry.
2024-11-12T09:14:15.167+0200 [DEBUG] [org.gradle.cache.internal.DefaultFileLockManager] Waiting to acquire shared lock on daemon addresses registry.
2024-11-12T09:14:15.182+0200 [DEBUG] [org.gradle.cache.internal.DefaultFileLockManager] Lock acquired on daemon addresses registry.
2024-11-12T09:14:15.183+0200 [DEBUG] [org.gradle.cache.internal.DefaultFileLockManager] Releasing lock on daemon addresses registry.
2024-11-12T09:14:15.245+0200 [DEBUG] [org.gradle.process.internal.health.memory.DefaultMemoryManager] 409155993 physical memory requested, 388161536 free
2024-11-12T09:14:15.245+0200 [DEBUG] [org.gradle.workers.internal.WorkerDaemonExpiration] Will attempt to release 390 of memory
2024-11-12T09:14:15.245+0200 [DEBUG] [org.gradle.process.internal.health.memory.DefaultMemoryManager] 409155993 physical memory requested, 0 released, 388161536 free
2024-11-12T09:14:20.249+0200 [DEBUG] [org.gradle.process.internal.health.memory.DefaultMemoryManager] 409155993 physical memory requested, 376061952 free
2024-11-12T09:14:20.249+0200 [DEBUG] [org.gradle.workers.internal.WorkerDaemonExpiration] Will attempt to release 390 of memory
2024-11-12T09:14:20.249+0200 [DEBUG] [org.gradle.process.internal.health.memory.DefaultMemoryManager] 409155993 physical memory requested, 0 released, 376061952 free
2024-11-12T09:14:25.163+0200 [DEBUG] [org.gradle.cache.internal.DefaultFileLockManager] Waiting to acquire shared lock on daemon addresses registry.
2024-11-12T09:14:25.163+0200 [DEBUG] [org.gradle.cache.internal.DefaultFileLockManager] Lock acquired on daemon addresses registry.
2024-11-12T09:14:25.163+0200 [DEBUG] [org.gradle.cache.internal.DefaultFileLockManager] Releasing lock on daemon addresses registry.
2024-11-12T09:14:25.165+0200 [DEBUG] [org.gradle.cache.internal.DefaultFileLockManager] Waiting to acquire shared lock on daemon addresses registry.
2024-11-12T09:14:25.165+0200 [DEBUG] [org.gradle.cache.internal.DefaultFileLockManager] Lock acquired on daemon addresses registry.
2024-11-12T09:14:25.166+0200 [DEBUG] [org.gradle.cache.internal.DefaultFileLockManager] Releasing lock on daemon addresses registry.
2024-11-12T09:14:25.168+0200 [DEBUG] [org.gradle.cache.internal.DefaultFileLockManager] Waiting to acquire shared lock on daemon addresses registry.
2024-11-12T09:14:25.170+0200 [DEBUG] [org.gradle.cache.internal.DefaultFileLockManager] Lock acquired on daemon addresses registry.
2024-11-12T09:14:25.170+0200 [DEBUG] [org.gradle.cache.internal.DefaultFileLockManager] Releasing lock on daemon addresses registry.
2024-11-12T09:14:25.252+0200 [DEBUG] [org.gradle.process.internal.health.memory.DefaultMemoryManager] 409155993 physical memory requested, 269889536 free
2024-11-12T09:14:25.252+0200 [DEBUG] [org.gradle.workers.internal.WorkerDaemonExpiration] Will attempt to release 390 of memory
2024-11-12T09:14:25.252+0200 [DEBUG] [org.gradle.process.internal.health.memory.DefaultMemoryManager] 409155993 physical memory requested, 0 released, 269889536 free
2024-11-12T09:14:30.241+0200 [DEBUG] [org.gradle.process.internal.health.memory.DefaultMemoryManager] 409155993 physical memory requested, 296833024 free
2024-11-12T09:14:30.241+0200 [DEBUG] [org.gradle.workers.internal.WorkerDaemonExpiration] Will attempt to release 390 of memory
2024-11-12T09:14:30.242+0200 [DEBUG] [org.gradle.process.internal.health.memory.DefaultMemoryManager] 409155993 physical memory requested, 0 released, 296833024 free
2024-11-12T09:14:35.147+0200 [DEBUG] [org.gradle.cache.internal.DefaultFileLockManager] Waiting to acquire shared lock on daemon addresses registry.
2024-11-12T09:14:35.148+0200 [DEBUG] [org.gradle.cache.internal.DefaultFileLockManager] Lock acquired on daemon addresses registry.
2024-11-12T09:14:35.148+0200 [DEBUG] [org.gradle.cache.internal.DefaultFileLockManager] Releasing lock on daemon addresses registry.
2024-11-12T09:14:35.149+0200 [DEBUG] [org.gradle.cache.internal.DefaultFileLockManager] Waiting to acquire shared lock on daemon addresses registry.
2024-11-12T09:14:35.150+0200 [DEBUG] [org.gradle.cache.internal.DefaultFileLockManager] Lock acquired on daemon addresses registry.
2024-11-12T09:14:35.150+0200 [DEBUG] [org.gradle.cache.internal.DefaultFileLockManager] Releasing lock on daemon addresses registry.
2024-11-12T09:14:35.152+0200 [DEBUG] [org.gradle.cache.internal.DefaultFileLockManager] Waiting to acquire shared lock on daemon addresses registry.
2024-11-12T09:14:35.153+0200 [DEBUG] [org.gradle.cache.internal.DefaultFileLockManager] Lock acquired on daemon addresses registry.
2024-11-12T09:14:35.154+0200 [DEBUG] [org.gradle.cache.internal.DefaultFileLockManager] Releasing lock on daemon addresses registry.
2024-11-12T09:14:35.247+0200 [DEBUG] [org.gradle.process.internal.health.memory.DefaultMemoryManager] 409155993 physical memory requested, 302247936 free
2024-11-12T09:14:35.247+0200 [DEBUG] [org.gradle.workers.internal.WorkerDaemonExpiration] Will attempt to release 390 of memory
2024-11-12T09:14:35.247+0200 [DEBUG] [org.gradle.process.internal.health.memory.DefaultMemoryManager] 409155993 physical memory requested, 0 released, 302247936 free
2024-11-12T09:14:40.255+0200 [DEBUG] [org.gradle.process.internal.health.memory.DefaultMemoryManager] 409155993 physical memory requested, 366645248 free
2024-11-12T09:14:40.255+0200 [DEBUG] [org.gradle.workers.internal.WorkerDaemonExpiration] Will attempt to release 390 of memory
2024-11-12T09:14:40.255+0200 [DEBUG] [org.gradle.process.internal.health.memory.DefaultMemoryManager] 409155993 physical memory requested, 0 released, 366645248 free
2024-11-12T09:14:45.187+0200 [DEBUG] [org.gradle.cache.internal.DefaultFileLockManager] Waiting to acquire shared lock on daemon addresses registry.
2024-11-12T09:14:45.188+0200 [DEBUG] [org.gradle.cache.internal.DefaultFileLockManager] Lock acquired on daemon addresses registry.
2024-11-12T09:14:45.188+0200 [DEBUG] [org.gradle.cache.internal.DefaultFileLockManager] Releasing lock on daemon addresses registry.
2024-11-12T09:14:45.191+0200 [DEBUG] [org.gradle.cache.internal.DefaultFileLockManager] Waiting to acquire shared lock on daemon addresses registry.
2024-11-12T09:14:45.192+0200 [DEBUG] [org.gradle.cache.internal.DefaultFileLockManager] Lock acquired on daemon addresses registry.
2024-11-12T09:14:45.192+0200 [DEBUG] [org.gradle.cache.internal.DefaultFileLockManager] Releasing lock on daemon addresses registry.
2024-11-12T09:14:45.193+0200 [DEBUG] [org.gradle.cache.internal.DefaultFileLockManager] Waiting to acquire shared lock on daemon addresses registry.
2024-11-12T09:14:45.194+0200 [DEBUG] [org.gradle.cache.internal.DefaultFileLockManager] Lock acquired on daemon addresses registry.
2024-11-12T09:14:45.194+0200 [DEBUG] [org.gradle.cache.internal.DefaultFileLockManager] Releasing lock on daemon addresses registry.
2024-11-12T09:14:45.297+0200 [DEBUG] [org.gradle.process.internal.health.memory.DefaultMemoryManager] 409155993 physical memory requested, 206684160 free
2024-11-12T09:14:45.298+0200 [DEBUG] [org.gradle.workers.internal.WorkerDaemonExpiration] Will attempt to release 390 of memory
2024-11-12T09:14:45.299+0200 [DEBUG] [org.gradle.process.internal.health.memory.DefaultMemoryManager] 409155993 physical memory requested, 0 released, 206684160 free
2024-11-12T09:14:55.154+0200 [DEBUG] [org.gradle.cache.internal.DefaultFileLockManager] Waiting to acquire shared lock on daemon addresses registry.
2024-11-12T09:14:55.155+0200 [DEBUG] [org.gradle.cache.internal.DefaultFileLockManager] Lock acquired on daemon addresses registry.
2024-11-12T09:14:55.155+0200 [DEBUG] [org.gradle.cache.internal.DefaultFileLockManager] Releasing lock on daemon addresses registry.
2024-11-12T09:14:55.157+0200 [DEBUG] [org.gradle.cache.internal.DefaultFileLockManager] Waiting to acquire shared lock on daemon addresses registry.
2024-11-12T09:14:55.157+0200 [DEBUG] [org.gradle.cache.internal.DefaultFileLockManager] Lock acquired on daemon addresses registry.
2024-11-12T09:14:55.157+0200 [DEBUG] [org.gradle.cache.internal.DefaultFileLockManager] Releasing lock on daemon addresses registry.
2024-11-12T09:14:55.159+0200 [DEBUG] [org.gradle.cache.internal.DefaultFileLockManager] Waiting to acquire shared lock on daemon addresses registry.
2024-11-12T09:14:55.159+0200 [DEBUG] [org.gradle.cache.internal.DefaultFileLockManager] Lock acquired on daemon addresses registry.
2024-11-12T09:14:55.160+0200 [DEBUG] [org.gradle.cache.internal.DefaultFileLockManager] Releasing lock on daemon addresses registry.
2024-11-12T09:14:55.851+0200 [DEBUG] [org.gradle.internal.watch.vfs.impl.WatchingVirtualFileSystem] Handling VFS change CREATED C:\Foods_Shop\app\src\main\java\kz\zhandos\fast_food\Adapter\CategoryAdapter.java~
2024-11-12T09:14:55.897+0200 [DEBUG] [org.gradle.internal.watch.vfs.impl.WatchingVirtualFileSystem] Handling VFS change MODIFIED C:\Foods_Shop\app\src\main\java\kz\zhandos\fast_food\Adapter\CategoryAdapter.java
2024-11-12T09:14:56.248+0200 [DEBUG] [org.gradle.internal.remote.internal.inet.TcpIncomingConnector] Accepted connection from /127.0.0.1:53486 to /127.0.0.1:53082.
2024-11-12T09:14:56.443+0200 [DEBUG] [org.gradle.launcher.daemon.server.SynchronizedDispatchConnection] thread 219: received class org.gradle.launcher.daemon.protocol.Build
2024-11-12T09:14:56.447+0200 [DEBUG] [org.gradle.launcher.daemon.server.DefaultDaemonConnection] thread 219: Received non-IO message from client: Build{id=ecffba6c-7239-4111-832c-09f565db6877, currentDir=C:\Foods_Shop}
2024-11-12T09:14:56.451+0200 [INFO] [org.gradle.launcher.daemon.server.DefaultIncomingConnectionHandler] Received command: Build{id=ecffba6c-7239-4111-832c-09f565db6877, currentDir=C:\Foods_Shop}.
2024-11-12T09:14:56.452+0200 [DEBUG] [org.gradle.launcher.daemon.server.DefaultIncomingConnectionHandler] Starting executing command: Build{id=ecffba6c-7239-4111-832c-09f565db6877, currentDir=C:\Foods_Shop} with connection: socket connection from /127.0.0.1:53082 to /127.0.0.1:53486.
2024-11-12T09:14:56.473+0200 [DEBUG] [org.gradle.launcher.daemon.server.DaemonStateCoordinator] Command execution: started DaemonCommandExecution[command = Build{id=ecffba6c-7239-4111-832c-09f565db6877, currentDir=C:\Foods_Shop}, connection = DefaultDaemonConnection: socket connection from /127.0.0.1:53082 to /127.0.0.1:53486] after 4.0 minutes of idle
2024-11-12T09:14:56.476+0200 [INFO] [org.gradle.launcher.daemon.server.DaemonRegistryUpdater] Marking the daemon as busy, address: [513f46b0-a183-4902-8c6f-9bcb4a6a3157 port:53082, addresses:[localhost/127.0.0.1]]
2024-11-12T09:14:56.476+0200 [DEBUG] [org.gradle.launcher.daemon.registry.PersistentDaemonRegistry] Marking busy by address: [513f46b0-a183-4902-8c6f-9bcb4a6a3157 port:53082, addresses:[localhost/127.0.0.1]]
2024-11-12T09:14:56.478+0200 [DEBUG] [org.gradle.cache.internal.DefaultFileLockManager] Waiting to acquire exclusive lock on daemon addresses registry.
2024-11-12T09:14:56.488+0200 [DEBUG] [org.gradle.cache.internal.DefaultFileLockManager] Lock acquired on daemon addresses registry.
2024-11-12T09:14:56.499+0200 [DEBUG] [org.gradle.cache.internal.DefaultFileLockManager] Releasing lock on daemon addresses registry.
2024-11-12T09:14:56.499+0200 [DEBUG] [org.gradle.launcher.daemon.server.DaemonStateCoordinator] resetting idle timer
2024-11-12T09:14:56.500+0200 [DEBUG] [org.gradle.launcher.daemon.server.DaemonStateCoordinator] daemon is running. Sleeping until state changes.
2024-11-12T09:14:56.502+0200 [INFO] [org.gradle.launcher.daemon.server.exec.StartBuildOrRespondWithBusy] Daemon is about to start building Build{id=ecffba6c-7239-4111-832c-09f565db6877, currentDir=C:\Foods_Shop}. Dispatching build started information...
2024-11-12T09:14:56.504+0200 [DEBUG] [org.gradle.launcher.daemon.server.SynchronizedDispatchConnection] thread 221: dispatching org.gradle.launcher.daemon.protocol.BuildStarted@27f480b
2024-11-12T09:14:56.520+0200 [DEBUG] [org.gradle.launcher.daemon.server.SynchronizedDispatchConnection] thread 219: received class org.gradle.launcher.daemon.protocol.CloseInput
2024-11-12T09:14:56.520+0200 [DEBUG] [org.gradle.launcher.daemon.server.DefaultDaemonConnection] thread 219: Received IO message from client: org.gradle.launcher.daemon.protocol.CloseInput@c595127
2024-11-12T09:14:56.531+0200 [DEBUG] [org.gradle.launcher.daemon.server.exec.EstablishBuildEnvironment] Configuring env variables: [USERDOMAIN_ROAMINGPROFILE, LOCALAPPDATA, PROCESSOR_LEVEL, USERDOMAIN, LOGONSERVER, JAVA_HOME, SESSIONNAME, ALLUSERSPROFILE, PROCESSOR_ARCHITECTURE, PSModulePath, SystemDrive, OneDrive, APPDATA, USERNAME, ProgramFiles(x86), CommonProgramFiles, Path, PYTHONPATH, PyCharm, PATHEXT, DriverData, OS, COMPUTERNAME, IntelliJ IDEA Community Edition, PROCESSOR_REVISION, CommonProgramW6432, PyCharm Community Edition, ComSpec, ProgramData, ProgramW6432, TEMP, HOMEPATH, SystemRoot, PROCESSOR_IDENTIFIER, HOMEDRIVE, USERPROFILE, TMP, EFC_13388, CommonProgramFiles(x86), ProgramFiles, PUBLIC, windir, NUMBER_OF_PROCESSORS, =::, IDEA_INITIAL_DIRECTORY, ZES_ENABLE_SYSMAN]
2024-11-12T09:14:56.570+0200 [DEBUG] [org.gradle.launcher.daemon.server.exec.LogToClient] About to start relaying all logs to the client via the connection.
2024-11-12T09:14:56.574+0200 [INFO] [org.gradle.launcher.daemon.server.exec.LogToClient] The client will now receive all logging from the daemon (pid: 18912). The daemon log file: C:\Foods_Shop\daemon\8.7\daemon-18912.out.log
2024-11-12T09:14:56.621+0200 [INFO] [org.gradle.launcher.daemon.server.exec.LogAndCheckHealth] Starting 4th build in daemon [uptime: 1 hrs 4 mins 3.049 secs, performance: 99%, GC rate: 0.00/s, heap usage: 0% of 2 GiB]
2024-11-12T09:14:56.626+0200 [INFO] [org.gradle.launcher.daemon.server.exec.ForwardClientInput] Closing daemon's stdin at end of input.
2024-11-12T09:14:56.626+0200 [INFO] [org.gradle.launcher.daemon.server.exec.ForwardClientInput] The daemon will no longer process any standard input.
2024-11-12T09:14:56.638+0200 [DEBUG] [org.gradle.launcher.daemon.server.exec.ExecuteBuild] The daemon has started executing the build.
2024-11-12T09:14:56.644+0200 [DEBUG] [org.gradle.launcher.daemon.server.exec.ExecuteBuild] Executing build with daemon context: DefaultDaemonContext[uid=0d96e0d0-f943-4855-9f51-81c432692892,javaHome=C:\Program Files\Android\Android Studio\jbr,daemonRegistryDir=C:\Foods_Shop\daemon,pid=18912,idleTimeout=10800000,priority=NORMAL,applyInstrumentationAgent=true,daemonOpts=--add-opens=java.base/java.util=ALL-UNNAMED,--add-opens=java.base/java.lang=ALL-UNNAMED,--add-opens=java.base/java.lang.invoke=ALL-UNNAMED,--add-opens=java.prefs/java.util.prefs=ALL-UNNAMED,--add-opens=java.base/java.nio.charset=ALL-UNNAMED,--add-opens=java.base/java.net=ALL-UNNAMED,--add-opens=java.base/java.util.concurrent.atomic=ALL-UNNAMED,-Xmx2048m,-Dfile.encoding=UTF-8,-Duser.country=RU,-Duser.language=ru,-Duser.variant]

BUILD SUCCESSFUL in 13s
34 actionable tasks: 4 executed, 30 up-to-date
2024-11-12T09:15:09.962+0200 [DEBUG] [org.gradle.launcher.daemon.server.exec.ExecuteBuild] The daemon has finished executing the build.
2024-11-12T09:15:09.984+0200 [DEBUG] [org.gradle.launcher.daemon.server.DaemonStateCoordinator] daemon is running. Sleeping until state changes.
2024-11-12T09:15:09.987+0200 [DEBUG] [org.gradle.launcher.daemon.server.DaemonStateCoordinator] Command execution: finished waiting for DaemonCommandExecution[command = Build{id=ecffba6c-7239-4111-832c-09f565db6877, currentDir=C:\Foods_Shop}, connection = DefaultDaemonConnection: socket connection from /127.0.0.1:53082 to /127.0.0.1:53486]. Result org.gradle.launcher.daemon.server.DaemonStateCoordinator@2ba8c798 with state Busy
2024-11-12T09:15:09.987+0200 [DEBUG] [org.gradle.launcher.daemon.server.DaemonStateCoordinator] Command execution: completed DaemonCommandExecution[command = Build{id=ecffba6c-7239-4111-832c-09f565db6877, currentDir=C:\Foods_Shop}, connection = DefaultDaemonConnection: socket connection from /127.0.0.1:53082 to /127.0.0.1:53486]
2024-11-12T09:15:09.987+0200 [DEBUG] [org.gradle.launcher.daemon.server.DaemonStateCoordinator] resetting idle timer
2024-11-12T09:15:09.990+0200 [INFO] [org.gradle.launcher.daemon.server.DaemonRegistryUpdater] Marking the daemon as idle, address: [513f46b0-a183-4902-8c6f-9bcb4a6a3157 port:53082, addresses:[localhost/127.0.0.1]]
2024-11-12T09:15:09.990+0200 [DEBUG] [org.gradle.launcher.daemon.registry.PersistentDaemonRegistry] Marking busy by address: [513f46b0-a183-4902-8c6f-9bcb4a6a3157 port:53082, addresses:[localhost/127.0.0.1]]
2024-11-12T09:15:09.991+0200 [DEBUG] [org.gradle.cache.internal.DefaultFileLockManager] Waiting to acquire exclusive lock on daemon addresses registry.
2024-11-12T09:15:09.993+0200 [DEBUG] [org.gradle.cache.internal.DefaultFileLockManager] Lock acquired on daemon addresses registry.
2024-11-12T09:15:09.998+0200 [DEBUG] [org.gradle.cache.internal.DefaultFileLockManager] Releasing lock on daemon addresses registry.
2024-11-12T09:15:10.000+0200 [DEBUG] [org.gradle.launcher.daemon.server.DaemonStateCoordinator] daemon is running. Sleeping until state changes.
2024-11-12T09:15:10.000+0200 [DEBUG] [org.gradle.launcher.daemon.server.exec.ReturnResult] Daemon is dispatching the build result: Success[value=org.gradle.launcher.exec.BuildActionResult@336850b7]
2024-11-12T09:15:10.005+0200 [DEBUG] [org.gradle.launcher.daemon.server.SynchronizedDispatchConnection] thread 218: dispatching Success[value=org.gradle.launcher.exec.BuildActionResult@336850b7]
2024-11-12T09:15:10.011+0200 [DEBUG] [org.gradle.launcher.daemon.server.exec.CleanUpVirtualFileSystemAfterBuild] Cleaning virtual file system after build finished
2024-11-12T09:15:10.012+0200 [DEBUG] [org.gradle.launcher.daemon.server.DefaultIncomingConnectionHandler] Finishing executing command: Build{id=ecffba6c-7239-4111-832c-09f565db6877, currentDir=C:\Foods_Shop}
2024-11-12T09:15:10.018+0200 [DEBUG] [org.gradle.launcher.daemon.server.SynchronizedDispatchConnection] thread 219: received class org.gradle.launcher.daemon.protocol.Finished
2024-11-12T09:15:10.018+0200 [DEBUG] [org.gradle.launcher.daemon.server.DefaultDaemonConnection] thread 219: Received non-IO message from client: org.gradle.launcher.daemon.protocol.Finished@29eaedc
2024-11-12T09:15:10.018+0200 [DEBUG] [org.gradle.launcher.daemon.server.DefaultIncomingConnectionHandler] Received finished message: org.gradle.launcher.daemon.protocol.Finished@29eaedc
2024-11-12T09:15:10.018+0200 [DEBUG] [org.gradle.launcher.daemon.server.SynchronizedDispatchConnection] thread 218: stopping connection
2024-11-12T09:15:10.019+0200 [DEBUG] [org.gradle.internal.remote.internal.inet.SocketConnection] Discarding EOFException: java.io.EOFException
2024-11-12T09:15:10.019+0200 [DEBUG] [org.gradle.launcher.daemon.server.SynchronizedDispatchConnection] thread 219: received null
2024-11-12T09:15:10.019+0200 [DEBUG] [org.gradle.launcher.daemon.server.DefaultDaemonConnection] thread 219: Received end-of-input from client.
2024-11-12T09:15:10.022+0200 [DEBUG] [org.gradle.launcher.daemon.server.SynchronizedDispatchConnection] thread 218: stopping connection
2024-11-12T09:15:10.276+0200 [DEBUG] [org.gradle.process.internal.health.memory.DefaultMemoryManager] 409155993 physical memory requested, 314957824 free
2024-11-12T09:15:10.276+0200 [DEBUG] [org.gradle.workers.internal.WorkerDaemonExpiration] Will attempt to release 390 of memory
2024-11-12T09:15:10.277+0200 [DEBUG] [org.gradle.process.internal.health.memory.DefaultMemoryManager] 409155993 physical memory requested, 0 released, 314957824 free
2024-11-12T09:15:15.351+0200 [DEBUG] [org.gradle.cache.internal.DefaultFileLockManager] Waiting to acquire shared lock on daemon addresses registry.
2024-11-12T09:15:15.352+0200 [DEBUG] [org.gradle.cache.internal.DefaultFileLockManager] Lock acquired on daemon addresses registry.
2024-11-12T09:15:15.353+0200 [DEBUG] [org.gradle.cache.internal.DefaultFileLockManager] Releasing lock on daemon addresses registry.
2024-11-12T09:15:15.356+0200 [DEBUG] [org.gradle.cache.internal.DefaultFileLockManager] Waiting to acquire shared lock on daemon addresses registry.
2024-11-12T09:15:15.356+0200 [DEBUG] [org.gradle.cache.internal.DefaultFileLockManager] Lock acquired on daemon addresses registry.
2024-11-12T09:15:15.357+0200 [DEBUG] [org.gradle.cache.internal.DefaultFileLockManager] Releasing lock on daemon addresses registry.
2024-11-12T09:15:15.399+0200 [DEBUG] [org.gradle.process.internal.health.memory.DefaultMemoryManager] 409155993 physical memory requested, 262823936 free
2024-11-12T09:15:15.400+0200 [DEBUG] [org.gradle.workers.internal.WorkerDaemonExpiration] Will attempt to release 390 of memory
2024-11-12T09:15:15.401+0200 [DEBUG] [org.gradle.process.internal.health.memory.DefaultMemoryManager] 409155993 physical memory requested, 0 released, 262823936 free
2024-11-12T09:15:20.248+0200 [DEBUG] [org.gradle.process.internal.health.memory.DefaultMemoryManager] 409155993 physical memory requested, 335339520 free
2024-11-12T09:15:20.249+0200 [DEBUG] [org.gradle.workers.internal.WorkerDaemonExpiration] Will attempt to release 390 of memory
2024-11-12T09:15:20.249+0200 [DEBUG] [org.gradle.process.internal.health.memory.DefaultMemoryManager] 409155993 physical memory requested, 0 released, 335339520 free
2024-11-12T09:15:25.185+0200 [DEBUG] [org.gradle.cache.internal.DefaultFileLockManager] Waiting to acquire shared lock on daemon addresses registry.
2024-11-12T09:15:25.199+0200 [DEBUG] [org.gradle.cache.internal.DefaultFileLockManager] Lock acquired on daemon addresses registry.
2024-11-12T09:15:25.216+0200 [DEBUG] [org.gradle.cache.internal.DefaultFileLockManager] Releasing lock on daemon addresses registry.
2024-11-12T09:15:25.249+0200 [DEBUG] [org.gradle.cache.internal.DefaultFileLockManager] Waiting to acquire shared lock on daemon addresses registry.
2024-11-12T09:15:25.249+0200 [DEBUG] [org.gradle.cache.internal.DefaultFileLockManager] Lock acquired on daemon addresses registry.
2024-11-12T09:15:25.249+0200 [DEBUG] [org.gradle.cache.internal.DefaultFileLockManager] Releasing lock on daemon addresses registry.
2024-11-12T09:15:25.293+0200 [DEBUG] [org.gradle.cache.internal.DefaultFileLockManager] Waiting to acquire shared lock on daemon addresses registry.
2024-11-12T09:15:25.293+0200 [DEBUG] [org.gradle.cache.internal.DefaultFileLockManager] Lock acquired on daemon addresses registry.
2024-11-12T09:15:25.293+0200 [DEBUG] [org.gradle.cache.internal.DefaultFileLockManager] Releasing lock on daemon addresses registry.
2024-11-12T09:15:35.161+0200 [DEBUG] [org.gradle.cache.internal.DefaultFileLockManager] Waiting to acquire shared lock on daemon addresses registry.
2024-11-12T09:15:35.161+0200 [DEBUG] [org.gradle.cache.internal.DefaultFileLockManager] Lock acquired on daemon addresses registry.
2024-11-12T09:15:35.161+0200 [DEBUG] [org.gradle.cache.internal.DefaultFileLockManager] Releasing lock on daemon addresses registry.
2024-11-12T09:15:35.163+0200 [DEBUG] [org.gradle.cache.internal.DefaultFileLockManager] Waiting to acquire shared lock on daemon addresses registry.
2024-11-12T09:15:35.163+0200 [DEBUG] [org.gradle.cache.internal.DefaultFileLockManager] Lock acquired on daemon addresses registry.
2024-11-12T09:15:35.163+0200 [DEBUG] [org.gradle.cache.internal.DefaultFileLockManager] Releasing lock on daemon addresses registry.
2024-11-12T09:15:35.165+0200 [DEBUG] [org.gradle.cache.internal.DefaultFileLockManager] Waiting to acquire shared lock on daemon addresses registry.
2024-11-12T09:15:35.165+0200 [DEBUG] [org.gradle.cache.internal.DefaultFileLockManager] Lock acquired on daemon addresses registry.
2024-11-12T09:15:35.165+0200 [DEBUG] [org.gradle.cache.internal.DefaultFileLockManager] Releasing lock on daemon addresses registry.
2024-11-12T09:15:37.018+0200 [DEBUG] [org.gradle.internal.remote.internal.inet.TcpIncomingConnector] Accepted connection from /127.0.0.1:53507 to /127.0.0.1:53082.
2024-11-12T09:15:37.109+0200 [DEBUG] [org.gradle.launcher.daemon.server.SynchronizedDispatchConnection] thread 267: received class org.gradle.launcher.daemon.protocol.Build
2024-11-12T09:15:37.109+0200 [DEBUG] [org.gradle.launcher.daemon.server.DefaultDaemonConnection] thread 267: Received non-IO message from client: Build{id=b30497fb-ad37-4ab3-926f-0d1fba6c396b, currentDir=C:\Foods_Shop}
2024-11-12T09:15:37.111+0200 [INFO] [org.gradle.launcher.daemon.server.DefaultIncomingConnectionHandler] Received command: Build{id=b30497fb-ad37-4ab3-926f-0d1fba6c396b, currentDir=C:\Foods_Shop}.
2024-11-12T09:15:37.113+0200 [DEBUG] [org.gradle.launcher.daemon.server.DefaultIncomingConnectionHandler] Starting executing command: Build{id=b30497fb-ad37-4ab3-926f-0d1fba6c396b, currentDir=C:\Foods_Shop} with connection: socket connection from /127.0.0.1:53082 to /127.0.0.1:53507.
2024-11-12T09:15:37.118+0200 [DEBUG] [org.gradle.launcher.daemon.server.DaemonStateCoordinator] Command execution: started DaemonCommandExecution[command = Build{id=b30497fb-ad37-4ab3-926f-0d1fba6c396b, currentDir=C:\Foods_Shop}, connection = DefaultDaemonConnection: socket connection from /127.0.0.1:53082 to /127.0.0.1:53507] after 0.0 minutes of idle
2024-11-12T09:15:37.119+0200 [INFO] [org.gradle.launcher.daemon.server.DaemonRegistryUpdater] Marking the daemon as busy, address: [513f46b0-a183-4902-8c6f-9bcb4a6a3157 port:53082, addresses:[localhost/127.0.0.1]]
2024-11-12T09:15:37.119+0200 [DEBUG] [org.gradle.launcher.daemon.registry.PersistentDaemonRegistry] Marking busy by address: [513f46b0-a183-4902-8c6f-9bcb4a6a3157 port:53082, addresses:[localhost/127.0.0.1]]
2024-11-12T09:15:37.121+0200 [DEBUG] [org.gradle.cache.internal.DefaultFileLockManager] Waiting to acquire exclusive lock on daemon addresses registry.
2024-11-12T09:15:37.124+0200 [DEBUG] [org.gradle.cache.internal.DefaultFileLockManager] Lock acquired on daemon addresses registry.
2024-11-12T09:15:37.130+0200 [DEBUG] [org.gradle.cache.internal.DefaultFileLockManager] Releasing lock on daemon addresses registry.
2024-11-12T09:15:37.132+0200 [DEBUG] [org.gradle.launcher.daemon.server.DaemonStateCoordinator] resetting idle timer
2024-11-12T09:15:37.133+0200 [DEBUG] [org.gradle.launcher.daemon.server.DaemonStateCoordinator] daemon is running. Sleeping until state changes.
2024-11-12T09:15:37.133+0200 [INFO] [org.gradle.launcher.daemon.server.exec.StartBuildOrRespondWithBusy] Daemon is about to start building Build{id=b30497fb-ad37-4ab3-926f-0d1fba6c396b, currentDir=C:\Foods_Shop}. Dispatching build started information...
2024-11-12T09:15:37.134+0200 [DEBUG] [org.gradle.launcher.daemon.server.SynchronizedDispatchConnection] thread 221: dispatching org.gradle.launcher.daemon.protocol.BuildStarted@18938ff
2024-11-12T09:15:37.141+0200 [DEBUG] [org.gradle.launcher.daemon.server.SynchronizedDispatchConnection] thread 267: received class org.gradle.launcher.daemon.protocol.CloseInput
2024-11-12T09:15:37.142+0200 [DEBUG] [org.gradle.launcher.daemon.server.exec.EstablishBuildEnvironment] Configuring env variables: [USERDOMAIN_ROAMINGPROFILE, LOCALAPPDATA, PROCESSOR_LEVEL, USERDOMAIN, LOGONSERVER, JAVA_HOME, SESSIONNAME, ALLUSERSPROFILE, PROCESSOR_ARCHITECTURE, PSModulePath, SystemDrive, OneDrive, APPDATA, USERNAME, ProgramFiles(x86), CommonProgramFiles, Path, PYTHONPATH, PyCharm, PATHEXT, DriverData, OS, COMPUTERNAME, IntelliJ IDEA Community Edition, PROCESSOR_REVISION, CommonProgramW6432, PyCharm Community Edition, ComSpec, ProgramData, ProgramW6432, TEMP, HOMEPATH, SystemRoot, PROCESSOR_IDENTIFIER, HOMEDRIVE, USERPROFILE, TMP, EFC_13388, CommonProgramFiles(x86), ProgramFiles, PUBLIC, windir, NUMBER_OF_PROCESSORS, =::, IDEA_INITIAL_DIRECTORY, ZES_ENABLE_SYSMAN]
2024-11-12T09:15:37.142+0200 [DEBUG] [org.gradle.launcher.daemon.server.DefaultDaemonConnection] thread 267: Received IO message from client: org.gradle.launcher.daemon.protocol.CloseInput@56fc4a2a
2024-11-12T09:15:37.152+0200 [DEBUG] [org.gradle.launcher.daemon.server.exec.LogToClient] About to start relaying all logs to the client via the connection.
2024-11-12T09:15:37.154+0200 [INFO] [org.gradle.launcher.daemon.server.exec.LogToClient] The client will now receive all logging from the daemon (pid: 18912). The daemon log file: C:\Foods_Shop\daemon\8.7\daemon-18912.out.log
2024-11-12T09:15:37.175+0200 [INFO] [org.gradle.launcher.daemon.server.exec.LogAndCheckHealth] Starting 5th build in daemon [uptime: 1 hrs 4 mins 43.624 secs, performance: 98%, GC rate: 0.00/s, heap usage: 0% of 2 GiB]
2024-11-12T09:15:37.178+0200 [INFO] [org.gradle.launcher.daemon.server.exec.ForwardClientInput] Closing daemon's stdin at end of input.
2024-11-12T09:15:37.178+0200 [INFO] [org.gradle.launcher.daemon.server.exec.ForwardClientInput] The daemon will no longer process any standard input.
2024-11-12T09:15:37.178+0200 [DEBUG] [org.gradle.launcher.daemon.server.exec.ExecuteBuild] The daemon has started executing the build.
2024-11-12T09:15:37.180+0200 [DEBUG] [org.gradle.launcher.daemon.server.exec.ExecuteBuild] Executing build with daemon context: DefaultDaemonContext[uid=0d96e0d0-f943-4855-9f51-81c432692892,javaHome=C:\Program Files\Android\Android Studio\jbr,daemonRegistryDir=C:\Foods_Shop\daemon,pid=18912,idleTimeout=10800000,priority=NORMAL,applyInstrumentationAgent=true,daemonOpts=--add-opens=java.base/java.util=ALL-UNNAMED,--add-opens=java.base/java.lang=ALL-UNNAMED,--add-opens=java.base/java.lang.invoke=ALL-UNNAMED,--add-opens=java.prefs/java.util.prefs=ALL-UNNAMED,--add-opens=java.base/java.nio.charset=ALL-UNNAMED,--add-opens=java.base/java.net=ALL-UNNAMED,--add-opens=java.base/java.util.concurrent.atomic=ALL-UNNAMED,-Xmx2048m,-Dfile.encoding=UTF-8,-Duser.country=RU,-Duser.language=ru,-Duser.variant]

BUILD SUCCESSFUL in 6s
34 actionable tasks: 34 up-to-date
2024-11-12T09:15:43.447+0200 [DEBUG] [org.gradle.launcher.daemon.server.exec.ExecuteBuild] The daemon has finished executing the build.
2024-11-12T09:15:43.466+0200 [DEBUG] [org.gradle.launcher.daemon.server.DaemonStateCoordinator] Command execution: finished waiting for DaemonCommandExecution[command = Build{id=b30497fb-ad37-4ab3-926f-0d1fba6c396b, currentDir=C:\Foods_Shop}, connection = DefaultDaemonConnection: socket connection from /127.0.0.1:53082 to /127.0.0.1:53507]. Result org.gradle.launcher.daemon.server.DaemonStateCoordinator@2ba8c798 with state Busy
2024-11-12T09:15:43.466+0200 [DEBUG] [org.gradle.launcher.daemon.server.DaemonStateCoordinator] Command execution: completed DaemonCommandExecution[command = Build{id=b30497fb-ad37-4ab3-926f-0d1fba6c396b, currentDir=C:\Foods_Shop}, connection = DefaultDaemonConnection: socket connection from /127.0.0.1:53082 to /127.0.0.1:53507]
2024-11-12T09:15:43.466+0200 [DEBUG] [org.gradle.launcher.daemon.server.DaemonStateCoordinator] resetting idle timer
2024-11-12T09:15:43.466+0200 [INFO] [org.gradle.launcher.daemon.server.DaemonRegistryUpdater] Marking the daemon as idle, address: [513f46b0-a183-4902-8c6f-9bcb4a6a3157 port:53082, addresses:[localhost/127.0.0.1]]
2024-11-12T09:15:43.467+0200 [DEBUG] [org.gradle.launcher.daemon.registry.PersistentDaemonRegistry] Marking busy by address: [513f46b0-a183-4902-8c6f-9bcb4a6a3157 port:53082, addresses:[localhost/127.0.0.1]]
2024-11-12T09:15:43.468+0200 [DEBUG] [org.gradle.cache.internal.DefaultFileLockManager] Waiting to acquire exclusive lock on daemon addresses registry.
2024-11-12T09:15:43.469+0200 [DEBUG] [org.gradle.cache.internal.DefaultFileLockManager] Lock acquired on daemon addresses registry.
2024-11-12T09:15:43.473+0200 [DEBUG] [org.gradle.cache.internal.DefaultFileLockManager] Releasing lock on daemon addresses registry.
2024-11-12T09:15:43.473+0200 [DEBUG] [org.gradle.launcher.daemon.server.DaemonStateCoordinator] daemon is running. Sleeping until state changes.
2024-11-12T09:15:43.474+0200 [DEBUG] [org.gradle.launcher.daemon.server.exec.ReturnResult] Daemon is dispatching the build result: Success[value=org.gradle.launcher.exec.BuildActionResult@20862a70]
2024-11-12T09:15:43.474+0200 [DEBUG] [org.gradle.launcher.daemon.server.SynchronizedDispatchConnection] thread 218: dispatching Success[value=org.gradle.launcher.exec.BuildActionResult@20862a70]
2024-11-12T09:15:43.475+0200 [DEBUG] [org.gradle.launcher.daemon.server.exec.CleanUpVirtualFileSystemAfterBuild] Cleaning virtual file system after build finished
2024-11-12T09:15:43.476+0200 [DEBUG] [org.gradle.launcher.daemon.server.DefaultIncomingConnectionHandler] Finishing executing command: Build{id=b30497fb-ad37-4ab3-926f-0d1fba6c396b, currentDir=C:\Foods_Shop}
2024-11-12T09:15:43.476+0200 [DEBUG] [org.gradle.launcher.daemon.server.SynchronizedDispatchConnection] thread 267: received class org.gradle.launcher.daemon.protocol.Finished
2024-11-12T09:15:43.476+0200 [DEBUG] [org.gradle.launcher.daemon.server.DefaultDaemonConnection] thread 267: Received non-IO message from client: org.gradle.launcher.daemon.protocol.Finished@583bae85
2024-11-12T09:15:43.477+0200 [DEBUG] [org.gradle.launcher.daemon.server.DefaultIncomingConnectionHandler] Received finished message: org.gradle.launcher.daemon.protocol.Finished@583bae85
2024-11-12T09:15:43.477+0200 [DEBUG] [org.gradle.launcher.daemon.server.SynchronizedDispatchConnection] thread 218: stopping connection
2024-11-12T09:15:43.477+0200 [DEBUG] [org.gradle.internal.remote.internal.inet.SocketConnection] Discarding EOFException: java.io.EOFException
2024-11-12T09:15:43.477+0200 [DEBUG] [org.gradle.launcher.daemon.server.SynchronizedDispatchConnection] thread 267: received null
2024-11-12T09:15:43.477+0200 [DEBUG] [org.gradle.launcher.daemon.server.DefaultDaemonConnection] thread 267: Received end-of-input from client.
2024-11-12T09:15:43.479+0200 [DEBUG] [org.gradle.launcher.daemon.server.SynchronizedDispatchConnection] thread 218: stopping connection
2024-11-12T09:15:45.159+0200 [DEBUG] [org.gradle.cache.internal.DefaultFileLockManager] Waiting to acquire shared lock on daemon addresses registry.
2024-11-12T09:15:45.159+0200 [DEBUG] [org.gradle.cache.internal.DefaultFileLockManager] Lock acquired on daemon addresses registry.
2024-11-12T09:15:45.160+0200 [DEBUG] [org.gradle.cache.internal.DefaultFileLockManager] Releasing lock on daemon addresses registry.
2024-11-12T09:15:45.162+0200 [DEBUG] [org.gradle.cache.internal.DefaultFileLockManager] Waiting to acquire shared lock on daemon addresses registry.
2024-11-12T09:15:45.162+0200 [DEBUG] [org.gradle.cache.internal.DefaultFileLockManager] Lock acquired on daemon addresses registry.
2024-11-12T09:15:45.162+0200 [DEBUG] [org.gradle.cache.internal.DefaultFileLockManager] Releasing lock on daemon addresses registry.
2024-11-12T09:15:45.576+0200 [DEBUG] [org.gradle.process.internal.health.memory.DefaultMemoryManager] 409155993 physical memory requested, 301453312 free
2024-11-12T09:15:45.591+0200 [DEBUG] [org.gradle.workers.internal.WorkerDaemonExpiration] Will attempt to release 390 of memory
2024-11-12T09:15:45.661+0200 [DEBUG] [org.gradle.process.internal.health.memory.DefaultMemoryManager] 409155993 physical memory requested, 0 released, 301453312 free
2024-11-12T09:15:50.251+0200 [DEBUG] [org.gradle.process.internal.health.memory.DefaultMemoryManager] 409155993 physical memory requested, 337182720 free
2024-11-12T09:15:50.251+0200 [DEBUG] [org.gradle.workers.internal.WorkerDaemonExpiration] Will attempt to release 390 of memory
2024-11-12T09:15:50.252+0200 [DEBUG] [org.gradle.process.internal.health.memory.DefaultMemoryManager] 409155993 physical memory requested, 0 released, 337182720 free
2024-11-12T09:15:55.205+0200 [DEBUG] [org.gradle.cache.internal.DefaultFileLockManager] Waiting to acquire shared lock on daemon addresses registry.
2024-11-12T09:15:55.205+0200 [DEBUG] [org.gradle.cache.internal.DefaultFileLockManager] Lock acquired on daemon addresses registry.
2024-11-12T09:15:55.220+0200 [DEBUG] [org.gradle.cache.internal.DefaultFileLockManager] Releasing lock on daemon addresses registry.
2024-11-12T09:15:55.235+0200 [DEBUG] [org.gradle.cache.internal.DefaultFileLockManager] Waiting to acquire shared lock on daemon addresses registry.
2024-11-12T09:15:55.236+0200 [DEBUG] [org.gradle.cache.internal.DefaultFileLockManager] Lock acquired on daemon addresses registry.
2024-11-12T09:15:55.236+0200 [DEBUG] [org.gradle.cache.internal.DefaultFileLockManager] Releasing lock on daemon addresses registry.
2024-11-12T09:15:55.266+0200 [DEBUG] [org.gradle.cache.internal.DefaultFileLockManager] Waiting to acquire shared lock on daemon addresses registry.
2024-11-12T09:15:55.266+0200 [DEBUG] [org.gradle.cache.internal.DefaultFileLockManager] Lock acquired on daemon addresses registry.
2024-11-12T09:15:55.267+0200 [DEBUG] [org.gradle.cache.internal.DefaultFileLockManager] Releasing lock on daemon addresses registry.
2024-11-12T09:16:05.154+0200 [DEBUG] [org.gradle.cache.internal.DefaultFileLockManager] Waiting to acquire shared lock on daemon addresses registry.
2024-11-12T09:16:05.155+0200 [DEBUG] [org.gradle.cache.internal.DefaultFileLockManager] Lock acquired on daemon addresses registry.
2024-11-12T09:16:05.155+0200 [DEBUG] [org.gradle.cache.internal.DefaultFileLockManager] Releasing lock on daemon addresses registry.
2024-11-12T09:16:05.156+0200 [DEBUG] [org.gradle.cache.internal.DefaultFileLockManager] Waiting to acquire shared lock on daemon addresses registry.
2024-11-12T09:16:05.157+0200 [DEBUG] [org.gradle.cache.internal.DefaultFileLockManager] Lock acquired on daemon addresses registry.
2024-11-12T09:16:05.157+0200 [DEBUG] [org.gradle.cache.internal.DefaultFileLockManager] Releasing lock on daemon addresses registry.
2024-11-12T09:16:05.160+0200 [DEBUG] [org.gradle.cache.internal.DefaultFileLockManager] Waiting to acquire shared lock on daemon addresses registry.
2024-11-12T09:16:05.160+0200 [DEBUG] [org.gradle.cache.internal.DefaultFileLockManager] Lock acquired on daemon addresses registry.
2024-11-12T09:16:05.161+0200 [DEBUG] [org.gradle.cache.internal.DefaultFileLockManager] Releasing lock on daemon addresses registry.
2024-11-12T09:16:06.342+0200 [DEBUG] [org.gradle.internal.remote.internal.inet.TcpIncomingConnector] Accepted connection from /127.0.0.1:53521 to /127.0.0.1:53082.
2024-11-12T09:16:06.386+0200 [DEBUG] [org.gradle.launcher.daemon.server.SynchronizedDispatchConnection] thread 302: received class org.gradle.launcher.daemon.protocol.Build
2024-11-12T09:16:06.387+0200 [DEBUG] [org.gradle.launcher.daemon.server.DefaultDaemonConnection] thread 302: Received non-IO message from client: Build{id=d99400b6-a168-406a-ba1d-53c22ddec6b6, currentDir=C:\Foods_Shop}
2024-11-12T09:16:06.387+0200 [INFO] [org.gradle.launcher.daemon.server.DefaultIncomingConnectionHandler] Received command: Build{id=d99400b6-a168-406a-ba1d-53c22ddec6b6, currentDir=C:\Foods_Shop}.
2024-11-12T09:16:06.388+0200 [DEBUG] [org.gradle.launcher.daemon.server.DefaultIncomingConnectionHandler] Starting executing command: Build{id=d99400b6-a168-406a-ba1d-53c22ddec6b6, currentDir=C:\Foods_Shop} with connection: socket connection from /127.0.0.1:53082 to /127.0.0.1:53521.
2024-11-12T09:16:06.391+0200 [DEBUG] [org.gradle.launcher.daemon.server.DaemonStateCoordinator] Command execution: started DaemonCommandExecution[command = Build{id=d99400b6-a168-406a-ba1d-53c22ddec6b6, currentDir=C:\Foods_Shop}, connection = DefaultDaemonConnection: socket connection from /127.0.0.1:53082 to /127.0.0.1:53521] after 0.0 minutes of idle
2024-11-12T09:16:06.391+0200 [INFO] [org.gradle.launcher.daemon.server.DaemonRegistryUpdater] Marking the daemon as busy, address: [513f46b0-a183-4902-8c6f-9bcb4a6a3157 port:53082, addresses:[localhost/127.0.0.1]]
2024-11-12T09:16:06.391+0200 [DEBUG] [org.gradle.launcher.daemon.registry.PersistentDaemonRegistry] Marking busy by address: [513f46b0-a183-4902-8c6f-9bcb4a6a3157 port:53082, addresses:[localhost/127.0.0.1]]
2024-11-12T09:16:06.392+0200 [DEBUG] [org.gradle.cache.internal.DefaultFileLockManager] Waiting to acquire exclusive lock on daemon addresses registry.
2024-11-12T09:16:06.395+0200 [DEBUG] [org.gradle.cache.internal.DefaultFileLockManager] Lock acquired on daemon addresses registry.
2024-11-12T09:16:06.398+0200 [DEBUG] [org.gradle.cache.internal.DefaultFileLockManager] Releasing lock on daemon addresses registry.
2024-11-12T09:16:06.398+0200 [DEBUG] [org.gradle.launcher.daemon.server.DaemonStateCoordinator] resetting idle timer
2024-11-12T09:16:06.398+0200 [INFO] [org.gradle.launcher.daemon.server.exec.StartBuildOrRespondWithBusy] Daemon is about to start building Build{id=d99400b6-a168-406a-ba1d-53c22ddec6b6, currentDir=C:\Foods_Shop}. Dispatching build started information...
2024-11-12T09:16:06.398+0200 [DEBUG] [org.gradle.launcher.daemon.server.DaemonStateCoordinator] daemon is running. Sleeping until state changes.
2024-11-12T09:16:06.399+0200 [DEBUG] [org.gradle.launcher.daemon.server.SynchronizedDispatchConnection] thread 221: dispatching org.gradle.launcher.daemon.protocol.BuildStarted@492403d7
2024-11-12T09:16:06.403+0200 [DEBUG] [org.gradle.launcher.daemon.server.SynchronizedDispatchConnection] thread 302: received class org.gradle.launcher.daemon.protocol.CloseInput
2024-11-12T09:16:06.403+0200 [DEBUG] [org.gradle.launcher.daemon.server.DefaultDaemonConnection] thread 302: Received IO message from client: org.gradle.launcher.daemon.protocol.CloseInput@419e47e
2024-11-12T09:16:06.408+0200 [DEBUG] [org.gradle.launcher.daemon.server.exec.EstablishBuildEnvironment] Configuring env variables: [USERDOMAIN_ROAMINGPROFILE, LOCALAPPDATA, PROCESSOR_LEVEL, USERDOMAIN, LOGONSERVER, JAVA_HOME, SESSIONNAME, ALLUSERSPROFILE, PROCESSOR_ARCHITECTURE, PSModulePath, SystemDrive, OneDrive, APPDATA, USERNAME, ProgramFiles(x86), CommonProgramFiles, Path, PYTHONPATH, PyCharm, PATHEXT, DriverData, OS, COMPUTERNAME, IntelliJ IDEA Community Edition, PROCESSOR_REVISION, CommonProgramW6432, PyCharm Community Edition, ComSpec, ProgramData, ProgramW6432, TEMP, HOMEPATH, SystemRoot, PROCESSOR_IDENTIFIER, HOMEDRIVE, USERPROFILE, TMP, EFC_13388, CommonProgramFiles(x86), ProgramFiles, PUBLIC, windir, NUMBER_OF_PROCESSORS, =::, IDEA_INITIAL_DIRECTORY, ZES_ENABLE_SYSMAN]
2024-11-12T09:16:06.414+0200 [DEBUG] [org.gradle.launcher.daemon.server.exec.LogToClient] About to start relaying all logs to the client via the connection.
2024-11-12T09:16:06.414+0200 [INFO] [org.gradle.launcher.daemon.server.exec.LogToClient] The client will now receive all logging from the daemon (pid: 18912). The daemon log file: C:\Foods_Shop\daemon\8.7\daemon-18912.out.log
2024-11-12T09:16:06.424+0200 [INFO] [org.gradle.launcher.daemon.server.exec.LogAndCheckHealth] Starting 6th build in daemon [uptime: 1 hrs 5 mins 12.884 secs, performance: 98%, GC rate: 0.00/s, heap usage: 0% of 2 GiB]
2024-11-12T09:16:06.425+0200 [INFO] [org.gradle.launcher.daemon.server.exec.ForwardClientInput] Closing daemon's stdin at end of input.
2024-11-12T09:16:06.425+0200 [INFO] [org.gradle.launcher.daemon.server.exec.ForwardClientInput] The daemon will no longer process any standard input.
2024-11-12T09:16:06.426+0200 [DEBUG] [org.gradle.launcher.daemon.server.exec.ExecuteBuild] The daemon has started executing the build.
2024-11-12T09:16:06.429+0200 [DEBUG] [org.gradle.launcher.daemon.server.exec.ExecuteBuild] Executing build with daemon context: DefaultDaemonContext[uid=0d96e0d0-f943-4855-9f51-81c432692892,javaHome=C:\Program Files\Android\Android Studio\jbr,daemonRegistryDir=C:\Foods_Shop\daemon,pid=18912,idleTimeout=10800000,priority=NORMAL,applyInstrumentationAgent=true,daemonOpts=--add-opens=java.base/java.util=ALL-UNNAMED,--add-opens=java.base/java.lang=ALL-UNNAMED,--add-opens=java.base/java.lang.invoke=ALL-UNNAMED,--add-opens=java.prefs/java.util.prefs=ALL-UNNAMED,--add-opens=java.base/java.nio.charset=ALL-UNNAMED,--add-opens=java.base/java.net=ALL-UNNAMED,--add-opens=java.base/java.util.concurrent.atomic=ALL-UNNAMED,-Xmx2048m,-Dfile.encoding=UTF-8,-Duser.country=RU,-Duser.language=ru,-Duser.variant]

BUILD SUCCESSFUL in 3s
34 actionable tasks: 34 up-to-date
2024-11-12T09:16:09.901+0200 [DEBUG] [org.gradle.launcher.daemon.server.exec.ExecuteBuild] The daemon has finished executing the build.
2024-11-12T09:16:09.917+0200 [DEBUG] [org.gradle.launcher.daemon.server.DaemonStateCoordinator] Command execution: finished waiting for DaemonCommandExecution[command = Build{id=d99400b6-a168-406a-ba1d-53c22ddec6b6, currentDir=C:\Foods_Shop}, connection = DefaultDaemonConnection: socket connection from /127.0.0.1:53082 to /127.0.0.1:53521]. Result org.gradle.launcher.daemon.server.DaemonStateCoordinator@2ba8c798 with state Busy
2024-11-12T09:16:09.917+0200 [DEBUG] [org.gradle.launcher.daemon.server.DaemonStateCoordinator] Command execution: completed DaemonCommandExecution[command = Build{id=d99400b6-a168-406a-ba1d-53c22ddec6b6, currentDir=C:\Foods_Shop}, connection = DefaultDaemonConnection: socket connection from /127.0.0.1:53082 to /127.0.0.1:53521]
2024-11-12T09:16:09.917+0200 [DEBUG] [org.gradle.launcher.daemon.server.DaemonStateCoordinator] resetting idle timer
2024-11-12T09:16:09.917+0200 [INFO] [org.gradle.launcher.daemon.server.DaemonRegistryUpdater] Marking the daemon as idle, address: [513f46b0-a183-4902-8c6f-9bcb4a6a3157 port:53082, addresses:[localhost/127.0.0.1]]
2024-11-12T09:16:09.918+0200 [DEBUG] [org.gradle.launcher.daemon.registry.PersistentDaemonRegistry] Marking busy by address: [513f46b0-a183-4902-8c6f-9bcb4a6a3157 port:53082, addresses:[localhost/127.0.0.1]]
2024-11-12T09:16:09.919+0200 [DEBUG] [org.gradle.cache.internal.DefaultFileLockManager] Waiting to acquire exclusive lock on daemon addresses registry.
2024-11-12T09:16:09.933+0200 [DEBUG] [org.gradle.cache.internal.DefaultFileLockManager] Lock acquired on daemon addresses registry.
2024-11-12T09:16:09.954+0200 [DEBUG] [org.gradle.cache.internal.DefaultFileLockManager] Releasing lock on daemon addresses registry.
2024-11-12T09:16:09.955+0200 [DEBUG] [org.gradle.launcher.daemon.server.DaemonStateCoordinator] daemon is running. Sleeping until state changes.
2024-11-12T09:16:09.955+0200 [DEBUG] [org.gradle.launcher.daemon.server.exec.ReturnResult] Daemon is dispatching the build result: Success[value=org.gradle.launcher.exec.BuildActionResult@308d254]
2024-11-12T09:16:09.955+0200 [DEBUG] [org.gradle.launcher.daemon.server.SynchronizedDispatchConnection] thread 218: dispatching Success[value=org.gradle.launcher.exec.BuildActionResult@308d254]
2024-11-12T09:16:09.956+0200 [DEBUG] [org.gradle.launcher.daemon.server.exec.CleanUpVirtualFileSystemAfterBuild] Cleaning virtual file system after build finished
2024-11-12T09:16:09.956+0200 [DEBUG] [org.gradle.launcher.daemon.server.DefaultIncomingConnectionHandler] Finishing executing command: Build{id=d99400b6-a168-406a-ba1d-53c22ddec6b6, currentDir=C:\Foods_Shop}
2024-11-12T09:16:09.957+0200 [DEBUG] [org.gradle.launcher.daemon.server.SynchronizedDispatchConnection] thread 302: received class org.gradle.launcher.daemon.protocol.Finished
2024-11-12T09:16:09.957+0200 [DEBUG] [org.gradle.launcher.daemon.server.DefaultDaemonConnection] thread 302: Received non-IO message from client: org.gradle.launcher.daemon.protocol.Finished@ade1a8d
2024-11-12T09:16:09.957+0200 [DEBUG] [org.gradle.launcher.daemon.server.DefaultIncomingConnectionHandler] Received finished message: org.gradle.launcher.daemon.protocol.Finished@ade1a8d
2024-11-12T09:16:09.957+0200 [DEBUG] [org.gradle.launcher.daemon.server.SynchronizedDispatchConnection] thread 218: stopping connection
2024-11-12T09:16:09.958+0200 [DEBUG] [org.gradle.internal.remote.internal.inet.SocketConnection] Discarding EOFException: java.io.EOFException
2024-11-12T09:16:09.958+0200 [DEBUG] [org.gradle.launcher.daemon.server.SynchronizedDispatchConnection] thread 302: received null
2024-11-12T09:16:09.958+0200 [DEBUG] [org.gradle.launcher.daemon.server.DefaultDaemonConnection] thread 302: Received end-of-input from client.
2024-11-12T09:16:09.960+0200 [DEBUG] [org.gradle.launcher.daemon.server.SynchronizedDispatchConnection] thread 218: stopping connection
2024-11-12T09:16:10.561+0200 [DEBUG] [org.gradle.process.internal.health.memory.DefaultMemoryManager] 409155993 physical memory requested, 298004480 free
2024-11-12T09:16:10.561+0200 [DEBUG] [org.gradle.workers.internal.WorkerDaemonExpiration] Will attempt to release 390 of memory
2024-11-12T09:16:10.561+0200 [DEBUG] [org.gradle.process.internal.health.memory.DefaultMemoryManager] 409155993 physical memory requested, 0 released, 298004480 free
2024-11-12T09:16:15.541+0200 [DEBUG] [org.gradle.cache.internal.DefaultFileLockManager] Waiting to acquire shared lock on daemon addresses registry.
2024-11-12T09:16:15.541+0200 [DEBUG] [org.gradle.cache.internal.DefaultFileLockManager] Lock acquired on daemon addresses registry.
2024-11-12T09:16:15.541+0200 [DEBUG] [org.gradle.cache.internal.DefaultFileLockManager] Releasing lock on daemon addresses registry.
2024-11-12T09:16:15.543+0200 [DEBUG] [org.gradle.cache.internal.DefaultFileLockManager] Waiting to acquire shared lock on daemon addresses registry.
2024-11-12T09:16:15.543+0200 [DEBUG] [org.gradle.cache.internal.DefaultFileLockManager] Lock acquired on daemon addresses registry.
2024-11-12T09:16:15.543+0200 [DEBUG] [org.gradle.cache.internal.DefaultFileLockManager] Releasing lock on daemon addresses registry.
2024-11-12T09:16:15.548+0200 [DEBUG] [org.gradle.process.internal.health.memory.DefaultMemoryManager] 409155993 physical memory requested, 258990080 free
2024-11-12T09:16:15.548+0200 [DEBUG] [org.gradle.workers.internal.WorkerDaemonExpiration] Will attempt to release 390 of memory
2024-11-12T09:16:15.548+0200 [DEBUG] [org.gradle.process.internal.health.memory.DefaultMemoryManager] 409155993 physical memory requested, 0 released, 258990080 free
2024-11-12T09:16:20.255+0200 [DEBUG] [org.gradle.process.internal.health.memory.DefaultMemoryManager] 409155993 physical memory requested, 140238848 free
2024-11-12T09:16:20.255+0200 [DEBUG] [org.gradle.workers.internal.WorkerDaemonExpiration] Will attempt to release 390 of memory
2024-11-12T09:16:20.255+0200 [DEBUG] [org.gradle.process.internal.health.memory.DefaultMemoryManager] 409155993 physical memory requested, 0 released, 140238848 free
2024-11-12T09:16:21.603+0200 [DEBUG] [org.gradle.internal.remote.internal.inet.TcpIncomingConnector] Accepted connection from /127.0.0.1:53535 to /127.0.0.1:53082.
2024-11-12T09:16:21.656+0200 [DEBUG] [org.gradle.launcher.daemon.server.SynchronizedDispatchConnection] thread 337: received class org.gradle.launcher.daemon.protocol.Build
2024-11-12T09:16:21.657+0200 [DEBUG] [org.gradle.launcher.daemon.server.DefaultDaemonConnection] thread 337: Received non-IO message from client: Build{id=2fce26f0-fca5-45f8-b076-2ac366aeca10, currentDir=C:\Foods_Shop}
2024-11-12T09:16:21.657+0200 [INFO] [org.gradle.launcher.daemon.server.DefaultIncomingConnectionHandler] Received command: Build{id=2fce26f0-fca5-45f8-b076-2ac366aeca10, currentDir=C:\Foods_Shop}.
2024-11-12T09:16:21.657+0200 [DEBUG] [org.gradle.launcher.daemon.server.DefaultIncomingConnectionHandler] Starting executing command: Build{id=2fce26f0-fca5-45f8-b076-2ac366aeca10, currentDir=C:\Foods_Shop} with connection: socket connection from /127.0.0.1:53082 to /127.0.0.1:53535.
2024-11-12T09:16:21.661+0200 [DEBUG] [org.gradle.launcher.daemon.server.DaemonStateCoordinator] Command execution: started DaemonCommandExecution[command = Build{id=2fce26f0-fca5-45f8-b076-2ac366aeca10, currentDir=C:\Foods_Shop}, connection = DefaultDaemonConnection: socket connection from /127.0.0.1:53082 to /127.0.0.1:53535] after 0.0 minutes of idle
2024-11-12T09:16:21.661+0200 [INFO] [org.gradle.launcher.daemon.server.DaemonRegistryUpdater] Marking the daemon as busy, address: [513f46b0-a183-4902-8c6f-9bcb4a6a3157 port:53082, addresses:[localhost/127.0.0.1]]
2024-11-12T09:16:21.661+0200 [DEBUG] [org.gradle.launcher.daemon.registry.PersistentDaemonRegistry] Marking busy by address: [513f46b0-a183-4902-8c6f-9bcb4a6a3157 port:53082, addresses:[localhost/127.0.0.1]]
2024-11-12T09:16:21.663+0200 [DEBUG] [org.gradle.cache.internal.DefaultFileLockManager] Waiting to acquire exclusive lock on daemon addresses registry.
2024-11-12T09:16:21.664+0200 [DEBUG] [org.gradle.cache.internal.DefaultFileLockManager] Lock acquired on daemon addresses registry.
2024-11-12T09:16:21.668+0200 [DEBUG] [org.gradle.cache.internal.DefaultFileLockManager] Releasing lock on daemon addresses registry.
2024-11-12T09:16:21.669+0200 [DEBUG] [org.gradle.launcher.daemon.server.DaemonStateCoordinator] resetting idle timer
2024-11-12T09:16:21.669+0200 [DEBUG] [org.gradle.launcher.daemon.server.DaemonStateCoordinator] daemon is running. Sleeping until state changes.
2024-11-12T09:16:21.670+0200 [INFO] [org.gradle.launcher.daemon.server.exec.StartBuildOrRespondWithBusy] Daemon is about to start building Build{id=2fce26f0-fca5-45f8-b076-2ac366aeca10, currentDir=C:\Foods_Shop}. Dispatching build started information...
2024-11-12T09:16:21.682+0200 [DEBUG] [org.gradle.launcher.daemon.server.SynchronizedDispatchConnection] thread 221: dispatching org.gradle.launcher.daemon.protocol.BuildStarted@47797ed5
2024-11-12T09:16:21.693+0200 [DEBUG] [org.gradle.launcher.daemon.server.exec.EstablishBuildEnvironment] Configuring env variables: [USERDOMAIN_ROAMINGPROFILE, LOCALAPPDATA, PROCESSOR_LEVEL, USERDOMAIN, LOGONSERVER, JAVA_HOME, SESSIONNAME, ALLUSERSPROFILE, PROCESSOR_ARCHITECTURE, PSModulePath, SystemDrive, OneDrive, APPDATA, USERNAME, ProgramFiles(x86), CommonProgramFiles, Path, PYTHONPATH, PyCharm, PATHEXT, DriverData, OS, COMPUTERNAME, IntelliJ IDEA Community Edition, PROCESSOR_REVISION, CommonProgramW6432, PyCharm Community Edition, ComSpec, ProgramData, ProgramW6432, TEMP, HOMEPATH, SystemRoot, PROCESSOR_IDENTIFIER, HOMEDRIVE, USERPROFILE, TMP, EFC_13388, CommonProgramFiles(x86), ProgramFiles, PUBLIC, windir, NUMBER_OF_PROCESSORS, =::, IDEA_INITIAL_DIRECTORY, ZES_ENABLE_SYSMAN]
2024-11-12T09:16:21.694+0200 [DEBUG] [org.gradle.launcher.daemon.server.SynchronizedDispatchConnection] thread 337: received class org.gradle.launcher.daemon.protocol.CloseInput
2024-11-12T09:16:21.694+0200 [DEBUG] [org.gradle.launcher.daemon.server.DefaultDaemonConnection] thread 337: Received IO message from client: org.gradle.launcher.daemon.protocol.CloseInput@6ecc8919
2024-11-12T09:16:21.702+0200 [DEBUG] [org.gradle.launcher.daemon.server.exec.LogToClient] About to start relaying all logs to the client via the connection.
2024-11-12T09:16:21.702+0200 [INFO] [org.gradle.launcher.daemon.server.exec.LogToClient] The client will now receive all logging from the daemon (pid: 18912). The daemon log file: C:\Foods_Shop\daemon\8.7\daemon-18912.out.log
2024-11-12T09:16:21.709+0200 [INFO] [org.gradle.launcher.daemon.server.exec.LogAndCheckHealth] Starting 7th build in daemon [uptime: 1 hrs 5 mins 28.173 secs, performance: 98%, GC rate: 0.00/s, heap usage: 0% of 2 GiB]
2024-11-12T09:16:21.718+0200 [DEBUG] [org.gradle.launcher.daemon.server.exec.ExecuteBuild] The daemon has started executing the build.
2024-11-12T09:16:21.720+0200 [INFO] [org.gradle.launcher.daemon.server.exec.ForwardClientInput] Closing daemon's stdin at end of input.
2024-11-12T09:16:21.721+0200 [INFO] [org.gradle.launcher.daemon.server.exec.ForwardClientInput] The daemon will no longer process any standard input.
2024-11-12T09:16:21.721+0200 [DEBUG] [org.gradle.launcher.daemon.server.exec.ExecuteBuild] Executing build with daemon context: DefaultDaemonContext[uid=0d96e0d0-f943-4855-9f51-81c432692892,javaHome=C:\Program Files\Android\Android Studio\jbr,daemonRegistryDir=C:\Foods_Shop\daemon,pid=18912,idleTimeout=10800000,priority=NORMAL,applyInstrumentationAgent=true,daemonOpts=--add-opens=java.base/java.util=ALL-UNNAMED,--add-opens=java.base/java.lang=ALL-UNNAMED,--add-opens=java.base/java.lang.invoke=ALL-UNNAMED,--add-opens=java.prefs/java.util.prefs=ALL-UNNAMED,--add-opens=java.base/java.nio.charset=ALL-UNNAMED,--add-opens=java.base/java.net=ALL-UNNAMED,--add-opens=java.base/java.util.concurrent.atomic=ALL-UNNAMED,-Xmx2048m,-Dfile.encoding=UTF-8,-Duser.country=RU,-Duser.language=ru,-Duser.variant]

BUILD SUCCESSFUL in 4s
34 actionable tasks: 34 up-to-date
2024-11-12T09:16:25.863+0200 [DEBUG] [org.gradle.launcher.daemon.server.exec.ExecuteBuild] The daemon has finished executing the build.
2024-11-12T09:16:25.880+0200 [DEBUG] [org.gradle.launcher.daemon.server.DaemonStateCoordinator] Command execution: finished waiting for DaemonCommandExecution[command = Build{id=2fce26f0-fca5-45f8-b076-2ac366aeca10, currentDir=C:\Foods_Shop}, connection = DefaultDaemonConnection: socket connection from /127.0.0.1:53082 to /127.0.0.1:53535]. Result org.gradle.launcher.daemon.server.DaemonStateCoordinator@2ba8c798 with state Busy
2024-11-12T09:16:25.880+0200 [DEBUG] [org.gradle.launcher.daemon.server.DaemonStateCoordinator] Command execution: completed DaemonCommandExecution[command = Build{id=2fce26f0-fca5-45f8-b076-2ac366aeca10, currentDir=C:\Foods_Shop}, connection = DefaultDaemonConnection: socket connection from /127.0.0.1:53082 to /127.0.0.1:53535]
2024-11-12T09:16:25.880+0200 [DEBUG] [org.gradle.launcher.daemon.server.DaemonStateCoordinator] resetting idle timer
2024-11-12T09:16:25.880+0200 [INFO] [org.gradle.launcher.daemon.server.DaemonRegistryUpdater] Marking the daemon as idle, address: [513f46b0-a183-4902-8c6f-9bcb4a6a3157 port:53082, addresses:[localhost/127.0.0.1]]
2024-11-12T09:16:25.880+0200 [DEBUG] [org.gradle.launcher.daemon.registry.PersistentDaemonRegistry] Marking busy by address: [513f46b0-a183-4902-8c6f-9bcb4a6a3157 port:53082, addresses:[localhost/127.0.0.1]]
2024-11-12T09:16:25.881+0200 [DEBUG] [org.gradle.cache.internal.DefaultFileLockManager] Waiting to acquire exclusive lock on daemon addresses registry.
2024-11-12T09:16:25.885+0200 [DEBUG] [org.gradle.cache.internal.DefaultFileLockManager] Lock acquired on daemon addresses registry.
2024-11-12T09:16:25.888+0200 [DEBUG] [org.gradle.cache.internal.DefaultFileLockManager] Releasing lock on daemon addresses registry.
2024-11-12T09:16:25.888+0200 [DEBUG] [org.gradle.launcher.daemon.server.DaemonStateCoordinator] daemon is running. Sleeping until state changes.
2024-11-12T09:16:25.888+0200 [DEBUG] [org.gradle.launcher.daemon.server.exec.ReturnResult] Daemon is dispatching the build result: Success[value=org.gradle.launcher.exec.BuildActionResult@140bed22]
2024-11-12T09:16:25.888+0200 [DEBUG] [org.gradle.launcher.daemon.server.SynchronizedDispatchConnection] thread 218: dispatching Success[value=org.gradle.launcher.exec.BuildActionResult@140bed22]
2024-11-12T09:16:25.889+0200 [DEBUG] [org.gradle.launcher.daemon.server.exec.CleanUpVirtualFileSystemAfterBuild] Cleaning virtual file system after build finished
2024-11-12T09:16:25.889+0200 [DEBUG] [org.gradle.launcher.daemon.server.DefaultIncomingConnectionHandler] Finishing executing command: Build{id=2fce26f0-fca5-45f8-b076-2ac366aeca10, currentDir=C:\Foods_Shop}
2024-11-12T09:16:25.889+0200 [DEBUG] [org.gradle.launcher.daemon.server.SynchronizedDispatchConnection] thread 337: received class org.gradle.launcher.daemon.protocol.Finished
2024-11-12T09:16:25.889+0200 [DEBUG] [org.gradle.launcher.daemon.server.DefaultDaemonConnection] thread 337: Received non-IO message from client: org.gradle.launcher.daemon.protocol.Finished@600b7ab0
2024-11-12T09:16:25.889+0200 [DEBUG] [org.gradle.launcher.daemon.server.DefaultIncomingConnectionHandler] Received finished message: org.gradle.launcher.daemon.protocol.Finished@600b7ab0
2024-11-12T09:16:25.890+0200 [DEBUG] [org.gradle.launcher.daemon.server.SynchronizedDispatchConnection] thread 218: stopping connection
2024-11-12T09:16:25.890+0200 [DEBUG] [org.gradle.internal.remote.internal.inet.SocketConnection] Discarding EOFException: java.io.EOFException
2024-11-12T09:16:25.890+0200 [DEBUG] [org.gradle.launcher.daemon.server.SynchronizedDispatchConnection] thread 337: received null
2024-11-12T09:16:25.890+0200 [DEBUG] [org.gradle.launcher.daemon.server.DefaultDaemonConnection] thread 337: Received end-of-input from client.
2024-11-12T09:16:25.890+0200 [DEBUG] [org.gradle.launcher.daemon.server.SynchronizedDispatchConnection] thread 218: stopping connection
2024-11-12T09:16:30.270+0200 [DEBUG] [org.gradle.process.internal.health.memory.DefaultMemoryManager] 409155993 physical memory requested, 293793792 free
2024-11-12T09:16:30.270+0200 [DEBUG] [org.gradle.workers.internal.WorkerDaemonExpiration] Will attempt to release 390 of memory
2024-11-12T09:16:30.270+0200 [DEBUG] [org.gradle.process.internal.health.memory.DefaultMemoryManager] 409155993 physical memory requested, 0 released, 293793792 free
2024-11-12T09:16:35.163+0200 [DEBUG] [org.gradle.cache.internal.DefaultFileLockManager] Waiting to acquire shared lock on daemon addresses registry.
2024-11-12T09:16:35.165+0200 [DEBUG] [org.gradle.cache.internal.DefaultFileLockManager] Lock acquired on daemon addresses registry.
2024-11-12T09:16:35.166+0200 [DEBUG] [org.gradle.cache.internal.DefaultFileLockManager] Releasing lock on daemon addresses registry.
2024-11-12T09:16:35.168+0200 [DEBUG] [org.gradle.cache.internal.DefaultFileLockManager] Waiting to acquire shared lock on daemon addresses registry.
2024-11-12T09:16:35.169+0200 [DEBUG] [org.gradle.cache.internal.DefaultFileLockManager] Lock acquired on daemon addresses registry.
2024-11-12T09:16:35.171+0200 [DEBUG] [org.gradle.cache.internal.DefaultFileLockManager] Releasing lock on daemon addresses registry.
2024-11-12T09:16:35.248+0200 [DEBUG] [org.gradle.process.internal.health.memory.DefaultMemoryManager] 409155993 physical memory requested, 273211392 free
2024-11-12T09:16:35.249+0200 [DEBUG] [org.gradle.workers.internal.WorkerDaemonExpiration] Will attempt to release 390 of memory
2024-11-12T09:16:35.249+0200 [DEBUG] [org.gradle.process.internal.health.memory.DefaultMemoryManager] 409155993 physical memory requested, 0 released, 273211392 free
2024-11-12T09:16:40.243+0200 [DEBUG] [org.gradle.process.internal.health.memory.DefaultMemoryManager] 409155993 physical memory requested, 247160832 free
2024-11-12T09:16:40.243+0200 [DEBUG] [org.gradle.workers.internal.WorkerDaemonExpiration] Will attempt to release 390 of memory
2024-11-12T09:16:40.243+0200 [DEBUG] [org.gradle.process.internal.health.memory.DefaultMemoryManager] 409155993 physical memory requested, 0 released, 247160832 free
2024-11-12T09:16:45.204+0200 [DEBUG] [org.gradle.cache.internal.DefaultFileLockManager] Waiting to acquire shared lock on daemon addresses registry.
2024-11-12T09:16:45.219+0200 [DEBUG] [org.gradle.cache.internal.DefaultFileLockManager] Lock acquired on daemon addresses registry.
2024-11-12T09:16:45.242+0200 [DEBUG] [org.gradle.process.internal.health.memory.DefaultMemoryManager] 409155993 physical memory requested, 260435968 free
2024-11-12T09:16:45.242+0200 [DEBUG] [org.gradle.workers.internal.WorkerDaemonExpiration] Will attempt to release 390 of memory
2024-11-12T09:16:45.242+0200 [DEBUG] [org.gradle.process.internal.health.memory.DefaultMemoryManager] 409155993 physical memory requested, 0 released, 260435968 free
2024-11-12T09:16:45.324+0200 [DEBUG] [org.gradle.cache.internal.DefaultFileLockManager] Releasing lock on daemon addresses registry.
2024-11-12T09:16:45.381+0200 [DEBUG] [org.gradle.cache.internal.DefaultFileLockManager] Waiting to acquire shared lock on daemon addresses registry.
2024-11-12T09:16:45.381+0200 [DEBUG] [org.gradle.cache.internal.DefaultFileLockManager] Lock acquired on daemon addresses registry.
2024-11-12T09:16:45.381+0200 [DEBUG] [org.gradle.cache.internal.DefaultFileLockManager] Releasing lock on daemon addresses registry.
2024-11-12T09:16:45.427+0200 [DEBUG] [org.gradle.cache.internal.DefaultFileLockManager] Waiting to acquire shared lock on daemon addresses registry.
2024-11-12T09:16:45.427+0200 [DEBUG] [org.gradle.cache.internal.DefaultFileLockManager] Lock acquired on daemon addresses registry.
2024-11-12T09:16:45.428+0200 [DEBUG] [org.gradle.cache.internal.DefaultFileLockManager] Releasing lock on daemon addresses registry.
2024-11-12T09:16:55.159+0200 [DEBUG] [org.gradle.cache.internal.DefaultFileLockManager] Waiting to acquire shared lock on daemon addresses registry.
2024-11-12T09:16:55.160+0200 [DEBUG] [org.gradle.cache.internal.DefaultFileLockManager] Lock acquired on daemon addresses registry.
2024-11-12T09:16:55.160+0200 [DEBUG] [org.gradle.cache.internal.DefaultFileLockManager] Releasing lock on daemon addresses registry.
2024-11-12T09:16:55.163+0200 [DEBUG] [org.gradle.cache.internal.DefaultFileLockManager] Waiting to acquire shared lock on daemon addresses registry.
2024-11-12T09:16:55.163+0200 [DEBUG] [org.gradle.cache.internal.DefaultFileLockManager] Lock acquired on daemon addresses registry.
2024-11-12T09:16:55.163+0200 [DEBUG] [org.gradle.cache.internal.DefaultFileLockManager] Releasing lock on daemon addresses registry.
2024-11-12T09:16:55.164+0200 [DEBUG] [org.gradle.cache.internal.DefaultFileLockManager] Waiting to acquire shared lock on daemon addresses registry.
2024-11-12T09:16:55.164+0200 [DEBUG] [org.gradle.cache.internal.DefaultFileLockManager] Lock acquired on daemon addresses registry.
2024-11-12T09:16:55.164+0200 [DEBUG] [org.gradle.cache.internal.DefaultFileLockManager] Releasing lock on daemon addresses registry.
2024-11-12T09:17:05.152+0200 [DEBUG] [org.gradle.cache.internal.DefaultFileLockManager] Waiting to acquire shared lock on daemon addresses registry.
2024-11-12T09:17:05.152+0200 [DEBUG] [org.gradle.cache.internal.DefaultFileLockManager] Lock acquired on daemon addresses registry.
2024-11-12T09:17:05.153+0200 [DEBUG] [org.gradle.cache.internal.DefaultFileLockManager] Releasing lock on daemon addresses registry.
2024-11-12T09:17:05.155+0200 [DEBUG] [org.gradle.cache.internal.DefaultFileLockManager] Waiting to acquire shared lock on daemon addresses registry.
2024-11-12T09:17:05.155+0200 [DEBUG] [org.gradle.cache.internal.DefaultFileLockManager] Lock acquired on daemon addresses registry.
2024-11-12T09:17:05.155+0200 [DEBUG] [org.gradle.cache.internal.DefaultFileLockManager] Releasing lock on daemon addresses registry.
2024-11-12T09:17:05.157+0200 [DEBUG] [org.gradle.cache.internal.DefaultFileLockManager] Waiting to acquire shared lock on daemon addresses registry.
2024-11-12T09:17:05.157+0200 [DEBUG] [org.gradle.cache.internal.DefaultFileLockManager] Lock acquired on daemon addresses registry.
2024-11-12T09:17:05.160+0200 [DEBUG] [org.gradle.cache.internal.DefaultFileLockManager] Releasing lock on daemon addresses registry.
2024-11-12T09:17:15.150+0200 [DEBUG] [org.gradle.cache.internal.DefaultFileLockManager] Waiting to acquire shared lock on daemon addresses registry.
2024-11-12T09:17:15.150+0200 [DEBUG] [org.gradle.cache.internal.DefaultFileLockManager] Lock acquired on daemon addresses registry.
2024-11-12T09:17:15.153+0200 [DEBUG] [org.gradle.cache.internal.DefaultFileLockManager] Releasing lock on daemon addresses registry.
2024-11-12T09:17:15.155+0200 [DEBUG] [org.gradle.cache.internal.DefaultFileLockManager] Waiting to acquire shared lock on daemon addresses registry.
2024-11-12T09:17:15.155+0200 [DEBUG] [org.gradle.cache.internal.DefaultFileLockManager] Lock acquired on daemon addresses registry.
2024-11-12T09:17:15.156+0200 [DEBUG] [org.gradle.cache.internal.DefaultFileLockManager] Releasing lock on daemon addresses registry.
2024-11-12T09:17:15.158+0200 [DEBUG] [org.gradle.cache.internal.DefaultFileLockManager] Waiting to acquire shared lock on daemon addresses registry.
2024-11-12T09:17:15.158+0200 [DEBUG] [org.gradle.cache.internal.DefaultFileLockManager] Lock acquired on daemon addresses registry.
2024-11-12T09:17:15.159+0200 [DEBUG] [org.gradle.cache.internal.DefaultFileLockManager] Releasing lock on daemon addresses registry.
2024-11-12T09:17:22.536+0200 [DEBUG] [org.gradle.internal.remote.internal.inet.TcpIncomingConnector] Accepted connection from /127.0.0.1:53553 to /127.0.0.1:53082.
2024-11-12T09:17:22.645+0200 [DEBUG] [org.gradle.launcher.daemon.server.SynchronizedDispatchConnection] thread 372: received class org.gradle.launcher.daemon.protocol.Build
2024-11-12T09:17:22.645+0200 [DEBUG] [org.gradle.launcher.daemon.server.DefaultDaemonConnection] thread 372: Received non-IO message from client: Build{id=2435f973-26d9-420d-ae40-2b3ec2ace981, currentDir=C:\Foods_Shop}
2024-11-12T09:17:22.646+0200 [INFO] [org.gradle.launcher.daemon.server.DefaultIncomingConnectionHandler] Received command: Build{id=2435f973-26d9-420d-ae40-2b3ec2ace981, currentDir=C:\Foods_Shop}.
2024-11-12T09:17:22.646+0200 [DEBUG] [org.gradle.launcher.daemon.server.DefaultIncomingConnectionHandler] Starting executing command: Build{id=2435f973-26d9-420d-ae40-2b3ec2ace981, currentDir=C:\Foods_Shop} with connection: socket connection from /127.0.0.1:53082 to /127.0.0.1:53553.
2024-11-12T09:17:22.655+0200 [DEBUG] [org.gradle.launcher.daemon.server.DaemonStateCoordinator] Command execution: started DaemonCommandExecution[command = Build{id=2435f973-26d9-420d-ae40-2b3ec2ace981, currentDir=C:\Foods_Shop}, connection = DefaultDaemonConnection: socket connection from /127.0.0.1:53082 to /127.0.0.1:53553] after 0.0 minutes of idle
2024-11-12T09:17:22.656+0200 [INFO] [org.gradle.launcher.daemon.server.DaemonRegistryUpdater] Marking the daemon as busy, address: [513f46b0-a183-4902-8c6f-9bcb4a6a3157 port:53082, addresses:[localhost/127.0.0.1]]
2024-11-12T09:17:22.656+0200 [DEBUG] [org.gradle.launcher.daemon.registry.PersistentDaemonRegistry] Marking busy by address: [513f46b0-a183-4902-8c6f-9bcb4a6a3157 port:53082, addresses:[localhost/127.0.0.1]]
2024-11-12T09:17:22.657+0200 [DEBUG] [org.gradle.cache.internal.DefaultFileLockManager] Waiting to acquire exclusive lock on daemon addresses registry.
2024-11-12T09:17:22.660+0200 [DEBUG] [org.gradle.cache.internal.DefaultFileLockManager] Lock acquired on daemon addresses registry.
2024-11-12T09:17:22.663+0200 [DEBUG] [org.gradle.cache.internal.DefaultFileLockManager] Releasing lock on daemon addresses registry.
2024-11-12T09:17:22.663+0200 [DEBUG] [org.gradle.launcher.daemon.server.DaemonStateCoordinator] resetting idle timer
2024-11-12T09:17:22.663+0200 [DEBUG] [org.gradle.launcher.daemon.server.DaemonStateCoordinator] daemon is running. Sleeping until state changes.
2024-11-12T09:17:22.665+0200 [INFO] [org.gradle.launcher.daemon.server.exec.StartBuildOrRespondWithBusy] Daemon is about to start building Build{id=2435f973-26d9-420d-ae40-2b3ec2ace981, currentDir=C:\Foods_Shop}. Dispatching build started information...
2024-11-12T09:17:22.665+0200 [DEBUG] [org.gradle.launcher.daemon.server.SynchronizedDispatchConnection] thread 221: dispatching org.gradle.launcher.daemon.protocol.BuildStarted@12cb4593
2024-11-12T09:17:22.672+0200 [DEBUG] [org.gradle.launcher.daemon.server.SynchronizedDispatchConnection] thread 372: received class org.gradle.launcher.daemon.protocol.CloseInput
2024-11-12T09:17:22.672+0200 [DEBUG] [org.gradle.launcher.daemon.server.DefaultDaemonConnection] thread 372: Received IO message from client: org.gradle.launcher.daemon.protocol.CloseInput@19d3fd2f
2024-11-12T09:17:22.677+0200 [DEBUG] [org.gradle.launcher.daemon.server.exec.EstablishBuildEnvironment] Configuring env variables: [USERDOMAIN_ROAMINGPROFILE, LOCALAPPDATA, PROCESSOR_LEVEL, USERDOMAIN, LOGONSERVER, JAVA_HOME, SESSIONNAME, ALLUSERSPROFILE, PROCESSOR_ARCHITECTURE, PSModulePath, SystemDrive, OneDrive, APPDATA, USERNAME, ProgramFiles(x86), CommonProgramFiles, Path, PYTHONPATH, PyCharm, PATHEXT, DriverData, OS, COMPUTERNAME, IntelliJ IDEA Community Edition, PROCESSOR_REVISION, CommonProgramW6432, PyCharm Community Edition, ComSpec, ProgramData, ProgramW6432, TEMP, HOMEPATH, SystemRoot, PROCESSOR_IDENTIFIER, HOMEDRIVE, USERPROFILE, TMP, EFC_13388, CommonProgramFiles(x86), ProgramFiles, PUBLIC, windir, NUMBER_OF_PROCESSORS, =::, IDEA_INITIAL_DIRECTORY, ZES_ENABLE_SYSMAN]
2024-11-12T09:17:22.688+0200 [DEBUG] [org.gradle.launcher.daemon.server.exec.LogToClient] About to start relaying all logs to the client via the connection.
2024-11-12T09:17:22.690+0200 [INFO] [org.gradle.launcher.daemon.server.exec.LogToClient] The client will now receive all logging from the daemon (pid: 18912). The daemon log file: C:\Foods_Shop\daemon\8.7\daemon-18912.out.log
2024-11-12T09:17:22.723+0200 [INFO] [org.gradle.launcher.daemon.server.exec.LogAndCheckHealth] Starting 8th build in daemon [uptime: 1 hrs 6 mins 29.16 secs, performance: 98%, GC rate: 0.00/s, heap usage: 0% of 2 GiB]
2024-11-12T09:17:22.726+0200 [INFO] [org.gradle.launcher.daemon.server.exec.ForwardClientInput] Closing daemon's stdin at end of input.
2024-11-12T09:17:22.726+0200 [INFO] [org.gradle.launcher.daemon.server.exec.ForwardClientInput] The daemon will no longer process any standard input.
2024-11-12T09:17:22.730+0200 [DEBUG] [org.gradle.launcher.daemon.server.exec.ExecuteBuild] The daemon has started executing the build.
2024-11-12T09:17:22.733+0200 [DEBUG] [org.gradle.launcher.daemon.server.exec.ExecuteBuild] Executing build with daemon context: DefaultDaemonContext[uid=0d96e0d0-f943-4855-9f51-81c432692892,javaHome=C:\Program Files\Android\Android Studio\jbr,daemonRegistryDir=C:\Foods_Shop\daemon,pid=18912,idleTimeout=10800000,priority=NORMAL,applyInstrumentationAgent=true,daemonOpts=--add-opens=java.base/java.util=ALL-UNNAMED,--add-opens=java.base/java.lang=ALL-UNNAMED,--add-opens=java.base/java.lang.invoke=ALL-UNNAMED,--add-opens=java.prefs/java.util.prefs=ALL-UNNAMED,--add-opens=java.base/java.nio.charset=ALL-UNNAMED,--add-opens=java.base/java.net=ALL-UNNAMED,--add-opens=java.base/java.util.concurrent.atomic=ALL-UNNAMED,-Xmx2048m,-Dfile.encoding=UTF-8,-Duser.country=RU,-Duser.language=ru,-Duser.variant]

BUILD SUCCESSFUL in 4s
34 actionable tasks: 34 up-to-date
2024-11-12T09:17:26.560+0200 [DEBUG] [org.gradle.launcher.daemon.server.exec.ExecuteBuild] The daemon has finished executing the build.
2024-11-12T09:17:26.578+0200 [DEBUG] [org.gradle.launcher.daemon.server.DaemonStateCoordinator] Command execution: finished waiting for DaemonCommandExecution[command = Build{id=2435f973-26d9-420d-ae40-2b3ec2ace981, currentDir=C:\Foods_Shop}, connection = DefaultDaemonConnection: socket connection from /127.0.0.1:53082 to /127.0.0.1:53553]. Result org.gradle.launcher.daemon.server.DaemonStateCoordinator@2ba8c798 with state Busy
2024-11-12T09:17:26.578+0200 [DEBUG] [org.gradle.launcher.daemon.server.DaemonStateCoordinator] Command execution: completed DaemonCommandExecution[command = Build{id=2435f973-26d9-420d-ae40-2b3ec2ace981, currentDir=C:\Foods_Shop}, connection = DefaultDaemonConnection: socket connection from /127.0.0.1:53082 to /127.0.0.1:53553]
2024-11-12T09:17:26.578+0200 [DEBUG] [org.gradle.launcher.daemon.server.DaemonStateCoordinator] resetting idle timer
2024-11-12T09:17:26.579+0200 [INFO] [org.gradle.launcher.daemon.server.DaemonRegistryUpdater] Marking the daemon as idle, address: [513f46b0-a183-4902-8c6f-9bcb4a6a3157 port:53082, addresses:[localhost/127.0.0.1]]
2024-11-12T09:17:26.579+0200 [DEBUG] [org.gradle.launcher.daemon.registry.PersistentDaemonRegistry] Marking busy by address: [513f46b0-a183-4902-8c6f-9bcb4a6a3157 port:53082, addresses:[localhost/127.0.0.1]]
2024-11-12T09:17:26.580+0200 [DEBUG] [org.gradle.cache.internal.DefaultFileLockManager] Waiting to acquire exclusive lock on daemon addresses registry.
2024-11-12T09:17:26.581+0200 [DEBUG] [org.gradle.cache.internal.DefaultFileLockManager] Lock acquired on daemon addresses registry.
2024-11-12T09:17:26.584+0200 [DEBUG] [org.gradle.cache.internal.DefaultFileLockManager] Releasing lock on daemon addresses registry.
2024-11-12T09:17:26.585+0200 [DEBUG] [org.gradle.launcher.daemon.server.DaemonStateCoordinator] daemon is running. Sleeping until state changes.
2024-11-12T09:17:26.585+0200 [DEBUG] [org.gradle.launcher.daemon.server.exec.ReturnResult] Daemon is dispatching the build result: Success[value=org.gradle.launcher.exec.BuildActionResult@26fe42ef]
2024-11-12T09:17:26.585+0200 [DEBUG] [org.gradle.launcher.daemon.server.SynchronizedDispatchConnection] thread 218: dispatching Success[value=org.gradle.launcher.exec.BuildActionResult@26fe42ef]
2024-11-12T09:17:26.586+0200 [DEBUG] [org.gradle.launcher.daemon.server.DefaultIncomingConnectionHandler] Finishing executing command: Build{id=2435f973-26d9-420d-ae40-2b3ec2ace981, currentDir=C:\Foods_Shop}
2024-11-12T09:17:26.587+0200 [DEBUG] [org.gradle.launcher.daemon.server.exec.CleanUpVirtualFileSystemAfterBuild] Cleaning virtual file system after build finished
2024-11-12T09:17:26.587+0200 [DEBUG] [org.gradle.launcher.daemon.server.SynchronizedDispatchConnection] thread 372: received class org.gradle.launcher.daemon.protocol.Finished
2024-11-12T09:17:26.588+0200 [DEBUG] [org.gradle.launcher.daemon.server.DefaultDaemonConnection] thread 372: Received non-IO message from client: org.gradle.launcher.daemon.protocol.Finished@17140065
2024-11-12T09:17:26.588+0200 [DEBUG] [org.gradle.launcher.daemon.server.DefaultIncomingConnectionHandler] Received finished message: org.gradle.launcher.daemon.protocol.Finished@17140065
2024-11-12T09:17:26.588+0200 [DEBUG] [org.gradle.launcher.daemon.server.SynchronizedDispatchConnection] thread 218: stopping connection
2024-11-12T09:17:26.588+0200 [DEBUG] [org.gradle.internal.remote.internal.inet.SocketConnection] Discarding EOFException: java.io.EOFException
2024-11-12T09:17:26.588+0200 [DEBUG] [org.gradle.launcher.daemon.server.SynchronizedDispatchConnection] thread 372: received null
2024-11-12T09:17:26.588+0200 [DEBUG] [org.gradle.launcher.daemon.server.DefaultDaemonConnection] thread 372: Received end-of-input from client.
2024-11-12T09:17:26.589+0200 [DEBUG] [org.gradle.launcher.daemon.server.SynchronizedDispatchConnection] thread 218: stopping connection
2024-11-12T09:17:35.161+0200 [DEBUG] [org.gradle.cache.internal.DefaultFileLockManager] Waiting to acquire shared lock on daemon addresses registry.
2024-11-12T09:17:35.161+0200 [DEBUG] [org.gradle.cache.internal.DefaultFileLockManager] Lock acquired on daemon addresses registry.
2024-11-12T09:17:35.162+0200 [DEBUG] [org.gradle.cache.internal.DefaultFileLockManager] Releasing lock on daemon addresses registry.
2024-11-12T09:17:35.165+0200 [DEBUG] [org.gradle.cache.internal.DefaultFileLockManager] Waiting to acquire shared lock on daemon addresses registry.
2024-11-12T09:17:35.166+0200 [DEBUG] [org.gradle.cache.internal.DefaultFileLockManager] Lock acquired on daemon addresses registry.
2024-11-12T09:17:35.166+0200 [DEBUG] [org.gradle.cache.internal.DefaultFileLockManager] Releasing lock on daemon addresses registry.
2024-11-12T09:17:40.252+0200 [DEBUG] [org.gradle.process.internal.health.memory.DefaultMemoryManager] 409155993 physical memory requested, 395829248 free
2024-11-12T09:17:40.252+0200 [DEBUG] [org.gradle.workers.internal.WorkerDaemonExpiration] Will attempt to release 390 of memory
2024-11-12T09:17:40.252+0200 [DEBUG] [org.gradle.process.internal.health.memory.DefaultMemoryManager] 409155993 physical memory requested, 0 released, 395829248 free
2024-11-12T09:17:45.156+0200 [DEBUG] [org.gradle.cache.internal.DefaultFileLockManager] Waiting to acquire shared lock on daemon addresses registry.
2024-11-12T09:17:45.156+0200 [DEBUG] [org.gradle.cache.internal.DefaultFileLockManager] Lock acquired on daemon addresses registry.
2024-11-12T09:17:45.157+0200 [DEBUG] [org.gradle.cache.internal.DefaultFileLockManager] Releasing lock on daemon addresses registry.
2024-11-12T09:17:45.157+0200 [DEBUG] [org.gradle.cache.internal.DefaultFileLockManager] Waiting to acquire shared lock on daemon addresses registry.
2024-11-12T09:17:45.157+0200 [DEBUG] [org.gradle.cache.internal.DefaultFileLockManager] Lock acquired on daemon addresses registry.
2024-11-12T09:17:45.158+0200 [DEBUG] [org.gradle.cache.internal.DefaultFileLockManager] Releasing lock on daemon addresses registry.
2024-11-12T09:17:45.158+0200 [DEBUG] [org.gradle.cache.internal.DefaultFileLockManager] Waiting to acquire shared lock on daemon addresses registry.
2024-11-12T09:17:45.158+0200 [DEBUG] [org.gradle.cache.internal.DefaultFileLockManager] Lock acquired on daemon addresses registry.
2024-11-12T09:17:45.159+0200 [DEBUG] [org.gradle.cache.internal.DefaultFileLockManager] Releasing lock on daemon addresses registry.
2024-11-12T09:17:45.241+0200 [DEBUG] [org.gradle.process.internal.health.memory.DefaultMemoryManager] 409155993 physical memory requested, 377470976 free
2024-11-12T09:17:45.241+0200 [DEBUG] [org.gradle.workers.internal.WorkerDaemonExpiration] Will attempt to release 390 of memory
2024-11-12T09:17:45.241+0200 [DEBUG] [org.gradle.process.internal.health.memory.DefaultMemoryManager] 409155993 physical memory requested, 0 released, 377470976 free
2024-11-12T09:17:55.158+0200 [DEBUG] [org.gradle.cache.internal.DefaultFileLockManager] Waiting to acquire shared lock on daemon addresses registry.
2024-11-12T09:17:55.158+0200 [DEBUG] [org.gradle.cache.internal.DefaultFileLockManager] Lock acquired on daemon addresses registry.
2024-11-12T09:17:55.159+0200 [DEBUG] [org.gradle.cache.internal.DefaultFileLockManager] Releasing lock on daemon addresses registry.
2024-11-12T09:17:55.161+0200 [DEBUG] [org.gradle.cache.internal.DefaultFileLockManager] Waiting to acquire shared lock on daemon addresses registry.
2024-11-12T09:17:55.161+0200 [DEBUG] [org.gradle.cache.internal.DefaultFileLockManager] Lock acquired on daemon addresses registry.
2024-11-12T09:17:55.162+0200 [DEBUG] [org.gradle.cache.internal.DefaultFileLockManager] Releasing lock on daemon addresses registry.
2024-11-12T09:17:55.162+0200 [DEBUG] [org.gradle.cache.internal.DefaultFileLockManager] Waiting to acquire shared lock on daemon addresses registry.
2024-11-12T09:17:55.162+0200 [DEBUG] [org.gradle.cache.internal.DefaultFileLockManager] Lock acquired on daemon addresses registry.
2024-11-12T09:17:55.163+0200 [DEBUG] [org.gradle.cache.internal.DefaultFileLockManager] Releasing lock on daemon addresses registry.
2024-11-12T09:18:00.248+0200 [DEBUG] [org.gradle.process.internal.health.memory.DefaultMemoryManager] 409155993 physical memory requested, 367022080 free
2024-11-12T09:18:00.248+0200 [DEBUG] [org.gradle.workers.internal.WorkerDaemonExpiration] Will attempt to release 390 of memory
2024-11-12T09:18:00.248+0200 [DEBUG] [org.gradle.process.internal.health.memory.DefaultMemoryManager] 409155993 physical memory requested, 0 released, 367022080 free
2024-11-12T09:18:05.158+0200 [DEBUG] [org.gradle.cache.internal.DefaultFileLockManager] Waiting to acquire shared lock on daemon addresses registry.
2024-11-12T09:18:05.158+0200 [DEBUG] [org.gradle.cache.internal.DefaultFileLockManager] Lock acquired on daemon addresses registry.
2024-11-12T09:18:05.159+0200 [DEBUG] [org.gradle.cache.internal.DefaultFileLockManager] Releasing lock on daemon addresses registry.
2024-11-12T09:18:05.159+0200 [DEBUG] [org.gradle.cache.internal.DefaultFileLockManager] Waiting to acquire shared lock on daemon addresses registry.
2024-11-12T09:18:05.160+0200 [DEBUG] [org.gradle.cache.internal.DefaultFileLockManager] Lock acquired on daemon addresses registry.
2024-11-12T09:18:05.161+0200 [DEBUG] [org.gradle.cache.internal.DefaultFileLockManager] Releasing lock on daemon addresses registry.
2024-11-12T09:18:05.161+0200 [DEBUG] [org.gradle.cache.internal.DefaultFileLockManager] Waiting to acquire shared lock on daemon addresses registry.
2024-11-12T09:18:05.161+0200 [DEBUG] [org.gradle.cache.internal.DefaultFileLockManager] Lock acquired on daemon addresses registry.
2024-11-12T09:18:05.162+0200 [DEBUG] [org.gradle.cache.internal.DefaultFileLockManager] Releasing lock on daemon addresses registry.
2024-11-12T09:18:05.242+0200 [DEBUG] [org.gradle.process.internal.health.memory.DefaultMemoryManager] 409155993 physical memory requested, 360042496 free
2024-11-12T09:18:05.242+0200 [DEBUG] [org.gradle.workers.internal.WorkerDaemonExpiration] Will attempt to release 390 of memory
2024-11-12T09:18:05.242+0200 [DEBUG] [org.gradle.process.internal.health.memory.DefaultMemoryManager] 409155993 physical memory requested, 0 released, 360042496 free
2024-11-12T09:18:10.248+0200 [DEBUG] [org.gradle.process.internal.health.memory.DefaultMemoryManager] 409155993 physical memory requested, 325816320 free
2024-11-12T09:18:10.248+0200 [DEBUG] [org.gradle.workers.internal.WorkerDaemonExpiration] Will attempt to release 390 of memory
2024-11-12T09:18:10.248+0200 [DEBUG] [org.gradle.process.internal.health.memory.DefaultMemoryManager] 409155993 physical memory requested, 0 released, 325816320 free
2024-11-12T09:18:15.158+0200 [DEBUG] [org.gradle.cache.internal.DefaultFileLockManager] Waiting to acquire shared lock on daemon addresses registry.
2024-11-12T09:18:15.158+0200 [DEBUG] [org.gradle.cache.internal.DefaultFileLockManager] Lock acquired on daemon addresses registry.
2024-11-12T09:18:15.158+0200 [DEBUG] [org.gradle.cache.internal.DefaultFileLockManager] Releasing lock on daemon addresses registry.
2024-11-12T09:18:15.159+0200 [DEBUG] [org.gradle.cache.internal.DefaultFileLockManager] Waiting to acquire shared lock on daemon addresses registry.
2024-11-12T09:18:15.160+0200 [DEBUG] [org.gradle.cache.internal.DefaultFileLockManager] Lock acquired on daemon addresses registry.
2024-11-12T09:18:15.160+0200 [DEBUG] [org.gradle.cache.internal.DefaultFileLockManager] Releasing lock on daemon addresses registry.
2024-11-12T09:18:15.162+0200 [DEBUG] [org.gradle.cache.internal.DefaultFileLockManager] Waiting to acquire shared lock on daemon addresses registry.
2024-11-12T09:18:15.162+0200 [DEBUG] [org.gradle.cache.internal.DefaultFileLockManager] Lock acquired on daemon addresses registry.
2024-11-12T09:18:15.162+0200 [DEBUG] [org.gradle.cache.internal.DefaultFileLockManager] Releasing lock on daemon addresses registry.
2024-11-12T09:18:15.241+0200 [DEBUG] [org.gradle.process.internal.health.memory.DefaultMemoryManager] 409155993 physical memory requested, 326750208 free
2024-11-12T09:18:15.241+0200 [DEBUG] [org.gradle.workers.internal.WorkerDaemonExpiration] Will attempt to release 390 of memory
2024-11-12T09:18:15.241+0200 [DEBUG] [org.gradle.process.internal.health.memory.DefaultMemoryManager] 409155993 physical memory requested, 0 released, 326750208 free
2024-11-12T09:18:20.243+0200 [DEBUG] [org.gradle.process.internal.health.memory.DefaultMemoryManager] 409155993 physical memory requested, 307007488 free
2024-11-12T09:18:20.243+0200 [DEBUG] [org.gradle.workers.internal.WorkerDaemonExpiration] Will attempt to release 390 of memory
2024-11-12T09:18:20.243+0200 [DEBUG] [org.gradle.process.internal.health.memory.DefaultMemoryManager] 409155993 physical memory requested, 0 released, 307007488 free
2024-11-12T09:18:25.157+0200 [DEBUG] [org.gradle.cache.internal.DefaultFileLockManager] Waiting to acquire shared lock on daemon addresses registry.
2024-11-12T09:18:25.157+0200 [DEBUG] [org.gradle.cache.internal.DefaultFileLockManager] Lock acquired on daemon addresses registry.
2024-11-12T09:18:25.157+0200 [DEBUG] [org.gradle.cache.internal.DefaultFileLockManager] Releasing lock on daemon addresses registry.
2024-11-12T09:18:25.158+0200 [DEBUG] [org.gradle.cache.internal.DefaultFileLockManager] Waiting to acquire shared lock on daemon addresses registry.
2024-11-12T09:18:25.159+0200 [DEBUG] [org.gradle.cache.internal.DefaultFileLockManager] Lock acquired on daemon addresses registry.
2024-11-12T09:18:25.159+0200 [DEBUG] [org.gradle.cache.internal.DefaultFileLockManager] Releasing lock on daemon addresses registry.
2024-11-12T09:18:25.161+0200 [DEBUG] [org.gradle.cache.internal.DefaultFileLockManager] Waiting to acquire shared lock on daemon addresses registry.
2024-11-12T09:18:25.161+0200 [DEBUG] [org.gradle.cache.internal.DefaultFileLockManager] Lock acquired on daemon addresses registry.
2024-11-12T09:18:25.162+0200 [DEBUG] [org.gradle.cache.internal.DefaultFileLockManager] Releasing lock on daemon addresses registry.
2024-11-12T09:18:25.239+0200 [DEBUG] [org.gradle.process.internal.health.memory.DefaultMemoryManager] 409155993 physical memory requested, 273158144 free
2024-11-12T09:18:25.239+0200 [DEBUG] [org.gradle.workers.internal.WorkerDaemonExpiration] Will attempt to release 390 of memory
2024-11-12T09:18:25.239+0200 [DEBUG] [org.gradle.process.internal.health.memory.DefaultMemoryManager] 409155993 physical memory requested, 0 released, 273158144 free
2024-11-12T09:18:35.160+0200 [DEBUG] [org.gradle.cache.internal.DefaultFileLockManager] Waiting to acquire shared lock on daemon addresses registry.
2024-11-12T09:18:35.160+0200 [DEBUG] [org.gradle.cache.internal.DefaultFileLockManager] Lock acquired on daemon addresses registry.
2024-11-12T09:18:35.164+0200 [DEBUG] [org.gradle.cache.internal.DefaultFileLockManager] Releasing lock on daemon addresses registry.
2024-11-12T09:18:35.166+0200 [DEBUG] [org.gradle.cache.internal.DefaultFileLockManager] Waiting to acquire shared lock on daemon addresses registry.
2024-11-12T09:18:35.166+0200 [DEBUG] [org.gradle.cache.internal.DefaultFileLockManager] Lock acquired on daemon addresses registry.
2024-11-12T09:18:35.167+0200 [DEBUG] [org.gradle.cache.internal.DefaultFileLockManager] Releasing lock on daemon addresses registry.
2024-11-12T09:18:35.169+0200 [DEBUG] [org.gradle.cache.internal.DefaultFileLockManager] Waiting to acquire shared lock on daemon addresses registry.
2024-11-12T09:18:35.169+0200 [DEBUG] [org.gradle.cache.internal.DefaultFileLockManager] Lock acquired on daemon addresses registry.
2024-11-12T09:18:35.170+0200 [DEBUG] [org.gradle.cache.internal.DefaultFileLockManager] Releasing lock on daemon addresses registry.
2024-11-12T09:18:45.160+0200 [DEBUG] [org.gradle.cache.internal.DefaultFileLockManager] Waiting to acquire shared lock on daemon addresses registry.
2024-11-12T09:18:45.161+0200 [DEBUG] [org.gradle.cache.internal.DefaultFileLockManager] Lock acquired on daemon addresses registry.
2024-11-12T09:18:45.162+0200 [DEBUG] [org.gradle.cache.internal.DefaultFileLockManager] Releasing lock on daemon addresses registry.
2024-11-12T09:18:45.174+0200 [DEBUG] [org.gradle.cache.internal.DefaultFileLockManager] Waiting to acquire shared lock on daemon addresses registry.
2024-11-12T09:18:45.175+0200 [DEBUG] [org.gradle.cache.internal.DefaultFileLockManager] Lock acquired on daemon addresses registry.
2024-11-12T09:18:45.175+0200 [DEBUG] [org.gradle.cache.internal.DefaultFileLockManager] Releasing lock on daemon addresses registry.
2024-11-12T09:18:45.177+0200 [DEBUG] [org.gradle.cache.internal.DefaultFileLockManager] Waiting to acquire shared lock on daemon addresses registry.
2024-11-12T09:18:45.177+0200 [DEBUG] [org.gradle.cache.internal.DefaultFileLockManager] Lock acquired on daemon addresses registry.
2024-11-12T09:18:45.177+0200 [DEBUG] [org.gradle.cache.internal.DefaultFileLockManager] Releasing lock on daemon addresses registry.
2024-11-12T09:18:55.147+0200 [DEBUG] [org.gradle.cache.internal.DefaultFileLockManager] Waiting to acquire shared lock on daemon addresses registry.
2024-11-12T09:18:55.148+0200 [DEBUG] [org.gradle.cache.internal.DefaultFileLockManager] Lock acquired on daemon addresses registry.
2024-11-12T09:18:55.148+0200 [DEBUG] [org.gradle.cache.internal.DefaultFileLockManager] Releasing lock on daemon addresses registry.
2024-11-12T09:18:55.150+0200 [DEBUG] [org.gradle.cache.internal.DefaultFileLockManager] Waiting to acquire shared lock on daemon addresses registry.
2024-11-12T09:18:55.150+0200 [DEBUG] [org.gradle.cache.internal.DefaultFileLockManager] Lock acquired on daemon addresses registry.
2024-11-12T09:18:55.150+0200 [DEBUG] [org.gradle.cache.internal.DefaultFileLockManager] Releasing lock on daemon addresses registry.
2024-11-12T09:18:55.152+0200 [DEBUG] [org.gradle.cache.internal.DefaultFileLockManager] Waiting to acquire shared lock on daemon addresses registry.
2024-11-12T09:18:55.152+0200 [DEBUG] [org.gradle.cache.internal.DefaultFileLockManager] Lock acquired on daemon addresses registry.
2024-11-12T09:18:55.152+0200 [DEBUG] [org.gradle.cache.internal.DefaultFileLockManager] Releasing lock on daemon addresses registry.
2024-11-12T09:19:05.149+0200 [DEBUG] [org.gradle.cache.internal.DefaultFileLockManager] Waiting to acquire shared lock on daemon addresses registry.
2024-11-12T09:19:05.150+0200 [DEBUG] [org.gradle.cache.internal.DefaultFileLockManager] Lock acquired on daemon addresses registry.
2024-11-12T09:19:05.150+0200 [DEBUG] [org.gradle.cache.internal.DefaultFileLockManager] Releasing lock on daemon addresses registry.
2024-11-12T09:19:05.152+0200 [DEBUG] [org.gradle.cache.internal.DefaultFileLockManager] Waiting to acquire shared lock on daemon addresses registry.
2024-11-12T09:19:05.152+0200 [DEBUG] [org.gradle.cache.internal.DefaultFileLockManager] Lock acquired on daemon addresses registry.
2024-11-12T09:19:05.152+0200 [DEBUG] [org.gradle.cache.internal.DefaultFileLockManager] Releasing lock on daemon addresses registry.
2024-11-12T09:19:05.155+0200 [DEBUG] [org.gradle.cache.internal.DefaultFileLockManager] Waiting to acquire shared lock on daemon addresses registry.
2024-11-12T09:19:05.155+0200 [DEBUG] [org.gradle.cache.internal.DefaultFileLockManager] Lock acquired on daemon addresses registry.
2024-11-12T09:19:05.155+0200 [DEBUG] [org.gradle.cache.internal.DefaultFileLockManager] Releasing lock on daemon addresses registry.
2024-11-12T09:19:15.177+0200 [DEBUG] [org.gradle.cache.internal.DefaultFileLockManager] Waiting to acquire shared lock on daemon addresses registry.
2024-11-12T09:19:15.189+0200 [DEBUG] [org.gradle.cache.internal.DefaultFileLockManager] Lock acquired on daemon addresses registry.
2024-11-12T09:19:15.210+0200 [DEBUG] [org.gradle.cache.internal.DefaultFileLockManager] Releasing lock on daemon addresses registry.
2024-11-12T09:19:15.228+0200 [DEBUG] [org.gradle.cache.internal.DefaultFileLockManager] Waiting to acquire shared lock on daemon addresses registry.
2024-11-12T09:19:15.228+0200 [DEBUG] [org.gradle.cache.internal.DefaultFileLockManager] Lock acquired on daemon addresses registry.
2024-11-12T09:19:15.229+0200 [DEBUG] [org.gradle.cache.internal.DefaultFileLockManager] Releasing lock on daemon addresses registry.
2024-11-12T09:19:15.231+0200 [DEBUG] [org.gradle.cache.internal.DefaultFileLockManager] Waiting to acquire shared lock on daemon addresses registry.
2024-11-12T09:19:15.240+0200 [DEBUG] [org.gradle.cache.internal.DefaultFileLockManager] Lock acquired on daemon addresses registry.
2024-11-12T09:19:15.241+0200 [DEBUG] [org.gradle.cache.internal.DefaultFileLockManager] Releasing lock on daemon addresses registry.
2024-11-12T09:19:20.252+0200 [DEBUG] [org.gradle.process.internal.health.memory.DefaultMemoryManager] 409155993 physical memory requested, 404140032 free
2024-11-12T09:19:20.252+0200 [DEBUG] [org.gradle.workers.internal.WorkerDaemonExpiration] Will attempt to release 390 of memory
2024-11-12T09:19:20.252+0200 [DEBUG] [org.gradle.process.internal.health.memory.DefaultMemoryManager] 409155993 physical memory requested, 0 released, 404140032 free
2024-11-12T09:19:24.710+0200 [DEBUG] [org.gradle.internal.remote.internal.inet.TcpIncomingConnector] Accepted connection from /127.0.0.1:53583 to /127.0.0.1:53082.
2024-11-12T09:19:24.803+0200 [DEBUG] [org.gradle.internal.remote.internal.inet.TcpIncomingConnector] Accepted connection from /127.0.0.1:53584 to /127.0.0.1:53082.
2024-11-12T09:19:25.172+0200 [DEBUG] [org.gradle.cache.internal.DefaultFileLockManager] Waiting to acquire shared lock on daemon addresses registry.
2024-11-12T09:19:25.174+0200 [DEBUG] [org.gradle.cache.internal.DefaultFileLockManager] Lock acquired on daemon addresses registry.
2024-11-12T09:19:25.178+0200 [DEBUG] [org.gradle.cache.internal.DefaultFileLockManager] Releasing lock on daemon addresses registry.
2024-11-12T09:19:25.183+0200 [DEBUG] [org.gradle.cache.internal.DefaultFileLockManager] Waiting to acquire shared lock on daemon addresses registry.
2024-11-12T09:19:25.184+0200 [DEBUG] [org.gradle.cache.internal.DefaultFileLockManager] Lock acquired on daemon addresses registry.
2024-11-12T09:19:25.186+0200 [DEBUG] [org.gradle.cache.internal.DefaultFileLockManager] Releasing lock on daemon addresses registry.
2024-11-12T09:19:25.186+0200 [DEBUG] [org.gradle.cache.internal.DefaultFileLockManager] Waiting to acquire shared lock on daemon addresses registry.
2024-11-12T09:19:25.187+0200 [DEBUG] [org.gradle.cache.internal.DefaultFileLockManager] Lock acquired on daemon addresses registry.
2024-11-12T09:19:25.187+0200 [DEBUG] [org.gradle.cache.internal.DefaultFileLockManager] Releasing lock on daemon addresses registry.
2024-11-12T09:19:25.298+0200 [DEBUG] [org.gradle.process.internal.health.memory.DefaultMemoryManager] 409155993 physical memory requested, 273907712 free
2024-11-12T09:19:25.306+0200 [DEBUG] [org.gradle.workers.internal.WorkerDaemonExpiration] Will attempt to release 390 of memory
2024-11-12T09:19:25.314+0200 [DEBUG] [org.gradle.process.internal.health.memory.DefaultMemoryManager] 409155993 physical memory requested, 0 released, 273907712 free
2024-11-12T09:19:26.505+0200 [DEBUG] [org.gradle.launcher.daemon.server.SynchronizedDispatchConnection] thread 410: received class org.gradle.launcher.daemon.protocol.StopWhenIdle
2024-11-12T09:19:26.506+0200 [DEBUG] [org.gradle.launcher.daemon.server.SynchronizedDispatchConnection] thread 411: received class org.gradle.launcher.daemon.protocol.StopWhenIdle
2024-11-12T09:19:26.522+0200 [DEBUG] [org.gradle.launcher.daemon.server.DefaultDaemonConnection] thread 411: Received non-IO message from client: StopWhenIdle[id=660fe68c-04e2-465a-b555-fd450b61aa3b]
2024-11-12T09:19:26.529+0200 [INFO] [org.gradle.launcher.daemon.server.DefaultIncomingConnectionHandler] Received command: StopWhenIdle[id=660fe68c-04e2-465a-b555-fd450b61aa3b].
2024-11-12T09:19:26.530+0200 [DEBUG] [org.gradle.launcher.daemon.server.DefaultIncomingConnectionHandler] Starting executing command: StopWhenIdle[id=660fe68c-04e2-465a-b555-fd450b61aa3b] with connection: socket connection from /127.0.0.1:53082 to /127.0.0.1:53583.
2024-11-12T09:19:26.537+0200 [DEBUG] [org.gradle.launcher.daemon.server.DefaultDaemonConnection] thread 410: Received non-IO message from client: StopWhenIdle[id=49ab9b84-2196-456b-b5fa-dbad79c63504]
2024-11-12T09:19:26.539+0200 [INFO] [org.gradle.launcher.daemon.server.DefaultIncomingConnectionHandler] Received command: StopWhenIdle[id=49ab9b84-2196-456b-b5fa-dbad79c63504].
2024-11-12T09:19:26.539+0200 [DEBUG] [org.gradle.launcher.daemon.server.DefaultIncomingConnectionHandler] Starting executing command: StopWhenIdle[id=49ab9b84-2196-456b-b5fa-dbad79c63504] with connection: socket connection from /127.0.0.1:53082 to /127.0.0.1:53584.
2024-11-12T09:19:26.561+0200 [DEBUG] [org.gradle.launcher.daemon.server.DaemonRegistryUpdater] Storing daemon stop event: stop command received
2024-11-12T09:19:26.959+0200 [DEBUG] [org.gradle.launcher.daemon.registry.PersistentDaemonRegistry] Storing daemon stop event with timestamp 1731395966566
2024-11-12T09:19:26.998+0200 [DEBUG] [org.gradle.cache.internal.DefaultFileLockManager] Waiting to acquire exclusive lock on daemon addresses registry.
2024-11-12T09:19:27.006+0200 [DEBUG] [org.gradle.cache.internal.DefaultFileLockManager] Lock acquired on daemon addresses registry.
2024-11-12T09:19:27.014+0200 [DEBUG] [org.gradle.cache.internal.DefaultFileLockManager] Releasing lock on daemon addresses registry.
2024-11-12T09:19:27.034+0200 [LIFECYCLE] [org.gradle.launcher.daemon.server.DaemonStateCoordinator] Daemon will be stopped at the end of the build stop command received
2024-11-12T09:19:27.041+0200 [DEBUG] [org.gradle.launcher.daemon.server.DaemonStateCoordinator] Marking daemon stopped due to stop command received. The daemon is running a build: false
2024-11-12T09:19:27.042+0200 [DEBUG] [org.gradle.launcher.daemon.server.DaemonRegistryUpdater] Storing daemon stop event: stop command received
2024-11-12T09:19:27.043+0200 [DEBUG] [org.gradle.launcher.daemon.registry.PersistentDaemonRegistry] Storing daemon stop event with timestamp 1731395967043
2024-11-12T09:19:27.045+0200 [DEBUG] [org.gradle.launcher.daemon.server.DaemonStateCoordinator] daemon has stopped.
2024-11-12T09:19:27.046+0200 [DEBUG] [org.gradle.cache.internal.DefaultFileLockManager] Waiting to acquire exclusive lock on daemon addresses registry.
2024-11-12T09:19:27.046+0200 [DEBUG] [org.gradle.cache.internal.DefaultFileLockManager] Lock acquired on daemon addresses registry.
2024-11-12T09:19:27.048+0200 [DEBUG] [org.gradle.launcher.daemon.server.Daemon] stop() called on daemon
2024-11-12T09:19:27.048+0200 [DEBUG] [org.gradle.launcher.daemon.server.SynchronizedDispatchConnection] thread 409: dispatching Success[value=null]
2024-11-12T09:19:27.049+0200 [INFO] [org.gradle.launcher.daemon.server.Daemon] Stop requested. Daemon is removing its presence from the registry...
2024-11-12T09:19:27.052+0200 [DEBUG] [org.gradle.cache.internal.DefaultFileLockManager] Releasing lock on daemon addresses registry.
2024-11-12T09:19:27.053+0200 [DEBUG] [org.gradle.launcher.daemon.server.SynchronizedDispatchConnection] thread 408: dispatching Success[value=null]
2024-11-12T09:19:27.054+0200 [DEBUG] [org.gradle.launcher.daemon.server.DefaultIncomingConnectionHandler] Finishing executing command: StopWhenIdle[id=660fe68c-04e2-465a-b555-fd450b61aa3b]
2024-11-12T09:19:27.065+0200 [DEBUG] [org.gradle.launcher.daemon.server.DaemonRegistryUpdater] Removing our presence to clients, eg. removing this address from the registry: [513f46b0-a183-4902-8c6f-9bcb4a6a3157 port:53082, addresses:[localhost/127.0.0.1]]
2024-11-12T09:19:27.067+0200 [DEBUG] [org.gradle.launcher.daemon.registry.PersistentDaemonRegistry] Removing daemon address: [513f46b0-a183-4902-8c6f-9bcb4a6a3157 port:53082, addresses:[localhost/127.0.0.1]]
2024-11-12T09:19:27.082+0200 [DEBUG] [org.gradle.launcher.daemon.server.DefaultIncomingConnectionHandler] Finishing executing command: StopWhenIdle[id=49ab9b84-2196-456b-b5fa-dbad79c63504]
2024-11-12T09:19:27.095+0200 [DEBUG] [org.gradle.cache.internal.DefaultFileLockManager] Waiting to acquire exclusive lock on daemon addresses registry.
2024-11-12T09:19:27.095+0200 [DEBUG] [org.gradle.cache.internal.DefaultFileLockManager] Lock acquired on daemon addresses registry.
2024-11-12T09:19:27.101+0200 [DEBUG] [org.gradle.cache.internal.DefaultFileLockManager] Releasing lock on daemon addresses registry.
2024-11-12T09:19:27.103+0200 [DEBUG] [org.gradle.launcher.daemon.server.DaemonRegistryUpdater] Address removed from registry.
2024-11-12T09:19:27.647+0200 [DEBUG] [org.gradle.launcher.daemon.server.SynchronizedDispatchConnection] thread 411: received class org.gradle.launcher.daemon.protocol.Finished
2024-11-12T09:19:27.648+0200 [DEBUG] [org.gradle.launcher.daemon.server.SynchronizedDispatchConnection] thread 410: received class org.gradle.launcher.daemon.protocol.Finished
2024-11-12T09:19:27.648+0200 [DEBUG] [org.gradle.launcher.daemon.server.DefaultDaemonConnection] thread 410: Received non-IO message from client: org.gradle.launcher.daemon.protocol.Finished@725b1203
2024-11-12T09:19:27.648+0200 [DEBUG] [org.gradle.launcher.daemon.server.DefaultDaemonConnection] thread 411: Received non-IO message from client: org.gradle.launcher.daemon.protocol.Finished@41a7757a
2024-11-12T09:19:27.648+0200 [DEBUG] [org.gradle.launcher.daemon.server.DefaultIncomingConnectionHandler] Received finished message: org.gradle.launcher.daemon.protocol.Finished@725b1203
2024-11-12T09:19:27.648+0200 [DEBUG] [org.gradle.launcher.daemon.server.DefaultIncomingConnectionHandler] Received finished message: org.gradle.launcher.daemon.protocol.Finished@41a7757a
2024-11-12T09:19:27.648+0200 [DEBUG] [org.gradle.launcher.daemon.server.SynchronizedDispatchConnection] thread 408: stopping connection
2024-11-12T09:19:27.648+0200 [DEBUG] [org.gradle.launcher.daemon.server.SynchronizedDispatchConnection] thread 409: stopping connection
2024-11-12T09:19:27.651+0200 [DEBUG] [org.gradle.internal.remote.internal.inet.SocketConnection] Discarding EOFException: java.io.EOFException
2024-11-12T09:19:27.651+0200 [DEBUG] [org.gradle.internal.remote.internal.inet.SocketConnection] Discarding EOFException: java.io.EOFException
2024-11-12T09:19:27.651+0200 [DEBUG] [org.gradle.launcher.daemon.server.SynchronizedDispatchConnection] thread 410: received null
2024-11-12T09:19:27.651+0200 [DEBUG] [org.gradle.launcher.daemon.server.SynchronizedDispatchConnection] thread 411: received null
2024-11-12T09:19:27.651+0200 [DEBUG] [org.gradle.launcher.daemon.server.DefaultDaemonConnection] thread 411: Received end-of-input from client.
2024-11-12T09:19:27.651+0200 [DEBUG] [org.gradle.launcher.daemon.server.DefaultDaemonConnection] thread 410: Received end-of-input from client.
2024-11-12T09:19:27.652+0200 [DEBUG] [org.gradle.launcher.daemon.server.SynchronizedDispatchConnection] thread 409: stopping connection
2024-11-12T09:19:27.653+0200 [DEBUG] [org.gradle.launcher.daemon.server.SynchronizedDispatchConnection] thread 408: stopping connection
2024-11-12T09:19:28.652+0200 [DEBUG] [org.gradle.cache.internal.LockOnDemandCrossProcessCacheAccess] Releasing file lock for jars (C:\Foods_Shop\caches\jars-9)
2024-11-12T09:19:28.658+0200 [DEBUG] [org.gradle.cache.internal.DefaultFileLockManager] Releasing lock on jars (C:\Foods_Shop\caches\jars-9).
2024-11-12T09:19:28.663+0200 [DEBUG] [org.gradle.cache.internal.DefaultPersistentDirectoryStore] jars (C:\Foods_Shop\caches\jars-9) has last been fully cleaned up 8 hours ago
2024-11-12T09:19:28.745+0200 [DEBUG] [org.gradle.cache.internal.LockOnDemandCrossProcessCacheAccess] Releasing file lock for file content cache (C:\Foods_Shop\caches\8.7\fileContent)
2024-11-12T09:19:28.746+0200 [DEBUG] [org.gradle.cache.internal.DefaultFileLockManager] Releasing lock on file content cache (C:\Foods_Shop\caches\8.7\fileContent).
2024-11-12T09:19:28.763+0200 [DEBUG] [org.gradle.internal.watch.vfs.impl.WatchingVirtualFileSystem] Closing VFS, dropping state
2024-11-12T09:19:29.292+0200 [DEBUG] [org.gradle.cache.internal.DefaultCacheCoordinator] Cache Generated Gradle JARs cache (C:\Foods_Shop\caches\8.7\generated-gradle-jars) was closed 0 times.
2024-11-12T09:19:29.294+0200 [DEBUG] [org.gradle.internal.watch.registry.impl.DefaultFileWatcherRegistry] Finished listening to file system change events
2024-11-12T09:19:29.344+0200 [DEBUG] [org.gradle.cache.internal.DefaultPersistentDirectoryStore] Artifact transforms cache (C:\Foods_Shop\caches\transforms-4) has last been fully cleaned up 8 hours ago
2024-11-12T09:19:29.345+0200 [DEBUG] [org.gradle.cache.internal.DefaultCacheCoordinator] Cache Artifact transforms cache (C:\Foods_Shop\caches\transforms-4) was closed 0 times.
2024-11-12T09:19:29.356+0200 [DEBUG] [org.gradle.cache.internal.LockOnDemandCrossProcessCacheAccess] Releasing file lock for artifact cache (C:\Foods_Shop\caches\modules-2)
2024-11-12T09:19:29.385+0200 [DEBUG] [org.gradle.cache.internal.btree.BTreePersistentIndexedCache] Closing cache module-artifact.bin (C:\Foods_Shop\caches\modules-2\metadata-2.106\module-artifact.bin)
2024-11-12T09:19:29.447+0200 [DEBUG] [org.gradle.cache.internal.btree.BTreePersistentIndexedCache] Closing cache module-metadata.bin (C:\Foods_Shop\caches\modules-2\metadata-2.106\module-metadata.bin)
2024-11-12T09:19:29.460+0200 [DEBUG] [org.gradle.cache.internal.btree.BTreePersistentIndexedCache] Closing cache module-artifacts.bin (C:\Foods_Shop\caches\modules-2\metadata-2.106\module-artifacts.bin)
2024-11-12T09:19:29.469+0200 [DEBUG] [org.gradle.cache.internal.DefaultFileLockManager] Releasing lock on artifact cache (C:\Foods_Shop\caches\modules-2).
2024-11-12T09:19:29.479+0200 [DEBUG] [org.gradle.cache.internal.DefaultPersistentDirectoryStore] artifact cache (C:\Foods_Shop\caches\modules-2) has last been fully cleaned up 8 hours ago
2024-11-12T09:19:29.491+0200 [DEBUG] [org.gradle.cache.internal.DefaultPersistentDirectoryStore] groovy-dsl (C:\Foods_Shop\caches\8.7\groovy-dsl) has last been fully cleaned up 8 hours ago
2024-11-12T09:19:29.492+0200 [DEBUG] [org.gradle.cache.internal.DefaultCacheCoordinator] Cache groovy-dsl (C:\Foods_Shop\caches\8.7\groovy-dsl) was closed 0 times.
2024-11-12T09:19:29.506+0200 [DEBUG] [org.gradle.cache.internal.LockOnDemandCrossProcessCacheAccess] Releasing file lock for journal cache (C:\Foods_Shop\caches\journal-1)
2024-11-12T09:19:29.507+0200 [DEBUG] [org.gradle.cache.internal.btree.BTreePersistentIndexedCache] Closing cache file-access.bin (C:\Foods_Shop\caches\journal-1\file-access.bin)
2024-11-12T09:19:29.518+0200 [DEBUG] [org.gradle.cache.internal.DefaultFileLockManager] Releasing lock on journal cache (C:\Foods_Shop\caches\journal-1).
2024-11-12T09:19:29.545+0200 [DEBUG] [org.gradle.cache.internal.LockOnDemandCrossProcessCacheAccess] Releasing file lock for file hash cache (C:\Foods_Shop\caches\8.7\fileHashes)
2024-11-12T09:19:29.549+0200 [DEBUG] [org.gradle.cache.internal.btree.BTreePersistentIndexedCache] Closing cache fileHashes.bin (C:\Foods_Shop\caches\8.7\fileHashes\fileHashes.bin)
2024-11-12T09:19:29.617+0200 [DEBUG] [org.gradle.cache.internal.btree.BTreePersistentIndexedCache] Closing cache resourceHashesCache.bin (C:\Foods_Shop\caches\8.7\fileHashes\resourceHashesCache.bin)
2024-11-12T09:19:29.628+0200 [DEBUG] [org.gradle.cache.internal.DefaultFileLockManager] Releasing lock on file hash cache (C:\Foods_Shop\caches\8.7\fileHashes).
2024-11-12T09:19:29.645+0200 [DEBUG] [org.gradle.cache.internal.LockOnDemandCrossProcessCacheAccess] Releasing file lock for Java compile cache (C:\Foods_Shop\caches\8.7\javaCompile)
2024-11-12T09:19:29.646+0200 [DEBUG] [org.gradle.cache.internal.btree.BTreePersistentIndexedCache] Closing cache jarAnalysis.bin (C:\Foods_Shop\caches\8.7\javaCompile\jarAnalysis.bin)
2024-11-12T09:19:29.652+0200 [DEBUG] [org.gradle.cache.internal.btree.BTreePersistentIndexedCache] Closing cache classAnalysis.bin (C:\Foods_Shop\caches\8.7\javaCompile\classAnalysis.bin)
2024-11-12T09:19:30.119+0200 [DEBUG] [org.gradle.cache.internal.DefaultFileLockManager] Releasing lock on Java compile cache (C:\Foods_Shop\caches\8.7\javaCompile).
2024-11-12T09:19:30.284+0200 [DEBUG] [org.gradle.process.internal.health.memory.DefaultMemoryManager] 409155993 physical memory requested, 326688768 free
2024-11-12T09:19:30.285+0200 [DEBUG] [org.gradle.process.internal.health.memory.DefaultMemoryManager] 409155993 physical memory requested, 0 released, 326688768 free
2024-11-12T09:19:31.466+0200 [DEBUG] [org.gradle.cache.internal.VersionSpecificCacheCleanupAction] Processed version-specific caches at C:\Foods_Shop\caches for cleanup in 0.558 secs
2024-11-12T09:19:31.584+0200 [DEBUG] [org.gradle.launcher.daemon.registry.PersistentDaemonRegistry] Removing daemon address: [513f46b0-a183-4902-8c6f-9bcb4a6a3157 port:53082, addresses:[localhost/127.0.0.1]]
Daemon vm is shutting down... The daemon has exited normally or was terminated in response to a user interrupt.
2024-11-12T09:19:31.585+0200 [DEBUG] [org.gradle.cache.internal.DefaultFileLockManager] Waiting to acquire exclusive lock on daemon addresses registry.
2024-11-12T09:19:31.590+0200 [DEBUG] [org.gradle.cache.internal.DefaultFileLockManager] Lock acquired on daemon addresses registry.
2024-11-12T09:19:31.592+0200 [DEBUG] [org.gradle.cache.internal.DefaultFileLockManager] Releasing lock on daemon addresses registry.
